state,row,col,covered,n_actions_covered,pi_d_star_V,pi_d_star_action,best_config_action,argmax_disagree,rank_correlation,ppo_discounted_return,ppo_discounted_return_stderr,value_gap,is_disagreement,severity_raw,severity,statistically_significant,true_value_pi_beta,critic_pred_pi_beta,critic_abs_error,total_samples,log_coverage,p_beta_star,p_theta_star,delta_p_star,prior_error,C
0,0,0,True,3,-0.1539541784191466,3,3,0,0.316227766016838,-0.1955464796003343,0.018301949589182,0.0415923011811876,0,0.0,0.0,0,-0.6583917841081031,-0.6400913000106812,0.0183004840974219,4483,8.40827078419205,0.9987266659736633,0.9999209642410278,0.001194298267364502,0.00127333402633667,
1,0,1,True,3,-0.1447153488087794,3,3,0,1.0,-0.1942592755967786,0.0203379373776157,0.0495439267879991,0,0.0,0.0,0,-0.654656812301944,-0.6249808669090271,0.0296759453929168,4498,8.411610428841172,0.9950710535049438,0.9938913583755493,-0.0011796951293945312,0.004928946495056152,
2,0,2,True,3,-0.1351259329806014,3,3,0,1.0,-0.1958528277166546,0.0230270807568941,0.0607268947360531,0,0.0,0.0,0,-0.6507640823934605,-0.5981927514076233,0.0525713309858372,5852,8.67470962929122,0.9942991733551025,0.9920610189437866,-0.002238154411315918,0.005700826644897461,
3,0,3,True,4,-0.1254223253236791,1,1,0,0.632455532033676,-0.1796829713228548,0.0202093909893069,0.0542606459991757,0,0.0,0.0,0,-0.6468213996900594,-0.59195476770401,0.0548666319860493,7785,8.960082528170402,0.7209020256996155,0.7436039447784424,0.022701919078826904,0.2790979743003845,0.08134032192721517
12,0,12,True,2,-2.2528573830706264,1,1,0,0.948683298050514,-0.8635585061861437,0.0024618189558938,-1.3892988768844827,0,0.0,0.0,0,-0.998749913994299,-0.3140861392021179,0.6846637747921811,4,1.6094379124341003,0.5456246733665466,0.7122960090637207,0.16667133569717407,0.45437532663345337,0.36681423027978055
13,0,13,True,2,-1.03474469578154,3,1,1,0.7378647873726218,-0.8660203251420378,1.2490984923352586e-17,-0.1687243706395023,0,0.0,0.0,0,-0.9994451719727506,-0.3009601533412933,0.6984850186314573,59,4.0943445622221,0.4625987708568573,0.3501235544681549,-0.11247521638870239,0.5374012291431427,-0.20929467647113137
14,0,14,True,2,-1.002882465580305,3,3,0,0.948683298050514,-0.8660203251420378,1.2490984923352586e-17,-0.1368621404382672,0,0.0,0.0,0,-0.9997803120841644,-0.4522630572319031,0.5475172548522613,530,6.274762021241939,0.9887769818305969,0.6175487637519836,-0.3712282180786133,0.011223018169403076,
15,0,15,True,3,-1.00205280729751,0,3,1,-0.1054092553389459,-0.8660203251420378,1.2490984923352586e-17,-0.1360324821554723,0,0.0,0.0,0,-0.9997872254058288,-0.5152255296707153,0.4845616957351133,1510,7.32052696227274,0.033055491745471954,0.007948112674057484,-0.02510737907141447,0.966944508254528,-0.025965687645030273
16,0,16,True,2,-1.0060852069265718,1,1,0,0.948683298050514,-0.8660203251420378,1.2490984923352586e-17,-0.140064881784534,0,0.0,0.0,0,-0.9977852855838,-0.1733897626399994,0.8243955229438007,10,2.3978952727983707,0.5873422622680664,0.5576658248901367,-0.029676437377929688,0.4126577377319336,-0.07191537844664816
17,0,17,True,1,-1.2274552118945723,3,3,0,0.7745966692414834,-0.8660203251420378,1.2490984923352586e-17,-0.3614348867525347,0,0.0,0.0,0,-0.9949664673455912,-0.2312313616275787,0.7637351057180125,7,2.0794415416798357,0.9878249168395996,0.556023895740509,-0.4318010210990906,0.01217508316040039,
18,0,18,True,1,-1.2359220054783078,3,1,1,0.2581988897471611,-0.8641729607551556,0.0018473643868821,-0.3717490447231522,0,0.0,0.0,0,-0.9948326245647072,-0.1975308656692505,0.7973017588954567,8,2.1972245773362196,0.9871137142181396,0.3239879906177521,-0.6631257236003876,0.012886285781860352,
19,0,19,True,2,-1.2387271157065545,1,3,1,0.7378647873726218,-0.856118177724283,0.0062809498286142,-0.3826089379822714,0,0.0,0.0,0,-0.9947717991073046,-0.0156972929835319,0.9790745061237728,9,2.302585092994046,0.24007068574428558,0.4171432554721832,0.17707256972789764,0.7599293142557144,0.23301189519360105
20,0,20,True,1,-3.445447913737099,1,3,1,0.2581988897471611,-0.856118177724283,0.0062809498286142,-2.589329736012816,0,0.0,0.0,0,-0.9993302343215454,-0.0768525674939155,0.92247766682763,7,2.0794415416798357,0.9858407974243164,0.047095976769924164,-0.9387448206543922,0.014159202575683594,
33,1,3,True,4,-0.115609667899538,1,1,0,0.316227766016838,-0.1571713453265765,0.018361627378894,0.0415616774270385,0,0.0,0.0,0,-0.6404924696698217,-0.5844153761863708,0.0560770934834508,7041,8.859647499714997,0.80892014503479,0.863103449344635,0.05418330430984497,0.19107985496520996,0.2835636667178241
34,1,4,True,3,-0.0721163825637018,3,3,0,1.0,-0.1459576853083643,0.0229802086715564,0.0738413027446624,0,0.0,0.0,0,-0.5549039749984941,-0.5718774199485779,0.0169734449500837,127,4.852030263919617,0.4452589452266693,0.5890827775001526,0.14382383227348328,0.5547410547733307,0.2592630039474007
35,1,5,True,2,-0.0622069350371312,3,3,0,0.948683298050514,-0.1462541640957811,0.0264046867707061,0.0840472290586499,0,0.0,0.0,0,-0.5042573417023475,-0.5307928919792175,0.02653555027687,51,3.9512437185814275,0.9936789870262146,0.9991281628608704,0.005449175834655762,0.0063210129737854,
36,1,6,True,1,-0.0516984016210276,3,3,0,0.7745966692414834,-0.1349761266619147,0.0266749848669153,0.083277725040887,0,0.0,0.0,0,-0.497402133337797,-0.5272975564002991,0.029895423062502,52,3.970291913552122,0.9933630228042603,0.9990550875663757,0.0056920647621154785,0.006636977195739746,
37,1,7,True,3,-0.0410589233947389,1,1,0,1.0,-0.0685516052105319,0.0123973183522966,0.0274926818157929,0,0.0,0.0,0,-0.4916877289783841,-0.5317800641059875,0.0400923351276034,53,3.9889840465642745,0.8991214632987976,0.9578178524971008,0.05869638919830322,0.10087853670120239,0.5818521076704278
40,1,10,True,1,-2.634357212225069,3,3,0,0.7745966692414834,-0.6148661768433523,0.0351262156158429,-2.0194910353817166,0,0.0,0.0,0,-0.945799658110508,-0.4447296261787414,0.5010700319317666,1,0.6931471805599453,0.998394787311554,0.9992290735244751,0.0008342862129211426,0.001605212688446045,
41,1,11,True,2,-0.0918993954366854,1,1,0,0.948683298050514,-0.6414037876583543,0.0331763364672555,0.5495043922216688,0,0.0,0.0,0,-0.9445517198504224,-0.3623524010181427,0.5821993188322798,139,4.941642422609304,0.5208820700645447,0.6447267532348633,0.1238446831703186,0.4791179299354553,0.2584847600819331
42,1,12,True,2,-1.0089972561062646,1,1,0,0.948683298050514,-0.855324104587757,0.0106962205542806,-0.1536731515185075,0,0.0,0.0,0,-0.9981780544037128,-0.2747661769390106,0.7234118774647023,83,4.430816798843313,0.6744369268417358,0.7659386396408081,0.09150171279907227,0.32556307315826416,0.28105679158087765
43,1,13,True,3,-1.0095730275546275,2,0,1,0.1999999999999999,-0.852232007376578,0.0090078722380887,-0.1573410201780497,0,0.0,0.0,0,-0.999177392638572,-0.4499306678771972,0.5492467247613746,55,4.02535169073515,0.19432710111141205,0.008058498613536358,-0.1862686024978757,0.805672898888588,-0.2311963114991581
44,1,14,True,2,-1.0000085933467218,1,3,1,0.7378647873726218,-0.8660203251420378,1.2490984923352586e-17,-0.133988268204684,0,0.0,0.0,0,-0.9997841815402128,-0.3218069076538086,0.6779772738864042,161,5.087596335232384,0.5727869868278503,0.389771968126297,-0.18301501870155334,0.42721301317214966,-0.42839289314393064
45,1,15,True,3,-1.000009897030401,2,1,1,0.1999999999999999,-0.8660203251420378,1.2490984923352586e-17,-0.1339895718883632,0,0.0,0.0,0,-0.9997740367481146,-0.3140559494495392,0.6857180872985754,67,4.219507705176107,0.002738006878644228,0.0021295498590916395,-0.0006084570195525885,0.9972619931213558,-0.0006101275529895242
46,1,16,True,2,-1.0001686908776193,3,1,1,0.2108185106778919,-0.8660203251420378,1.2490984923352586e-17,-0.1341483657355815,0,0.0,0.0,0,-0.9997631807900634,-0.1658081114292144,0.833955069360849,303,5.717027701406222,0.3653196394443512,0.25110939145088196,-0.11421024799346924,0.6346803605556488,-0.17994923916265607
47,1,17,True,3,-1.000013450196993,3,3,0,1.0,-0.8660203251420378,1.2490984923352586e-17,-0.1339931250549553,0,0.0,0.0,0,-0.9998869856878384,-0.3089138567447662,0.6909731289430722,2414,7.789454566086673,0.9895473718643188,0.6800784468650818,-0.30946892499923706,0.010452628135681152,
48,1,18,True,3,-1.000009407896271,0,2,1,-0.2108185106778919,-0.8660203251420378,1.2490984923352586e-17,-0.1339890827542329,0,0.0,0.0,0,-0.999889177169402,-0.3866180777549743,0.6132710994144277,4434,8.39728289474368,0.0039382996037602425,0.0025623508263379335,-0.001375948777422309,0.9960617003962398,-0.0013813891015736753
49,1,19,True,2,-1.1817687366505327,1,1,0,0.632455532033676,-0.7797111226779925,0.0208931907284913,-0.4020576139725402,0,0.0,0.0,0,-0.9811418747180852,-0.0319647416472435,0.9491771330708418,8,2.1972245773362196,0.7190633416175842,0.43851280212402344,-0.2805505394935608,0.28093665838241577,-0.9986256016175383
50,1,20,True,1,-3.531793340370053,3,1,1,0.2581988897471611,-0.8409860138378331,0.0102383047549286,-2.6908073265322203,0,0.0,0.0,0,-0.9994501646216882,-0.1390483081340789,0.8604018564876093,8,2.1972245773362196,0.9826993942260742,0.07763420790433884,-0.9050651863217354,0.01730060577392578,
51,1,21,True,2,-3.6252883959855193,1,0,1,-0.2108185106778919,-0.8660203251420378,1.2490984923352586e-17,-2.759268070843482,0,0.0,0.0,0,-0.9999530949396328,0.00954020768404,1.0094933026236728,13,2.6390573296152584,0.9171746969223022,0.4432249069213867,-0.4739497900009155,0.08282530307769775,-5.7222825922690195
63,2,3,True,4,-0.1056869088581651,1,1,0,0.316227766016838,-0.1701274245797527,0.0239465038665593,0.0644405157215876,0,0.0,0.0,0,-0.6342396553910409,-0.6305562853813171,0.0036833700097237,5887,8.680671660408713,0.7484215497970581,0.9241539239883423,0.17573237419128418,0.2515784502029419,0.6985191857630308
64,2,4,True,3,-0.0638634693600062,3,3,0,0.7999999999999999,-0.1379908925960838,0.0240434273618443,0.0741274232360776,0,0.0,0.0,0,-0.5874585068946582,-0.5369592308998108,0.0504992759948473,4691,8.453614209773367,0.8774751424789429,0.9981679916381836,0.12069284915924072,0.12252485752105713,0.9850478637651012
65,2,5,True,2,-0.0528401889919087,1,1,0,0.948683298050514,-0.1342935632607295,0.0259760038671909,0.0814533742688208,0,0.0,0.0,0,-0.5802196227788678,-0.5499200224876404,0.0302996002912274,7083,8.865593998902725,0.5562585592269897,0.7308856248855591,0.17462706565856934,0.44374144077301025,0.39353337239443764
66,2,6,True,3,-0.063071458891953,2,2,0,0.948683298050514,-0.1378602323076615,0.0240549681127883,0.0747887734157084,0,0.0,0.0,0,-0.5855725353185728,-0.599087655544281,0.0135151202257082,3906,8.27052509505507,0.84113609790802,0.9821133017539978,0.14097720384597778,0.15886390209197998,0.8874086686121682
67,2,7,True,1,-0.0302997229011121,3,3,0,0.7745966692414834,-0.0795170399273755,0.0191379306028242,0.0492173170262634,0,0.0,0.0,0,-0.4850422298251066,-0.4909098148345947,0.0058675850094881,50,3.9318256327243257,0.9983294606208801,0.9967997074127197,-0.0015297532081604004,0.001670539379119873,
68,2,8,True,1,-0.0194197960836491,3,3,0,0.7745966692414834,-0.0560921345985136,0.0163226880264341,0.0366723385148644,0,0.0,0.0,0,-0.4792281262727008,-0.5112529993057251,0.0320248730330242,58,4.07753744390572,0.9937475919723511,0.9996721744537354,0.005924582481384277,0.006252408027648926,
69,2,9,True,3,-0.0084177974729134,1,1,0,1.0,-0.0395352829867603,0.0132756420812891,0.0311174855138468,0,0.0,0.0,0,-0.4733443816480646,-0.5129793286323547,0.0396349469842901,158,5.0689042022202315,0.9259999990463257,0.9891960620880127,0.06319606304168701,0.07400000095367432,0.8540008409087614
70,2,10,True,1,0.0005921010414546,3,3,0,0.7745966692414834,-0.6269752572229141,0.0340896319917096,0.6275673582643688,0,0.0,0.0,0,-0.8949692318260641,-0.502613365650177,0.3923558661758871,7,2.0794415416798357,0.996547520160675,0.9997547268867493,0.0032072067260742188,0.003452479839324951,
71,2,11,True,4,0.0115185777066798,1,0,1,-0.3999999999999999,-0.6171719868859171,0.0353802562962284,0.628690564592597,1,0.628690564592597,0.7222966593319554,1,-0.8938184708962957,-0.3390867710113525,0.5547316998849432,172,5.153291594497779,0.07496721297502518,0.24963034689426422,0.17466313391923904,0.9250327870249748,0.1888183168955322
72,2,12,True,1,-1.0002485385874555,3,3,0,0.7745966692414834,-0.8660203251420378,1.2490984923352586e-17,-0.1342282134454178,0,0.0,0.0,0,-0.9997490046450276,-0.4495322704315185,0.5502167342135091,63,4.1588830833596715,0.9982520937919617,0.9998793601989746,0.0016272664070129395,0.00174790620803833,
73,2,13,True,2,-1.0000148073168975,3,3,0,0.948683298050514,-0.8660203251420378,1.2490984923352586e-17,-0.1339944821748599,0,0.0,0.0,0,-0.9997890595982284,-0.4742652773857116,0.5255237822125167,125,4.836281906951478,0.9921998381614685,0.9981371164321899,0.0059372782707214355,0.007800161838531494,
74,2,14,True,3,-1.0000086584663963,0,0,0,0.7999999999999999,-0.8660203251420378,1.2490984923352586e-17,-0.1339883333243587,0,0.0,0.0,0,-0.9997877880849432,-0.4388028383255005,0.5609849497594427,222,5.407171771460119,0.7291656732559204,0.9424034953117371,0.21323782205581665,0.2708343267440796,0.7873367627335962
75,2,15,True,1,-1.0000623731803275,3,3,0,0.7745966692414834,-0.8660203251420378,1.2490984923352586e-17,-0.1340420480382897,0,0.0,0.0,0,-0.9997711493947576,-0.340906023979187,0.6588651254155705,197,5.288267030694535,0.9979027509689331,0.9991586208343506,0.0012558698654174805,0.0020972490310668945,
76,2,16,True,3,-1.000064479086658,2,0,1,-0.6000000000000001,-0.8660203251420378,1.2490984923352586e-17,-0.1340441539446202,0,0.0,0.0,0,-0.9997686127587576,-0.3565570712089538,0.6432115415498038,381,5.945420608606575,0.35230302810668945,0.12253302335739136,-0.2297700047492981,0.6476969718933105,-0.3547492341636979
77,2,17,True,2,-1.1509778368116228,3,1,1,0.7378647873726218,-0.5668548608697044,0.0416946616193443,-0.5841229759419184,0,0.0,0.0,0,-0.7285407971139668,-0.1478426158428192,0.5806981812711476,3,1.3862943611198906,0.4354996979236603,0.30536550283432007,-0.1301341950893402,0.5645003020763397,-0.23052989451144992
78,2,18,True,1,-1.118291720740807,3,1,1,0.2581988897471611,-0.7192344766334239,0.0299380869428697,-0.3990572441073831,0,0.0,0.0,0,-0.966426468003318,-0.1827185153961181,0.7837079526071998,6,1.9459101490553132,0.9896887540817261,0.3031185269355774,-0.6865702271461487,0.010311245918273926,
79,2,19,True,2,-1.1187000662311335,2,1,1,0.1054092553389459,-0.7762256801857816,0.0210013781955931,-0.3424743860453521,0,0.0,0.0,0,-0.97278417587355,-0.2044628262519836,0.7683213496215665,10,2.3978952727983707,0.5626813173294067,0.18366147577762604,-0.3790198415517807,0.43731868267059326,-0.866690257176308
80,2,20,True,2,-2.385403133235846,1,3,1,0.7378647873726218,-0.8660203251420378,1.2490984923352586e-17,-1.5193828080938083,0,0.0,0.0,0,-0.9999789406738392,-0.1298694908618927,0.8701094498119464,14,2.70805020110221,0.5497634410858154,0.32063207030296326,-0.22913137078285217,0.45023655891418457,-0.5089132951252072
81,2,21,True,2,-2.4031128894436744,2,1,1,-0.2108185106778919,-0.8660203251420378,1.2490984923352586e-17,-1.5370925643016369,0,0.0,0.0,0,-0.9999679500563544,-0.2361650168895721,0.7638029331667823,13,2.6390573296152584,0.519157350063324,0.21755918860435486,-0.3015981614589691,0.480842649936676,-0.6272283906152828
93,3,3,True,3,-0.095652817460319,3,3,0,0.1999999999999999,-0.1382028180068133,0.0188462690385537,0.0425500005464942,0,0.0,0.0,0,-0.6269368354096164,-0.626750648021698,0.0001861873879184,4869,8.490849216076635,0.9097676277160645,0.9940803647041321,0.08431273698806763,0.09023237228393555,0.9343956592735863
94,3,4,True,4,-0.0852349477037916,0,0,0,0.7999999999999999,-0.1491658412279216,0.0229667118672454,0.0639308935241299,0,0.0,0.0,0,-0.6063343237987391,-0.5613827109336853,0.0449516128650537,4891,8.495356496807062,0.9594078063964844,0.9792124032974243,0.01980459690093994,0.040592193603515625,0.4878917629922
95,3,5,True,2,-0.0419227462082858,3,3,0,0.316227766016838,-0.0780315055675116,0.0160138416554066,0.0361087593592257,0,0.0,0.0,0,-0.5674864417813945,-0.5043124556541443,0.0631739861272502,4031,8.302017809751204,0.9984116554260254,0.6885361671447754,-0.30987548828125,0.0015883445739746094,
96,3,6,True,2,-0.0311654661136126,3,3,0,0.948683298050514,-0.0822648882037999,0.0191475520564239,0.0510994220901873,0,0.0,0.0,0,-0.5624079285130568,-0.5667696595191956,0.0043617310061387,3929,8.276394704863307,0.5155407190322876,0.6680777072906494,0.15253698825836182,0.4844592809677124,0.314860287026946
97,3,7,True,3,-0.0197261385918773,3,3,0,0.7999999999999999,-0.0560921345985136,0.0163226880264341,0.0363659960066363,0,0.0,0.0,0,-0.4947826804124337,-0.5076467990875244,0.0128641186750906,2185,7.689828668736484,0.9946624636650085,0.9998681545257568,0.005205690860748291,0.005337536334991455,
98,3,8,True,2,-0.0087123663067233,3,3,0,0.948683298050514,-0.0389154718277276,0.0132910150099259,0.0302031055210042,0,0.0,0.0,0,-0.4873227263032924,-0.5113561749458313,0.0240334486425389,6553,8.787830829258759,0.5382274985313416,0.704048216342926,0.16582071781158447,0.46177250146865845,0.3590961291202809
99,3,9,True,2,0.0027076423204495,3,3,0,0.316227766016838,-0.0627485589376034,0.0240140878833997,0.0654562012580529,0,0.0,0.0,0,-0.4667662653797523,-0.4543457329273224,0.0124205324524299,3587,8.185350223178686,0.9984195232391357,0.7094319462776184,-0.28898757696151733,0.0015804767608642578,
100,3,10,True,3,0.0142665571678404,3,3,0,1.0,-0.0560867697429174,0.0247378165782515,0.0703533269107579,0,0.0,0.0,0,-0.4601939225143163,-0.4946437478065491,0.0344498252922327,3560,8.177796683277778,0.9940786361694336,0.9998579025268555,0.005779266357421875,0.005921363830566406,
101,3,11,True,2,0.0256547621517737,3,3,0,0.316227766016838,-0.0412539389106693,0.0251772320366968,0.0669087010624431,0,0.0,0.0,0,-0.4540806737136358,-0.4470531344413757,0.0070275392722601,3577,8.182559264068665,0.9981087446212769,0.9709107875823975,-0.027197957038879395,0.0018912553787231445,
102,3,12,True,3,0.037544771717454,1,1,0,1.0,-0.0188163218174111,0.0222149802812567,0.0563610935348651,0,0.0,0.0,0,-0.4360337424282499,-0.4805168211460113,0.0444830787177614,3844,8.254528881939745,0.9454231262207031,0.988979697227478,0.0435565710067749,0.054576873779296875,0.798077427133571
103,3,13,True,2,0.0728722088545196,3,3,0,0.948683298050514,0.0255274274870626,0.0190875653549391,0.047344781367457,0,0.0,0.0,0,-0.4086464649065113,-0.3933848738670349,0.0152615910394763,8261,9.01942196795671,0.41443905234336853,0.6183269619941711,0.2038879096508026,0.5855609476566315,0.3481924647925137
104,3,14,True,3,0.0849097134899657,3,3,0,1.0,0.0515093279690613,0.0141146729875387,0.0334003855209043,0,0.0,0.0,0,-0.3748873905723694,-0.367435872554779,0.0074515180175904,3582,8.183955717304954,0.9929597973823547,0.9698717594146729,-0.023088037967681885,0.007040202617645264,
105,3,15,True,3,0.0970822773716222,3,3,0,1.0,0.0502064256083054,0.0195093403365813,0.0468758517633167,0,0.0,0.0,0,-0.3670621147491872,-0.3340957164764404,0.0329663982727468,3803,8.24380842366528,0.9925523996353149,0.6661357879638672,-0.32641661167144775,0.007447600364685059,
106,3,16,True,3,0.1093914160336885,1,1,0,1.0,0.0628182896432267,0.0197075759043091,0.0465731263904617,0,0.0,0.0,0,-0.3598788045077449,-0.3196269571781158,0.040251847329629,12018,9.39424400995279,0.9799781441688538,0.6862534284591675,-0.2937247157096863,0.02002185583114624,-14.670204310070227
107,3,17,True,1,-2.4213655420180498,0,0,0,0.7745966692414834,-0.5528176102597484,0.0420291223231915,-1.8685479317583011,0,0.0,0.0,0,-0.537315612441952,-0.2034194767475128,0.3338961356944392,1,0.6931471805599453,0.49030959606170654,0.9882070422172546,0.4978974461555481,0.5096904039382935,0.9768625077269983
110,3,20,True,3,-2.4000531146886077,0,0,0,0.3999999999999999,-0.8660203251420378,1.2490984923352586e-17,-1.5340327895465695,0,0.0,0.0,0,-0.9999876016677344,-0.1774848401546478,0.8225027615130867,13,2.6390573296152584,0.4161927103996277,0.4520278871059418,0.03583517670631409,0.5838072896003723,0.06138185895356664
123,4,3,True,4,-0.1056871060324903,0,0,0,0.316227766016838,-0.1705424808166638,0.0239472934437979,0.0648553747841735,0,0.0,0.0,0,-0.7540346191209741,-0.7362136840820312,0.0178209350389428,882,6.78332520060396,0.4264240562915802,0.6377576589584351,0.21133360266685486,0.5735759437084198,0.36844920883621884
124,4,4,True,2,-0.4959597353401627,1,0,1,-0.1054092553389459,-0.1390020465012068,0.0188205886193257,-0.3569576888389559,0,0.0,0.0,0,-0.9678732519267323,-0.6506583094596863,0.317214942467046,515,6.246106765481563,0.09323495626449585,0.041013870388269424,-0.052221085876226425,0.9067650437355042,-0.057590537082347966
125,4,5,True,4,-0.5015791250163917,2,2,0,0.316227766016838,-0.1592102116963171,0.0215547228097275,-0.3423689133200745,0,0.0,0.0,0,-0.978293413649758,-0.7434723973274231,0.2348210163223349,681,6.525029657843462,0.48054230213165283,0.6354333758354187,0.15489107370376587,0.5194576978683472,0.29817841633568765
126,4,6,True,2,-0.0522150078080338,3,3,0,0.948683298050514,-0.095173540500651,0.0211454453255213,0.0429585326926172,0,0.0,0.0,0,-0.6242874043841083,-0.5648267865180969,0.0594606178660114,1995,7.59890045687141,0.7773306965827942,0.9975358247756958,0.2202051281929016,0.2226693034172058,0.9889334758474221
127,4,7,True,3,-0.030878150203525,3,3,0,0.7999999999999999,-0.0809061066532564,0.0191340596979214,0.0500279564497313,0,0.0,0.0,0,-0.5076747027140286,-0.5289687514305115,0.0212940487164828,3572,8.181160858023409,0.9949371814727783,0.9995787739753723,0.004641592502593994,0.00506281852722168,
128,4,8,True,3,-0.0197186571939029,0,0,0,0.7999999999999999,-0.0563433153281851,0.0163117873688564,0.0366246581342822,0,0.0,0.0,0,-0.4989137488747882,-0.5260427594184875,0.0271290105436993,6603,8.795430805040018,0.7012882828712463,0.9107240438461304,0.20943576097488403,0.29871171712875366,0.7011300493599686
129,4,9,True,2,-0.6495678374101318,1,3,1,0.7378647873726218,-0.8660203251420378,1.2490984923352586e-17,0.2164524877319059,1,0.2164524877319059,0.2486802213966099,1,-0.9997106327914796,-0.5375686883926392,0.4621419443988404,15,2.772588722239781,0.6045437455177307,0.4805447459220886,-0.12399899959564209,0.3954562544822693,-0.3135593335297766
130,4,10,True,1,-0.6663644620401431,3,3,0,0.7745966692414834,-0.8660203251420378,1.2490984923352586e-17,0.1996558631018946,0,0.0,0.0,0,-0.9997279038406024,-0.4301338791847229,0.5695940246558795,7,2.0794415416798357,0.9941773414611816,0.999657154083252,0.0054798126220703125,0.005822658538818359,
131,4,11,True,1,-0.6631751211861688,1,1,0,0.7745966692414834,-0.8660203251420378,1.2490984923352586e-17,0.2028452039558689,0,0.0,0.0,0,-0.9997254103175832,-0.5342176556587219,0.4655077546588612,4,1.6094379124341003,0.9303499460220337,0.9323168992996216,0.0019669532775878906,0.06965005397796631,0.028240513326954972
132,4,12,True,4,0.0491961235644887,3,3,0,0.632455532033676,0.0040453231771248,0.0186589791500595,0.0451508003873639,0,0.0,0.0,0,-0.4286176399928106,-0.4391800165176391,0.0105623765248284,8206,9.012742727629712,0.9983945488929749,0.9994120597839355,0.0010175108909606934,0.0016054511070251465,
133,4,13,True,3,0.0609682580923172,0,0,0,0.7999999999999999,0.0398951842116326,0.0044984375310115,0.0210730738806845,0,0.0,0.0,0,-0.4221664105763174,-0.4520541429519653,0.0298877323756479,12940,9.46815584482167,0.6358253955841064,0.8284575939178467,0.19263219833374023,0.36417460441589355,0.5289556053550374
134,4,14,True,3,0.1474939778904314,1,1,0,0.948683298050514,0.1105547328784515,0.0147034015524264,0.0369392450119799,0,0.0,0.0,0,-0.2783178612016014,-0.4727890789508819,0.1944712177492805,150,5.017279836814924,0.8904110789299011,0.9121828675270081,0.021771788597106934,0.10958892107009888,0.19866778853658523
135,4,15,True,2,0.1344255643210409,1,1,0,0.948683298050514,0.0987209115305001,0.0146535574157749,0.0357046527905407,0,0.0,0.0,0,-0.3327118315441032,-0.3378897309303283,0.0051778993862251,13041,9.475930197953147,0.5784732103347778,0.7218303084373474,0.14335709810256958,0.42152678966522217,0.34009012384817633
136,4,16,True,4,0.1218386618346418,2,2,0,0.316227766016838,0.0905297732332134,0.0145610075041859,0.0313088886014283,0,0.0,0.0,0,-0.3525225627888036,-0.3342422246932983,0.0182803380955052,17238,9.754929537894979,0.5232826471328735,0.36444979906082153,-0.158832848072052,0.47671735286712646,-0.3331803365595606
140,4,20,True,2,-3.507780682830446,3,3,0,0.948683298050514,-0.8660203251420378,1.2490984923352586e-17,-2.6417603576884083,0,0.0,0.0,0,-0.9999946776215908,-0.2078115046024322,0.7921831730191586,8,2.1972245773362196,0.9893423318862915,0.7164133191108704,-0.27292901277542114,0.010657668113708496,
141,4,21,True,2,-2.308557796336445,1,1,0,0.948683298050514,-0.8660203251420378,1.2490984923352586e-17,-1.4425374711944077,0,0.0,0.0,0,-1.0000005203976636,-0.071058802306652,0.9289417180910116,7,2.0794415416798357,0.35804784297943115,0.5379005074501038,0.1798526644706726,0.6419521570205688,0.28016521559084023
142,4,22,True,1,-1.0358747796305592,1,1,0,0.7745966692414834,-0.8660203251420378,1.2490984923352586e-17,-0.1698544544885214,0,0.0,0.0,0,-1.0000006407509217,-0.2049866914749145,0.7950139492760071,6,1.9459101490553132,0.9839977025985718,0.5617319941520691,-0.4222657084465027,0.016002297401428223,
143,4,23,True,2,-0.9999996429992944,3,1,1,0.7378647873726218,-0.8660203251420378,1.2490984923352586e-17,-0.1339793178572565,0,0.0,0.0,0,-1.0000008833452654,-0.3037141859531402,0.6962866973921251,17,2.8903717578961645,0.12720760703086853,0.39916470646858215,0.2719570994377136,0.8727923929691315,0.3115942595610272
153,5,3,True,4,-0.1156172401902914,0,0,0,0.316227766016838,-0.1610336110360679,0.0188980318285591,0.0454163708457765,0,0.0,0.0,0,-0.8497460044380336,-0.7929185032844543,0.0568275011535792,518,6.251903883165888,0.5626009702682495,0.7648884654045105,0.202287495136261,0.4373990297317505,0.46247815240998713
154,5,4,True,1,-0.5014044046855408,0,0,0,0.7745966692414834,-0.158795155459406,0.021551083101993,-0.3426092492261348,0,0.0,0.0,0,-0.9682281070533464,-0.7391508221626282,0.2290772848907183,53,3.9889840465642745,0.9774646162986755,0.9773869514465332,-7.766485214233398e-05,0.022535383701324463,-0.0034463514432092595
155,5,5,True,4,-0.5081143713309468,0,0,0,0.316227766016838,-0.1656208544007359,0.02116684099635,-0.3424935169302109,0,0.0,0.0,0,-0.9891447100097384,-0.727896511554718,0.2612481984550203,359,5.886104031450156,0.4799489974975586,0.6534309387207031,0.17348194122314453,0.5200510025024414,0.3335863990038748
156,5,6,True,1,-0.4797848496857712,3,3,0,0.7745966692414834,-0.8660203251420378,1.2490984923352586e-17,0.3862354754562665,0,0.0,0.0,0,-0.9895264103428508,-0.5279939770698547,0.4615324332729961,509,6.234410725718371,0.998548686504364,0.6087790727615356,-0.38976961374282837,0.0014513134956359863,
157,5,7,True,3,-0.4856600362366376,2,3,1,0.3999999999999999,-0.8660203251420378,1.2490984923352586e-17,0.3803602889054001,1,0.3803602889054001,0.4369923480511274,1,-0.999400069823854,-0.5279534459114075,0.4714466239124465,510,6.236369590203704,0.002797650871798396,0.004955008625984192,0.002157357754185796,0.9972023491282016,0.002163410220675727
158,5,8,True,3,-0.4952278118713528,2,3,1,0.3999999999999999,-0.8660203251420378,1.2490984923352586e-17,0.3707925132706849,1,0.3707925132706849,0.4260000208755625,1,-0.9996888000293078,-0.4941097497940063,0.5055790502353015,518,6.251903883165888,0.0029183481819927692,0.0020532584749162197,-0.0008650897070765495,0.9970816518180072,-0.000867621729373123
159,5,9,True,2,-0.6452871515597263,1,2,1,-0.1054092553389459,-0.8660203251420378,1.2490984923352586e-17,0.2207331735823114,1,0.2207331735823114,0.2535982609911776,1,-0.9996940731798248,-0.4193222522735595,0.5803718209062652,577,6.359573868672378,0.0021768955048173666,0.02315288595855236,0.020975990453734994,0.9978231044951826,0.02102175261250053
160,5,10,True,3,-0.6477474835048123,1,1,0,1.0,-0.8660203251420378,1.2490984923352586e-17,0.2182728416372255,0,0.0,0.0,0,-0.99969045836536,-0.6155509352684021,0.3841395230969577,590,6.3818160174060985,0.8706327080726624,0.8761570453643799,0.005524337291717529,0.12936729192733765,0.042702735826150015
161,5,11,True,1,-0.6594107914663403,3,3,0,0.7745966692414834,-0.8660203251420378,1.2490984923352586e-17,0.2066095336756974,0,0.0,0.0,0,-0.9997220495128332,-0.4175201058387756,0.5822019436740575,7,2.0794415416798357,0.9984760880470276,0.9602857828140259,-0.03819030523300171,0.0015239119529724121,
162,5,12,True,3,-0.6555898149852109,3,3,0,0.7999999999999999,-0.8660203251420378,1.2490984923352586e-17,0.2104305101568269,0,0.0,0.0,0,-0.9997188722649524,-0.4110027849674225,0.5887160872975298,103,4.6443908991413725,0.9935029149055481,0.9993332028388977,0.005830287933349609,0.006497085094451904,
163,5,13,True,3,-0.6517255824055849,1,1,0,0.7999999999999999,-0.8660203251420378,1.2490984923352586e-17,0.2142947427364528,0,0.0,0.0,0,-0.9997156666131902,-0.5111013650894165,0.4886143015237737,1650,7.409136443920128,0.9438349604606628,0.6653257012367249,-0.278509259223938,0.05616503953933716,-4.958765479527068
164,5,14,True,2,0.1600246246596417,1,1,0,0.948683298050514,0.108979180013295,0.0205597006887503,0.0510454446463466,0,0.0,0.0,0,-0.2694964646497816,-0.3313586115837097,0.061862146933928,4963,8.509967146324497,0.6921002864837646,0.8991705775260925,0.20707029104232788,0.30789971351623535,0.6725251176026482
165,5,15,True,3,0.1471536904250527,2,2,0,0.7999999999999999,0.1108725206105253,0.0147419354377296,0.0362811698145274,0,0.0,0.0,0,-0.3056773126681208,-0.3584635853767395,0.0527862727086186,9059,9.111624399037025,0.5452715754508972,0.7176492810249329,0.17237770557403564,0.4547284245491028,0.37907836033113834
166,5,16,True,2,0.1532093117003388,1,1,0,0.948683298050514,0.1313118808295149,0.0210445402918713,0.0218974308708239,0,0.0,0.0,0,-0.2325803443518243,-0.3179313242435455,0.0853509798917212,96,4.574710978503383,0.5212024450302124,0.5471522808074951,0.025949835777282715,0.4787975549697876,0.0541979287653634
167,5,17,True,1,-1.10714842391018,3,3,0,0.7745966692414834,0.1620190149055874,0.0155283674165836,-1.2691674388157674,0,0.0,0.0,0,-0.2258991915716872,-0.1972196698188781,0.028679521752809,54,4.007333185232471,0.9921851754188538,0.9973115921020508,0.0051264166831970215,0.00781482458114624,
168,5,18,True,2,0.1790462125219915,1,1,0,0.948683298050514,0.1582987365266503,0.0214446931614868,0.0207474759953411,0,0.0,0.0,0,-0.2147357359382112,-0.2854751050472259,0.0707393691090147,182,5.209486152841421,0.9762587547302246,0.9801843762397766,0.003925621509552002,0.02374124526977539,0.16535027817389383
169,5,19,True,3,0.2843846954801078,3,3,0,1.0,0.2132542965677101,0.0272510935755269,0.0711303989123977,0,0.0,0.0,0,-0.1608748996635731,-0.1047389283776283,0.0561359712859447,5316,8.57866451350434,0.6376487016677856,0.4454670548439026,-0.19218164682388306,0.36235129833221436,-0.5303738325443649
170,5,20,True,3,0.2987953537604317,1,1,0,1.0,0.2104442534938696,0.031533625715033,0.0883511002665621,0,0.0,0.0,0,-0.1396759425768971,-0.1165637299418449,0.0231122126350522,3631,8.197538739721184,0.9728457927703857,0.994339644908905,0.021493852138519287,0.027154207229614258,0.7915477685195754
171,5,21,True,1,-1.0358747796305592,3,3,0,0.7745966692414834,-0.8660203251420378,1.2490984923352586e-17,-0.1698544544885214,0,0.0,0.0,0,-1.0000007036772065,-0.267613798379898,0.7323869052973082,1,0.6931471805599453,0.9972648620605469,0.9986891150474548,0.001424252986907959,0.002735137939453125,
172,5,22,True,2,-1.001869700838095,1,0,1,-0.2108185106778919,-0.8660203251420378,1.2490984923352586e-17,-0.1358493756960572,0,0.0,0.0,0,-1.000000758332976,-0.147135853767395,0.852864904565581,9,2.302585092994046,0.865562379360199,0.38446730375289917,-0.4810950756072998,0.13443762063980103,-3.5785747569595774
173,5,23,True,3,-0.9999997398652348,0,0,0,0.3999999999999999,-0.8660203251420378,1.2490984923352586e-17,-0.1339794147231972,0,0.0,0.0,0,-1.000001060738978,-0.2467373013496399,0.7532637593893381,27,3.332204510175204,0.6007391810417175,0.6049570441246033,0.004217863082885742,0.39926081895828247,0.010564179810807966
183,6,3,True,2,-0.1257058364336885,0,3,1,0.2108185106778919,-0.545974402150671,0.0269615465251813,0.4202685657169823,1,0.4202685657169823,0.4828425908321374,1,-0.9740815851491638,-0.7019159197807312,0.2721656653684325,1398,7.243512974665482,0.0005703351926058531,0.10725696384906769,0.10668662865646183,0.9994296648073941,0.10674751051843356
184,6,4,True,4,-0.1457337303465226,2,2,0,0.316227766016838,-0.5389348528918371,0.0293965574582816,0.3932011225453144,0,0.0,0.0,0,-0.9772330627656116,-0.8990042209625244,0.078228841803087,1496,7.311218384419629,0.813148021697998,0.9234228730201721,0.11027485132217407,0.18685197830200195,0.5901722439563413
185,6,5,True,2,-0.5511768168250173,1,0,1,-0.1054092553389459,-0.1974443296697753,0.0227382506915183,-0.3537324871552419,0,0.0,0.0,0,-0.9994459766033912,-0.7233418822288513,0.2761040943745397,845,6.740519359606223,0.1199992448091507,0.05703399330377579,-0.06296525150537491,0.8800007551908493,-0.07155136076186591
186,6,6,True,3,-0.5562882960710582,2,1,1,0.3999999999999999,-0.5499967020639188,0.0292550199104407,-0.0062915940071394,0,0.0,0.0,0,-0.9997574211519528,-0.7508584856987,0.2488989354532527,14933,9.611395771595648,0.000182657633558847,5.596538176178001e-05,-0.000126692251797067,0.9998173423664412,-0.00012671539733167907
187,6,7,True,4,-0.561212214154622,2,2,0,0.316227766016838,-0.5546006021006511,0.0287237346907915,-0.0066116120539708,0,0.0,0.0,0,-0.9997641883148788,-0.8018632531166077,0.197900935198271,14952,9.612667227583843,0.6042880415916443,0.7881526947021484,0.18386465311050415,0.3957119584083557,0.4646426503006125
188,6,8,True,2,-0.800157479712184,1,3,1,0.7378647873726218,-0.8660203251420378,1.2490984923352586e-17,0.0658628454298537,1,0.0658628454298537,0.0756692018416217,1,-0.9995201281080272,-0.7103106379508972,0.28920949015713,114,4.74493212836325,0.5818829536437988,0.3874242305755615,-0.1944587230682373,0.41811704635620117,-0.4650820261046581
189,6,9,True,3,-0.8024352146848642,2,2,0,0.7999999999999999,-0.8660203251420378,1.2490984923352586e-17,0.0635851104571735,0,0.0,0.0,0,-0.9994933262088976,-0.729401171207428,0.2700921550014695,81,4.406719247264253,0.34613215923309326,0.5186657309532166,0.1725335717201233,0.6538678407669067,0.2638661224227859
190,6,10,True,2,-0.6439673776718234,1,1,0,0.632455532033676,-0.8660203251420378,1.2490984923352586e-17,0.2220529474702143,0,0.0,0.0,0,-0.9996861452352496,-0.5157756805419922,0.4839104646932572,859,6.756932389247553,0.5945889353752136,0.3989916443824768,-0.19559729099273682,0.4054110646247864,-0.4824665828343014
191,6,11,True,3,-0.6478132606749225,2,2,0,0.948683298050514,-0.8660203251420378,1.2490984923352586e-17,0.2182070644671152,0,0.0,0.0,0,-0.9996894601192648,-0.541607677936554,0.4580817821827108,380,5.942799375126701,0.9842824339866638,0.9947638511657715,0.010481417179107666,0.01571756601333618,
192,6,12,True,2,-0.6438665410608423,1,3,1,0.7378647873726218,-0.8660203251420378,1.2490984923352586e-17,0.2221537840811954,1,0.2221537840811954,0.2552303869929743,1,-0.9997033499531284,-0.5343406796455383,0.46536267030759,3931,8.276903481267057,0.5850491523742676,0.4120498299598694,-0.1729993224143982,0.4149508476257324,-0.41691521635457907
193,6,13,True,3,-0.6478179832802003,2,2,0,1.0,-0.8660203251420378,1.2490984923352586e-17,0.2182023418618374,0,0.0,0.0,0,-0.9997121634344842,-0.4208984673023224,0.5788136961321618,3212,8.074960359115858,0.5322238802909851,0.3557225465774536,-0.1765013337135315,0.4677761197090149,-0.37732010309403147
194,6,14,True,3,0.1733786354447254,3,3,0,0.1999999999999999,0.107236299265247,0.0250704552504941,0.0661423361794784,0,0.0,0.0,0,-0.2408984153579794,-0.3429866433143616,0.102088227956382,3539,8.17188200612782,0.9983106851577759,0.9995026588439941,0.0011919736862182617,0.001689314842224121,
195,6,15,True,3,0.186552862167497,3,3,0,0.7999999999999999,0.1310139002162979,0.0210347105898837,0.0555389619511991,0,0.0,0.0,0,-0.2318190551365109,-0.3241021037101745,0.0922830485736636,3533,8.170185652879642,0.99048912525177,0.9974067807197571,0.0069176554679870605,0.00951087474822998,
196,6,16,True,3,0.1998660925612328,3,3,0,0.7999999999999999,0.1624909378188161,0.0155620752460342,0.0373751547424167,0,0.0,0.0,0,-0.2230559541978091,-0.2530120611190796,0.0299561069212704,3488,8.157370441186774,0.9937604069709778,0.9978960752487183,0.0041356682777404785,0.006239593029022217,
197,6,17,True,2,0.2145894545095423,1,3,1,0.7378647873726218,0.1591958095828559,0.0214614993597979,0.0553936449266863,1,0.0553936449266863,0.0636412361376756,1,-0.214018334936771,-0.2962520122528076,0.0822336773160365,3366,8.121777419161074,0.15743699669837952,0.025335999205708504,-0.132100997492671,0.8425630033016205,-0.15678471161803614
198,6,18,True,4,0.2266834272387987,1,1,0,0.1999999999999999,0.1771869573177089,0.0204899564611804,0.0494964699210897,0,0.0,0.0,0,-0.2055742119601498,-0.2057250142097473,0.0001508022495975,3162,8.059276223305648,0.9434283375740051,0.9948257207870483,0.05139738321304321,0.05657166242599487,0.9085358465517878
199,6,19,True,3,0.2701336504132169,0,0,0,0.1999999999999999,0.2330627292261033,0.0145207472188866,0.0370709211871135,0,0.0,0.0,0,-0.1728936320870663,-0.2144375741481781,0.0415439420611117,6045,8.707152175339404,0.8877127766609192,0.999237060546875,0.11152428388595581,0.11228722333908081,0.9932054651416474
200,6,20,True,2,0.3133676904571746,3,3,0,0.632455532033676,0.2713218289492666,0.0166326073458874,0.042045861507908,0,0.0,0.0,0,-0.1293492168618825,-0.0357456281781196,0.0936035886837629,5315,8.578476419833136,0.6187261939048767,0.407879501581192,-0.2108466923236847,0.3812738060951233,-0.5530059735367211
201,6,21,True,3,0.3284885169144876,1,1,0,1.0,0.2706705497085061,0.0232534616383679,0.0578179672059814,0,0.0,0.0,0,-0.0971531574439318,-0.1373684406280517,0.0402152831841198,3410,8.134760782418645,0.9685254096984863,0.9917792677879333,0.02325385808944702,0.03147459030151367,0.7388136864271971
202,6,22,True,1,-1.0000520121406975,3,3,0,0.7745966692414834,-0.8660203251420378,1.2490984923352586e-17,-0.1340316869986599,0,0.0,0.0,0,-1.00000090500067,-0.312885969877243,0.6871149351234269,15,2.772588722239781,0.9975706934928894,0.9990096092224121,0.001438915729522705,0.0024293065071105957,
203,6,23,True,2,-1.0000034599087346,3,3,0,0.948683298050514,-0.8660203251420378,1.2490984923352586e-17,-0.1339831347666968,0,0.0,0.0,0,-1.0000010101165575,-0.2975849211215973,0.7024160889949604,276,5.6240175061873385,0.9912153482437134,0.6470845341682434,-0.34413081407546997,0.008784651756286621,
204,6,24,True,2,-1.0000022925266572,3,2,1,0.7378647873726218,-0.8660203251420378,1.2490984923352586e-17,-0.1339819673846194,0,0.0,0.0,0,-1.0000009834705246,-0.4201672077178955,0.5798337757526291,290,5.673323267171493,0.08918021619319916,0.004254350904375315,-0.08492586528882384,0.9108197838068008,-0.09324112936356459
214,7,4,True,1,-0.5416077163771436,3,2,1,0.2581988897471611,-0.4776233018780275,0.0278705670766079,-0.063984414499116,0,0.0,0.0,0,-0.9988564131986806,-0.7052227854728699,0.2936336277258107,185,5.225746673713202,0.9984110593795776,0.4389457106590271,-0.5594653487205505,0.0015889406204223633,
215,7,5,True,2,-0.5473013645542048,2,0,1,0.2108185106778919,-0.1888129781041354,0.0171779740604327,-0.3584883864500693,0,0.0,0.0,0,-0.9994412447600854,-0.760040819644928,0.2394004251151574,322,5.777652323222656,0.006380642764270306,4.355974306236021e-05,-0.006337083021207945,0.9936193572357297,-0.006377777340044829
216,7,6,True,4,-0.5612116539627359,0,0,0,0.316227766016838,-0.5619908185859389,0.028675407310494,0.000779164623203,0,0.0,0.0,0,-0.9997612685730458,-0.8140208721160889,0.1857403964569569,8097,8.999372396592106,0.7302631139755249,0.6835322976112366,-0.04673081636428833,0.2697368860244751,-0.17324592514220735
217,7,7,True,4,-0.5661091889701498,0,0,0,0.316227766016838,-0.5535751870123781,0.0290071868652506,-0.0125340019577717,0,0.0,0.0,0,-0.999768518641505,-0.7778770327568054,0.2218914858846995,7336,8.900685318713995,0.7321746945381165,0.8429035544395447,0.11072885990142822,0.26782530546188354,0.4134368845784327
218,7,8,True,3,-0.7979136368038149,1,0,1,0.3999999999999999,-0.8660203251420378,1.2490984923352586e-17,0.0681066883382228,1,0.0681066883382228,0.078247131793268,1,-0.999530825357826,-0.7469120621681213,0.2526187631897048,119,4.787491742782046,0.28455469012260437,0.1571877896785736,-0.12736690044403076,0.7154453098773956,-0.17802464938355297
219,7,9,True,3,-0.806887252995711,0,0,0,0.7999999999999999,-0.8660203251420378,1.2490984923352586e-17,0.0591330721463267,0,0.0,0.0,0,-0.99946867101966,-0.7068676948547363,0.2926009761649236,52,3.970291913552122,0.7250909209251404,0.9676195979118347,0.24252867698669434,0.2749090790748596,0.8822141407728922
220,7,10,True,2,-0.6398733897779053,3,3,0,0.316227766016838,-0.8660203251420378,1.2490984923352586e-17,0.2261469353641324,0,0.0,0.0,0,-0.9996779629931724,-0.4554041624069214,0.544273800586251,579,6.363028103540465,0.9986690282821655,0.47647807002067566,-0.5221909582614899,0.0013309717178344727,
221,7,11,True,2,-0.6358301549763656,1,3,1,0.7378647873726218,-0.8660203251420378,1.2490984923352586e-17,0.2301901701656721,1,0.2301901701656721,0.2644633151596008,1,-0.9996741570298648,-0.6041157841682434,0.3955583728616214,2956,7.9919305198524775,0.16409987211227417,0.013771493919193745,-0.15032837819308043,0.8359001278877258,-0.17984011866698962
222,7,12,True,3,-0.6398707641007648,2,2,0,0.7999999999999999,-0.8660203251420378,1.2490984923352586e-17,0.2261495610412729,0,0.0,0.0,0,-0.9996915806100264,-0.4562239646911621,0.5434676159188644,4697,8.454892165218858,0.5127054452896118,0.34607040882110596,-0.16663503646850586,0.4872945547103882,-0.34195957015678413
223,7,13,True,2,-0.5985523557218898,3,3,0,0.948683298050514,-0.8660203251420378,1.2490984923352586e-17,0.2674679694201479,0,0.0,0.0,0,-0.999798023739096,-0.5104015469551086,0.4893964767839873,885,6.786716950605081,0.5098444819450378,0.6670247316360474,0.15718024969100952,0.49015551805496216,0.32067424297237956
224,7,14,True,3,-0.5940400280927297,3,3,0,0.7999999999999999,-0.8660203251420378,1.2490984923352586e-17,0.271980297049308,0,0.0,0.0,0,-0.9997929010389168,-0.2922715246677398,0.7075213763711771,476,6.1675164908883415,0.9839996695518494,0.9979388117790222,0.013939142227172852,0.016000330448150635,
225,7,15,True,3,-0.5894849859660098,3,3,0,0.7999999999999999,-0.8660203251420378,1.2490984923352586e-17,0.2765353391760279,0,0.0,0.0,0,-0.9997903567974608,-0.3916906118392944,0.6080997449581664,2030,7.616283561580385,0.8557356595993042,0.8409714102745056,-0.014764249324798584,0.1442643404006958,-0.10234164093351633
226,7,16,True,3,-0.5847552920291748,1,1,0,0.7999999999999999,-0.8660203251420378,1.2490984923352586e-17,0.281265033112863,0,0.0,0.0,0,-0.9997874120746602,-0.4266344606876373,0.5731529513870228,22930,10.040244985890988,0.9395546317100525,0.6546255350112915,-0.284929096698761,0.06044536828994751,-4.713828449716745
227,7,17,True,2,0.2279238491896045,3,3,0,0.632455532033676,0.1785590848169422,0.0205204648991552,0.0493647643726622,0,0.0,0.0,0,-0.2047016983984329,-0.2605246007442474,0.0558229023458144,679,6.522092798170152,0.9977381229400635,0.9996494054794312,0.0019112825393676758,0.0022618770599365234,
228,7,18,True,3,0.2416931800771039,3,3,0,0.7999999999999999,0.1726573872529936,0.0264504574741084,0.0690357928241103,0,0.0,0.0,0,-0.1957452467288319,-0.1989715695381164,0.0032263228092845,4610,8.436200032206706,0.9941478967666626,0.9994875192642212,0.005339622497558594,0.005852103233337402,
229,7,19,True,3,0.2560302962365194,0,0,0,1.0,0.2011780465979165,0.0210118493064451,0.0548522496386028,0,0.0,0.0,0,-0.1863962675293635,-0.2289440035820007,0.0425477360526371,5200,8.556606193773073,0.8019254207611084,0.9988774657249451,0.19695204496383667,0.1980745792388916,0.9943327696094657
230,7,20,True,3,0.2991230605392666,0,0,0,0.1999999999999999,0.2106065291509617,0.0315389139688775,0.0885165313883049,0,0.0,0.0,0,-0.1556465168211203,-0.170813649892807,0.0151671330716866,2070,7.635786861395585,0.9031117558479309,0.9985659718513489,0.09545421600341797,0.09688824415206909,0.9851991522686656
231,7,21,True,2,0.3434042970116356,3,3,0,0.948683298050514,0.2369172812677664,0.0361403169825511,0.1064870157438692,0,0.0,0.0,0,-0.0859111031482038,-0.0684415325522422,0.0174695705959616,3324,8.109224953089955,0.9911154508590698,0.9954959154129028,0.004380464553833008,0.008884549140930176,
232,7,22,True,3,0.3584774157968071,1,1,0,0.7999999999999999,0.3018471744135918,0.0238374616570177,0.0566302413832152,0,0.0,0.0,0,-0.0755356956145334,-0.1160576418042182,0.0405219461896848,3424,8.138856750696325,0.9642130136489868,0.9994457364082336,0.035232722759246826,0.035786986351013184,0.9845121467806784
233,7,23,True,2,0.3760569759903895,1,3,1,0.2108185106778919,0.2853319909275613,0.0334774423372411,0.0907249850628282,1,0.0907249850628282,0.1042330795457177,1,-0.0552370626554147,0.0228808298707008,0.0781178925261155,4,1.6094379124341003,0.4086812734603882,0.2615830898284912,-0.14709818363189697,0.5913187265396118,-0.24876293787060205
234,7,24,True,1,0.3903039131595289,1,1,0,0.7745966692414834,0.3337952976468238,0.0233108483341956,0.056508615512705,0,0.0,0.0,0,-0.0454446537467388,0.026494987308979,0.0719396410557179,5,1.791759469228055,0.9669737815856934,0.9997537732124329,0.0327799916267395,0.03302621841430664,0.9925445055659029
243,8,3,True,1,-1.9004613327969548,3,2,1,0.2581988897471611,-0.7698566638722769,0.0186913937158083,-1.1306046689246778,0,0.0,0.0,0,-0.9997618020297712,-0.7692127823829651,0.230549019646806,1,0.6931471805599453,0.9914295077323914,0.3165534734725952,-0.6748760342597961,0.008570492267608643,
244,8,4,True,1,-0.6103068488382386,3,3,0,0.7745966692414834,-0.5766687148121536,0.0298312228171478,-0.0336381340260849,0,0.0,0.0,0,-0.9997589369233212,-0.7552013993263245,0.2445575375969967,28,3.367295829986474,0.9920209050178528,0.6662108302116394,-0.3258100748062134,0.007979094982147217,
245,8,5,True,3,-0.5711823552652314,3,3,0,0.1999999999999999,-0.5429923066360921,0.0297815929970881,-0.0281900486291393,0,0.0,0.0,0,-0.9997561493284176,-0.6959783434867859,0.3037778058416318,1166,7.062191632286556,0.998369038105011,0.5267068147659302,-0.4716622233390808,0.0016309618949890137,
246,8,6,True,2,-0.5660876753383222,0,0,0,0.632455532033676,-0.5672979350233496,0.0283782347442726,0.0012102596850274,0,0.0,0.0,0,-0.9997619868713408,-0.7315372228622437,0.2682247640090972,3263,8.090708716083997,0.6605534553527832,0.3932569622993469,-0.2672964930534363,0.3394465446472168,-0.7874479716128343
247,8,7,True,4,-0.571987838551391,0,0,0,0.316227766016838,-0.5762344912928341,0.0288576355298737,0.004246652741443,0,0.0,0.0,0,-0.999770680563573,-0.840965986251831,0.1588046943117419,2303,7.742402021815782,0.8475466966629028,0.9808855652809143,0.13333886861801147,0.15245330333709717,0.8746210524751911
248,8,8,True,3,-0.7956462071081218,1,0,1,0.3999999999999999,-0.8660203251420378,1.2490984923352586e-17,0.0703741180339159,1,0.0703741180339159,0.0808521603823808,1,-0.9995389822551144,-0.8103194236755371,0.1892195585795772,67,4.219507705176107,0.18426236510276794,0.06538618355989456,-0.11887618154287338,0.8157376348972321,-0.14572845049358252
249,8,9,True,1,-0.8935873181766275,3,2,1,0.2581988897471611,-0.8660203251420378,1.2490984923352586e-17,-0.0275669930345897,0,0.0,0.0,0,-0.9993832436608846,-0.566327691078186,0.4330555525826985,87,4.477336814478207,0.9987050294876099,0.31763625144958496,-0.6810687780380249,0.0012949705123901367,
250,8,10,True,3,-0.8947685355341032,2,2,0,0.7999999999999999,-0.8660203251420378,1.2490984923352586e-17,-0.0287482103920654,0,0.0,0.0,0,-0.9993742459888656,-0.8273014426231384,0.172072803365727,123,4.820281565605037,0.626405656337738,0.8104283213615417,0.1840226650238037,0.37359434366226196,0.4925734774779259
251,8,11,True,2,-0.631634934059781,3,3,0,0.948683298050514,-0.8660203251420378,1.2490984923352586e-17,0.2343853910822567,0,0.0,0.0,0,-0.999576290267418,-0.5873415470123291,0.4122347432550888,1851,7.524021415206125,0.3447215259075165,0.4517342448234558,0.10701271891593933,0.6552784740924835,0.16330876588635806
252,8,12,True,3,-0.6273765413934959,1,1,0,0.7999999999999999,-0.8660203251420378,1.2490984923352586e-17,0.2386437837485419,0,0.0,0.0,0,-0.9997186039457734,-0.7264924645423889,0.2732261394033844,684,6.529418838262226,0.6613362431526184,0.8341000080108643,0.17276376485824585,0.3386637568473816,0.5101336100045144
253,8,13,True,3,-0.6033074096207188,0,0,0,0.7999999999999999,-0.8660203251420378,1.2490984923352586e-17,0.2627129155213189,0,0.0,0.0,0,-0.9997990987824898,-0.5863417983055115,0.4134573004769784,927,6.833031732786201,0.9423524141311646,0.9960464835166931,0.053694069385528564,0.05764758586883545,0.9314192186243107
255,8,15,True,3,-0.5940639673813772,0,0,0,0.3999999999999999,-0.8660203251420378,1.2490984923352586e-17,0.2719563577606605,0,0.0,0.0,0,-0.9997914045244916,-0.490953654050827,0.5088377504736645,377,5.934894195619588,0.9500574469566345,0.9800344705581665,0.029977023601531982,0.04994255304336548,0.6002300998810116
256,8,16,True,3,-0.5800929857181781,1,0,1,-0.6000000000000001,-0.8660203251420378,1.2490984923352586e-17,0.2859273394238596,1,0.2859273394238596,0.3284992231613329,1,-0.9997848406272288,-0.4146739542484283,0.5851108863788004,22303,10.012521313560251,0.04651963338255882,0.030053570866584778,-0.016466062515974045,0.9534803666174412,-0.017269430071632105
259,8,19,True,1,-1.0263542969622703,3,3,0,0.7745966692414834,0.2246484983323454,0.0350687898700779,-1.251002795294616,0,0.0,0.0,0,-0.2906707116511621,-0.1334402859210968,0.1572304257300653,7,2.0794415416798357,0.9809302091598511,0.9833971858024597,0.0024669766426086426,0.019069790840148926,
260,8,20,True,2,0.296969959855159,1,1,0,0.948683298050514,0.2276233281682095,0.0365465822244885,0.0693466316869494,0,0.0,0.0,0,-0.2823585739078947,-0.1617275178432464,0.1206310560646483,207,5.337538079701318,0.9899799823760986,0.9797337651252747,-0.010246217250823975,0.010020017623901367,
261,8,21,True,2,0.3589849476053885,3,3,0,0.632455532033676,0.3032089570135142,0.0238754997993021,0.0557759905918743,0,0.0,0.0,0,-0.1601898439874796,-0.107883833348751,0.0523060106387285,107,4.68213122712422,0.5820580720901489,0.5365716814994812,-0.045486390590667725,0.4179419279098511,-0.10883423641688089
262,8,22,True,3,0.3737193856006849,1,1,0,0.3999999999999999,0.2876587944000254,0.0326985452369276,0.0860605912006595,0,0.0,0.0,0,-0.0647224219723912,-0.0778630897402763,0.013140667767885,3277,8.094988759303774,0.9947176575660706,0.9981648325920105,0.0034471750259399414,0.005282342433929443,
263,8,23,True,2,0.3906984808388391,3,3,0,0.948683298050514,0.3339659885283264,0.0233132272394224,0.0567324923105127,0,0.0,0.0,0,-0.0448322099406595,0.0282774195075035,0.0731096294481631,91,4.5217885770490405,0.7938420176506042,0.8338189721107483,0.03997695446014404,0.20615798234939575,0.19391417205660877
264,8,24,True,1,0.4058710994292876,1,1,0,0.7745966692414834,0.3277909310154746,0.0289196461471232,0.0780801684138129,0,0.0,0.0,0,-0.0343650163451419,0.0435069426894187,0.0778719590345607,129,4.867534450455582,0.9975528120994568,0.9978805780410767,0.00032776594161987305,0.002447187900543213,
276,9,6,True,2,-1.9388189302918284,3,3,0,0.948683298050514,-0.582350348528722,0.0282228861473168,-1.3564685817631064,0,0.0,0.0,0,-0.9997496943472176,-0.9565609097480774,0.0431887845991402,11,2.4849066497880004,0.7944794297218323,0.9917144179344177,0.19723498821258545,0.20552057027816772,0.9596849013489602
277,9,7,True,3,-0.6165636664160434,0,0,0,1.0,-0.5901304791574883,0.0271974545585829,-0.0264331872585551,0,0.0,0.0,0,-0.999767308316807,-0.8290092349052429,0.1707580734115641,373,5.924255797414532,0.9983761310577393,0.9998642206192017,0.0014880895614624023,0.0016238689422607422,
278,9,8,True,2,-0.7933533795746529,1,0,1,0.7378647873726218,-0.862430109922844,0.0035902152191936,0.069076730348191,1,0.069076730348191,0.0793616039082833,1,-0.9995467460498714,-0.873389720916748,0.1261570251331233,34,3.5553480614894135,0.09835845232009888,0.008133657276630402,-0.09022479504346848,0.9016415476799011,-0.10006725541389969
279,9,9,True,2,-0.8978470755339443,3,3,0,0.948683298050514,-0.8660203251420378,1.2490984923352586e-17,-0.0318267503919065,0,0.0,0.0,0,-0.9992844047077232,-0.8604894876480103,0.1387949170597128,90,4.51085950651685,0.4142208397388458,0.5209394097328186,0.10671856999397278,0.5857791602611542,0.18218225780923158
280,9,10,True,2,-0.8959558143447689,0,0,0,0.632455532033676,-0.8660203251420378,1.2490984923352586e-17,-0.0299354892027311,0,0.0,0.0,0,-0.9993397916541767,-0.6091629862785339,0.3901768053756429,71,4.276666119016055,0.5401620864868164,0.3635298013687134,-0.17663228511810303,0.4598379135131836,-0.3841185772800332
281,9,11,True,2,-0.6361658730520539,0,0,0,0.632455532033676,-0.8660203251420378,1.2490984923352586e-17,0.2298544520899839,0,0.0,0.0,0,-0.9994876373041508,-0.7399373650550842,0.2595502722490667,1244,7.126890808898808,0.9589125514030457,0.9985125660896301,0.03960001468658447,0.041087448596954346,0.9637983383937807
282,9,12,True,2,-0.6231923974986621,3,2,1,-0.2108185106778919,-0.8660203251420378,1.2490984923352586e-17,0.2428279276433756,1,0.2428279276433756,0.2789827155159716,1,-0.9997829214239292,-0.4459379017353058,0.5538450196886235,477,6.169610732491456,0.9987150430679321,0.37421464920043945,-0.6245003938674927,0.001284956932067871,
283,9,13,True,4,-0.6189645694303081,0,0,0,1.0,-0.8660203251420378,1.2490984923352586e-17,0.2470557557117296,0,0.0,0.0,0,-0.9997823461917732,-0.5830320715904236,0.4167502746013497,523,6.261491684321042,0.9321531057357788,0.997261643409729,0.0651085376739502,0.06784689426422119,0.9596391755294382
285,9,15,True,2,-0.5994717211303493,0,0,0,0.948683298050514,-0.8660203251420378,1.2490984923352586e-17,0.2665486040116884,0,0.0,0.0,0,-0.9997748141297236,-0.5493037104606628,0.4504711036690607,57,4.060443010546419,0.9668672680854797,0.9859681129455566,0.019100844860076904,0.033132731914520264,0.5764947155385653
286,9,16,True,3,-0.5753815882585376,1,0,1,-0.6000000000000001,-0.8660203251420378,1.2490984923352586e-17,0.2906387368835001,1,0.2906387368835001,0.3339121032609232,1,-0.999718963776964,-0.4697324335575104,0.5299865302194537,1570,7.359467638255621,0.03414580225944519,0.021743174642324448,-0.012402627617120743,0.9658541977405548,-0.012841097182301944
290,9,20,True,2,0.3468402145238471,3,3,0,0.632455532033676,0.3038780132399214,0.023885505918458,0.0429622012839257,0,0.0,0.0,0,-0.2777466379516705,-0.1129105165600776,0.1648361213915928,213,5.365976015021851,0.9919379353523254,0.966432511806488,-0.025505423545837402,0.00806206464767456,
291,9,21,True,2,0.3628955690947327,3,3,0,0.632455532033676,0.2814314522668558,0.0333064143737759,0.0814641168278768,0,0.0,0.0,0,-0.2696716218454681,-0.1123178377747535,0.1573537840707145,365,5.902633333401366,0.7344340085983276,0.9499778151512146,0.21554380655288696,0.26556599140167236,0.8116393421282391
292,9,22,True,3,0.3895305894762365,3,3,0,1.0,0.3332985734875676,0.0233150422588312,0.0562320159886689,0,0.0,0.0,0,-0.0514292453377652,-0.0370349362492561,0.0143943090885091,3431,8.140898460607852,0.9970411658287048,0.9981326460838318,0.0010914802551269531,0.002958834171295166,
293,9,23,True,3,0.4058514739371969,3,3,0,1.0,0.3276150337417016,0.0289140255508706,0.0782364401954952,0,0.0,0.0,0,-0.034533325721219,0.0097314938902854,0.0442648196115045,3365,8.121480374750751,0.9970393180847168,0.9940778017044067,-0.0029615163803100586,0.002960681915283203,
294,9,24,True,3,0.4220540327239455,1,1,0,0.3999999999999999,0.3585881987132603,0.0248878379377076,0.0634658340106852,0,0.0,0.0,0,-0.0232046573342824,0.0006783828139305,0.0238830401482129,3402,8.132412674500905,0.9972503781318665,0.9986422657966614,0.0013918876647949219,0.002749621868133545,
306,10,6,True,1,-3.180403403908083,0,0,0,0.7745966692414834,-0.5990618442045037,0.0276193885609168,-2.58134155970358,0,0.0,0.0,0,-0.999674919448488,-1.0160068273544312,0.016331907905943,4,1.6094379124341003,0.9700572490692139,0.9901044964790344,0.020047247409820557,0.029942750930786133,0.6695192254098687
307,10,7,True,1,-0.7886902623919817,3,2,1,0.2581988897471611,-0.7314608705622526,0.0221417107976062,-0.057229391829729,0,0.0,0.0,0,-0.9995728419370704,-0.7190445065498352,0.2805283353872352,22,3.1354942159291497,0.9985424280166626,0.29653817415237427,-0.7020042538642883,0.0014575719833374023,
308,10,8,True,2,-0.7910348279114329,2,3,1,-0.1054092553389459,-0.818336916221386,0.0128864445832861,0.0273020883099531,1,0.0273020883099531,0.0313671117234664,1,-0.9995628046319596,-0.7426890730857849,0.2568737315461746,27,3.332204510175204,0.4377269744873047,0.1820308268070221,-0.2556961476802826,0.5622730255126953,-0.45475442725912757
309,10,9,True,2,-0.9265498306672938,0,0,0,0.632455532033676,-0.8660203251420378,1.2490984923352586e-17,-0.060529505525256,0,0.0,0.0,0,-0.9992312772859612,-0.8995814323425293,0.0996498449434319,59,4.0943445622221,0.9680286645889282,0.9952983260154724,0.02726966142654419,0.03197133541107178,0.8529409571393949
310,10,10,True,2,-0.6615120252271208,3,1,1,0.7378647873726218,-0.863839522282916,0.0021808028591215,0.2023274970557952,1,0.2023274970557952,0.2324521528474006,1,-0.998117751307553,-0.8789497017860413,0.1191680495215117,46,3.8501476017100584,0.46224212646484375,0.4859754741191864,0.02373334765434265,0.5377578735351562,0.04413389151947223
311,10,11,True,2,-0.6568069295777239,3,2,1,0.1054092553389459,-0.8660203251420378,1.2490984923352586e-17,0.2092133955643138,1,0.2092133955643138,0.2403632966903576,1,-0.998074014149628,-0.6989006400108337,0.2991733741387942,1694,7.43543801981455,0.5614244937896729,0.34013840556144714,-0.2212860882282257,0.43857550621032715,-0.5045564220864258
312,10,12,True,3,-0.653336016816838,1,2,1,0.3999999999999999,-0.8660203251420378,1.2490984923352586e-17,0.2126843083251998,1,0.2126843083251998,0.2443509956208246,1,-0.9979509605115404,-0.8704609274864197,0.1274900330251208,1417,7.257002707092073,0.31091272830963135,0.13095907866954803,-0.1799536496400833,0.6890872716903687,-0.2611478357431377
313,10,13,True,2,-1.0400979463197442,1,3,1,0.7378647873726218,-0.8660203251420378,1.2490984923352586e-17,-0.1740776211777064,0,0.0,0.0,0,-0.9995003995571754,-0.6145780086517334,0.384922390905442,74,4.31748811353631,0.5954358577728271,0.3844868838787079,-0.21094897389411926,0.40456414222717285,-0.5214228150147477
314,10,14,True,1,-1.904376065557182,3,3,0,0.7745966692414834,-0.8660203251420378,1.2490984923352586e-17,-1.0383557404151442,0,0.0,0.0,0,-0.999461571852426,-0.3757283091545105,0.6237332626979156,44,3.8066624897703196,0.9949175119400024,0.5730679035186768,-0.4218496084213257,0.005082488059997559,
315,10,15,True,4,-0.6377290022332887,0,0,0,0.3999999999999999,-0.8660203251420378,1.2490984923352586e-17,0.2282913229087491,0,0.0,0.0,0,-0.9994503617130684,-0.5557803511619568,0.4436700105511115,77,4.356708826689592,0.5159145593643188,0.6270453333854675,0.11113077402114868,0.48408544063568115,0.22956851144958276
316,10,16,True,2,-0.5706174154993879,1,0,1,0.7378647873726218,-0.8660203251420378,1.2490984923352586e-17,0.2954029096426498,1,0.2954029096426498,0.3393856164042992,1,-0.998612718663987,-0.5264795422554016,0.4721331764085854,91,4.5217885770490405,0.025378528982400894,0.013186908327043056,-0.012191620655357838,0.9746214710175991,-0.012509082775109199
320,10,20,True,1,-0.062210009495751,3,2,1,0.2581988897471611,-0.7031716435546491,0.031221725525574,0.640961634058898,1,0.640961634058898,0.73639477529093,1,-0.8205459664186805,-0.1491748392581939,0.6713711271604865,51,3.9512437185814275,0.9572203159332275,0.4309726655483246,-0.526247650384903,0.04277968406677246,-12.301344945968088
321,10,21,True,3,-0.051969332558773,3,1,1,-0.3999999999999999,-0.6168340981532315,0.0451717658738212,0.5648647655944585,1,0.5648647655944585,0.6489678009206277,1,-0.8185012312042956,-0.2058741748332977,0.6126270563709979,1261,7.140453043101158,0.003455318044871092,0.00040803925367072225,-0.0030472787912003696,0.9965446819551289,-0.0030578446168834992
322,10,22,True,2,0.406738045196827,3,3,0,0.948683298050514,0.328316670938214,0.0289349429168112,0.078421374258613,0,0.0,0.0,0,-0.0473494056746385,-0.1743396520614624,0.1269902463868238,4,1.6094379124341003,0.5072113275527954,0.6393498182296753,0.13213849067687988,0.4927886724472046,0.2681443346103632
323,10,23,True,2,0.4224985043049225,3,3,0,0.948683298050514,0.3596487351120582,0.0249137103699814,0.0628497691928643,0,0.0,0.0,0,-0.0246033141259598,-0.0171429440379142,0.0074603700880455,110,4.709530201312334,0.9566087126731873,0.9849064946174622,0.028297781944274902,0.043391287326812744,0.6521535471197896
324,10,24,True,3,0.4384581618599043,1,1,0,0.3999999999999999,0.376080269938831,0.0252411148888294,0.0623778919210733,0,0.0,0.0,0,-0.0118871470951946,-0.0432298108935356,0.0313426637983409,3473,8.153061946801051,0.9963812232017517,0.9991078972816467,0.0027266740798950195,0.003618776798248291,
339,11,9,True,1,-1.9588749346749004,3,3,0,0.7745966692414834,-0.863839522282916,0.0021808028591215,-1.0950354123919843,0,0.0,0.0,0,-0.9981680436203978,-0.6294940114021301,0.3686740322182676,3,1.3862943611198906,0.9946387410163879,0.5575830340385437,-0.43705570697784424,0.0053612589836120605,
340,11,10,True,1,-0.6988377525330367,3,3,0,0.7745966692414834,-0.8660203251420378,1.2490984923352586e-17,0.167182572609001,0,0.0,0.0,0,-0.99811833587027,-0.5924639105796814,0.4056544252905886,48,3.8918202981106265,0.9944570064544678,0.6294920444488525,-0.36496496200561523,0.0055429935455322266,
341,11,11,True,2,-0.662502802137786,0,0,0,0.948683298050514,-0.8660203251420378,1.2490984923352586e-17,0.2035175230042517,0,0.0,0.0,0,-0.9980961906547416,-0.825002908706665,0.1730932819480765,801,6.687108607866515,0.9970952272415161,0.9992313385009766,0.0021361112594604492,0.0029047727584838867,
342,11,12,True,3,-0.6494566340575963,1,0,1,0.3999999999999999,-0.8660203251420378,1.2490984923352586e-17,0.2165636910844414,1,0.2165636910844414,0.2488079818793761,1,-0.9976328859339147,-0.83002108335495,0.1676118025789648,476,6.1675164908883415,0.010925875045359135,0.0008094818331301212,-0.010116393212229013,0.9890741249546409,-0.010228144642539258
343,11,13,True,2,-1.0285589327115852,2,0,1,0.2108185106778919,-0.8660203251420378,1.2490984923352586e-17,-0.1625386075695474,0,0.0,0.0,0,-0.9995058023075746,-0.649257481098175,0.3502483212093995,48,3.8918202981106265,0.0016253578942269087,0.000910720438696444,-0.0007146374555304646,0.9983746421057731,-0.0007158008881547216
344,11,14,True,1,-0.587375325249812,1,3,1,0.2581988897471611,-0.8660203251420378,1.2490984923352586e-17,0.2786449998922258,1,0.2786449998922258,0.3201326119664779,1,-0.9904088708609816,-0.7063612937927246,0.2840475770682571,1,0.6931471805599453,0.38664570450782776,0.03221406415104866,-0.3544316403567791,0.6133542954921722,-0.5778579247943042
345,11,15,True,1,-0.6402292194570015,0,0,0,0.7745966692414834,-0.8660203251420378,1.2490984923352586e-17,0.2257911056850362,0,0.0,0.0,0,-0.9989792996375848,-0.4452835619449615,0.5536957376926231,31,3.4657359027997265,0.9712854623794556,0.9967660903930664,0.02548062801361084,0.028714537620544434,0.8873772703684484
346,11,16,True,2,-0.5657997915622374,3,3,0,0.948683298050514,-0.8602854063927821,0.0057349187492556,0.2944856148305447,0,0.0,0.0,0,-0.9774834752475056,-0.4784790873527527,0.4990043878947529,9,2.302585092994046,0.6962833404541016,0.9899502992630005,0.2936669588088989,0.30371665954589844,0.9669109335259208
347,11,17,True,2,-0.560765084414814,3,3,0,0.948683298050514,-0.8602854063927821,0.0057349187492556,0.2995203219779681,0,0.0,0.0,0,-0.9770405979947632,-0.4982993900775909,0.4787412079171722,17,2.8903717578961645,0.8839673399925232,0.9996834993362427,0.11571615934371948,0.1160326600074768,0.9972723139869677
348,11,18,True,2,-0.5556998784341342,1,1,0,0.948683298050514,-0.8602854063927821,0.0057349187492556,0.3045855279586479,0,0.0,0.0,0,-0.9767135698042808,-0.505623459815979,0.4710901099883019,13,2.6390573296152584,0.8779962658882141,0.8315207958221436,-0.04647547006607056,0.12200373411178589,-0.3809348164990378
349,11,19,True,1,-1.804115949188852,3,3,0,0.7745966692414834,-0.8492105086722674,0.0124070428532797,-0.9549054405165842,0,0.0,0.0,0,-0.9773477878818032,-0.2738900780677795,0.7034577098140236,1,0.6931471805599453,0.790244996547699,0.9986228942871094,0.2083778977394104,0.20975500345230103,0.993434694332792
350,11,20,True,1,-0.5443174918815546,1,1,0,0.7745966692414834,-0.8472842327800695,0.014143273891165,0.3029667408985148,0,0.0,0.0,0,-0.9772147331481008,-0.3970171213150024,0.5801976118330983,1,0.6931471805599453,0.9226524829864502,0.8167030215263367,-0.10594946146011353,0.0773475170135498,-1.3697849077890012
351,11,21,True,3,-0.0735508633598509,0,0,0,0.1999999999999999,-0.5321033364777101,0.051055401094986,0.4585524731178592,0,0.0,0.0,0,-0.8320090054631716,-0.2794787287712097,0.5525302766919619,1228,7.113956109566034,0.948877215385437,0.6963467001914978,-0.2525305151939392,0.05112278461456299,-4.939686229885111
352,11,22,True,1,0.3919800663576302,3,3,0,0.7745966692414834,0.3340520534485028,0.0232559457551959,0.0579280129091273,0,0.0,0.0,0,-0.0501869652879691,-0.1495312452316284,0.0993442799436592,1,0.6931471805599453,0.9886177182197571,0.9319869875907898,-0.056630730628967285,0.01138228178024292,
353,11,23,True,1,0.4067816395897418,1,1,0,0.7745966692414834,0.34638088649208,0.0235397613796043,0.0604007530976618,0,0.0,0.0,0,-0.0397763988890141,-0.2661187350749969,0.2263423361859828,3,1.3862943611198906,0.9526005387306213,0.8054769039154053,-0.14712363481521606,0.04739946126937866,-3.1039094300901247
354,11,24,True,2,0.4550408376329863,3,3,0,0.632455532033676,0.3899872103285804,0.0254987536391949,0.0650536273044059,0,0.0,0.0,0,-0.0003803612445105,-0.0091429874300956,0.008762626185585,4022,8.299783171949787,0.8372064232826233,0.9991156458854675,0.16190922260284424,0.1627935767173767,0.9945676350850883
355,11,25,True,3,0.4718146839933306,3,3,0,1.0,0.3685786727365413,0.0356075930006336,0.1032360112567893,0,0.0,0.0,0,0.015782736502054,0.0247342661023139,0.0089515296002599,4056,8.308199063206446,0.8587987422943115,0.9976092576980591,0.13881051540374756,0.14120125770568848,0.9830685481079493
356,11,26,True,3,0.4887816245234259,1,1,0,1.0,0.4168731862345566,0.0259569750870154,0.0719084382888692,0,0.0,0.0,0,0.0319004761665057,0.0791413113474845,0.0472408351809788,3541,8.17244681834278,0.9716871380805969,0.9885127544403076,0.016825616359710693,0.028312861919403076,0.594274658902636
357,11,27,True,2,0.470839357418407,1,1,0,0.948683298050514,0.4582183251491932,0.018919110959768,0.0126210322692137,0,0.0,0.0,0,-0.232724090769461,0.1231923475861549,0.3559164383556159,92,4.532599493153256,0.6933948993682861,0.643739640712738,-0.049655258655548096,0.30660510063171387,-0.16195183496047807
358,11,28,True,2,0.4187240032187234,1,1,0,0.948683298050514,0.3795902440902167,0.0444116611943578,0.0391337591285066,0,0.0,0.0,0,-0.8046283574895476,0.2169082462787628,1.0215366037683105,105,4.663439094112067,0.15259608626365662,0.5001674890518188,0.34757140278816223,0.8474039137363434,0.4101602519814461
370,12,10,True,1,-1.987407762953117,3,3,0,0.7745966692414834,-0.8660203251420378,1.2490984923352586e-17,-1.1213874378110793,0,0.0,0.0,0,-0.99814670424257,-0.6805725693702698,0.3175741348723002,2,1.0986122886681098,0.944878339767456,0.679742157459259,-0.265136182308197,0.055121660232543945,-4.810018079819375
371,12,11,True,2,-0.7005526386462504,0,0,0,0.632455532033676,-0.8660203251420378,1.2490984923352586e-17,0.1654676864957873,0,0.0,0.0,0,-0.998123305670786,-0.6899515390396118,0.308171766631174,19,2.995732273553991,0.8775926232337952,0.9055463075637817,0.027953684329986572,0.12240737676620483,0.22836601084408042
372,12,12,True,1,-0.6455238486666668,3,2,1,0.2581988897471611,-0.8660203251420378,1.2490984923352586e-17,0.2204964764753709,1,0.2204964764753709,0.2533263219177362,1,-0.988593843950208,-0.5551037192344666,0.4334901247157414,31,3.4657359027997265,0.9986991882324219,0.055049214512109756,-0.9436499737203121,0.001300811767578125,
373,12,13,True,2,-0.6415466739019504,1,2,1,0.7378647873726218,-0.8660203251420378,1.2490984923352586e-17,0.2244736512400873,1,0.2244736512400873,0.2578956604889227,1,-0.9882224551612044,-0.9597476124763488,0.0284748426848554,29,3.4011973816621555,0.2072306126356125,0.07621756941080093,-0.13101304322481155,0.7927693873643875,-0.16525996754285982
374,12,14,True,1,-0.5814409756690208,3,2,1,0.2581988897471611,-0.8602854063927821,0.0057349187492556,0.2788444307237613,1,0.2788444307237613,0.3203617361676328,1,-0.9768913229295167,-0.4392283856868744,0.5376629372426424,2,1.0986122886681098,0.9983062744140625,0.15111352503299713,-0.8471927493810654,0.0016937255859375,
375,12,15,True,1,-0.5767099187266977,3,3,0,0.7745966692414834,-0.8602854063927821,0.0057349187492556,0.2835754876660843,0,0.0,0.0,0,-0.9762712633368722,-0.6940832734107971,0.2821879899260751,7,2.0794415416798357,0.8934991955757141,0.9991728663444519,0.10567367076873779,0.10650080442428589,0.9922335454645685
376,12,16,True,2,-0.5718319044422355,3,3,0,0.948683298050514,-0.8602854063927821,0.0057349187492556,0.2884535019505465,0,0.0,0.0,0,-0.9759179500880126,-0.5659621357917786,0.409955814296234,9,2.302585092994046,0.6870520710945129,0.442660927772522,-0.24439114332199097,0.31294792890548706,-0.7809322917609056
377,12,17,True,1,-0.5656743458047998,0,0,0,0.7745966692414834,-0.8602854063927821,0.0057349187492556,0.2946110605879822,0,0.0,0.0,0,-0.9772357792823096,-0.38950115442276,0.5877346248595496,10,2.3978952727983707,0.983583390712738,0.9990900754928589,0.01550668478012085,0.016416609287261963,
378,12,18,True,2,-0.5507112187963119,3,3,0,0.632455532033676,-0.8602854063927821,0.0057349187492556,0.3095741875964701,0,0.0,0.0,0,-0.9763822061111896,-0.2430793344974517,0.7333028716137378,12,2.5649493574615367,0.9940558671951294,0.7866407036781311,-0.2074151635169983,0.0059441328048706055,
379,12,19,True,2,-0.5456701517608455,3,2,1,-0.1054092553389459,-0.8602854063927821,0.0057349187492556,0.3146152546319365,1,0.3146152546319365,0.3614584983357903,1,-0.9761138023771272,-0.3684547841548919,0.6076590182222352,13,2.6390573296152584,0.7174685597419739,0.18057309091091156,-0.5368954688310623,0.2825314402580261,-1.9003034435414847
380,12,20,True,1,-0.505292826962797,3,3,0,0.7745966692414834,-0.854323676680299,0.008219850589039,0.349030849717502,0,0.0,0.0,0,-0.9769346616193868,-0.1627548336982727,0.8141798279211142,16,2.833213344056216,0.9928172826766968,0.6837010979652405,-0.3091161847114563,0.007182717323303223,
381,12,21,True,2,-0.4977446195091523,3,3,0,0.632455532033676,-0.8602854063927821,0.0057349187492556,0.3625407868836297,0,0.0,0.0,0,-0.9767005280854096,-0.2680730819702148,0.7086274461151947,507,6.230481447578482,0.7285944819450378,0.4647170901298523,-0.26387739181518555,0.27140551805496216,-0.972262442216624
382,12,22,True,4,-0.5033134484046154,2,1,1,-0.316227766016838,-0.8602854063927821,0.0057349187492556,0.3569719579881666,1,0.3569719579881666,0.4101217152783655,1,-0.9816444519570816,-0.3298955857753753,0.6517488661817062,3616,8.193400231952097,0.05237285792827606,0.31660380959510803,0.26423095166683197,0.9476271420717239,0.27883430089303296
383,12,23,True,2,0.4225437529759194,3,3,0,0.632455532033676,0.3607183675019069,0.0249459984175432,0.0618253854740125,0,0.0,0.0,0,-0.0282124165532359,-0.1804039478302002,0.1521915312769643,76,4.343805421853684,0.8217537999153137,0.9991451501846313,0.17739135026931763,0.17824620008468628,0.9952041063710615
384,12,24,True,3,0.4388864860058509,0,0,0,0.7999999999999999,0.3759008373056814,0.0252364088927265,0.0629856487001694,0,0.0,0.0,0,-0.0131957761070421,-0.112412579357624,0.0992168032505819,735,6.601230118728877,0.9388488531112671,0.9991710186004639,0.06032216548919678,0.06115114688873291,0.9864437309566001
385,12,25,True,3,0.4554843303334161,0,0,0,0.3999999999999999,0.3892548884664166,0.0254741032939412,0.0662294418669994,0,0.0,0.0,0,0.0013513842617228,-0.1240104809403419,0.1253618652020648,797,6.682108597449809,0.8805645108222961,0.9885695576667786,0.10800504684448242,0.11943548917770386,0.9042960981537532
386,12,26,True,2,0.5054977020810061,1,3,1,0.2108185106778919,0.4584070049709942,0.0189246115456181,0.0470906971100119,1,0.0470906971100119,0.0541020577113574,1,0.0441865504982502,0.1240552738308906,0.0798687233326403,3366,8.121777419161074,0.18635191023349762,0.00034171220613643527,-0.18601019802736118,0.8136480897665024,-0.22861259107821624
387,12,27,True,3,0.4883094623494758,2,3,1,0.3999999999999999,0.4367717037387643,0.0322147699527161,0.0515377586107115,1,0.0515377586107115,0.0592112447211554,0,0.044314244411156,0.1248525604605674,0.0805383160494114,2826,7.946971357693591,0.008636047132313251,0.01138696726411581,0.002750920131802559,0.9913639528676867,0.0027748841622141497
388,12,28,True,3,0.4711518537187599,2,3,1,0.7999999999999999,0.4680191898163179,0.0267903481141821,0.003132663902442,1,0.003132663902442,0.0035990880076432,0,0.0634226348640124,0.1871128380298614,0.123690203165849,2729,7.912056888179006,0.009723053313791752,0.00899545755237341,-0.0007275957614183426,0.9902769466862082,-0.0007347396744447266
389,12,29,True,3,0.4831529742636272,1,1,0,0.7999999999999999,0.510009651830569,0.0178584232647285,-0.0268566775669418,0,0.0,0.0,0,0.0996552971870296,0.2355889976024627,0.1359337004154331,3227,8.07961802938984,0.9987181425094604,0.9999022483825684,0.0011841058731079102,0.0012818574905395508,
403,13,13,True,2,-0.6375248686325624,3,3,0,0.948683298050514,-0.8602854063927821,0.0057349187492556,0.2227605377602196,0,0.0,0.0,0,-0.9864029530319504,-0.8111088871955872,0.1752940658363633,8,2.1972245773362196,0.6170614957809448,0.9388750195503235,0.32181352376937866,0.3829385042190552,0.8403791215136968
404,13,14,True,1,-0.5873030948102543,3,3,0,0.7745966692414834,-0.8602854063927821,0.0057349187492556,0.2729823115825277,0,0.0,0.0,0,-0.9778587868170232,-0.5289499163627625,0.4489088704542608,5,1.791759469228055,0.9145100712776184,0.9472410082817078,0.032730937004089355,0.08548992872238159,0.38286307513928564
405,13,15,True,1,-0.5814390948657672,0,0,0,0.7745966692414834,-0.8602854063927821,0.0057349187492556,0.2788463115270149,0,0.0,0.0,0,-0.9765810875368708,-0.5225113034248352,0.4540697841120354,5,1.791759469228055,0.987265944480896,0.9983295798301697,0.011063635349273682,0.012734055519104004,
406,13,16,True,2,-0.6278184623166592,3,3,0,0.948683298050514,-0.8602854063927821,0.0057349187492556,0.2324669440761229,0,0.0,0.0,0,-0.9722022281389217,-0.5917535424232483,0.3804486857156732,4,1.6094379124341003,0.7549217343330383,0.9979332685470581,0.24301153421401978,0.24507826566696167,0.9915670553350888
407,13,17,True,1,-0.602150639486648,3,3,0,0.7745966692414834,-0.8602854063927821,0.0057349187492556,0.258134766906134,0,0.0,0.0,0,-0.9736118652468974,-0.3390859067440033,0.6345259585028941,3,1.3862943611198906,0.899162232875824,0.9946697354316711,0.09550750255584717,0.10083776712417603,0.9471401963733991
408,13,18,True,1,-0.5971123951908459,3,3,0,0.7745966692414834,-0.8602854063927821,0.0057349187492556,0.2631730112019361,0,0.0,0.0,0,-0.973485666680588,-0.2805067300796509,0.6929789366009371,3,1.3862943611198906,0.8907259702682495,0.9962888956069946,0.10556292533874512,0.10927402973175049,0.9660385509519919
409,13,19,True,1,-0.5925766893889183,3,2,1,0.2581988897471611,-0.8602854063927821,0.0057349187492556,0.2677087170038638,1,0.2677087170038638,0.3075680197160885,1,-0.9731430973194168,-0.1992656290531158,0.7738774682663009,10,2.3978952727983707,0.9868600964546204,0.39374932646751404,-0.5931107699871063,0.013139903545379639,
410,13,20,True,2,-0.5892727800117759,3,3,0,0.948683298050514,-0.8506337246515183,0.0143930367423647,0.2613609446397424,0,0.0,0.0,0,-0.9727512636016424,-0.3485254943370819,0.6242257692645606,23,3.1780538303479458,0.8873294591903687,0.999202311038971,0.1118728518486023,0.11267054080963135,0.9929201639106638
411,13,21,True,2,-0.5054120322150962,0,0,0,0.948683298050514,-0.854323676680299,0.008219850589039,0.3489116444652027,0,0.0,0.0,0,-0.9767398344677564,-0.2022947967052459,0.7744450377625104,155,5.049856007249537,0.9718567728996277,0.9997313618659973,0.02787458896636963,0.028143227100372314,0.9904546080289729
412,13,22,True,3,-0.5086786825561361,0,0,0,0.632455532033676,-0.8602854063927821,0.0057349187492556,0.3516067238366459,0,0.0,0.0,0,-0.9818429659265034,-0.3559548258781433,0.6258881400483601,3313,8.105911197986508,0.9988343119621277,0.4996572732925415,-0.4991770386695862,0.0011656880378723145,
413,13,23,True,1,0.4083898969721746,3,3,0,0.7745966692414834,0.3632878505121919,0.016252933384923,0.0451020464599827,0,0.0,0.0,0,-0.0356352091704606,-0.1926945745944976,0.157059365424037,23,3.1780538303479458,0.9835231900215149,0.9873954653739929,0.0038722753524780273,0.016476809978485107,
414,13,24,True,2,0.4233869933779939,3,3,0,0.948683298050514,0.3782921420620683,0.0180362868012593,0.0450948513159256,0,0.0,0.0,0,-0.0251366813280133,-0.1228926256299018,0.0977559443018885,32,3.4965075614664802,0.8808777928352356,0.969475269317627,0.08859747648239136,0.1191222071647644,0.7437528114287487
415,13,25,True,2,0.4393357218189702,0,0,0,0.948683298050514,0.3766010173728272,0.0252427835150522,0.0627347044461429,0,0.0,0.0,0,-0.0114272784335229,-0.1294246912002563,0.1179974127667334,150,5.017279836814924,0.9367597699165344,0.9995405673980713,0.06278079748153687,0.06324023008346558,0.9927351212776686
416,13,26,True,2,0.5228540863274876,3,3,0,0.632455532033676,0.4951829896190819,0.0225244053215448,0.0276710967084057,0,0.0,0.0,0,0.1000083502903431,0.0976253226399421,0.0023830276504009,925,6.8308742346461795,0.7719183564186096,0.9991081357002258,0.2271897792816162,0.22808164358139038,0.9960897146926428
417,13,27,True,4,0.5404101050941101,1,1,0,0.632455532033676,0.5045370361706445,0.0236515595770761,0.0358730689234656,0,0.0,0.0,0,0.1279223502074773,0.1418478488922119,0.0139254986847345,1216,7.104144092987527,0.955390214920044,0.9930809140205383,0.037690699100494385,0.044609785079956055,0.8448975719775316
418,13,28,True,2,0.5581026532325111,1,1,0,0.948683298050514,0.5566263640657947,0.0047969423961441,0.0014762891667163,0,0.0,0.0,0,0.1671917103005905,0.2518819272518158,0.0846902169512252,3230,8.080546965824498,0.7871381044387817,0.9976192116737366,0.21048110723495483,0.21286189556121826,0.9888153381328002
419,13,29,True,4,0.539758591068592,2,2,0,0.316227766016838,0.536775486164978,0.0046115827389072,0.0029831049036139,0,0.0,0.0,0,0.1424785067481656,0.2117355167865753,0.0692570100384097,3939,8.27893600229198,0.8138251900672913,0.9994640946388245,0.1856389045715332,0.18617480993270874,0.9971214937113714
433,14,13,True,2,-2.345254102759717,3,3,0,0.632455532033676,-0.8710445629492114,0.0028637913753287,-1.4742095398105055,0,0.0,0.0,0,-0.9993248155151248,-0.899170458316803,0.1001543571983218,4,1.6094379124341003,0.6610727310180664,0.47005563974380493,-0.19101709127426147,0.3389272689819336,-0.563593162179121
434,14,14,True,2,-1.115405461572449,3,3,0,0.948683298050514,-0.8676950710777621,0.0016747459357245,-0.2477103904946865,0,0.0,0.0,0,-0.9996548986891332,-0.917904496192932,0.081750402496201,84,4.442651256490317,0.9071024656295776,0.9984034895896912,0.09130102396011353,0.09289753437042236,0.9828142865025581
435,14,15,True,3,-1.081695457081984,1,2,1,0.3999999999999999,-0.8693698170134867,0.0023534104960733,-0.2123256400684972,0,0.0,0.0,0,-0.9996606724716168,-0.9951547384262084,0.0045059340454082,103,4.6443908991413725,0.20893284678459167,0.1699201911687851,-0.03901265561580658,0.7910671532154083,-0.049316490334902575
436,14,16,True,1,-1.4831380862878172,3,3,0,0.7745966692414834,-0.8660203251420378,1.2490984923352586e-17,-0.6171177611457794,0,0.0,0.0,0,-0.9666365343874468,-0.4128601253032684,0.5537764090841784,3,1.3862943611198906,0.9961742758750916,0.5776848793029785,-0.41848939657211304,0.0038257241249084473,
437,14,17,True,2,-1.5115307060664729,2,2,0,0.948683298050514,-0.8660203251420378,1.2490984923352586e-17,-0.6455103809244349,0,0.0,0.0,0,-0.9661194046186508,-0.7314652800559998,0.234654124562651,6,1.9459101490553132,0.44438812136650085,0.6947683691978455,0.2503802478313446,0.5556118786334991,0.4506387596448493
440,14,20,True,1,-3.522866147458109,3,3,0,0.7745966692414834,-0.9966505081285508,0.0023534104960733,-2.526215639329558,0,0.0,0.0,0,-0.944134251161362,-0.1650899946689605,0.7790442564924014,7,2.0794415416798357,0.9747787714004517,0.6880674958229065,-0.28671127557754517,0.02522122859954834,-11.367855235358343
441,14,21,True,1,-2.373563428048768,3,3,0,0.7745966692414834,-0.9983252540642756,0.0016747459357245,-1.3752381739844923,0,0.0,0.0,0,-0.942678847994452,-0.283187985420227,0.6594908625742251,7,2.0794415416798357,0.8909854888916016,0.99798583984375,0.10700035095214844,0.10901451110839844,0.9815239261656898
442,14,22,True,1,-1.070299531858818,3,3,0,0.7745966692414834,-0.9983252540642756,0.0016747459357245,-0.0719742777945424,0,0.0,0.0,0,-0.9354879243665576,-0.1798658072948455,0.7556221170717119,5,1.791759469228055,0.8889759182929993,0.9819245338439941,0.09294861555099487,0.11102408170700073,0.8371932838525239
445,14,25,True,2,0.4882858723226478,3,1,1,0.7378647873726218,-0.1657429399341288,0.0472692203386764,0.6540288122567766,1,0.6540288122567766,0.7514075330620591,1,-0.0108567451902455,-0.1575429737567901,0.1466862285665445,233,5.455321115357702,0.2399992048740387,0.331784725189209,0.09178552031517029,0.7600007951259613,0.12077029511522801
446,14,26,True,2,0.5059323565432745,0,0,0,0.948683298050514,0.4586487265935534,0.0248390923518181,0.0472836299497211,0,0.0,0.0,0,0.0670734135066942,-0.017811007797718,0.0848844213044123,287,5.662960480135946,0.8203353881835938,0.9988440275192261,0.17850863933563232,0.17966461181640625,0.9935659422905431
447,14,27,True,2,0.5577058872567253,1,1,0,0.948683298050514,0.55642595641841,0.004776422578815,0.0012799308383153,0,0.0,0.0,0,0.1426184897267449,0.1114673390984535,0.0311511506282914,1155,7.052721049232323,0.568732738494873,0.7235768437385559,0.15484410524368286,0.43126726150512695,0.3590444234122373
448,14,28,True,3,0.5756129366841979,3,3,0,0.948683298050514,0.5766281633809698,0.00454187540379,-0.0010152266967718,0,0.0,0.0,0,0.1905600022818855,0.2533639073371887,0.0628039050553032,2847,7.954372272531867,0.9412875771522522,0.9981505274772644,0.05686295032501221,0.0587124228477478,0.9684994685446447
449,14,29,True,3,0.5932918980625994,1,1,0,1.0,0.5792598291082747,0.0145901014342451,0.0140320689543247,0,0.0,0.0,0,0.2050184798131367,0.3454929888248443,0.1404745090117076,2734,7.913886714856082,0.9495810866355896,0.9928520321846008,0.04327094554901123,0.0504189133644104,0.8582284436846915
463,15,13,True,1,-2.446174414686764,3,2,1,0.2581988897471611,-0.9062142275994264,0.0069077247053245,-1.5399601870873372,0,0.0,0.0,0,-0.999662424845204,-0.619183361530304,0.3804790633149,4,1.6094379124341003,0.9647733569145203,0.17921224236488342,-0.7855611145496368,0.035226643085479736,-22.300197967868293
464,15,14,True,2,-1.1794557083855377,0,0,0,0.948683298050514,-0.8727193088849358,0.0032852784028697,-0.3067363995006019,0,0.0,0.0,0,-0.9996589770213063,-0.9816361665725708,0.0180228104487355,12,2.5649493574615367,0.791626513004303,0.8520053029060364,0.0603787899017334,0.20837348699569702,0.289762343435661
465,15,15,True,2,-1.0816764979974391,0,0,0,0.948683298050514,-0.8693698170134867,0.0023534104960733,-0.2123066809839524,0,0.0,0.0,0,-0.9996644320543252,-0.9632462859153748,0.0364181461389503,25,3.258096538021482,0.9964740872383118,0.9883086681365967,-0.008165419101715088,0.0035259127616882324,
467,15,17,True,1,-2.768736711282898,0,0,0,0.7745966692414834,-0.8660203251420378,1.2490984923352586e-17,-1.90271638614086,0,0.0,0.0,0,-0.965017061542767,-0.4553488790988922,0.5096681824438748,2,1.0986122886681098,0.9903265833854675,0.9998685121536255,0.009541928768157959,0.00967341661453247,
472,15,22,True,1,-2.396522175867002,3,3,0,0.7745966692414834,-0.8577951257968259,0.006050613984946,-1.538727050070176,0,0.0,0.0,0,-0.4936305580673268,-0.0507062152028083,0.4429243428645184,1,0.6931471805599453,0.9662150144577026,0.9984215497970581,0.03220653533935547,0.03378498554229736,0.9532795359356971
473,15,23,True,1,-2.447616078965521,1,1,0,0.7745966692414834,-0.8631668972496129,0.0028534278924247,-1.584449181715908,0,0.0,0.0,0,-0.4755627192848252,-0.1214473769068718,0.3541153423779534,1,0.6931471805599453,0.8442748188972473,0.9143632650375366,0.0700884461402893,0.15572518110275269,0.4500777950230323
474,15,24,True,1,-0.8917389299185651,3,3,0,0.7745966692414834,-0.2002808255164288,0.0454354410962568,-0.6914581044021362,0,0.0,0.0,0,-0.0373903381067565,-0.1276294589042663,0.0902391207975097,10,2.3978952727983707,0.9654337763786316,0.9970205426216125,0.03158676624298096,0.03456622362136841,0.9138043712549037
475,15,25,True,2,0.4366935813403264,0,0,0,0.948683298050514,-0.1672063868791038,0.0471539379150993,0.6038999682194304,0,0.0,0.0,0,-0.0232564928916214,-0.1702485978603363,0.1469921049687148,187,5.236441962829949,0.9473612308502197,0.9997186064720154,0.052357375621795654,0.05263876914978027,0.9946542532713116
476,15,26,True,2,0.5595021343627412,1,1,0,0.948683298050514,0.5040639945747555,0.02886505978075,0.0554381397879857,0,0.0,0.0,0,0.1761671810213659,0.1168045476078987,0.0593626334134672,79,4.382026634673881,0.7901865243911743,0.9662395715713501,0.17605304718017578,0.20981347560882568,0.8390931357927051
477,15,27,True,3,0.5751835061276966,3,3,0,0.7999999999999999,0.5772175614743261,0.0045216145612125,-0.0020340553466294,0,0.0,0.0,0,0.1753925550386066,0.1902133524417877,0.014820797403181,1070,6.976348070447749,0.950203537940979,0.9974673986434937,0.04726386070251465,0.049796462059020996,0.9491409378942505
478,15,28,True,3,0.5932807161517383,3,3,0,0.7999999999999999,0.5796647134900587,0.0146013871208504,0.0136160026616796,0,0.0,0.0,0,0.189753827844389,0.3344999849796295,0.1447461571352404,1112,7.014814351275545,0.610437273979187,0.7315229773521423,0.12108570337295532,0.389562726020813,0.3108246638732221
479,15,29,True,3,0.6111684727551917,1,1,0,0.3999999999999999,0.6128671674461261,0.0035680432848964,-0.0016986946909344,0,0.0,0.0,0,0.2199125792774175,0.3292406499385834,0.1093280706611658,3211,8.074649075066652,0.9936716556549072,0.9976632595062256,0.003991603851318359,0.0063283443450927734,
494,16,14,True,1,-2.3551037432853628,3,2,1,0.2581988897471611,-0.8676950710777621,0.0016747459357245,-1.4874086722076003,0,0.0,0.0,0,-0.9996251983635916,-0.618724524974823,0.3809006733887686,1,0.6931471805599453,0.9478721618652344,0.3313588798046112,-0.6165132820606232,0.052127838134765625,-11.826948980058544
495,16,15,True,1,-1.1139758699978215,0,0,0,0.7745966692414834,-0.8693698170134867,0.0023534104960733,-0.244606052984335,0,0.0,0.0,0,-0.9996667834675728,-0.6863240599632263,0.3133427235043465,2,1.0986122886681098,0.9935898780822754,0.999398946762085,0.00580906867980957,0.006410121917724609,
503,16,23,True,1,-2.464804989371601,3,3,0,0.7745966692414834,-0.8524233543440388,0.0080216755491544,-1.6123816350275622,0,0.0,0.0,0,-0.4651608705662048,0.0276967510581016,0.4928576216243064,1,0.6931471805599453,0.966865599155426,0.9996870756149292,0.032821476459503174,0.033134400844573975,0.9905559063361774
504,16,24,True,1,-2.4812652517168323,3,3,0,0.7745966692414834,-0.8631668972496129,0.0028534278924247,-1.6180983544672194,0,0.0,0.0,0,-0.4588353019709916,0.0312322005629539,0.4900675025339455,5,1.791759469228055,0.909041166305542,0.9791380763053894,0.07009690999984741,0.09095883369445801,0.770644336044497
505,16,25,True,2,-2.465692338201581,2,1,1,0.7378647873726218,-0.8524233543440388,0.0080216755491544,-1.6132689838575422,0,0.0,0.0,0,-0.4584089889289698,-0.0165231600403785,0.4418858288885913,12,2.5649493574615367,0.14972616732120514,0.02637464553117752,-0.12335152179002762,0.8502738326787949,-0.14507270134540964
506,16,26,True,2,0.5761080938412505,3,3,0,0.632455532033676,0.5160176811340103,0.0309534680070021,0.0600904127072402,0,0.0,0.0,0,0.1925302617037253,0.1985314488410949,0.0060011871373696,80,4.394449154672439,0.9590845704078674,0.9994537234306335,0.04036915302276611,0.04091542959213257,0.9866486414828821
507,16,27,True,2,0.59376802115275,1,1,0,0.948683298050514,0.523384651441454,0.0319457240033752,0.070383369711296,0,0.0,0.0,0,0.2065532588241738,0.2151374518871307,0.0085841930629568,77,4.356708826689592,0.8849983215332031,0.9902557730674744,0.10525745153427124,0.11500167846679688,0.915268828573324
508,16,28,True,2,0.6130518527420695,1,1,0,0.948683298050514,0.5685122458829307,0.0278929739705159,0.0445396068591388,0,0.0,0.0,0,0.2229877206728577,0.2275102734565735,0.0045225527837157,122,4.812184355372417,0.7663761973381042,0.8801264762878418,0.11375027894973755,0.23362380266189575,0.4868950751322152
509,16,29,True,4,0.6297290536201975,1,1,0,0.3999999999999999,0.6166139145736558,0.013860121804888,0.0131151390465417,0,0.0,0.0,0,0.2347132625745875,0.3429657518863678,0.1082524893117803,3116,8.044626279767337,0.9878401160240173,0.9970241189002991,0.009184002876281738,0.012159883975982666,
534,17,24,True,1,-3.67241472141022,3,3,0,0.7745966692414834,-0.8427933106945265,0.0106721124950463,-2.8296214107156934,0,0.0,0.0,0,-0.4070676774139067,0.14948171377182,0.5565493911857268,3,1.3862943611198906,0.9167346358299255,0.9940342307090759,0.07729959487915039,0.08326536417007446,0.9283523305231857
535,17,25,True,2,-2.481693859284565,0,0,0,0.948683298050514,-0.8631668972496129,0.0028534278924247,-1.6185269620349525,0,0.0,0.0,0,-0.4513499434898886,0.1095214411616325,0.5608713846515212,10,2.3978952727983707,0.7616974115371704,0.8435554504394531,0.08185803890228271,0.2383025884628296,0.3435046149951952
536,17,26,True,2,0.5937458790236966,3,1,1,0.7378647873726218,-0.1973112227152532,0.0593603628884928,0.7910571017389498,1,0.7910571017389498,0.9088380422841652,1,0.2430831857745347,0.2561097145080566,0.0130265287335218,6,1.9459101490553132,0.25609996914863586,0.14804092049598694,-0.10805904865264893,0.7439000308513641,-0.14526017498477534
537,17,27,True,3,0.6116492806804453,3,3,0,0.7999999999999999,0.5435862580555819,0.0322542005215984,0.0680630226248634,0,0.0,0.0,0,0.2234919625902191,0.3498855531215668,0.1263935905313476,77,4.356708826689592,0.9309960007667542,0.9916205406188965,0.060624539852142334,0.06900399923324585,0.878565598020204
538,17,28,True,2,0.6302156614296885,1,1,0,0.948683298050514,0.6172273654310694,0.0138662152391359,0.0129882959986191,0,0.0,0.0,0,0.2364150112440227,0.2195391952991485,0.0168758159448741,308,5.733341276897746,0.696262001991272,0.675590991973877,-0.02067101001739502,0.303737998008728,-0.06805539693061725
539,17,29,True,2,0.6484780851619332,1,1,0,0.948683298050514,0.6440848634097833,0.0042653000570687,0.0043932217521498,0,0.0,0.0,0,0.2492177370182569,0.363776296377182,0.114558559358925,3246,8.085486772102845,0.9766638875007629,0.9960893392562866,0.01942545175552368,0.02333611249923706,0.8324202137849125
565,18,25,True,2,0.52766462418978,3,1,1,0.7378647873726218,-0.1909340569079288,0.0599779585062125,0.7185986810977089,1,0.7185986810977089,0.8255912462970916,1,0.3025592752746671,0.279973953962326,0.022585321312341,6,1.9459101490553132,0.2778868079185486,0.3430662453174591,0.06517943739891052,0.7221131920814514,0.09026207818061652
566,18,26,True,2,0.5752577466224589,0,2,1,0.2108185106778919,-0.175932687747863,0.0601224073622882,0.7511904343703218,1,0.7511904343703218,0.8630356041996706,1,0.268376926231427,0.433647096157074,0.1652701699256469,4,1.6094379124341003,0.33794334530830383,0.18691487610340118,-0.15102846920490265,0.6620566546916962,-0.2281201588030755
567,18,27,True,2,0.6301769199910106,3,1,1,0.7378647873726218,-0.195301411700721,0.0596162887158862,0.8254783316917316,1,0.8254783316917316,0.9483842686874556,1,0.2530653343800192,0.2447978556156158,0.0082674787644033,29,3.4011973816621555,0.2768380641937256,0.16833515465259552,-0.10850290954113007,0.7231619358062744,-0.15003957505058255
568,18,28,True,2,0.648489736030274,1,1,0,0.948683298050514,0.6201875389725935,0.0181293436901537,0.0283021970576805,0,0.0,0.0,0,0.2507329035451092,0.24514901638031,0.0055838871647991,227,5.429345628954441,0.9276514053344727,0.9834774136543274,0.055826008319854736,0.07234859466552734,0.7716253311891172
569,18,29,True,4,0.6674797934552996,1,1,0,0.632455532033676,0.666046432809752,0.0039242364571611,0.0014333606455476,0,0.0,0.0,0,0.2642205393716291,0.4361474812030792,0.1719269418314501,3226,8.079308192051961,0.9402552843093872,0.6315121650695801,-0.30874311923980713,0.05974471569061279,-5.167705891155784
595,19,25,True,1,-0.6160426738234676,1,1,0,0.7745966692414834,-0.2020232089763514,0.0593017742921412,-0.414019464847116,0,0.0,0.0,0,0.3359975373228914,0.3097093403339386,0.0262881969889528,18,2.9444389791664403,0.8560406565666199,0.9935140609741211,0.13747340440750122,0.14395934343338013,0.954946036351712
596,19,26,True,2,0.562350711254029,3,2,1,0.7378647873726218,-0.1806477489707662,0.0610704885701781,0.7429984602247952,1,0.7429984602247952,0.8536239223773389,1,0.3011963852285011,0.4448130428791046,0.1436166576506035,19,2.995732273553991,0.31817612051963806,0.4099768400192261,0.09180071949958801,0.6818238794803619,0.13463993013790018
597,19,27,True,2,0.6112600679487692,0,2,1,0.2108185106778919,-0.175932687747863,0.0601224073622882,0.7871927556966322,1,0.7871927556966322,0.9043983315678488,1,0.2727453102364535,0.4342613518238067,0.1615160415873532,32,3.4965075614664802,0.2977941036224365,0.20761480927467346,-0.09017929434776306,0.7022058963775635,-0.12842286687276017
598,19,28,True,3,0.6674800968314085,3,3,0,0.948683298050514,0.6660485614541798,0.0039359315846188,0.0014315353772287,0,0.0,0.0,0,0.2656168364654844,0.3341309428215027,0.0685141063560182,555,6.320768294250582,0.973473846912384,0.9644755125045776,-0.008998334407806396,0.026526153087615967,-0.33922500477490536
599,19,29,True,3,0.6862022506923335,1,1,0,0.3999999999999999,0.6671965708021096,0.0159750581911731,0.0190056798902239,0,0.0,0.0,0,0.2802165931104645,0.4152680933475494,0.1350515002370849,3517,8.165647925297504,0.9211509227752686,0.9570534825325012,0.035902559757232666,0.07884907722473145,0.45533265601707806
625,20,25,True,2,-0.6746093335501729,1,1,0,0.948683298050514,-0.1506585735802729,0.0608961271206975,-0.5239507599699,0,0.0,0.0,0,0.3607757892190764,0.654984176158905,0.2942083869398286,20,3.044522437723423,0.8747491240501404,0.6664524674415588,-0.20829665660858154,0.12525087594985962,-1.6630355279269007
626,20,26,True,2,0.5786899150501696,1,1,0,0.948683298050514,-0.1386376591949167,0.0510102550511229,0.7173275742450863,0,0.0,0.0,0,0.162349206950796,0.166266918182373,0.0039177112315769,13,2.6390573296152584,0.6954489350318909,0.45567813515663147,-0.2397707998752594,0.30455106496810913,-0.7872926003406583
627,20,27,True,2,0.668001561591977,3,3,0,0.632455532033676,0.6668936122184117,0.0039768388710478,0.0011079493735652,0,0.0,0.0,0,0.2550014577007661,0.2484662234783172,0.0065352342224488,14,2.70805020110221,0.7627167701721191,0.9658636450767517,0.20314687490463257,0.23728322982788086,0.8561366728360452
628,20,28,True,3,0.6862161568591566,3,3,0,0.7999999999999999,0.6674094567463422,0.0159797151470385,0.0188067001128143,0,0.0,0.0,0,0.2728198202423597,0.3654125034809112,0.0925926832385515,659,6.492239835020471,0.9360206723213196,0.9916414022445679,0.05562072992324829,0.06397932767868042,0.8693547109871017
629,20,29,True,4,0.7056276141994018,1,1,0,0.3999999999999999,0.7014132116709106,0.0042311583669652,0.0042144025284911,0,0.0,0.0,0,0.2974527198570219,0.4327079951763153,0.1352552753192934,4109,8.32117830749028,0.8657470345497131,0.9265007376670837,0.060753703117370605,0.13425296545028687,0.45253155424613223
654,21,24,True,1,-1.8073430452194463,1,1,0,0.7745966692414834,-0.1609039310121452,0.0618791983129335,-1.6464391142073012,0,0.0,0.0,0,0.4069553408565288,0.1398715376853943,0.2670838031711345,8,2.1972245773362196,0.9244287014007568,0.9545263051986694,0.030097603797912598,0.07557129859924316,0.3982676539346119
655,21,25,True,2,0.6266067673813445,1,1,0,0.948683298050514,-0.1915229651249143,0.0596383756311169,0.8181297325062589,0,0.0,0.0,0,0.4115778144554178,0.3711138367652893,0.0404639776901284,17,2.8903717578961645,0.37013640999794006,0.5572503209114075,0.1871139109134674,0.6298635900020599,0.29707053064117495
656,21,26,True,2,0.6298021788267028,3,3,0,0.948683298050514,-0.0943069663374656,0.051055459754998,0.7241091451641684,0,0.0,0.0,0,0.090531977933205,0.2304363250732422,0.1399043471400371,170,5.14166355650266,0.9836267828941345,0.9955778121948242,0.011951029300689697,0.01637321710586548,
657,21,27,True,3,0.6489810489514487,3,2,1,0.3999999999999999,-0.1069539708765707,0.0532019854380905,0.7559350198280194,1,0.7559350198280194,0.868486613677172,1,0.1006594680803243,0.247772067785263,0.1471125997049387,232,5.4510384535657,0.2712858021259308,0.31565940380096436,0.04437360167503357,0.7287141978740692,0.060893011011021736
658,21,28,True,2,0.667506287854099,0,0,0,0.948683298050514,0.6386267259644565,0.0199374600731538,0.0288795618896425,0,0.0,0.0,0,0.1673471812700191,0.2853786647319793,0.1180314834619602,121,4.804021044733257,0.45658716559410095,0.6289703845977783,0.17238321900367737,0.543412834405899,0.3172233117978158
659,21,29,True,4,0.7253027301786156,1,1,0,0.632455532033676,0.7234659852129284,0.0037159030809651,0.0018367449656871,0,0.0,0.0,0,0.3187075904147622,0.522731602191925,0.2040240117771628,4603,8.434680769841773,0.9232118725776672,0.6348541975021362,-0.288357675075531,0.07678812742233276,-3.7552377529610936
683,22,23,True,1,-48.19762343638037,2,2,0,0.7745966692414834,-0.4380785822408447,0.0459070740024922,-47.75954485413953,0,0.0,0.0,0,0.138534109663883,0.0795163884758949,0.059017721187988,1,0.6931471805599453,0.7399428486824036,0.5019721388816833,-0.23797070980072021,0.26005715131759644,-0.9150708165302364
684,22,24,True,2,-0.5794374254359304,3,3,0,0.948683298050514,-0.190729099927439,0.0596536008691887,-0.3887083255084913,0,0.0,0.0,0,0.4239500719025915,0.2795378565788269,0.1444122153237646,32,3.4965075614664802,0.9455159306526184,0.9854825735092163,0.0399666428565979,0.05448406934738159,0.7335473164050407
685,22,25,True,2,0.7453197611391804,1,2,1,0.7378647873726218,-0.1443394082447547,0.0637298800809859,0.8896591693839352,1,0.8896591693839352,1.0,1,0.4636300885670352,0.4219437837600708,0.0416863048069644,40,3.713572066704308,0.256734162569046,0.42221319675445557,0.16547903418540955,0.743265837430954,0.22263775065644908
686,22,26,True,1,0.8052036514604206,1,1,0,0.7745966692414834,0.7518710873969854,0.0084790837108703,0.0533325640634352,0,0.0,0.0,0,0.6142928189132256,0.2705661952495575,0.3437266236636681,4,1.6094379124341003,0.995071530342102,0.9972611665725708,0.00218963623046875,0.004928469657897949,
687,22,27,True,3,0.784044950517807,1,1,0,1.0,0.78371757124389,0.003173808348283,0.000327379273917,0,0.0,0.0,0,0.3900587382660241,0.5992260575294495,0.2091673192634253,4617,8.43771698991444,0.6976385116577148,0.48115938901901245,-0.2164791226387024,0.30236148834228516,-0.7159612946263827
688,22,28,True,3,0.7642502526050461,2,2,0,1.0,0.7643577868642041,0.0033408154745007,-0.0001075342591579,0,0.0,0.0,0,0.3568815001882006,0.5615650415420532,0.2046835413538526,7004,8.854379458771108,0.654552161693573,0.4536648988723755,-0.2008872628211975,0.345447838306427,-0.581527051395244
689,22,29,True,4,0.7446748147238208,2,2,0,0.632455532033676,0.7245323910442031,0.0204598359254379,0.0201424236796177,0,0.0,0.0,0,0.3365609470067174,0.5353993773460388,0.1988384303393214,6625,8.798756582859841,0.8576622009277344,0.5984600782394409,-0.25920212268829346,0.14233779907226562,-1.8210350615067135
712,23,22,True,1,-1.3048624640569773,3,3,0,0.7745966692414834,0.6988671566831721,0.0207401535868227,-2.0037296207401494,0,0.0,0.0,0,0.3294127879712688,0.2305812835693359,0.0988315044019328,1,0.6931471805599453,0.9275155067443848,0.7169997096061707,-0.2105157971382141,0.07248449325561523,-2.90428735420463
713,23,23,True,2,0.332300272782443,3,3,0,0.632455532033676,0.7401704570098169,0.0131364739406241,-0.4078701842273738,0,0.0,0.0,0,0.425160992342733,0.3477176427841186,0.0774433495586143,36,3.6109179126442243,0.928829550743103,0.601567804813385,-0.327261745929718,0.07117044925689697,-4.5982812999877725
714,23,24,True,3,0.7721515913616014,3,3,0,0.7999999999999999,0.7425507126080786,0.0291727969666568,0.0296008787535227,0,0.0,0.0,0,0.474967312233828,0.4057625830173492,0.0692047292164788,43,3.784189633918261,0.3009481728076935,0.5248098373413086,0.2238616645336151,0.6990518271923065,0.32023614820197244
715,23,25,True,2,0.8033913795662972,3,1,1,0.7378647873726218,0.8053885139366173,0.0033970148080471,-0.00199713437032,0,0.0,0.0,0,0.6343171315506048,0.7180273532867432,0.0837102217361384,101,4.624972813284271,0.07323046028614044,0.12336883693933487,0.05013837665319443,0.9267695397138596,0.054100155976937556
716,23,26,True,3,0.8249164950472119,1,2,1,0.3999999999999999,0.7436723281756125,0.0291937708668493,0.0812441668715994,1,0.0812441668715994,0.0933406569567199,1,0.6320058340608474,0.6895840167999268,0.0575781827390793,129,4.867534450455582,0.2964653968811035,0.2796446979045868,-0.016820698976516724,0.7035346031188965,-0.023908843860625355
717,23,27,True,2,0.8040617326947318,1,1,0,0.632455532033676,0.8055853734914402,0.0031946743193581,-0.0015236407967084,0,0.0,0.0,0,0.4266555593052947,0.6095518469810486,0.1828962876757538,3609,8.191463051326927,0.969407320022583,0.6757890582084656,-0.29361826181411743,0.030592679977416992,-9.597663951993141
718,23,28,True,3,0.7840449507908163,2,2,0,1.0,0.7834982359811484,0.0032072566605543,0.0005467148096678,0,0.0,0.0,0,0.1706425744538435,0.6510564684867859,0.4804138940329423,725,6.587550014824796,0.5902509689331055,0.39286893606185913,-0.19738203287124634,0.40974903106689453,-0.48171445911002597
719,23,29,True,4,0.7642502630897012,2,2,0,0.316227766016838,0.745634623099183,0.0206590415604298,0.0186156399905181,0,0.0,0.0,0,-0.1682184771377034,0.2517016530036926,0.419920130141396,1490,7.307202314764738,0.32980528473854065,0.44719061255455017,0.11738532781600952,0.6701947152614594,0.17515107944444866
742,24,22,True,1,-13.30792294432684,3,3,0,0.7745966692414834,0.1803340177710442,0.044734245218148,-13.488256962097884,0,0.0,0.0,0,0.0810365451949245,-0.4909948110580444,0.572031356252969,27,3.332204510175204,0.9900015592575073,0.9984216690063477,0.008420109748840332,0.009998440742492676,
743,24,23,True,1,-13.766732637288836,2,2,0,0.7745966692414834,0.1919467877214384,0.0447464159311458,-13.958679425010274,0,0.0,0.0,0,0.0861489702449551,-0.2048993110656738,0.291048281310629,27,3.332204510175204,0.9476472735404968,0.7438502311706543,-0.20379704236984253,0.052352726459503174,-3.892768460253685
744,24,24,True,2,0.8052036514604204,3,3,0,0.632455532033676,0.8065235591166158,0.0034015786800283,-0.0013199076561953,0,0.0,0.0,0,0.6390649694491789,0.0804876908659935,0.5585772785831854,32,3.4965075614664802,0.720787525177002,0.999768078327179,0.278980553150177,0.27921247482299805,0.9991693720956842
745,24,25,True,3,0.8249164950472118,3,3,0,0.3999999999999999,0.8254335263850102,0.0032616245920051,-0.0005170313377984,0,0.0,0.0,0,0.6636396690394989,0.6249844431877136,0.0386552258517852,246,5.5093883366279774,0.948931097984314,0.9932188391685486,0.04428774118423462,0.051068902015686035,0.8672154566908732
746,24,26,True,3,0.8459591425354978,1,1,0,0.7999999999999999,0.8474991640318172,0.0026624314730431,-0.0015400214963194,0,0.0,0.0,0,0.6854277451020211,0.6908199787139893,0.0053922336119681,4556,8.424419791263883,0.9324490427970886,0.992388904094696,0.05993986129760742,0.06755095720291138,0.887328082081183
747,24,27,True,4,0.8248440947345331,2,2,0,0.1999999999999999,0.8254175848192901,0.0031494200962983,-0.0005734900847569,0,0.0,0.0,0,0.4587127483882222,0.6338568925857544,0.1751441441975322,4331,8.37378460812088,0.7061212062835693,0.8960405588150024,0.1899193525314331,0.29387879371643066,0.6462506196166368
748,24,28,True,3,0.725317417820695,3,1,1,0.3999999999999999,-0.8591659195399112,0.0068544056021265,1.5844833373606062,1,1.5844833373606062,1.0,1,-0.3838511921821352,-0.0530651062726974,0.3307860859094377,10686,9.276783328524896,0.2947618365287781,0.36331695318222046,0.06855511665344238,0.7052381634712219,0.09720846120409911
749,24,29,True,4,0.7446752072755982,0,2,1,-0.632455532033676,-0.8591659195399112,0.0068544056021265,1.6038411268155093,1,1.6038411268155093,1.0,1,-0.3295442681011119,0.2100645005702972,0.5396087686714092,4305,8.367764677924308,0.2726009786128998,0.18739549815654755,-0.08520548045635223,0.7273990213871002,-0.11713719423745059
776,25,26,True,4,0.8678251539022451,1,1,0,0.316227766016838,0.8668758100734546,0.0027811599739601,0.0009493438287905,0,0.0,0.0,0,0.729353633217853,0.7130699753761292,0.0162836578417238,5476,8.608312784783722,0.7226519584655762,0.9031702280044556,0.1805182695388794,0.27734804153442383,0.6508727032654162
777,25,27,True,4,0.801680433485928,0,0,0,0.316227766016838,0.7851004747963304,0.0211388572188022,0.0165799586895976,0,0.0,0.0,0,-0.0210410775023639,0.1826804876327514,0.2037215651351153,1448,7.278628942320682,0.4477923512458801,0.6917316913604736,0.2439393401145935,0.5522076487541199,0.44175291788327214
778,25,28,True,4,0.7061771545834997,0,0,0,0.316227766016838,-0.8591659195399112,0.0068544056021265,1.565343074123411,0,0.0,0.0,0,-0.3983188955320804,-0.0813745930790901,0.3169443024529902,11849,9.380083146563278,0.6551186442375183,0.7889933586120605,0.13387471437454224,0.3448813557624817,0.388176142715993
779,25,29,True,1,0.932024041932534,1,1,0,0.7745966692414834,0.93238194470255,0.001637940605249,-0.000357902770016,0,0.0,0.0,0,0.8539624492872334,0.9400618672370912,0.0860994179498576,5,1.791759469228055,0.9900374412536621,0.9931632280349731,0.003125786781311035,0.00996255874633789,
806,26,26,True,4,0.8888127982597109,1,1,0,0.316227766016838,0.8883297642693861,0.0027212817162509,0.0004830339903247,0,0.0,0.0,0,0.772213961035002,0.7689467072486877,0.0032672537863142,4046,8.305731144875866,0.6803557872772217,0.7971339225769043,0.11677813529968262,0.3196442127227783,0.36533786832850373
807,26,27,True,3,0.6725766575848822,3,3,0,0.316227766016838,-0.8591659195399112,0.0068544056021265,1.5317425771247932,0,0.0,0.0,0,-0.4030068685059929,-0.2653336524963379,0.137673216009655,5239,8.564076777315087,0.9875320792198181,0.99970942735672,0.012177348136901855,0.012467920780181885,
808,26,28,True,3,0.6873519217096957,0,0,0,0.3999999999999999,-0.8591659195399112,0.0068544056021265,1.546517841249607,0,0.0,0.0,0,-0.4068821123230685,-0.2263089418411255,0.180573170481943,8938,9.098179005087852,0.5201289057731628,0.6716486215591431,0.15151971578598022,0.47987109422683716,0.31575087061684154
809,26,29,True,3,0.9531217655681608,1,1,0,1.0,0.9541108849476748,0.001674153006877,-0.0009891193795139,0,0.0,0.0,0,0.874405884389387,1.056530475616455,0.182124591227068,251,5.529429087511423,0.9810352921485901,0.9974740147590637,0.016438722610473633,0.018964707851409912,
836,27,26,True,3,0.9100058882738462,3,3,0,0.948683298050514,0.9118836049943952,0.0019733308285502,-0.001877716720549,0,0.0,0.0,0,0.8199388299189645,0.7712165713310242,0.0487222585879403,3393,8.129764445794171,0.9855750799179077,0.9996273517608643,0.014052271842956543,0.014424920082092285,
837,27,27,True,3,0.9314359596476798,3,3,0,0.7999999999999999,0.9333641795906976,0.0017868835380892,-0.0019282199430179,0,0.0,0.0,0,0.8414069113102127,0.7726691961288452,0.0687377151813675,4348,8.37770121259764,0.8543404340744019,0.9967970252037048,0.14245659112930298,0.14565956592559814,0.9780105427615291
838,27,28,True,3,0.9531064525365458,3,3,0,0.7999999999999999,0.9541157854476748,0.0017440988124447,-0.0010093329111289,0,0.0,0.0,0,0.8688289741752693,0.8744597434997559,0.0056307693244865,7900,8.974744612722734,0.8814225792884827,0.9801661372184753,0.09874355792999268,0.11857742071151733,0.8327349113978644
839,27,29,True,4,0.975020085323185,1,1,0,0.1999999999999999,0.9762974000000002,0.0011150304158875,-0.0012773146768152,0,0.0,0.0,0,0.8960410412538379,0.8601918816566467,0.0358491595971911,6977,8.85051762174672,0.3785606920719147,0.5278400778770447,0.14927938580513,0.6214393079280853,0.24021555106135165
869,28,29,True,4,0.9977714330476052,1,1,0,0.632455532033676,0.99875,0.0005446808379132,-0.0009785669523947,0,0.0,0.0,0,0.9931496771071442,0.9827681183815002,0.0103815587256439,2733,7.913521017283895,0.9609820246696472,0.9941923022270203,0.03321027755737305,0.03901797533035278,0.8511532768215725
