state,row,col,covered,n_actions_covered,pi_d_star_V,pi_d_star_action,best_config_action,argmax_disagree,rank_correlation,ppo_discounted_return,ppo_discounted_return_stderr,value_gap,is_disagreement,severity_raw,severity,statistically_significant,true_value_pi_beta,critic_pred_pi_beta,critic_abs_error,n_pi_d_star_action,n_best_config_action,pair_min_samples,pi_d_star_action_cross,pi_d_star_V_cross,argmax_disagree_cross,rank_correlation_cross,value_gap_cross,is_disagreement_cross,severity_raw_cross,statistically_significant_cross,is_disagreement_strict,severity_raw_strict,severity_strict
0,0,0,True,2,-1.0108733140913695,3,3,0,0.632455532033676,-2.598060975426111,2.037621039635e-16,1.5871876613347413,0,0.0,0.0,0,-2.941119432899005,-3.014535665512085,0.07341623261307983,961,961,961,3,-1.1640552873581527,0,0.632455532033676,1.4340056880679581,0,0.0,0,0,0.0,0.0
1,0,1,True,4,-0.9891048893624783,3,3,0,0.19999999999999998,-2.598060975426111,2.037621039635e-16,1.6089560860636325,0,0.0,0.0,0,-2.940471282830884,-2.967349052429199,0.026877769598315115,1040,1040,1040,3,-1.1440067510475675,0,0.316227766016838,1.4540542243785433,0,0.0,0,0,0.0,0.0
2,0,2,True,4,-0.9664255754044785,3,3,0,0.39999999999999997,-2.598060975426111,2.037621039635e-16,1.6316354000216324,0,0.0,0.0,0,-2.9395307073398156,-2.9302492141723633,0.009281493167452304,1235,1235,1235,3,-1.1231974321688218,0,0.316227766016838,1.474863543257289,0,0.0,0,0,0.0,0.0
3,0,3,True,4,-0.9436559642954541,1,3,1,0.0,-2.598060975426111,2.037621039635e-16,1.6544050111306567,1,1.6544050111306567,0.7033745671017578,1,-2.9384178189861943,-2.85587739944458,0.08254041954161417,3378,3,3,1,-1.1021403136096508,1,0.316227766016838,1.49592066181646,1,1.49592066181646,1,1,1.49592066181646,0.6776248257539891
4,0,4,False,0,-50.0,0,3,1,,-2.598060975426111,2.037621039635e-16,-47.40193902457389,0,0.0,0.0,0,-2.9999592935451904,-3.136704683303833,0.1367453897586426,0,0,0,0,-50.0,1,,-47.40193902457389,0,0.0,0,0,0.0,0.0
5,0,5,False,0,-50.0,0,3,1,,-2.598060975426111,2.037621039635e-16,-47.40193902457389,0,0.0,0.0,0,-2.9999589261507396,-3.0722248554229736,0.07226592927223408,0,0,0,0,-50.0,1,,-47.40193902457389,0,0.0,0,0,0.0,0.0
6,0,6,False,0,-50.0,0,3,1,,-2.598060975426111,2.037621039635e-16,-47.40193902457389,0,0.0,0.0,0,-2.999957247225436,-2.990739107131958,0.009218140093477878,0,0,0,0,-50.0,1,,-47.40193902457389,0,0.0,0,0,0.0,0.0
7,0,7,False,0,-50.0,0,3,1,,-2.598060975426111,2.037621039635e-16,-47.40193902457389,0,0.0,0.0,0,-2.9999507813293294,-2.872119188308716,0.12783159302061353,0,0,0,0,-50.0,1,,-47.40193902457389,0,0.0,0,0,0.0,0.0
8,0,8,False,0,-50.0,0,3,1,,-2.598060975426111,2.037621039635e-16,-47.40193902457389,0,0.0,0.0,0,-2.999926859333659,-2.7554876804351807,0.24443917889847855,0,0,0,0,-50.0,1,,-47.40193902457389,0,0.0,0,0,0.0,0.0
9,0,9,False,0,-50.0,0,2,1,,-2.598060975426111,2.037621039635e-16,-47.40193902457389,0,0.0,0.0,0,-2.999927856889136,-2.734421730041504,0.2655061268476322,0,0,0,0,-50.0,1,,-47.40193902457389,0,0.0,0,0,0.0,0.0
10,0,10,False,0,-50.0,0,3,1,,-2.598060975426111,2.037621039635e-16,-47.40193902457389,0,0.0,0.0,0,-2.9994495717889267,-2.2975127696990967,0.70193680208983,0,0,0,0,-50.0,1,,-47.40193902457389,0,0.0,0,0,0.0,0.0
11,0,11,False,0,-50.0,0,2,1,,-2.598060975426111,2.037621039635e-16,-47.40193902457389,0,0.0,0.0,0,-2.999281237427351,-2.1336140632629395,0.8656671741644115,0,0,0,0,-50.0,1,,-47.40193902457389,0,0.0,0,0,0.0,0.0
12,0,12,False,0,-50.0,0,3,1,,-2.598060975426111,2.037621039635e-16,-47.40193902457389,0,0.0,0.0,0,-2.9972998426165707,-2.036358594894409,0.9609412477221615,0,0,0,0,-50.0,1,,-47.40193902457389,0,0.0,0,0,0.0,0.0
13,0,13,False,0,-50.0,0,3,1,,-2.598060975426111,2.037621039635e-16,-47.40193902457389,0,0.0,0.0,0,-2.9973118848628886,-1.9859163761138916,1.011395508748997,0,0,0,0,-50.0,1,,-47.40193902457389,0,0.0,0,0,0.0,0.0
14,0,14,False,0,-50.0,0,2,1,,-2.598060975426111,2.037621039635e-16,-47.40193902457389,0,0.0,0.0,0,-2.997342769142538,-1.7787212133407593,1.2186215558017786,0,0,0,0,-50.0,1,,-47.40193902457389,0,0.0,0,0,0.0,0.0
15,0,15,False,0,-50.0,0,2,1,,-2.598060975426111,2.037621039635e-16,-47.40193902457389,0,0.0,0.0,0,-2.997372074421507,-1.877469539642334,1.1199025347791731,0,0,0,0,-50.0,1,,-47.40193902457389,0,0.0,0,0,0.0,0.0
16,0,16,False,0,-50.0,0,1,1,,-2.598060975426111,2.037621039635e-16,-47.40193902457389,0,0.0,0.0,0,-2.9973175303735915,-1.3673443794250488,1.6299731509485427,0,0,0,0,-50.0,1,,-47.40193902457389,0,0.0,0,0,0.0,0.0
17,0,17,False,0,-50.0,0,2,1,,-2.598060975426111,2.037621039635e-16,-47.40193902457389,0,0.0,0.0,0,-2.9945524265195655,-1.2299065589904785,1.764645867529087,0,0,0,0,-50.0,1,,-47.40193902457389,0,0.0,0,0,0.0,0.0
18,0,18,False,0,-50.0,0,2,1,,-2.598060975426111,2.037621039635e-16,-47.40193902457389,0,0.0,0.0,0,-2.9369512043647434,-1.2370057106018066,1.6999454937629368,0,0,0,0,-50.0,1,,-47.40193902457389,0,0.0,0,0,0.0,0.0
19,0,19,False,0,-50.0,0,2,1,,-2.5321520911906767,0.06590888423543446,-47.467847908809325,0,0.0,0.0,0,-1.6022247840329251,-1.5019901990890503,0.10023458494387483,0,0,0,0,-50.0,1,,-47.467847908809325,0,0.0,0,0,0.0,0.0
20,0,20,False,0,-50.0,0,2,1,,-2.5321520911906767,0.06590888423543446,-47.467847908809325,0,0.0,0.0,0,-1.5914931640794638,-1.5694695711135864,0.022023592965877414,0,0,0,0,-50.0,1,,-47.467847908809325,0,0.0,0,0,0.0,0.0
21,0,21,False,0,-50.0,0,1,1,,-1.3016069039863667,0.010301919503853164,-48.69839309601363,0,0.0,0.0,0,-1.6127358916268382,-1.661329984664917,0.04859409303807882,0,0,0,0,-50.0,1,,-48.69839309601363,0,0.0,0,0,0.0,0.0
22,0,22,False,0,-50.0,0,2,1,,-1.387278766031152,0.04663649915938812,-48.61272123396885,0,0.0,0.0,0,-1.7275176648790904,-1.7452421188354492,0.0177244539563588,0,0,0,0,-50.0,1,,-48.61272123396885,0,0.0,0,0,0.0,0.0
23,0,23,False,0,-50.0,0,1,1,,-2.5425107040495534,0.032179268720849794,-47.457489295950445,0,0.0,0.0,0,-2.116717358686661,-1.8870494365692139,0.22966792211744735,0,0,0,0,-50.0,1,,-47.457489295950445,0,0.0,0,0,0.0,0.0
24,0,24,False,0,-50.0,0,2,1,,-2.5425107040495534,0.032179268720849794,-47.457489295950445,0,0.0,0.0,0,-2.1272153491239405,-1.66904878616333,0.4581665629606104,0,0,0,0,-50.0,1,,-47.457489295950445,0,0.0,0,0,0.0,0.0
25,0,25,False,0,-50.0,0,2,1,,-2.5862899697696817,0.013644864889005522,-47.41371003023032,0,0.0,0.0,0,-2.158959428074532,-1.7983129024505615,0.3606465256239706,0,0,0,0,-50.0,1,,-47.41371003023032,0,0.0,0,0,0.0,0.0
26,0,26,False,0,-50.0,0,1,1,,-2.598060975426111,2.037621039635e-16,-47.40193902457389,0,0.0,0.0,0,-2.947884621083829,-2.222769021987915,0.7251155990959139,0,0,0,0,-50.0,1,,-47.40193902457389,0,0.0,0,0,0.0,0.0
27,0,27,False,0,-50.0,0,1,1,,-2.598060975426111,2.037621039635e-16,-47.40193902457389,0,0.0,0.0,0,-2.9817828797424557,-2.3397653102874756,0.6420175694549801,0,0,0,0,-50.0,1,,-47.40193902457389,0,0.0,0,0,0.0,0.0
28,0,28,False,0,-50.0,0,2,1,,-2.603638236033227,0.005577260607115985,-47.39636176396677,0,0.0,0.0,0,-2.981985249102091,-2.2035629749298096,0.7784222741722813,0,0,0,0,-50.0,1,,-47.39636176396677,0,0.0,0,0,0.0,0.0
29,0,29,False,0,-50.0,0,2,1,,-2.598060975426111,2.037621039635e-16,-47.40193902457389,0,0.0,0.0,0,-2.98218043372216,-2.456254243850708,0.525926189871452,0,0,0,0,-50.0,1,,-47.40193902457389,0,0.0,0,0,0.0,0.0
30,1,0,True,1,-2.9999989435144254,3,3,0,0.7745966692414834,-2.598060975426111,2.037621039635e-16,-0.4019379680883146,0,0.0,0.0,0,-3.0000090015486665,-3.130660057067871,0.13065105551920464,1,1,1,3,-4.255455946689682,0,0.7745966692414834,-1.657394971263571,0,0.0,0,0,0.0,0.0
31,1,1,True,2,-2.9999989435144254,3,3,0,0.9486832980505139,-2.598060975426111,2.037621039635e-16,-0.4019379680883146,0,0.0,0.0,0,-3.0000091827760147,-3.0883820056915283,0.08837282291551363,3,3,3,1,-3.0328265213820993,1,0.7378647873726218,-0.4347655459559885,0,0.0,0,0,0.0,0.0
32,1,2,True,2,-2.999998943514425,1,3,1,-0.10540925533894598,-2.598060975426111,2.037621039635e-16,-0.40193796808831417,0,0.0,0.0,0,-3.0000089748515593,-3.0689897537231445,0.06898077887158527,24,0,0,1,-3.0010017993406817,1,-0.10540925533894598,-0.40294082391457087,0,0.0,0,0,0.0,0.0
33,1,3,True,4,-0.9205399078954664,1,1,0,0.39999999999999997,-2.598060975426111,2.037621039635e-16,1.6775210675306444,0,0.0,0.0,0,-2.937481770367163,-2.881727695465088,0.05575407490207507,1784,1784,1784,1,-1.0808465537972096,0,0.316227766016838,1.5172144216289012,0,0.0,0,0,0.0,0.0
34,1,4,True,2,-0.844441249078721,1,3,1,0.7378647873726218,-2.598060975426111,2.037621039635e-16,1.7536197263473898,1,1.7536197263473898,0.7455559597451475,1,-2.99040017318862,-2.756469488143921,0.23393068504469916,68,115,68,1,-1.0152173268458013,1,0.7378647873726218,1.5828436485803095,1,1.5828436485803095,1,1,1.5828436485803095,0.7169993562777853
35,1,5,True,4,-0.8691580833214572,2,3,1,-0.19999999999999998,-2.598060975426111,2.037621039635e-16,1.7289028921046536,1,1.7289028921046536,0.7350475337740916,1,-2.9920950571853195,-2.753676652908325,0.23841840427699434,168,365,168,2,-1.0372373374606614,1,-0.316227766016838,1.5608236379654494,1,1.5608236379654494,1,1,1.5608236379654494,0.7070246923555176
36,1,6,True,4,-0.8929603865134261,2,3,1,-0.39999999999999997,-2.598060975426111,2.037621039635e-16,1.7051005889126847,1,1.7051005889126847,0.7249279230433225,1,-2.9927945811818493,-2.7452800273895264,0.2475145537923229,427,592,427,2,-1.0589423110026652,1,-0.316227766016838,1.5391186644234456,1,1.5391186644234456,1,1,1.5391186644234456,0.6971927344918326
37,1,7,True,3,-0.9097882559242538,1,1,0,0.7999999999999999,-2.598060975426111,2.037621039635e-16,1.688272719501857,0,0.0,0.0,0,-2.9932571266511565,-2.8034915924072266,0.18976553424392995,2039,2039,2039,1,-1.0777605991285863,0,0.7999999999999999,1.5203003762975245,0,0.0,0,0,0.0,0.0
38,1,8,False,0,-50.0,0,0,0,,-2.598060975426111,2.037621039635e-16,-47.40193902457389,0,0.0,0.0,0,-2.999924386454354,-2.79360032081604,0.20632406563831385,0,0,0,0,-50.0,0,,-47.40193902457389,0,0.0,0,0,0.0,0.0
39,1,9,False,0,-50.0,0,3,1,,-2.598060975426111,2.037621039635e-16,-47.40193902457389,0,0.0,0.0,0,-2.999866088983755,-2.6059393882751465,0.39392670070860847,0,0,0,0,-50.0,1,,-47.40193902457389,0,0.0,0,0,0.0,0.0
40,1,10,False,0,-50.0,0,3,1,,-2.598060975426111,2.037621039635e-16,-47.40193902457389,0,0.0,0.0,0,-2.999577255034962,-2.4229416847229004,0.5766355703120616,0,0,0,0,-50.0,1,,-47.40193902457389,0,0.0,0,0,0.0,0.0
41,1,11,True,2,-0.9082178213660944,1,3,1,0.7378647873726218,-2.598060975426111,2.037621039635e-16,1.6898431540600165,1,1.6898431540600165,0.718441185175402,1,-2.994787836993102,-2.2260630130767822,0.7687248239163198,9,2,2,1,-3.627217982595484,1,0.7378647873726218,-1.0291570071693732,0,0.0,0,0,0.0,0.0
42,1,12,False,0,-50.0,0,3,1,,-2.598060975426111,2.037621039635e-16,-47.40193902457389,0,0.0,0.0,0,-2.997179035756359,-2.184748411178589,0.8124306245777699,0,0,0,0,-50.0,1,,-47.40193902457389,0,0.0,0,0,0.0,0.0
43,1,13,False,0,-50.0,0,0,0,,-2.598060975426111,2.037621039635e-16,-47.40193902457389,0,0.0,0.0,0,-2.9972754585158796,-2.1195123195648193,0.8777631389510603,0,0,0,0,-50.0,0,,-47.40193902457389,0,0.0,0,0,0.0,0.0
44,1,14,False,0,-50.0,0,3,1,,-2.598060975426111,2.037621039635e-16,-47.40193902457389,0,0.0,0.0,0,-2.9974419594404274,-1.7011489868164062,1.296292972624021,0,0,0,0,-50.0,1,,-47.40193902457389,0,0.0,0,0,0.0,0.0
45,1,15,False,0,-50.0,0,2,1,,-2.598060975426111,2.037621039635e-16,-47.40193902457389,0,0.0,0.0,0,-2.997532067335084,-1.7603281736373901,1.2372038936976937,0,0,0,0,-50.0,1,,-47.40193902457389,0,0.0,0,0,0.0,0.0
46,1,16,False,0,-50.0,0,3,1,,-2.598060975426111,2.037621039635e-16,-47.40193902457389,0,0.0,0.0,0,-2.9977368397756803,-1.4616559743881226,1.5360808653875577,0,0,0,0,-50.0,1,,-47.40193902457389,0,0.0,0,0,0.0,0.0
47,1,17,False,0,-50.0,0,2,1,,-2.598060975426111,2.037621039635e-16,-47.40193902457389,0,0.0,0.0,0,-2.9977628985686717,-1.3670756816864014,1.6306872168822704,0,0,0,0,-50.0,1,,-47.40193902457389,0,0.0,0,0,0.0,0.0
48,1,18,False,0,-50.0,0,2,1,,-2.598060975426111,2.037621039635e-16,-47.40193902457389,0,0.0,0.0,0,-2.9977872359583055,-1.5362272262573242,1.4615600097009813,0,0,0,0,-50.0,1,,-47.40193902457389,0,0.0,0,0,0.0,0.0
49,1,19,False,0,-50.0,0,1,1,,-1.2409463091442121,0.009341345862305294,-48.75905369085579,0,0.0,0.0,0,-1.536307489559846,-1.3812589645385742,0.15504852502127187,0,0,0,0,-50.0,1,,-48.75905369085579,0,0.0,0,0,0.0,0.0
50,1,20,False,0,-50.0,0,2,1,,-1.2645921807407199,0.009811308427308445,-48.73540781925928,0,0.0,0.0,0,-1.556684715525908,-1.3922202587127686,0.16446445681313948,0,0,0,0,-50.0,1,,-48.73540781925928,0,0.0,0,0,0.0,0.0
51,1,21,False,0,-50.0,0,2,1,,-1.2769396992807,0.007906031104416483,-48.7230603007193,0,0.0,0.0,0,-1.5882362682543376,-1.6988446712493896,0.11060840299505204,0,0,0,0,-50.0,1,,-48.7230603007193,0,0.0,0,0,0.0,0.0
52,1,22,False,0,-50.0,0,2,1,,-2.070911102391863,0.08303167932809556,-47.92908889760814,0,0.0,0.0,0,-1.852401915961498,-1.841813087463379,0.01058882849811904,0,0,0,0,-50.0,1,,-47.92908889760814,0,0.0,0,0,0.0,0.0
53,1,23,False,0,-50.0,0,2,1,,-2.5425107040495534,0.032179268720849794,-47.457489295950445,0,0.0,0.0,0,-2.106161619704718,-1.8678994178771973,0.23826220182752067,0,0,0,0,-50.0,1,,-47.457489295950445,0,0.0,0,0,0.0,0.0
54,1,24,False,0,-50.0,0,1,1,,-2.558861282014656,0.039199693411455586,-47.441138717985346,0,0.0,0.0,0,-2.982997074985227,-2.2583529949188232,0.7246440800664038,0,0,0,0,-50.0,1,,-47.441138717985346,0,0.0,0,0,0.0,0.0
55,1,25,False,0,-50.0,0,1,1,,-2.598060975426111,2.037621039635e-16,-47.40193902457389,0,0.0,0.0,0,-2.9838632948027657,-2.1632206439971924,0.8206426508055733,0,0,0,0,-50.0,1,,-47.40193902457389,0,0.0,0,0,0.0,0.0
56,1,26,False,0,-50.0,0,1,1,,-2.598060975426111,2.037621039635e-16,-47.40193902457389,0,0.0,0.0,0,-2.9833446602039846,-2.1164052486419678,0.8669394115620168,0,0,0,0,-50.0,1,,-47.40193902457389,0,0.0,0,0,0.0,0.0
57,1,27,False,0,-50.0,0,2,1,,-2.598060975426111,2.037621039635e-16,-47.40193902457389,0,0.0,0.0,0,-2.9833549110458324,-2.1548562049865723,0.8284987060592601,0,0,0,0,-50.0,1,,-47.40193902457389,0,0.0,0,0,0.0,0.0
58,1,28,False,0,-50.0,0,1,1,,-1.337610647428377,0.06685317827838243,-48.66238935257162,0,0.0,0.0,0,-2.6552664560729036,-3.2076666355133057,0.5524001794404021,0,0,0,0,-50.0,1,,-48.66238935257162,0,0.0,0,0,0.0,0.0
59,1,29,False,0,-50.0,0,1,1,,-1.3835415718217807,0.09312089683736607,-48.61645842817822,0,0.0,0.0,0,-2.027427301483758,-3.3994269371032715,1.3719996356195137,0,0,0,0,-50.0,1,,-48.61645842817822,0,0.0,0,0,0.0,0.0
60,2,0,False,0,-50.0,0,0,0,,-2.598060975426111,2.037621039635e-16,-47.40193902457389,0,0.0,0.0,0,-3.000008477066501,-3.145261526107788,0.14525304904128689,0,0,0,0,-50.0,0,,-47.40193902457389,0,0.0,0,0,0.0,0.0
61,2,1,True,1,-2.9999989435144254,3,3,0,0.7745966692414834,-2.598060975426111,2.037621039635e-16,-0.4019379680883146,0,0.0,0.0,0,-3.0000092180969493,-3.090958833694458,0.09094961559750869,15,15,15,3,-3.0010010872519226,0,0.7745966692414834,-0.4029401118258118,0,0.0,0,0,0.0,0.0
62,2,2,True,3,-2.999998943514425,0,0,0,0.9486832980505139,-2.598060975426111,2.037621039635e-16,-0.40193796808831417,0,0.0,0.0,0,-3.000009226500773,-3.0438239574432373,0.04381473094246413,24,24,24,1,-3.0001526221821084,1,0.19999999999999998,-0.4020916467559976,0,0.0,0,0,0.0,0.0
63,2,3,True,4,-0.8974787864567646,1,1,0,0.19999999999999998,-2.598060975426111,2.037621039635e-16,1.7005821889693462,0,0.0,0.0,0,-2.9343281603760976,-2.8856201171875,0.04870804318859756,717,717,717,1,-1.0593138701855407,0,0.316227766016838,1.5387471052405701,0,0.0,0,0,0.0,0.0
64,2,4,True,2,-0.8209024885996296,3,3,0,0.9486832980505139,-2.598060975426111,2.037621039635e-16,1.7771584868264814,0,0.0,0.0,0,-2.9857756957865407,-2.74794864654541,0.23782704924113052,354,354,354,3,-0.9929483429590857,0,0.9486832980505139,1.605112632467025,0,0.0,0,0,0.0,0.0
65,2,5,True,3,-0.7950151191147465,1,3,1,0.7999999999999999,-2.598060975426111,2.037621039635e-16,1.8030458563113643,1,1.8030458563113643,0.7665696066653576,1,-2.989546177776133,-2.7269413471221924,0.2626048306539408,935,392,392,1,-0.9698346722125121,1,0.7999999999999999,1.6282263032135988,1,1.6282263032135988,1,1,1.6282263032135988,0.7375568726107667
66,2,6,True,2,-0.8181587662548174,2,2,0,0.9486832980505139,-2.598060975426111,2.037621039635e-16,1.7799022091712935,0,0.0,0.0,0,-2.989666606871475,-2.7255213260650635,0.26414528080641153,398,398,398,2,-0.991764624443541,0,0.9486832980505139,1.6062963509825698,0,0.0,0,0,0.0,0.0
67,2,7,True,4,-0.8873069133936018,3,3,0,0.316227766016838,-2.598060975426111,2.037621039635e-16,1.710754062032509,0,0.0,0.0,0,-2.9933061400194734,-2.785172939300537,0.20813320071893626,187,187,187,3,-1.0572783262619767,0,0.316227766016838,1.540782649164134,0,0.0,0,0,0.0,0.0
68,2,8,True,4,-0.8634519768650171,3,3,0,0.39999999999999997,-2.598060975426111,2.037621039635e-16,1.7346089985610937,0,0.0,0.0,0,-2.9930333332015393,-2.63729190826416,0.35574142493737915,212,212,212,3,-1.0355102094278745,0,0.316227766016838,1.5625507659982363,0,0.0,0,0,0.0,0.0
69,2,9,True,3,-0.8393775733285986,1,3,1,-0.39999999999999997,-2.598060975426111,2.037621039635e-16,1.7586834020975122,1,1.7586834020975122,0.7477087945798606,1,-2.992370099475787,-2.631530523300171,0.360839576175616,960,0,0,1,-1.013469631980574,1,-0.39999999999999997,1.5845913434455368,1,1.5845913434455368,1,1,1.5845913434455368,0.7177910302339983
70,2,10,True,3,-0.9107050771468062,3,3,0,0.9486832980505139,-2.598060975426111,2.037621039635e-16,1.6873558982793047,0,0.0,0.0,0,-2.994187468849553,-2.4216790199279785,0.5725084489215746,47,47,47,3,-1.1476579395368571,0,0.9486832980505139,1.4504030358892537,0,0.0,0,0,0.0,0.0
71,2,11,True,3,-0.8870887091279259,1,0,1,0.39999999999999997,-2.598060975426111,2.037621039635e-16,1.7109722662981848,1,1.7109722662981848,0.7274242818619922,1,-2.994117157276494,-2.424781084060669,0.5693360732158252,10,11,10,1,-1.1274303440090039,1,0.19999999999999998,1.470630631417107,1,1.470630631417107,1,1,1.470630631417107,0.6661689024018338
72,2,12,False,0,-50.0,0,0,0,,-2.598060975426111,2.037621039635e-16,-47.40193902457389,0,0.0,0.0,0,-2.9972130056741277,-2.2947568893432617,0.702456116330866,0,0,0,0,-50.0,0,,-47.40193902457389,0,0.0,0,0,0.0,0.0
73,2,13,False,0,-50.0,0,2,1,,-2.598060975426111,2.037621039635e-16,-47.40193902457389,0,0.0,0.0,0,-2.9972524651041077,-2.037571907043457,0.9596805580606507,0,0,0,0,-50.0,1,,-47.40193902457389,0,0.0,0,0,0.0,0.0
74,2,14,False,0,-50.0,0,0,0,,-2.598060975426111,2.037621039635e-16,-47.40193902457389,0,0.0,0.0,0,-2.997373369980088,-2.029111862182617,0.9682615077974708,0,0,0,0,-50.0,0,,-47.40193902457389,0,0.0,0,0,0.0,0.0
75,2,15,False,0,-50.0,0,2,1,,-2.598060975426111,2.037621039635e-16,-47.40193902457389,0,0.0,0.0,0,-2.997564918818657,-1.5622740983963013,1.4352908204223556,0,0,0,0,-50.0,1,,-47.40193902457389,0,0.0,0,0,0.0,0.0
76,2,16,False,0,-50.0,0,0,0,,-2.598060975426111,2.037621039635e-16,-47.40193902457389,0,0.0,0.0,0,-2.997657390017807,-1.6669119596481323,1.3307454303696749,0,0,0,0,-50.0,0,,-47.40193902457389,0,0.0,0,0,0.0,0.0
77,2,17,True,3,-1.1772247486647787,1,1,0,1.0,-1.1691458947218587,0.005229439080529797,-0.008078853942919961,0,0.0,0.0,0,-1.429506664488465,-1.3412060737609863,0.08830059072747876,180,180,180,1,-1.209840045672321,0,1.0,-0.04069415095046236,0,0.0,0,0,0.0,0.0
78,2,18,True,1,-1.1966547306424469,2,2,0,0.7745966692414834,-1.1928359613211146,0.006385217111054895,-0.0038187693213322937,0,0.0,0.0,0,-1.449328683976875,-1.2063881158828735,0.24294056809400155,16,16,16,2,-2.4991173296416918,0,0.7745966692414834,-1.3062813683205772,0,0.0,0,0,0.0,0.0
79,2,19,False,0,-50.0,0,2,1,,-1.2126451810855439,0.00712599083718891,-48.78735481891446,0,0.0,0.0,0,-1.4878776274301833,-1.472656011581421,0.01522161584876236,0,0,0,0,-50.0,1,,-48.78735481891446,0,0.0,0,0,0.0,0.0
80,2,20,False,0,-50.0,0,1,1,,-2.152734082530386,0.08925758258605049,-47.84726591746961,0,0.0,0.0,0,-1.6458164013566432,-1.6402919292449951,0.005524472111648082,0,0,0,0,-50.0,1,,-47.84726591746961,0,0.0,0,0,0.0,0.0
81,2,21,False,0,-50.0,0,2,1,,-2.152734082530386,0.08925758258605049,-47.84726591746961,0,0.0,0.0,0,-1.64706610761307,-1.681290626525879,0.03422451891280898,0,0,0,0,-50.0,1,,-47.84726591746961,0,0.0,0,0,0.0,0.0
82,2,22,False,0,-50.0,0,2,1,,-2.3390502781045637,0.07060618606304014,-47.660949721895435,0,0.0,0.0,0,-1.9153762810341621,-1.9024481773376465,0.012928103696515647,0,0,0,0,-50.0,1,,-47.660949721895435,0,0.0,0,0,0.0,0.0
83,2,23,False,0,-50.0,0,2,1,,-2.4322604491133197,0.05977663291346858,-47.56773955088668,0,0.0,0.0,0,-2.0604620978539003,-1.9250627756118774,0.1353993222420229,0,0,0,0,-50.0,1,,-47.56773955088668,0,0.0,0,0,0.0,0.0
84,2,24,False,0,-50.0,0,1,1,,-2.5011760973034347,0.06801596189036054,-47.498823902696564,0,0.0,0.0,0,-2.9827692563160197,-2.041511058807373,0.9412581975086467,0,0,0,0,-50.0,1,,-47.498823902696564,0,0.0,0,0,0.0,0.0
85,2,25,False,0,-50.0,0,2,1,,-2.598060975426111,2.037621039635e-16,-47.40193902457389,0,0.0,0.0,0,-2.984162226206181,-2.055187463760376,0.9289747624458049,0,0,0,0,-50.0,1,,-47.40193902457389,0,0.0,0,0,0.0,0.0
86,2,26,False,0,-50.0,0,2,1,,-2.598060975426111,2.037621039635e-16,-47.40193902457389,0,0.0,0.0,0,-2.9842327636823103,-2.1187167167663574,0.8655160469159529,0,0,0,0,-50.0,1,,-47.40193902457389,0,0.0,0,0,0.0,0.0
87,2,27,False,0,-50.0,0,1,1,,-1.3650128535456159,0.09448023820661801,-48.634987146454385,0,0.0,0.0,0,-2.6716230409121264,-3.0458202362060547,0.37419719529392825,0,0,0,0,-50.0,1,,-48.634987146454385,0,0.0,0,0,0.0,0.0
88,2,28,False,0,-50.0,0,2,1,,-1.321968515468539,0.06758973519032273,-48.67803148453146,0,0.0,0.0,0,-2.6736151315232504,-2.7602362632751465,0.08662113175189612,0,0,0,0,-50.0,1,,-48.67803148453146,0,0.0,0,0,0.0,0.0
89,2,29,False,0,-50.0,0,1,1,,-1.298244176879955,0.06867792799846241,-48.701755823120045,0,0.0,0.0,0,-1.5435098849953373,-3.4930107593536377,1.9495008743583004,0,0,0,0,-50.0,1,,-48.701755823120045,0,0.0,0,0,0.0,0.0
90,3,0,True,2,-2.99999894351441,1,3,1,0.7378647873726218,-2.598060975426111,2.037621039635e-16,-0.40193796808829907,0,0.0,0.0,0,-3.0000043471288564,-3.061389207839966,0.06138486071110938,1,2,1,1,-3.000355728138423,1,0.7378647873726218,-0.4022947527123124,0,0.0,0,0,0.0,0.0
91,3,1,True,1,-2.9999989435144254,0,0,0,0.7745966692414834,-2.598060975426111,2.037621039635e-16,-0.4019379680883146,0,0.0,0.0,0,-3.0000083287887747,-2.982675313949585,0.017333014839189698,2,2,2,0,-3.0009737401664576,0,0.7745966692414834,-0.40291276474034676,0,0.0,0,0,0.0,0.0
92,3,2,True,2,-2.9999989435144254,0,0,0,0.9486832980505139,-2.598060975426111,2.037621039635e-16,-0.4019379680883146,0,0.0,0.0,0,-3.0000093543684447,-3.1884191036224365,0.1884097492539918,8,8,8,2,-3.0001084174002437,1,0.7378647873726218,-0.4020474419741329,0,0.0,0,0,0.0,0.0
93,3,3,True,2,-0.8731708821354508,3,3,0,0.9486832980505139,-2.598060975426111,2.037621039635e-16,1.72489009329066,0,0.0,0.0,0,-2.927972873689717,-2.8966381549835205,0.03133471870619653,1072,1072,1072,3,-1.037539592033716,0,0.9486832980505139,1.5605213833923948,0,0.0,0,0,0.0,0.0
94,3,4,True,4,-0.8489407771823863,0,0,0,0.19999999999999998,-2.598060975426111,2.037621039635e-16,1.7491201982437246,0,0.0,0.0,0,-2.9268956107609916,-2.810833692550659,0.1160619182103324,245,245,245,0,-1.0149552142548184,0,0.7999999999999999,1.5831057611712924,0,0.0,0,0,0.0,0.0
95,3,5,True,4,-0.7691102547472961,3,3,0,0.316227766016838,-2.598060975426111,2.037621039635e-16,1.8289507206788147,0,0.0,0.0,0,-2.9894917529801215,-2.719310760498047,0.2701809924820746,278,278,278,3,-0.9464478494480342,0,0.316227766016838,1.6516131259780766,0,0.0,0,0,0.0,0.0
96,3,6,True,3,-0.7436275706302399,1,3,1,0.7999999999999999,-2.598060975426111,2.037621039635e-16,1.8544334047958708,1,1.8544334047958708,0.7884171557398181,1,-2.9890041468967006,-2.684727907180786,0.30427623971591444,335,110,110,1,-0.9233909612482629,1,0.7999999999999999,1.6746700141778479,1,1.6746700141778479,1,1,1.6746700141778479,0.7585950281445655
97,3,7,True,4,-0.7669540198931325,2,3,1,-0.316227766016838,-2.598060975426111,2.037621039635e-16,1.8311069555329782,1,1.8311069555329782,0.7784998555370731,1,-2.9907839140177392,-2.6285934448242188,0.3621904691935205,120,213,120,2,-0.9464010536556452,1,-0.316227766016838,1.6516599217704657,1,1.6516599217704657,1,1,1.6516599217704657,0.7481718751952625
98,3,8,True,3,-0.7894262648010982,2,3,1,0.19999999999999998,-2.598060975426111,2.037621039635e-16,1.8086347106250127,1,1.8086347106250127,0.7689457225239348,1,-2.9916143804541897,-2.6688790321350098,0.32273534831917994,34,1412,34,1,-0.9680375247108635,1,0.39999999999999997,1.6300234507152473,1,1.6300234507152473,1,1,1.6300234507152473,0.7383709477109662
99,3,9,True,4,-0.8143015218582121,2,3,1,0.0,-2.598060975426111,2.037621039635e-16,1.7837594535678987,1,1.7837594535678987,0.7583699426838248,1,-2.9920433201411827,-2.5803112983703613,0.41173202177082135,1401,26,26,2,-0.991181007386509,1,-0.39999999999999997,1.6068799680396018,1,1.6068799680396018,1,1,1.6068799680396018,0.7278873713985823
100,3,10,True,3,-0.8374142648560193,2,3,1,0.39999999999999997,-2.598060975426111,2.037621039635e-16,1.7606467105700916,1,1.7606467105700916,0.7485435002521095,1,-2.9923658268538675,-2.472669839859009,0.5196959869948587,77,19,19,2,-1.0135572043717318,1,0.39999999999999997,1.584503771054379,1,1.584503771054379,1,1,1.584503771054379,0.7177513615351068
101,3,11,True,2,-0.8657461715136143,2,3,1,0.10540925533894598,-2.598060975426111,2.037621039635e-16,1.7323148039124965,1,1.7323148039124965,0.7364981168989522,1,-2.993064052165946,-2.438234567642212,0.5548294845237343,22,0,0,2,-1.0388733430761732,1,0.10540925533894598,1.5591876323499376,1,1.5591876323499376,1,1,1.5591876323499376,0.7062836115960623
102,3,12,True,2,-0.8870887091279259,2,2,0,0.9486832980505139,-2.598060975426111,2.037621039635e-16,1.7109722662981848,0,0.0,0.0,0,-2.9929862174441544,-2.4402003288269043,0.5527858886172501,3,3,3,2,-1.0946390673697604,0,0.9486832980505139,1.5034219080563505,0,0.0,0,0,0.0,0.0
103,3,13,False,0,-50.0,0,3,1,,-2.598060975426111,2.037621039635e-16,-47.40193902457389,0,0.0,0.0,0,-2.9850821996558596,-1.8135137557983398,1.1715684438575198,0,0,0,0,-50.0,1,,-47.40193902457389,0,0.0,0,0,0.0,0.0
104,3,14,False,0,-50.0,0,2,1,,-2.598060975426111,2.037621039635e-16,-47.40193902457389,0,0.0,0.0,0,-2.976211789091364,-1.5107097625732422,1.4655020265181218,0,0,0,0,-50.0,1,,-47.40193902457389,0,0.0,0,0,0.0,0.0
105,3,15,False,0,-50.0,0,2,1,,-2.598060975426111,2.037621039635e-16,-47.40193902457389,0,0.0,0.0,0,-2.895652580616167,-1.3794071674346924,1.5162454131814744,0,0,0,0,-50.0,1,,-47.40193902457389,0,0.0,0,0,0.0,0.0
106,3,16,False,0,-50.0,0,2,1,,-2.598060975426111,2.037621039635e-16,-47.40193902457389,0,0.0,0.0,0,-2.0012730563911005,-1.574373722076416,0.4268993343146845,0,0,0,0,-50.0,1,,-47.40193902457389,0,0.0,0,0,0.0,0.0
107,3,17,True,3,-1.155553900612046,1,1,0,1.0,-1.1515846697398795,0.005216706168147321,-0.003969230872166607,0,0.0,0.0,0,-1.4083916108630272,-1.424831748008728,0.016440137145700806,719,719,719,1,-1.1554461474233246,0,1.0,-0.003861477683445136,0,0.0,0,0,0.0,0.0
108,3,18,True,2,-1.175871553963893,1,1,0,0.632455532033676,-1.1691458947218587,0.005229439080529797,-0.0067256592420343875,0,0.0,0.0,0,-1.4406441359108844,-1.4722014665603638,0.03155733064947941,763,763,763,1,-1.1750244932878022,0,0.632455532033676,-0.005878598565943527,0,0.0,0,0,0.0,0.0
109,3,19,True,2,-1.1957516380390907,2,2,0,0.9486832980505139,-1.197251142013266,0.007909521872770397,0.0014995039741754201,0,0.0,0.0,0,-1.5150861205520305,-1.5297926664352417,0.014706545883211186,75,75,75,2,-1.1956021552230058,0,0.9486832980505139,0.001648986790260265,0,0.0,0,0,0.0,0.0
110,3,20,True,2,-1.2848769278766528,1,2,1,0.21081851067789195,-2.116604363545054,0.09758638513159264,0.8317274356684015,1,0.8317274356684015,0.35361106928109715,1,-1.6298740603642978,-1.7244915962219238,0.094617535857626,1,2,1,1,-2.978986899803923,1,0.21081851067789195,-0.8623825362588686,0,0.0,0,0,0.0,0.0
111,3,21,True,2,-1.535220968989078,1,1,0,0.9486832980505139,-2.54835060595313,0.056839093051586895,1.0131296369640521,0,0.0,0.0,0,-2.0566071239498105,-1.8531244993209839,0.2034826246288266,1,1,1,2,-13.451656734835996,1,0.7378647873726218,-10.903306128882866,0,0.0,0,0,0.0,0.0
112,3,22,False,0,-50.0,0,2,1,,-2.362548621322763,0.07047676241003323,-47.637451378677234,0,0.0,0.0,0,-1.9316596457939987,-1.6457806825637817,0.285878963230217,0,0,0,0,-50.0,1,,-47.637451378677234,0,0.0,0,0,0.0,0.0
113,3,23,False,0,-50.0,0,2,1,,-2.362548621322763,0.07047676241003323,-47.637451378677234,0,0.0,0.0,0,-1.9691794895081527,-1.8628764152526855,0.10630307425546714,0,0,0,0,-50.0,1,,-47.637451378677234,0,0.0,0,0,0.0,0.0
114,3,24,False,0,-50.0,0,0,0,,-2.558861282014656,0.039199693411455586,-47.441138717985346,0,0.0,0.0,0,-2.9824171698741995,-2.130492687225342,0.8519244826488577,0,0,0,0,-50.0,0,,-47.441138717985346,0,0.0,0,0,0.0,0.0
115,3,25,False,0,-50.0,0,1,1,,-2.4600645680827227,0.09499563080496998,-47.53993543191728,0,0.0,0.0,0,-2.9723369930637347,-2.4961788654327393,0.4761581276309954,0,0,0,0,-50.0,1,,-47.53993543191728,0,0.0,0,0,0.0,0.0
116,3,26,False,0,-50.0,0,1,1,,-1.1910006047296073,0.006629065845331645,-48.80899939527039,0,0.0,0.0,0,-2.663578344258899,-2.755289316177368,0.09171097191846922,0,0,0,0,-50.0,1,,-48.80899939527039,0,0.0,0,0,0.0,0.0
117,3,27,False,0,-50.0,0,2,1,,-1.28126694562159,0.06956039881274799,-48.71873305437841,0,0.0,0.0,0,-2.6679144985441954,-2.760780096054077,0.09286559750988177,0,0,0,0,-50.0,1,,-48.71873305437841,0,0.0,0,0,0.0,0.0
118,3,28,False,0,-50.0,0,1,1,,-1.190132398851116,0.0060225372432960375,-48.80986760114888,0,0.0,0.0,0,-1.9959913344502636,-3.9270310401916504,1.9310397057413868,0,0,0,0,-50.0,1,,-48.80986760114888,0,0.0,0,0,0.0,0.0
119,3,29,False,0,-50.0,0,1,1,,-1.2136117945503875,0.006180207829476826,-48.78638820544961,0,0.0,0.0,0,-1.4658805390829222,-3.6817209720611572,2.215840432978235,0,0,0,0,-50.0,1,,-48.78638820544961,0,0.0,0,0,0.0,0.0
120,4,0,True,1,-2.9999989435144094,0,0,0,0.7745966692414834,-2.598060975426111,2.037621039635e-16,-0.4019379680882986,0,0.0,0.0,0,-2.999968328273978,-2.992711305618286,0.007257022655692058,3,3,3,0,-3.0003429204703065,0,0.7745966692414834,-0.4022819450441957,0,0.0,0,0,0.0,0.0
121,4,1,True,2,-2.9999989435144085,1,3,1,0.7378647873726218,-2.598060975426111,2.037621039635e-16,-0.40193796808829774,0,0.0,0.0,0,-2.999856910294775,-2.9755728244781494,0.024284085816625556,217,2014,217,3,-2.999999032683733,0,0.9486832980505139,-0.4019380572576221,0,0.0,0,0,0.0,0.0
122,4,2,True,4,-2.9999989435144085,1,3,1,0.2581988897471611,-2.598060975426111,2.037621039635e-16,-0.40193796808829774,0,0.0,0.0,0,-2.999854534507629,-2.9111945629119873,0.08865997159564154,13899,24,24,0,-2.9999990266253036,1,0.10540925533894598,-0.4019380511991928,0,0.0,0,0,0.0,0.0
123,4,3,True,4,-0.8959623688596153,0,0,0,0.19999999999999998,-2.598060975426111,2.037621039635e-16,1.7020986065664956,0,0.0,0.0,0,-2.929504940510622,-2.955615282058716,0.026110341548093885,88,88,88,0,-1.058473995553105,0,0.9486832980505139,1.5395869798730057,0,0.0,0,0,0.0,0.0
124,4,4,True,2,-0.8957472476862466,3,3,0,0.9486832980505139,-2.598060975426111,2.037621039635e-16,1.7023137277398641,0,0.0,0.0,0,-2.8918492294044915,-2.9517369270324707,0.059887697627979186,752,752,752,3,-1.0045867771472474,0,0.9486832980505139,1.5934741982788634,0,0.0,0,0,0.0,0.0
125,4,5,True,4,-0.8736583943458484,1,3,1,0.316227766016838,-2.598060975426111,2.037621039635e-16,1.7244025810802626,1,1.7244025810802626,0.733134214908815,1,-2.8895809329328084,-2.917928457260132,0.02834752432732346,1212,1,1,1,-0.9819340593075332,1,0.316227766016838,1.6161269161185776,1,1.6161269161185776,1,1,1.6161269161185776,0.7320760705326417
126,4,6,True,2,-0.7197492426500456,1,3,1,0.7378647873726218,-2.598060975426111,2.037621039635e-16,1.8783117327760652,1,1.8783117327760652,0.7985690886058244,1,-2.9882417325515833,-2.6607353687286377,0.3275063638229456,58,1378,58,1,-0.8994693143385774,1,0.7378647873726218,1.6985916610875336,1,1.6985916610875336,1,1,1.6985916610875336,0.7694310986880667
127,4,7,True,4,-0.7445631509702517,2,3,1,-0.19999999999999998,-2.598060975426111,2.037621039635e-16,1.853497824455859,1,1.853497824455859,0.7880193913397967,1,-2.99053951674135,-2.6905291080474854,0.30001040869386486,1026,2444,1026,2,-0.9227751354299704,1,-0.316227766016838,1.6752858399961403,1,1.6752858399961403,1,1,1.6752858399961403,0.7588739860288082
128,4,8,True,2,-0.7693887251624633,2,0,1,0.7378647873726218,-2.598060975426111,2.037621039635e-16,1.8286722502636477,1,1.8286722502636477,0.7774647342981298,1,-2.9914218701338453,-2.6822359561920166,0.3091859139418287,2017,6038,2017,2,-0.9458077422478582,1,0.7378647873726218,1.6522532331782527,1,1.6522532331782527,1,1,1.6522532331782527,0.7484406344614333
129,4,9,True,2,-0.6470165960907283,1,3,1,0.7378647873726218,-2.598060975426111,2.037621039635e-16,1.9510443793353827,1,1.9510443793353827,0.8294915613036449,1,-2.8643273042187776,-2.282670497894287,0.5816568063244905,72,59,59,1,-0.8272891142992375,1,0.7378647873726218,1.7707718611268732,1,1.7707718611268732,1,1,1.7707718611268732,0.802127415226107
130,4,10,True,3,-0.6715044156325154,2,3,1,0.39999999999999997,-2.598060975426111,2.037621039635e-16,1.9265565597935954,1,1.9265565597935954,0.819080501524698,1,-2.862352945861303,-2.1247572898864746,0.7375956559748285,44,54,44,2,-0.8513308320541605,1,0.39999999999999997,1.7467301433719502,1,1.7467301433719502,1,1,1.7467301433719502,0.7912369547756682
131,4,11,True,2,-0.6895937593461379,1,1,0,0.632455532033676,-2.598060975426111,2.037621039635e-16,1.908467216079973,0,0.0,0.0,0,-2.8572135894838278,-2.359365701675415,0.4978478878084127,150,150,150,1,-0.8727252302203148,0,0.632455532033676,1.725335745205796,0,0.0,0,0,0.0,0.0
132,4,12,True,1,-0.9082178213660944,0,0,0,0.7745966692414834,-2.598060975426111,2.037621039635e-16,1.6898431540600165,0,0.0,0.0,0,-2.9928135848986988,-2.2599551677703857,0.732858417128313,8,8,8,0,-2.388128065169761,0,0.7745966692414834,0.20993291025634964,0,0.0,0,0,0.0,0.0
133,4,13,False,0,-50.0,0,0,0,,-2.598060975426111,2.037621039635e-16,-47.40193902457389,0,0.0,0.0,0,-2.9885984737448794,-2.1888279914855957,0.7997704822592837,0,0,0,0,-50.0,0,,-47.40193902457389,0,0.0,0,0,0.0,0.0
134,4,14,True,2,-1.0250990819836665,1,1,0,0.9486832980505139,-1.025900499,0.00351935189409565,0.0008014170163335166,0,0.0,0.0,0,-1.0358795778516479,-1.7517167329788208,0.7158371551271729,31,31,31,1,-1.0243635181230142,0,0.9486832980505139,0.0015369808769858384,0,0.0,0,0,0.0,0.0
135,4,15,False,0,-50.0,0,1,1,,-1.1598060975426112,0.10998609943418616,-48.840193902457386,0,0.0,0.0,0,-1.099474742321751,-1.4967283010482788,0.3972535587265278,0,0,0,0,-50.0,1,,-48.840193902457386,0,0.0,0,0,0.0,0.0
136,4,16,False,0,-50.0,0,0,0,,-2.598060975426111,2.037621039635e-16,-47.40193902457389,0,0.0,0.0,0,-1.48950252176895,-1.5658165216445923,0.07631399987564236,0,0,0,0,-50.0,0,,-47.40193902457389,0,0.0,0,0,0.0,0.0
137,4,17,True,3,-1.1348577322938833,1,1,0,0.7999999999999999,-1.1273116252785442,0.004577284081363726,-0.0075461070153390875,0,0.0,0.0,0,-1.376400011301679,-1.2856521606445312,0.09074785065714774,782,782,782,1,-1.133833493852558,0,0.7999999999999999,-0.006521868574013823,0,0.0,0,0,0.0,0.0
138,4,18,True,2,-1.1557363821808746,2,2,0,0.9486832980505139,-1.1515846697398795,0.005216706168147321,-0.004151712440995103,0,0.0,0.0,0,-1.4137263854630477,-1.426793098449707,0.01306671298665929,1590,1590,1590,2,-1.1545395878004767,0,0.9486832980505139,-0.0029549180605972225,0,0.0,0,0,0.0,0.0
139,4,19,True,3,-1.2180672382746434,0,2,1,0.7999999999999999,-1.8002895793525475,0.08506049481955981,0.5822223410779042,1,0.5822223410779042,0.24753333334790106,1,-1.534849899005275,-1.4135396480560303,0.12131025094924475,136,14,14,0,-1.2279260125722147,1,0.7999999999999999,0.5723635667803328,1,0.5723635667803328,1,1,0.5723635667803328,0.25927027556160676
140,4,20,True,2,-1.267552453077985,2,2,0,0.9486832980505139,-1.903615384749111,0.097567266745607,0.6360629316711262,0,0.0,0.0,0,-1.5716826508334143,-1.4899177551269531,0.08176489570646117,11,11,11,2,-1.7079192446231268,0,0.9486832980505139,0.19569614012598424,0,0.0,0,0,0.0,0.0
141,4,21,True,1,-1.5204252218784142,1,1,0,0.7745966692414834,-2.604487926159146,0.006426950733034453,1.0840627042807318,0,0.0,0.0,0,-2.0417800482925332,-1.7628506422042847,0.27892940608824857,9,9,9,1,-17.67454834487078,0,0.7745966692414834,-15.070060418711632,0,0.0,0,0,0.0,0.0
142,4,22,True,1,-1.535220968989078,2,2,0,0.7745966692414834,-2.54835060595313,0.056839093051586895,1.0131296369640521,0,0.0,0.0,0,-2.0601662848009332,-1.8715651035308838,0.18860118127004943,1,1,1,2,-18.361880743624845,0,0.7745966692414834,-15.813530137671714,0,0.0,0,0,0.0,0.0
143,4,23,False,0,-50.0,0,2,1,,-2.598060975426111,2.037621039635e-16,-47.40193902457389,0,0.0,0.0,0,-2.26095381480681,-2.120030403137207,0.14092341166960276,0,0,0,0,-50.0,1,,-47.40193902457389,0,0.0,0,0,0.0,0.0
144,4,24,False,0,-50.0,0,1,1,,-2.598060975426111,2.037621039635e-16,-47.40193902457389,0,0.0,0.0,0,-2.9826248037811154,-2.5567867755889893,0.42583802819212613,0,0,0,0,-50.0,1,,-47.40193902457389,0,0.0,0,0,0.0,0.0
145,4,25,False,0,-50.0,0,2,1,,-2.598060975426111,2.037621039635e-16,-47.40193902457389,0,0.0,0.0,0,-2.98144337797152,-2.2819716930389404,0.6994716849325795,0,0,0,0,-50.0,1,,-47.40193902457389,0,0.0,0,0,0.0,0.0
146,4,26,False,0,-50.0,0,3,1,,-1.1636827856812428,0.003875934097204517,-48.836317214318754,0,0.0,0.0,0,-2.648198957924515,-2.9582266807556152,0.31002772283110014,0,0,0,0,-50.0,1,,-48.836317214318754,0,0.0,0,0,0.0,0.0
147,4,27,False,0,-50.0,0,1,1,,-1.2191757758606616,0.07267617350783845,-48.78082422413934,0,0.0,0.0,0,-2.3239545212099704,-3.2062478065490723,0.8822932853391019,0,0,0,0,-50.0,1,,-48.78082422413934,0,0.0,0,0,0.0,0.0
148,4,28,False,0,-50.0,0,1,1,,-1.171787773876287,0.006971423068007151,-48.82821222612371,0,0.0,0.0,0,-1.9827484795450703,-3.248608350753784,1.265859871208714,0,0,0,0,-50.0,1,,-48.82821222612371,0,0.0,0,0,0.0,0.0
149,4,29,False,0,-50.0,0,1,1,,-1.191914121977091,0.006560851909760169,-48.80808587802291,0,0.0,0.0,0,-1.4256043842316706,-3.83842396736145,2.41281958312978,0,0,0,0,-50.0,1,,-48.80808587802291,0,0.0,0,0,0.0,0.0
150,5,0,True,2,-2.999998943514409,1,3,1,0.8944271909999159,-2.598060975426111,2.037621039635e-16,-0.4019379680882982,0,0.0,0.0,0,-2.9998678640892598,-3.028674840927124,0.028806976837864262,2,128,2,3,-3.0000079902425028,0,0.9486832980505139,-0.40194701481639195,0,0.0,0,0,0.0,0.0
151,5,1,True,3,-2.9999989435144085,1,0,1,0.632455532033676,-2.598060975426111,2.037621039635e-16,-0.40193796808829774,0,0.0,0.0,0,-2.999863795179607,-2.9361982345581055,0.06366556062150153,160,269,160,0,-2.999999265780612,0,1.0,-0.40193829035450124,0,0.0,0,0,0.0,0.0
152,5,2,True,4,-2.999998943514408,1,3,1,-0.2581988897471611,-2.598060975426111,2.037621039635e-16,-0.4019379680882973,0,0.0,0.0,0,-2.99985218489547,-2.898770809173584,0.1010813757218858,8771,168,168,0,-2.999999027054016,1,0.316227766016838,-0.4019380516279054,0,0.0,0,0,0.0,0.0
153,5,3,True,4,-0.9180770050144541,0,0,0,0.632455532033676,-2.598060975426111,2.037621039635e-16,1.6799839704116568,0,0.0,0.0,0,-2.9301500088408092,-3.019770860671997,0.08962085183118784,85,85,85,1,-1.0485919744788195,1,-0.632455532033676,1.5494690009472913,1,1.5494690009472913,1,0,0.0,0.0
154,5,4,True,2,-0.9167897745388318,0,0,0,0.9486832980505139,-2.598060975426111,2.037621039635e-16,1.681271200887279,0,0.0,0.0,0,-2.8930380084705387,-3.0317203998565674,0.13868239138602867,40,40,40,0,-1.0261413353201099,0,0.9486832980505139,1.571919640106001,0,0.0,0,0,0.0,0.0
155,5,5,True,4,-0.8499555534600642,1,0,1,-0.19999999999999998,-2.598060975426111,2.037621039635e-16,1.7481054219660466,1,1.7481054219660466,0.7432115389830006,1,-2.8876836234821095,-2.9198272228240967,0.032143599341987183,496,710,496,1,-0.9592845215805798,1,-0.316227766016838,1.638776453845531,1,1.638776453845531,1,1,1.638776453845531,0.7423358987758044
156,5,6,True,3,-0.6963123225654994,3,3,0,0.7999999999999999,-2.598060975426111,2.037621039635e-16,1.9017486528606113,0,0.0,0.0,0,-2.95319895134904,-2.7108378410339355,0.24236111031510443,36,36,36,3,-0.8752550782592533,0,0.7999999999999999,1.7228058971668574,0,0.0,0,0,0.0,0.0
157,5,7,True,3,-0.6717082795461563,3,3,0,0.39999999999999997,-2.513038629149693,0.08502234627641808,1.841330349603537,0,0.0,0.0,0,-2.889813519438655,-2.6335809230804443,0.2562325963582106,64,64,64,3,-0.8513984016986519,0,0.39999999999999997,1.6616402274510413,0,0.0,0,0,0.0,0.0
158,5,8,True,3,-0.6474315337303349,3,3,0,0.7999999999999999,-2.598060975426111,2.037621039635e-16,1.950629441695776,0,0.0,0.0,0,-2.8715690240079557,-2.5084805488586426,0.3630884751493131,105,105,105,3,-0.8272908737402698,0,0.7999999999999999,1.770770101685841,0,0.0,0,0,0.0,0.0
159,5,9,True,4,-0.6214753929769801,3,3,0,0.19999999999999998,-2.513038629149693,0.08502234627641808,1.891563236172713,0,0.0,0.0,0,-2.863354406403038,-2.352712869644165,0.510641536758873,11,11,11,3,-0.80291331154582,0,0.19999999999999998,1.710125317603873,0,0.0,0,0,0.0,0.0
160,5,10,True,2,-0.592451728457558,1,1,0,0.632455532033676,-2.598060975426111,2.037621039635e-16,2.005609246968553,0,0.0,0.0,0,-2.7905089763128963,-2.3941566944122314,0.39635228190066485,15,15,15,1,-0.7776034424035851,0,0.632455532033676,1.8204575330225257,0,0.0,0,0,0.0,0.0
161,5,11,True,3,-0.6645699780345402,3,3,0,0.7999999999999999,-2.598060975426111,2.037621039635e-16,1.9334909973915706,0,0.0,0.0,0,-2.8538792471285808,-2.1681296825408936,0.6857495645876872,18,18,18,3,-0.8500735934819206,0,0.7999999999999999,1.7479873819441902,0,0.0,0,0,0.0,0.0
162,5,12,True,2,-0.639592117554217,3,2,1,0.7378647873726218,-2.598060975426111,2.037621039635e-16,1.9584688578718938,1,1.9584688578718938,0.8326480975456416,1,-2.824206462032307,-1.9057986736297607,0.9184077884025461,6,19,6,3,-0.8259841672471883,1,0.7378647873726218,1.7720768081789227,1,1.7720768081789227,1,1,1.7720768081789227,0.8027185324834148
163,5,13,True,2,-0.6157496143684538,1,1,0,0.9486832980505139,-2.598060975426111,2.037621039635e-16,1.982311361057657,0,0.0,0.0,0,-2.7562501529541565,-2.0468006134033203,0.7094495395508362,19,19,19,1,-0.8015928250393392,0,0.9486832980505139,1.7964681503867717,0,0.0,0,0,0.0,0.0
164,5,14,True,2,-1.0030132499563238,3,3,0,0.9486832980505139,-1.0,0.0,-0.0030132499563237936,0,0.0,0.0,0,-1.0131726781275059,-1.5272912979125977,0.5141186197850918,675,675,675,3,-1.0027895461669456,0,0.9486832980505139,-0.0027895461669456,0,0.0,0,0,0.0,0.0
166,5,16,True,3,-1.0917125801093956,1,1,0,0.7999999999999999,-1.089316996409001,0.004029625643117993,-0.00239558370039461,0,0.0,0.0,0,-1.1860646326968085,-1.4592554569244385,0.27319082422762997,867,867,867,1,-1.0905781723976615,0,0.7999999999999999,-0.00126117598866049,0,0.0,0,0,0.0,0.0
167,5,17,True,4,-1.1135346438409635,2,2,0,0.7999999999999999,-1.1193532579126937,0.009958136171607929,0.005818614071730233,0,0.0,0.0,0,-1.2482203121796906,-1.2565295696258545,0.008309257446163842,831,831,831,2,-1.112311185293932,0,0.39999999999999997,0.007042072618761663,0,0.0,0,0,0.0,0.0
168,5,18,True,2,-1.1340955734224762,2,1,1,0.7378647873726218,-1.1969939249236454,0.05028734558478885,0.06289835150116918,1,0.06289835150116918,0.026741396732299385,0,-1.7968664890419683,-1.4622162580490112,0.3346502309929571,12,20,12,2,-1.132207802500924,1,0.7378647873726218,0.06478612242272153,1,0.06478612242272153,0,1,0.06289835150116918,0.028491808131347482
169,5,19,False,0,-50.0,0,1,1,,-1.798244549725609,0.09711469888294749,-48.20175545027439,0,0.0,0.0,0,-2.0327780718565243,-1.7313612699508667,0.30141680190565756,0,0,0,0,-50.0,1,,-48.20175545027439,0,0.0,0,0,0.0,0.0
170,5,20,False,0,-50.0,0,1,1,,-2.5181905206749655,0.07987045475114547,-47.48180947932504,0,0.0,0.0,0,-1.9548885860522014,-1.6111822128295898,0.34370637322261155,0,0,0,0,-50.0,1,,-47.48180947932504,0,0.0,0,0,0.0,0.0
171,5,21,True,1,-1.535220968989078,0,2,1,0.2581988897471611,-2.604487926159146,0.006426950733034453,1.0692669571700681,1,1.0692669571700681,0.4546016108846963,1,-2.054074288790596,-1.6560134887695312,0.3980608000210646,6,0,0,0,-18.361880743624845,1,0.2581988897471611,-15.757392817465698,0,0.0,0,0,0.0,0.0
172,5,22,False,0,-50.0,0,2,1,,-2.604487926159146,0.006426950733034453,-47.395512073840855,0,0.0,0.0,0,-2.0661891195071256,-1.9444491863250732,0.12173993318205234,0,0,0,0,-50.0,1,,-47.395512073840855,0,0.0,0,0,0.0,0.0
173,5,23,False,0,-50.0,0,2,1,,-2.598060975426111,2.037621039635e-16,-47.40193902457389,0,0.0,0.0,0,-2.239589790210196,-2.1201765537261963,0.11941323648399971,0,0,0,0,-50.0,1,,-47.40193902457389,0,0.0,0,0,0.0,0.0
174,5,24,False,0,-50.0,0,0,0,,-2.598060975426111,2.037621039635e-16,-47.40193902457389,0,0.0,0.0,0,-2.9824869061424595,-2.4482929706573486,0.5341939354851108,0,0,0,0,-50.0,0,,-47.40193902457389,0,0.0,0,0,0.0,0.0
175,5,25,False,0,-50.0,0,1,1,,-2.598060975426111,2.037621039635e-16,-47.40193902457389,0,0.0,0.0,0,-2.9766125141519097,-2.7514607906341553,0.22515172351775448,0,0,0,0,-50.0,1,,-47.40193902457389,0,0.0,0,0,0.0,0.0
176,5,26,False,0,-50.0,0,1,1,,-2.378732224740097,0.11977952808984565,-47.6212677752599,0,0.0,0.0,0,-2.9040002708264496,-3.2938382625579834,0.3898379917315338,0,0,0,0,-50.0,1,,-47.6212677752599,0,0.0,0,0,0.0,0.0
177,5,27,False,0,-50.0,0,1,1,,-1.1976622963522243,0.07375806392593119,-48.80233770364777,0,0.0,0.0,0,-2.314643238487539,-3.0619213581085205,0.7472781196209817,0,0,0,0,-50.0,1,,-48.80233770364777,0,0.0,0,0,0.0,0.0
178,5,28,False,0,-50.0,0,1,1,,-1.2200985205550896,0.07263880959979323,-48.77990147944491,0,0.0,0.0,0,-1.3667078692322219,-3.4900057315826416,2.1232978623504195,0,0,0,0,-50.0,1,,-48.77990147944491,0,0.0,0,0,0.0,0.0
179,5,29,False,0,-50.0,0,2,1,,-1.171787773876287,0.006971423068007151,-48.82821222612371,0,0.0,0.0,0,-1.3889453205940774,-3.691687822341919,2.302742501747842,0,0,0,0,-50.0,1,,-48.82821222612371,0,0.0,0,0,0.0,0.0
180,6,0,True,2,-2.9999989435144085,1,3,1,0.7378647873726218,-2.598060975426111,2.037621039635e-16,-0.40193796808829774,0,0.0,0.0,0,-2.999867243778741,-3.0887320041656494,0.0888647603869086,2,29,2,3,-2.9999994932552423,0,0.9486832980505139,-0.4019385178291315,0,0.0,0,0,0.0,0.0
181,6,1,True,2,-2.999998943514409,0,0,0,0.8944271909999159,-2.598060975426111,2.037621039635e-16,-0.4019379680882982,0,0.0,0.0,0,-2.9998656590500747,-2.964782953262329,0.03508270578774564,197,197,197,0,-2.999999269018789,0,0.9486832980505139,-0.4019382935926781,0,0.0,0,0,0.0,0.0
182,6,2,True,4,-2.999998943514408,3,3,0,0.632455532033676,-2.598060975426111,2.037621039635e-16,-0.4019379680882973,0,0.0,0.0,0,-2.9998452905660082,-2.894899606704712,0.10494568386129632,142,142,142,0,-2.999999049576748,1,0.316227766016838,-0.4019380741506371,0,0.0,0,0,0.0,0.0
183,6,3,True,3,-0.9218529489697561,3,0,1,0.7999999999999999,-2.598060975426111,2.037621039635e-16,1.6762080264563548,1,1.6762080264563548,0.7126441754280437,1,-2.9289557463400286,-3.0916531085968018,0.16269736225677311,17,78,17,3,-1.0270154958800746,1,0.39999999999999997,1.5710454795460362,1,1.5710454795460362,1,1,1.5710454795460362,0.7116550004973407
184,6,4,True,3,-0.8995496038134586,1,1,0,0.19999999999999998,-2.4953267744956653,0.06092566024214608,1.5957771706822066,0,0.0,0.0,0,-2.9206544599052475,-3.0138237476348877,0.09316928772964017,209,209,209,1,-1.0048873354798367,0,0.19999999999999998,1.4904394390158286,0,0.0,0,0,0.0,0.0
185,6,5,True,2,-0.8259720966096353,3,3,0,0.9486832980505139,-2.279045851176548,0.09648606430024638,1.4530737545669126,0,0.0,0.0,0,-2.8817012439273735,-2.9373531341552734,0.05565189022789996,637,637,637,3,-0.9363877366033083,0,0.9486832980505139,1.3426581145732395,0,0.0,0,0,0.0,0.0
186,6,6,True,3,-0.801197633669011,3,3,0,1.0,-2.279045851176548,0.09648606430024638,1.477848217507537,0,0.0,0.0,0,-2.879113713914999,-2.9473180770874023,0.06820436317240341,831,831,831,3,-0.9125996738863899,0,1.0,1.366446177290158,0,0.0,0,0,0.0,0.0
187,6,7,True,3,-0.7765706312505188,1,3,1,0.7999999999999999,-2.279045851176548,0.09648606430024638,1.502475219926029,1,1.502475219926029,0.6387812236341974,1,-2.8662391608446414,-2.896411180496216,0.030172019651574455,1805,2,2,1,-0.8885363521518294,1,0.7999999999999999,1.3905094990247187,1,1.3905094990247187,1,1,1.3905094990247187,0.6298754880768529
188,6,8,True,2,-0.7497550497188878,3,3,0,0.9486832980505139,-2.5262858852089622,0.05925812500254841,1.7765308354900744,0,0.0,0.0,0,-2.8952383019018306,-2.8444321155548096,0.050806186347021054,842,842,842,3,-0.8626192843210513,0,0.9486832980505139,1.663666600887911,0,0.0,0,0,0.0,0.0
189,6,9,True,3,-0.7245008360619389,1,3,1,-0.39999999999999997,-2.5262858852089622,0.05925812500254841,1.8017850491470233,1,1.8017850491470233,0.7660335712402647,1,-2.8918853305303194,-2.8028194904327393,0.08906584009758012,2647,0,0,1,-0.8386389525911324,1,-0.39999999999999997,1.6876469326178298,1,1.6876469326178298,1,1,1.6876469326178298,0.7644733359460225
190,6,10,True,2,-0.5643228930645342,1,3,1,0.7378647873726218,-2.513038629149693,0.08502234627641808,1.948715736085159,1,1.948715736085159,0.828501532606294,1,-2.7763204771989476,-2.2337958812713623,0.5425245959275853,9,217,9,1,-0.7526507972086798,1,0.7378647873726218,1.7603878319410133,1,1.7603878319410133,1,1,1.7603878319410133,0.7974236390518088
191,6,11,True,2,-0.5904513903329041,2,2,0,0.9486832980505139,-2.598060975426111,2.037621039635e-16,2.0076095850932067,0,0.0,0.0,0,-2.7788019791680285,-2.3412325382232666,0.4375694409447619,219,219,219,2,-0.7769267810357533,0,0.9486832980505139,1.8211341943903574,0,0.0,0,0,0.0,0.0
192,6,12,True,2,-0.5673396752401314,1,1,0,0.9486832980505139,-2.598060975426111,2.037621039635e-16,2.0307213001859794,0,0.0,0.0,0,-2.6928116414589764,-2.0406687259674072,0.6521429154915692,14,14,14,1,-0.7519843426929764,0,0.9486832980505139,1.8460766327331344,0,0.0,0,0,0.0,0.0
193,6,13,True,2,-0.5916662778171778,2,0,1,0.7378647873726218,-2.598060975426111,2.037621039635e-16,2.006394697608933,1,2.006394697608933,0.8530238921976356,1,-2.7325559795143515,-2.0046896934509277,0.7278662860634237,10,15,10,2,-0.7769269692170613,1,0.7378647873726218,1.8211340062090495,1,1.8211340062090495,1,1,1.8211340062090495,0.8249405500781035
194,6,14,True,4,-1.0257099095827427,0,0,0,0.316227766016838,-1.0268805989999998,0.0038445316146527003,0.0011706894172571758,0,0.0,0.0,0,-1.044425739677601,-1.5852259397506714,0.5408002000730703,834,834,834,0,-1.024949811142187,0,0.316227766016838,0.0019307878578127546,0,0.0,0,0,0.0,0.0
195,6,15,True,4,-1.047787847622048,2,2,0,0.19999999999999998,-1.0563249750699,0.0055017089970777235,0.008537127447852066,0,0.0,0.0,0,-1.0861888764123182,-1.395033359527588,0.3088444831152697,821,821,821,2,-1.0468795389199395,0,0.316227766016838,0.009445436149960518,0,0.0,0,0,0.0,0.0
196,6,16,True,4,-1.070517857847465,2,2,0,0.19999999999999998,-1.0719384571397996,0.004476081068304969,0.0014205992923346233,0,0.0,0.0,0,-1.1516865088067565,-1.3449316024780273,0.19324509367127085,881,881,881,2,-1.0691398864624106,0,0.39999999999999997,0.0027985706773889785,0,0.0,0,0,0.0,0.0
197,6,17,True,3,-1.0936254276091095,2,2,0,1.0,-1.0983192342396135,0.01111522893318688,0.004693806630504005,0,0.0,0.0,0,-1.9654035382033266,-1.53519868850708,0.4302048496962465,6,6,6,2,-1.0911889591793646,0,1.0,0.007130275060248881,0,0.0,0,0,0.0,0.0
198,6,18,True,3,-1.1164452314583437,2,2,0,1.0,-1.117379365918633,0.010679292432244022,0.0009341344602893376,0,0.0,0.0,0,-1.9805187235008173,-1.4928703308105469,0.4876483926902704,61,61,61,2,-1.1137191250185776,0,0.7999999999999999,0.003660240900055456,0,0.0,0,0,0.0,0.0
199,6,19,False,0,-50.0,0,1,1,,-1.6877447270888837,0.07896191971615577,-48.312255272911116,0,0.0,0.0,0,-2.0281016016587987,-1.581559419631958,0.4465421820268407,0,0,0,0,-50.0,1,,-48.312255272911116,0,0.0,0,0,0.0,0.0
200,6,20,False,0,-50.0,0,1,1,,-2.40914497916783,0.1322268824430803,-47.59085502083217,0,0.0,0.0,0,-1.921772107349284,-1.6367244720458984,0.2850476353033855,0,0,0,0,-50.0,1,,-47.59085502083217,0,0.0,0,0,0.0,0.0
201,6,21,False,0,-50.0,0,1,1,,-1.8187298285444222,0.18704773055156163,-48.18127017145558,0,0.0,0.0,0,-1.8413550319103777,-1.861395001411438,0.02003996950106024,0,0,0,0,-50.0,1,,-48.18127017145558,0,0.0,0,0,0.0,0.0
202,6,22,False,0,-50.0,0,2,1,,-2.604487926159146,0.006426950733034453,-47.395512073840855,0,0.0,0.0,0,-2.078576133796387,-1.8205645084381104,0.2580116253582765,0,0,0,0,-50.0,1,,-47.395512073840855,0,0.0,0,0,0.0,0.0
203,6,23,False,0,-50.0,0,2,1,,-2.604487926159146,0.006426950733034453,-47.395512073840855,0,0.0,0.0,0,-2.1029117960085166,-1.8454508781433105,0.2574609178652061,0,0,0,0,-50.0,1,,-47.395512073840855,0,0.0,0,0,0.0,0.0
204,6,24,False,0,-50.0,0,2,1,,-2.604487926159146,0.006426950733034453,-47.395512073840855,0,0.0,0.0,0,-2.1126763963614423,-2.0522735118865967,0.06040288447484565,0,0,0,0,-50.0,1,,-47.395512073840855,0,0.0,0,0,0.0,0.0
205,6,25,False,0,-50.0,0,1,1,,-2.598060975426111,2.037621039635e-16,-47.40193902457389,0,0.0,0.0,0,-2.9727099752872275,-2.707709789276123,0.2650001860111044,0,0,0,0,-50.0,1,,-47.40193902457389,0,0.0,0,0,0.0,0.0
206,6,26,False,0,-50.0,0,2,1,,-2.4499588480032997,0.10193087475148704,-47.5500411519967,0,0.0,0.0,0,-2.9270501268435254,-2.913372278213501,0.013677848630024414,0,0,0,0,-50.0,1,,-47.5500411519967,0,0.0,0,0,0.0,0.0
207,6,27,False,0,-50.0,0,1,1,,-1.1796503546091086,0.07471898389441131,-48.82034964539089,0,0.0,0.0,0,-1.3072190796111054,-3.148172616958618,1.8409535373475128,0,0,0,0,-50.0,1,,-48.82034964539089,0,0.0,0,0,0.0,0.0
208,6,28,False,0,-50.0,0,2,1,,-1.1995264270480384,0.07368699175003564,-48.80047357295196,0,0.0,0.0,0,-1.3256117572657582,-3.3975930213928223,2.0719812641270643,0,0,0,0,-50.0,1,,-48.80047357295196,0,0.0,0,0,0.0,0.0
209,6,29,False,0,-50.0,0,1,1,,-1.1497573574894384,0.004618305711992887,-48.85024264251056,0,0.0,0.0,0,-1.259669839764785,-3.717501163482666,2.457831323717881,0,0,0,0,-50.0,1,,-48.85024264251056,0,0.0,0,0,0.0,0.0
210,7,0,True,1,-2.9999989435144094,0,0,0,0.7745966692414834,-2.598060975426111,2.037621039635e-16,-0.4019379680882986,0,0.0,0.0,0,-2.9998689596439876,-3.109436273574829,0.10956731393084151,1,1,1,0,-2.999999488041247,0,0.7745966692414834,-0.401938512615136,0,0.0,0,0,0.0,0.0
211,7,1,True,2,-2.999998943514408,3,1,1,0.7378647873726218,-2.6021031075437158,0.004042132117604579,-0.39789583597069234,0,0.0,0.0,0,-2.9997520406576115,-2.868443250656128,0.13130879000148354,1257,95,95,3,-3.0000319298375375,1,0.7378647873726218,-0.39792882229382176,0,0.0,0,0,0.0,0.0
212,7,2,True,4,-2.9999989435144085,0,0,0,0.7745966692414834,-2.598060975426111,2.037621039635e-16,-0.40193796808829774,0,0.0,0.0,0,-2.999832112987701,-2.9160382747650146,0.08379383822268638,6592,6592,6592,0,-2.9999998986782797,0,0.39999999999999997,-0.40193892325216884,0,0.0,0,0,0.0,0.0
213,7,3,True,2,-2.9999989435144085,0,2,1,0.8944271909999159,-2.598060975426111,2.037621039635e-16,-0.40193796808829774,0,0.0,0.0,0,-2.999834380667161,-2.9563841819763184,0.043450198690842434,339,1377,339,0,-2.999999643107462,1,0.7378647873726218,-0.401938667681351,0,0.0,0,0,0.0,0.0
214,7,4,True,3,-0.8757573949639592,3,0,1,0.39999999999999997,-2.48796301267556,0.07593468087992357,1.6122056177116006,1,1.6122056177116006,0.6854333859046577,1,-2.9174710153177483,-3.0777530670166016,0.16028205169885323,72,232,72,3,-0.9825026250074287,1,0.39999999999999997,1.5054603876681312,1,1.5054603876681312,1,1,1.5054603876681312,0.681946147888901
215,7,5,True,3,-0.8505473236270875,0,0,0,0.7999999999999999,-2.2690050857670996,0.09976379792041641,1.418457762140012,0,0.0,0.0,0,-2.9019539155524043,-2.9482929706573486,0.04633905510494429,115,115,115,0,-0.9598665394664865,0,0.7999999999999999,1.309138546300613,0,0.0,0,0,0.0,0.0
216,7,6,True,4,-0.825082842342315,0,0,0,0.19999999999999998,-2.279045851176548,0.09648606430024638,1.4539630088342328,0,0.0,0.0,0,-2.8834521402081443,-2.9801394939422607,0.09668735373411641,1814,1814,1814,0,-0.9357604441911976,0,0.316227766016838,1.3432854069853501,0,0.0,0,0,0.0,0.0
217,7,7,True,4,-0.7516473559097271,1,1,0,0.19999999999999998,-2.114987671106779,0.14935676136841722,1.363340315197052,0,0.0,0.0,0,-2.8615665756569513,-2.8842294216156006,0.022662845958649314,1198,1198,1198,1,-0.8648287860132412,0,0.316227766016838,1.250158885093538,0,0.0,0,0,0.0,0.0
218,7,8,True,4,-0.7752328197652952,0,0,0,0.39999999999999997,-2.5262858852089622,0.05925812500254841,1.7510530654436671,0,0.0,0.0,0,-2.898217550301763,-2.9335920810699463,0.0353745307681832,604,604,604,0,-0.8863033903769535,0,0.316227766016838,1.6399824948320088,0,0.0,0,0,0.0,0.0
219,7,9,True,4,-0.6989880381140546,1,1,0,0.19999999999999998,-2.5847311396518284,0.013329835774282484,1.885743101537774,0,0.0,0.0,0,-2.889605266341006,-2.8013298511505127,0.08827541519049342,3185,3185,3185,1,-0.8143887492775597,0,0.316227766016838,1.7703423903742688,0,0.0,0,0,0.0,0.0
220,7,10,True,2,-0.536644744884077,3,3,0,0.9486832980505139,-2.212188222440021,0.17716033893308694,1.675543477555944,0,0.0,0.0,0,-2.718183656786779,-2.344834566116333,0.37334909067044597,4,4,4,3,-0.7267792158860402,0,0.9486832980505139,1.4854090065539807,0,0.0,0,0,0.0,0.0
221,7,11,True,1,-0.5117623692471003,1,1,0,0.7745966692414834,-2.598060975426111,2.037621039635e-16,2.0862986061790103,0,0.0,0.0,0,-2.6099647771871215,-2.3156261444091797,0.2943386327779418,8,8,8,1,-0.701256388172281,0,0.7745966692414834,1.89680458725383,0,0.0,0,0,0.0,0.0
222,7,12,True,2,-0.536644744884077,2,0,1,0.7378647873726218,-2.598060975426111,2.037621039635e-16,2.061416230542034,1,2.061416230542034,0.8764164391542275,1,-2.6667824188146083,-2.2131450176239014,0.45363740119070695,4,8,4,2,-0.7267618621256365,1,0.7378647873726218,1.8712991133004744,1,1.8712991133004744,1,1,1.8712991133004744,0.8476644303074734
223,7,13,False,0,-50.0,0,1,1,,-2.5230589216648056,0.07500205376130556,-47.476941078335194,0,0.0,0.0,0,-2.5591779879124763,-1.7001806497573853,0.858997338155091,0,0,0,0,-50.0,1,,-47.476941078335194,0,0.0,0,0,0.0,0.0
224,7,14,False,0,-50.0,0,3,1,,-1.1557312257813055,0.07591815272762263,-48.8442687742187,0,0.0,0.0,0,-2.485780011959381,-1.3007038831710815,1.1850761287882996,0,0,0,0,-50.0,1,,-48.8442687742187,0,0.0,0,0,0.0,0.0
225,7,15,False,0,-50.0,0,3,1,,-1.0651659632093007,0.003952336847538028,-48.9348340367907,0,0.0,0.0,0,-2.4017100733408654,-1.4579617977142334,0.943748275626632,0,0,0,0,-50.0,1,,-48.9348340367907,0,0.0,0,0,0.0,0.0
226,7,16,False,0,-50.0,0,1,1,,-1.044690699,0.0024039216761413,-48.955309301,0,0.0,0.0,0,-1.2681197546278686,-1.381676197052002,0.11355644242413332,0,0,0,0,-50.0,1,,-48.955309301,0,0.0,0,0,0.0,0.0
227,7,17,True,3,-1.1148131179622713,0,3,1,0.39999999999999997,-1.6866446725152209,0.07865089232463902,0.5718315545529495,1,0.5718315545529495,0.2431156635967427,1,-1.9798993722851788,-1.4116467237472534,0.5682526485379253,1026,126,126,0,-1.113237699697496,1,0.39999999999999997,0.5734069728177249,1,0.5734069728177249,1,1,0.5718315545529495,0.2590292837081739
228,7,18,True,4,-1.1351895044278986,2,2,0,0.7999999999999999,-1.6882450108689255,0.07914932003576013,0.553055506441027,0,0.0,0.0,0,-1.9915296327733207,-1.3487670421600342,0.6427625906132866,185,185,185,2,-1.1667128967259273,0,0.7999999999999999,0.5215321141429983,0,0.0,0,0,0.0,0.0
229,7,19,True,1,-1.1538376087130673,2,2,0,0.7745966692414834,-1.6864272257626642,0.07889451492368606,0.532589617049597,0,0.0,0.0,0,-2.0140287629818507,-1.5526340007781982,0.4613947622036525,5,5,5,2,-2.4575668965563056,0,0.7745966692414834,-0.7711396707936413,0,0.0,0,0,0.0,0.0
230,7,20,False,0,-50.0,0,1,1,,-2.598060975426111,2.037621039635e-16,-47.40193902457389,0,0.0,0.0,0,-1.9874144021246511,-1.7908414602279663,0.19657294189668484,0,0,0,0,-50.0,1,,-47.40193902457389,0,0.0,0,0,0.0,0.0
231,7,21,False,0,-50.0,0,0,0,,-1.5976725728665306,0.2001146458151904,-48.40232742713347,0,0.0,0.0,0,-1.7981200784632718,-2.026930809020996,0.22881073055772427,0,0,0,0,-50.0,0,,-48.40232742713347,0,0.0,0,0,0.0,0.0
232,7,22,False,0,-50.0,0,1,1,,-0.4367723375837055,0.11502408297947155,-49.563227662416296,0,0.0,0.0,0,-1.4422797915225096,-2.2063493728637695,0.7640695813412599,0,0,0,0,-50.0,1,,-49.563227662416296,0,0.0,0,0,0.0,0.0
233,7,23,False,0,-50.0,0,1,1,,-0.9866675547344185,0.2253885562532542,-49.01333244526558,0,0.0,0.0,0,-1.639350747871294,-2.774475336074829,1.135124588203535,0,0,0,0,-50.0,1,,-49.01333244526558,0,0.0,0,0,0.0,0.0
234,7,24,False,0,-50.0,0,1,1,,-2.4896356062378615,0.10842536918824926,-47.51036439376214,0,0.0,0.0,0,-1.8838768315096832,-2.8368313312530518,0.9529544997433685,0,0,0,0,-50.0,1,,-47.51036439376214,0,0.0,0,0,0.0,0.0
235,7,25,False,0,-50.0,0,1,1,,-2.598060975426111,2.037621039635e-16,-47.40193902457389,0,0.0,0.0,0,-2.9870356477263615,-2.9116291999816895,0.07540644774467209,0,0,0,0,-50.0,1,,-47.40193902457389,0,0.0,0,0,0.0,0.0
236,7,26,False,0,-50.0,0,1,1,,-2.4480568679035004,0.1032399072326955,-47.5519431320965,0,0.0,0.0,0,-2.90625781651972,-3.4765632152557373,0.5703053987360174,0,0,0,0,-50.0,1,,-47.5519431320965,0,0.0,0,0,0.0,0.0
237,7,27,False,0,-50.0,0,1,1,,-1.0874149202496,0.0035296367382844107,-48.9125850797504,0,0.0,0.0,0,-1.1928496937567818,-3.288911819458008,2.096062125701226,0,0,0,0,-50.0,1,,-48.9125850797504,0,0.0,0,0,0.0,0.0
238,7,28,False,0,-50.0,0,2,1,,-1.1777673943103066,0.07478825912112687,-48.82223260568969,0,0.0,0.0,0,-1.2124025792503834,-3.7050559520721436,2.49265337282176,0,0,0,0,-50.0,1,,-48.82223260568969,0,0.0,0,0,0.0,0.0
239,7,29,False,0,-50.0,0,1,1,,-1.1976622963522243,0.07375806392593119,-48.80233770364777,0,0.0,0.0,0,-1.1821770850931563,-3.642836093902588,2.4606590088094316,0,0,0,0,-50.0,1,,-48.80233770364777,0,0.0,0,0,0.0,0.0
240,8,0,True,1,-2.999998943514413,3,1,1,0.2581988897471611,-2.598060975426111,2.037621039635e-16,-0.4019379680883022,0,0.0,0.0,0,-2.9902619339858463,-2.760078191757202,0.23018374222864413,6,0,0,3,-3.0460706912262174,1,0.2581988897471611,-0.4480097158001066,0,0.0,0,0,0.0,0.0
241,8,1,True,2,-2.9999989435144094,0,0,0,0.9486832980505139,-2.6021031075437158,0.004042132117604579,-0.39789583597069367,0,0.0,0.0,0,-2.998944638587144,-2.7493362426757812,0.24960839591136263,120,120,120,0,-3.0012303834435072,0,0.9486832980505139,-0.39912727589979147,0,0.0,0,0,0.0,0.0
242,8,2,False,0,-50.0,0,1,1,,-2.413537713123173,0.07816974637520913,-47.586462286876824,0,0.0,0.0,0,-2.900913033316133,-2.8476827144622803,0.053230318853852765,0,0,0,0,-50.0,1,,-47.586462286876824,0,0.0,0,0,0.0,0.0
243,8,3,True,1,-0.914811970788018,3,3,0,0.7745966692414834,-2.20567786100915,0.10848805660319312,1.2908658902211319,0,0.0,0.0,0,-2.9043332352442914,-2.9081642627716064,0.003831027527315012,7,7,7,3,-2.3336453953822573,0,0.7745966692414834,-0.12796753437310748,0,0.0,0,0,0.0,0.0
244,8,4,True,2,-0.8937494661197679,3,3,0,0.9486832980505139,-2.2690050857670996,0.09976379792041641,1.3752556196473318,0,0.0,0.0,0,-2.903484298050798,-2.9746265411376953,0.07114224308689732,74,74,74,3,-1.038088941644374,0,0.9486832980505139,1.2309161441227257,0,0.0,0,0,0.0,0.0
245,8,5,True,4,-0.8712785993524884,3,0,1,0.0,-2.2690050857670996,0.09976379792041641,1.3977264864146113,1,1.3977264864146113,0.5942470288074434,1,-2.9022296627269117,-3.0214552879333496,0.11922562520643787,24,229,24,3,-0.9816498121728271,1,0.0,1.2873552735942724,1,1.2873552735942724,1,1,1.2873552735942724,0.5831485019356119
246,8,6,True,2,-0.8486790229154584,0,0,0,0.9486832980505139,-2.2690050857670996,0.09976379792041641,1.4203260628516412,0,0.0,0.0,0,-2.8874240485747,-2.9779303073883057,0.09050625881360563,862,862,862,0,-0.9586727613039102,0,0.9486832980505139,1.3103323244631895,0,0.0,0,0,0.0,0.0
247,8,7,True,4,-0.7262588822367968,1,1,0,0.39999999999999997,-1.8047180770060158,0.15166104572361414,1.078459194769219,0,0.0,0.0,0,-2.853500477426222,-2.8932907581329346,0.03979028070671253,791,791,791,1,-0.84087194800964,0,0.316227766016838,0.9638461289963758,0,0.0,0,0,0.0,0.0
248,8,8,True,4,-0.7975226801502221,1,0,1,0.39999999999999997,-2.5847311396518284,0.013329835774282484,1.7872084595016062,1,1.7872084595016062,0.7598362964721846,1,-2.8994269492319336,-3.0230817794799805,0.12365483024804691,327,624,327,0,-0.9085964822744054,0,0.632455532033676,1.676134657377423,0,0.0,0,0,0.0,0.0
249,8,9,True,4,-0.6729661736391214,3,3,0,0.19999999999999998,-2.5847311396518284,0.013329835774282484,1.911764966012707,0,0.0,0.0,0,-2.8855507448890614,-2.8046979904174805,0.08085275447158091,936,936,936,3,-0.789866439652405,0,0.316227766016838,1.7948646999994233,0,0.0,0,0,0.0,0.0
250,8,10,True,4,-0.6470498645132091,1,1,0,0.316227766016838,-2.5847311396518284,0.013329835774282484,1.9376812751386194,0,0.0,0.0,0,-2.86791731945564,-2.8326518535614014,0.03526546589423862,4078,4078,4078,1,-0.7650689919137224,0,0.316227766016838,1.819662147738106,0,0.0,0,0,0.0,0.0
251,8,11,True,1,-0.4866286564824774,3,3,0,0.7745966692414834,-2.598060975426111,2.037621039635e-16,2.1114323189436335,0,0.0,0.0,0,-2.5950862739751157,-2.28281307220459,0.31227320177052587,23,23,23,3,-0.6747749395405164,0,0.7745966692414834,1.9232860358855945,0,0.0,0,0,0.0,0.0
252,8,12,True,2,-0.46124106783134305,1,1,0,0.9486832980505139,-2.598060975426111,2.037621039635e-16,2.136819907594768,0,0.0,0.0,0,-2.5988409826105854,-2.3989057540893555,0.1999352285212299,32,32,32,1,-0.6503835543388762,0,0.9486832980505139,1.9476774210872345,0,0.0,0,0,0.0,0.0
253,8,13,True,1,-0.42500754052348527,1,1,0,0.7745966692414834,-2.598060975426111,2.037621039635e-16,2.1730534349026254,0,0.0,0.0,0,-2.5799296405388037,-2.125521421432495,0.4544082191063086,3,3,3,1,-1.9090775446810386,0,0.7745966692414834,0.6889834307450722,0,0.0,0,0,0.0,0.0
254,8,14,True,2,-0.3970363706165978,1,1,0,0.9486832980505139,-2.598060975426111,2.037621039635e-16,2.201024604809513,0,0.0,0.0,0,-2.5685968250861295,-2.095870018005371,0.4727268070807584,22,22,22,1,-0.5599798359058413,0,0.9486832980505139,2.0380811395202696,0,0.0,0,0,0.0,0.0
255,8,15,False,0,-50.0,0,1,1,,-2.598060975426111,2.037621039635e-16,-47.40193902457389,0,0.0,0.0,0,-2.4545296130863203,-1.7554564476013184,0.699073165485002,0,0,0,0,-50.0,1,,-47.40193902457389,0,0.0,0,0,0.0,0.0
256,8,16,False,0,-50.0,0,1,1,,-1.0249400999999998,0.0024282037132740517,-48.9750599,0,0.0,0.0,0,-1.0489307442858375,-1.524510145187378,0.4755794009015404,0,0,0,0,-50.0,1,,-48.9750599,0,0.0,0,0,0.0,0.0
257,8,17,False,0,-50.0,0,1,1,,-2.598060975426111,2.037621039635e-16,-47.40193902457389,0,0.0,0.0,0,-2.343652424061421,-1.718314528465271,0.6253378955961502,0,0,0,0,-50.0,1,,-47.40193902457389,0,0.0,0,0,0.0,0.0
258,8,18,False,0,-50.0,0,2,1,,-2.598060975426111,2.037621039635e-16,-47.40193902457389,0,0.0,0.0,0,-2.3391683075854233,-1.4784080982208252,0.8607602093645981,0,0,0,0,-50.0,1,,-47.40193902457389,0,0.0,0,0,0.0,0.0
259,8,19,False,0,-50.0,0,2,1,,-2.598060975426111,2.037621039635e-16,-47.40193902457389,0,0.0,0.0,0,-2.2879188103758925,-1.6413147449493408,0.6466040654265517,0,0,0,0,-50.0,1,,-47.40193902457389,0,0.0,0,0,0.0,0.0
260,8,20,False,0,-50.0,0,2,1,,-2.598060975426111,2.037621039635e-16,-47.40193902457389,0,0.0,0.0,0,-1.9790713158112014,-1.701725721359253,0.2773455944519485,0,0,0,0,-50.0,1,,-47.40193902457389,0,0.0,0,0,0.0,0.0
261,8,21,False,0,-50.0,0,1,1,,-0.40573509393437257,0.11813323524035335,-49.594264906065625,0,0.0,0.0,0,-1.2674976039643058,-2.3587279319763184,1.0912303280120126,0,0,0,0,-50.0,1,,-49.594264906065625,0,0.0,0,0,0.0,0.0
262,8,22,False,0,-50.0,0,2,1,,-0.4359779851245011,0.11599578083326771,-49.5640220148755,0,0.0,0.0,0,-1.2921884540237352,-2.0912058353424072,0.7990173813186721,0,0,0,0,-50.0,1,,-49.5640220148755,0,0.0,0,0,0.0,0.0
263,8,23,False,0,-50.0,0,1,1,,-0.9676999597206688,0.22835902257445612,-49.03230004027933,0,0.0,0.0,0,-1.6107421113812,-2.4939041137695312,0.8831620023883313,0,0,0,0,-50.0,1,,-49.03230004027933,0,0.0,0,0,0.0,0.0
264,8,24,False,0,-50.0,0,1,1,,-2.4883374009811248,0.10972357444498607,-47.51166259901888,0,0.0,0.0,0,-1.9623538971498669,-2.650035858154297,0.68768196100443,0,0,0,0,-50.0,1,,-47.51166259901888,0,0.0,0,0,0.0,0.0
265,8,25,False,0,-50.0,0,1,1,,-2.598060975426111,2.037621039635e-16,-47.40193902457389,0,0.0,0.0,0,-2.988692569596628,-2.956280469894409,0.03241209970221881,0,0,0,0,-50.0,1,,-47.40193902457389,0,0.0,0,0,0.0,0.0
266,8,26,False,0,-50.0,0,1,1,,-2.598060975426111,2.037621039635e-16,-47.40193902457389,0,0.0,0.0,0,-2.979343321430065,-3.431379556655884,0.4520362352258189,0,0,0,0,-50.0,1,,-47.40193902457389,0,0.0,0,0,0.0,0.0
267,8,27,False,0,-50.0,0,1,1,,-1.0690662750698998,0.0035646077740664364,-48.9309337249301,0,0.0,0.0,0,-1.0990297261023136,-3.610717535018921,2.5116878089166073,0,0,0,0,-50.0,1,,-48.9309337249301,0,0.0,0,0,0.0,0.0
268,8,28,False,0,-50.0,0,1,1,,-1.1643381660309056,0.07554026920928325,-48.83566183396909,0,0.0,0.0,0,-1.1212341367078416,-2.8715806007385254,1.7503464640306838,0,0,0,0,-50.0,1,,-48.83566183396909,0,0.0,0,0,0.0,0.0
269,8,29,False,0,-50.0,0,2,1,,-1.104657810748302,0.00284196750104537,-48.8953421892517,0,0.0,0.0,0,-1.1466787346460074,-3.0051753520965576,1.8584966174505502,0,0,0,0,-50.0,1,,-48.8953421892517,0,0.0,0,0,0.0,0.0
270,9,0,True,1,-2.9999989435144334,1,3,1,0.2581988897471611,-2.598060975426111,2.037621039635e-16,-0.4019379680883226,0,0.0,0.0,0,-2.8817205669677266,-2.7378628253936768,0.14385774157404985,2,0,0,1,-4.7237768984779995,1,0.2581988897471611,-2.1257159230518887,0,0.0,0,0,0.0,0.0
271,9,1,False,0,-50.0,0,1,1,,-2.413537713123173,0.07816974637520913,-47.586462286876824,0,0.0,0.0,0,-2.8605051520514944,-2.8170833587646484,0.04342179328684592,0,0,0,0,-50.0,1,,-47.586462286876824,0,0.0,0,0,0.0,0.0
272,9,2,False,0,-50.0,0,1,1,,-2.436670153544873,0.07889508231738059,-47.563329846455126,0,0.0,0.0,0,-2.8600867590895382,-2.7912614345550537,0.06882532453448453,0,0,0,0,-50.0,1,,-47.563329846455126,0,0.0,0,0,0.0,0.0
273,9,3,False,0,-50.0,0,1,1,,-2.345911163989885,0.09680038755796173,-47.65408883601012,0,0.0,0.0,0,-2.817254947140609,-2.740471601486206,0.07678334565440315,0,0,0,0,-50.0,1,,-47.65408883601012,0,0.0,0,0,0.0,0.0
274,9,4,True,1,-0.7238132748495858,3,3,0,0.7745966692414834,-1.8766439505146415,0.15273705572768953,1.1528306756650557,0,0.0,0.0,0,-2.8164004189587826,-2.8093929290771484,0.0070074898816341324,4,4,4,3,-2.152598566270945,0,0.7745966692414834,-0.27595461575630353,0,0.0,0,0,0.0,0.0
275,9,5,True,3,-0.7008214904243819,3,3,0,0.39999999999999997,-1.907623539605784,0.16344772996139692,1.206802049181402,0,0.0,0.0,0,-2.8142734527035467,-2.8812451362609863,0.06697168355743965,33,33,33,3,-0.850171921638584,0,0.39999999999999997,1.0574516179672,0,0.0,0,0,0.0,0.0
276,9,6,True,3,-0.6753574711147474,1,1,0,1.0,-2.009793482166162,0.14796855851170956,1.3344360110514144,0,0.0,0.0,0,-2.8119206043325784,-2.88559889793396,0.07367829360138156,663,663,663,1,-0.7914950554215322,0,1.0,1.2182984267446297,0,0.0,0,0,0.0,0.0
277,9,7,True,4,-0.7009882914876092,2,2,0,0.19999999999999998,-1.9752500887390716,0.1630194527323355,1.2742617972514623,0,0.0,0.0,0,-2.8422300055110843,-2.865802526473999,0.023572520962914734,585,585,585,2,-0.8166467639959979,0,0.39999999999999997,1.1586033247430736,0,0.0,0,0,0.0,0.0
278,9,8,True,4,-0.7742617357026464,3,0,1,-1.0,-2.5847311396518284,0.013329835774282484,1.810469403949182,1,1.810469403949182,0.7697257471333684,1,-2.8982840312207756,-3.032546281814575,0.1342622505937996,1,487,1,1,-0.8884293601667504,1,-0.632455532033676,1.6963017794850779,1,1.6963017794850779,1,1,1.6963017794850779,0.7683938240106937
279,9,9,True,3,-0.5938488015250453,1,3,1,0.39999999999999997,-2.5847311396518284,0.013329835774282484,1.990882338126783,1,1.990882338126783,0.8464287724645134,1,-2.8336523505455617,-2.8150508403778076,0.01860151016775413,747,1372,747,1,-0.7146363011074736,1,0.39999999999999997,1.8700948385443548,1,1.8700948385443548,1,1,1.8700948385443548,0.8471189157674278
280,9,10,True,2,-0.6205767361449415,2,0,1,0.7378647873726218,-2.5847311396518284,0.013329835774282484,1.964154403506887,1,1.964154403506887,0.8350653219694346,1,-2.861430225770347,-2.734520196914673,0.12691002885567393,1188,4078,1188,2,-0.7399933196097144,1,0.7378647873726218,1.844737820042114,1,1.844737820042114,1,1,1.844737820042114,0.8356326480242193
281,9,11,True,2,-0.48678489379418116,1,1,0,0.9486832980505139,-0.5974598710592095,0.06344943087924686,0.11067497726502834,0,0.0,0.0,0,-2.492756874591035,-2.5366053581237793,0.043848483532744176,14,14,14,1,-0.611289870456516,0,0.9486832980505139,-0.013829999397306447,0,0.0,0,0,0.0,0.0
282,9,12,True,2,-0.4320687742193291,3,3,0,0.9486832980505139,-2.598060975426111,2.037621039635e-16,2.1659922012067816,0,0.0,0.0,0,-2.594481224203931,-2.216829538345337,0.3776516858585941,18,18,18,3,-0.6240664904673481,0,0.9486832980505139,1.9739944849587627,0,0.0,0,0,0.0,0.0
283,9,13,True,3,-0.39899751635761366,1,2,1,0.39999999999999997,-2.598060975426111,2.037621039635e-16,2.199063459068497,1,2.199063459068497,0.9349375141788919,1,-2.5779183722946173,-2.216827392578125,0.3610909797164923,16,5,5,1,-0.5974099986015037,1,0.7999999999999999,2.0006509768246072,1,2.0006509768246072,1,1,2.0006509768246072,0.9062584695629113
284,9,14,True,4,-0.37074380938095963,1,1,0,0.316227766016838,-2.598060975426111,2.037621039635e-16,2.227317166045151,0,0.0,0.0,0,-2.5637388045508067,-2.096993923187256,0.46674488136355086,204,204,204,1,-0.5333347890688862,0,0.316227766016838,2.0647261863572246,0,0.0,0,0,0.0,0.0
285,9,15,True,1,-0.3397826667977715,1,1,0,0.7745966692414834,-2.598060975426111,2.037621039635e-16,2.258278308628339,0,0.0,0.0,0,-2.4543041995729493,-1.9224905967712402,0.5318136028017091,5,5,5,1,-1.792973951258299,0,0.7745966692414834,0.8050870241678119,0,0.0,0,0,0.0,0.0
286,9,16,False,0,-50.0,0,1,1,,-1.002,0.0013764944032233716,-48.998,0,0.0,0.0,0,-1.0072457755154283,-1.663999080657959,0.6567533051425307,0,0,0,0,-50.0,1,,-48.998,0,0.0,0,0,0.0,0.0
287,9,17,False,0,-50.0,0,1,1,,-2.598060975426111,2.037621039635e-16,-47.40193902457389,0,0.0,0.0,0,-2.3362601536122307,-1.7162448167800903,0.6200153368321404,0,0,0,0,-50.0,1,,-47.40193902457389,0,0.0,0,0,0.0,0.0
288,9,18,False,0,-50.0,0,1,1,,-2.359633313426964,0.16414744966850778,-47.64036668657304,0,0.0,0.0,0,-2.225915073717414,-1.862680196762085,0.3632348769553291,0,0,0,0,-50.0,1,,-47.64036668657304,0,0.0,0,0,0.0,0.0
289,9,19,False,0,-50.0,0,1,1,,-0.38165740727170366,0.11881042015970168,-49.6183425927283,0,0.0,0.0,0,-1.681035916661175,-1.697706937789917,0.01667102112874197,0,0,0,0,-50.0,1,,-49.6183425927283,0,0.0,0,0,0.0,0.0
290,9,20,False,0,-50.0,0,0,0,,-2.359633313426964,0.16414744966850778,-47.64036668657304,0,0.0,0.0,0,-1.790965052883276,-2.071711540222168,0.28074648733889207,0,0,0,0,-50.0,0,,-47.64036668657304,0,0.0,0,0,0.0,0.0
291,9,21,False,0,-50.0,0,1,1,,-0.38307851372624824,0.1186779115386633,-49.61692148627375,0,0.0,0.0,0,-1.2458804396661842,-2.033344268798828,0.7874638291326439,0,0,0,0,-50.0,1,,-49.61692148627375,0,0.0,0,0,0.0,0.0
292,9,22,False,0,-50.0,0,2,1,,-0.41106037807274876,0.11799540144613659,-49.58893962192725,0,0.0,0.0,0,-1.2706581154165355,-2.2644131183624268,0.9937550029458913,0,0,0,0,-50.0,1,,-49.58893962192725,0,0.0,0,0,0.0,0.0
293,9,23,False,0,-50.0,0,2,1,,-0.7785432840979706,0.20983582452016,-49.22145671590203,0,0.0,0.0,0,-1.3404237295422923,-2.5588228702545166,1.2183991407122243,0,0,0,0,-50.0,1,,-49.22145671590203,0,0.0,0,0,0.0,0.0
294,9,24,False,0,-50.0,0,1,1,,-2.598060975426111,2.037621039635e-16,-47.40193902457389,0,0.0,0.0,0,-2.223153718458729,-2.7191567420959473,0.4960030236372184,0,0,0,0,-50.0,1,,-47.40193902457389,0,0.0,0,0,0.0,0.0
295,9,25,False,0,-50.0,0,0,0,,-2.598060975426111,2.037621039635e-16,-47.40193902457389,0,0.0,0.0,0,-2.988757230397824,-3.133812427520752,0.14505519712292791,0,0,0,0,-50.0,0,,-47.40193902457389,0,0.0,0,0,0.0,0.0
296,9,26,False,0,-50.0,0,2,1,,-2.598060975426111,2.037621039635e-16,-47.40193902457389,0,0.0,0.0,0,-2.98732617591376,-3.362520456314087,0.375194280400327,0,0,0,0,-50.0,1,,-47.40193902457389,0,0.0,0,0,0.0,0.0
297,9,27,False,0,-50.0,0,1,1,,-1.04955209301,0.003867356855155492,-48.95044790699,0,0.0,0.0,0,-1.0611765195434169,-3.4726312160491943,2.4114546965057775,0,0,0,0,-50.0,1,,-48.95044790699,0,0.0,0,0,0.0,0.0
298,9,28,False,0,-50.0,0,1,1,,-1.2190606796025107,0.10550102128027743,-48.780939320397486,0,0.0,0.0,0,-1.0994996842447744,-2.553701162338257,1.4542014780934824,0,0,0,0,-50.0,1,,-48.780939320397486,0,0.0,0,0,0.0,0.0
299,9,29,False,0,-50.0,0,1,1,,-2.598060975426111,2.037621039635e-16,-47.40193902457389,0,0.0,0.0,0,-1.1870615641378532,-1.9510014057159424,0.7639398415780891,0,0,0,0,-50.0,1,,-47.40193902457389,0,0.0,0,0,0.0,0.0
300,10,0,True,2,-2.999998943514433,1,1,0,0.316227766016838,-2.598060975426111,2.037621039635e-16,-0.40193796808832216,0,0.0,0.0,0,-2.8052887365300236,-2.709581136703491,0.09570759982653243,1,1,1,0,-4.787943981665678,1,-0.316227766016838,-2.189883006239567,0,0.0,0,0,0.0,0.0
301,10,1,False,0,-50.0,0,3,1,,-2.436670153544873,0.07889508231738059,-47.563329846455126,0,0.0,0.0,0,-2.846071125153962,-2.825096845626831,0.020974279527131046,0,0,0,0,-50.0,1,,-47.563329846455126,0,0.0,0,0,0.0,0.0
302,10,2,False,0,-50.0,0,1,1,,-2.413537713123173,0.07816974637520913,-47.586462286876824,0,0.0,0.0,0,-2.8358588752179354,-2.783850908279419,0.0520079669385165,0,0,0,0,-50.0,1,,-47.586462286876824,0,0.0,0,0,0.0,0.0
303,10,3,False,0,-50.0,0,3,1,,-2.3871484818750788,0.08851853300282257,-47.61285151812492,0,0.0,0.0,0,-2.807013231391102,-2.7394912242889404,0.06752200710216139,0,0,0,0,-50.0,1,,-47.61285151812492,0,0.0,0,0,0.0,0.0
304,10,4,False,0,-50.0,0,1,1,,-2.3493678199209134,0.09477278321457498,-47.650632180079086,0,0.0,0.0,0,-2.800089634879344,-2.7139196395874023,0.08616999529194169,0,0,0,0,-50.0,1,,-47.650632180079086,0,0.0,0,0,0.0,0.0
305,10,5,False,0,-50.0,0,1,1,,-1.9169427635793954,0.1502569312368274,-48.08305723642061,0,0.0,0.0,0,-2.791093835572701,-2.739553689956665,0.051540145616035815,0,0,0,0,-50.0,1,,-48.08305723642061,0,0.0,0,0,0.0,0.0
306,10,6,True,4,-0.6489289096713565,1,1,0,0.19999999999999998,-1.9238853900745418,0.16270590746896393,1.2749564804031852,0,0.0,0.0,0,-2.793151856927343,-2.8399085998535156,0.04675674292617282,612,612,612,1,-0.7651125201533095,0,0.316227766016838,1.1587728699212323,0,0.0,0,0,0.0,0.0
307,10,7,True,3,-0.7270140110900528,0,0,0,0.7999999999999999,-1.8723446261393035,0.15360271977230053,1.1453306150492506,0,0.0,0.0,0,-2.8569199238358562,-3.0414648056030273,0.1845448817671711,594,594,594,0,-0.840871873599602,0,0.7999999999999999,1.0314727525397016,0,0.0,0,0,0.0,0.0
308,10,8,True,2,-0.7517795316900997,2,0,1,0.7378647873726218,-2.5847311396518284,0.013329835774282484,1.8329516079617287,1,1.8329516079617287,0.7792841142855635,1,-2.892744142980777,-2.96273136138916,0.06998721840838318,58,416,58,2,-0.864825928367136,1,0.7378647873726218,1.7199052112846924,1,1.7199052112846924,1,1,1.7199052112846924,0.7790857489026118
309,10,9,True,4,-0.5671874655860248,1,1,0,0.19999999999999998,-1.7602141161440166,0.1650787744311805,1.1930266505579916,0,0.0,0.0,0,-2.776895813841214,-2.7888073921203613,0.011911578279147239,2011,2011,2011,1,-0.6889947797349858,0,0.316227766016838,1.0712193364090308,0,0.0,0,0,0.0,0.0
310,10,10,True,2,-0.4865367973985265,3,3,0,0.9486832980505139,-0.5891900605940483,0.06308214373249062,0.10265326319552182,0,0.0,0.0,0,-2.522208993852783,-2.7187082767486572,0.19649928289587404,365,365,365,3,-0.6102839787695518,0,0.9486832980505139,-0.021093918175503434,0,0.0,0,0,0.0,0.0
311,10,11,True,3,-0.45944611325952045,3,3,0,1.0,-0.6086046188359926,0.08980518229760362,0.14915850557647214,0,0.0,0.0,0,-2.462629085265802,-2.5904428958892822,0.12781381062348007,320,320,320,3,-0.5834893170792145,0,0.7999999999999999,0.02511530175677812,0,0.0,0,0,0.0,0.0
312,10,12,True,3,-0.42924608371690387,1,1,0,0.7999999999999999,-0.752992475423248,0.15654461786626916,0.3237463917063441,0,0.0,0.0,0,-2.3381905189547987,-2.591259241104126,0.2530687221493273,756,756,756,1,-0.5548825942846941,0,0.7999999999999999,0.19810988113855388,0,0.0,0,0,0.0,0.0
313,10,13,True,2,-0.37272476467491505,3,3,0,0.9486832980505139,-2.598060975426111,2.037621039635e-16,2.2253362107511956,0,0.0,0.0,0,-2.5632833530533206,-2.1803488731384277,0.3829344799148928,299,299,299,3,-0.5350027696054533,0,0.9486832980505139,2.0630582058206572,0,0.0,0,0,0.0,0.0
314,10,14,True,4,-0.341827414888584,3,3,0,0.19999999999999998,-2.598060975426111,2.037621039635e-16,2.256233560537527,0,0.0,0.0,0,-2.5573383589009397,-1.9251155853271484,0.6322227735737913,42,42,42,3,-0.5056786416285085,0,0.19999999999999998,2.092382333797602,0,0.0,0,0,0.0,0.0
315,10,15,True,3,-0.3129117853215392,1,2,1,0.39999999999999997,-2.598060975426111,2.037621039635e-16,2.2851491901045717,1,2.2851491901045717,0.9715370852595886,1,-2.4472447792015344,-2.0087945461273193,0.43845023307421505,98,43,43,1,-0.476900617713364,1,0.7999999999999999,2.1211603577127467,1,2.1211603577127467,1,1,2.1211603577127467,0.9608470251664476
317,10,17,False,0,-50.0,0,0,0,,-2.598060975426111,2.037621039635e-16,-47.40193902457389,0,0.0,0.0,0,-2.3271634384773363,-1.705626368522644,0.6215370699546923,0,0,0,0,-50.0,0,,-47.40193902457389,0,0.0,0,0,0.0,0.0
318,10,18,False,0,-50.0,0,2,1,,-2.598060975426111,2.037621039635e-16,-47.40193902457389,0,0.0,0.0,0,-2.291521922601761,-1.746255874633789,0.5452660479679721,0,0,0,0,-50.0,1,,-47.40193902457389,0,0.0,0,0,0.0,0.0
319,10,19,True,1,-0.1447816561774716,1,1,0,0.7745966692414834,-0.3381528182324893,0.12012607316102342,0.19337116205501773,0,0.0,0.0,0,-1.5474568679937786,-1.892085313796997,0.3446284458032185,2,2,2,1,-1.6819632704597016,0,0.7745966692414834,-1.3438104522272123,0,0.0,0,0,0.0,0.0
320,10,20,False,0,-50.0,0,3,1,,-0.38169961555451004,0.11875517997764842,-49.61830038444549,0,0.0,0.0,0,-1.2247079087227055,-2.3761985301971436,1.151490621474438,0,0,0,0,-50.0,1,,-49.61830038444549,0,0.0,0,0,0.0,0.0
321,10,21,False,0,-50.0,0,1,1,,-0.3395456446685884,0.12005857677239787,-49.66045435533141,0,0.0,0.0,0,-1.2050739789101224,-2.053816795349121,0.8487428164389987,0,0,0,0,-50.0,1,,-49.66045435533141,0,0.0,0,0,0.0,0.0
322,10,22,False,0,-50.0,0,1,1,,-2.598060975426111,2.037621039635e-16,-47.40193902457389,0,0.0,0.0,0,-2.9226981524268,-2.6732563972473145,0.24944175517948564,0,0,0,0,-50.0,1,,-47.40193902457389,0,0.0,0,0,0.0,0.0
323,10,23,False,0,-50.0,0,2,1,,-2.598060975426111,2.037621039635e-16,-47.40193902457389,0,0.0,0.0,0,-2.920760178593052,-2.699798345565796,0.22096183302725603,0,0,0,0,-50.0,1,,-47.40193902457389,0,0.0,0,0,0.0,0.0
324,10,24,False,0,-50.0,0,1,1,,-2.598060975426111,2.037621039635e-16,-47.40193902457389,0,0.0,0.0,0,-2.8845162804733397,-2.713489055633545,0.17102722483979482,0,0,0,0,-50.0,1,,-47.40193902457389,0,0.0,0,0,0.0,0.0
326,10,26,False,0,-50.0,0,2,1,,-1.0049601,0.0034870383164694813,-48.9950399,0,0.0,0.0,0,-1.002911114245702,-3.0409164428710938,2.038005328625392,0,0,0,0,-50.0,1,,-48.9950399,0,0.0,0,0,0.0,0.0
327,10,27,False,0,-50.0,0,2,1,,-1.0268805989999998,0.0038445316146527003,-48.973119401,0,0.0,0.0,0,-1.0277280260776658,-2.906139612197876,1.8784115861202102,0,0,0,0,-50.0,1,,-48.973119401,0,0.0,0,0,0.0,0.0
328,10,28,False,0,-50.0,0,2,1,,-1.04955209301,0.003867356855155492,-48.95044790699,0,0.0,0.0,0,-1.0570240018068222,-2.5467193126678467,1.4896953108610245,0,0,0,0,-50.0,1,,-48.95044790699,0,0.0,0,0,0.0,0.0
329,10,29,False,0,-50.0,0,1,1,,-2.598060975426111,2.037621039635e-16,-47.40193902457389,0,0.0,0.0,0,-1.2110803781239572,-1.7893292903900146,0.5782489122660575,0,0,0,0,-50.0,1,,-47.40193902457389,0,0.0,0,0,0.0,0.0
330,11,0,True,1,-2.999998943514433,3,3,0,0.7745966692414834,-2.5645485832714305,0.03351239215468053,-0.43545036024300243,0,0.0,0.0,0,-2.752552412462196,-2.656207799911499,0.09634461255069704,2,2,2,3,-7.884528023265812,0,0.7745966692414834,-5.319979439994381,0,0.0,0,0,0.0,0.0
331,11,1,True,2,-2.999998943514433,1,1,0,0.4472135954999579,-2.598060975426111,2.037621039635e-16,-0.40193796808832216,0,0.0,0.0,0,-2.7524634848612948,-2.6721198558807373,0.08034362898055747,4,4,4,1,-6.883302592060596,0,0.632455532033676,-4.285241616634485,0,0.0,0,0,0.0,0.0
332,11,2,False,0,-50.0,0,3,1,,-2.436670153544873,0.07889508231738059,-47.563329846455126,0,0.0,0.0,0,-2.817058317436695,-2.797065019607544,0.019993297829151047,0,0,0,0,-50.0,1,,-47.563329846455126,0,0.0,0,0,0.0,0.0
333,11,3,False,0,-50.0,0,3,1,,-2.413537713123173,0.07816974637520913,-47.586462286876824,0,0.0,0.0,0,-2.8052980201523674,-2.753424882888794,0.051873137263573454,0,0,0,0,-50.0,1,,-47.586462286876824,0,0.0,0,0,0.0,0.0
334,11,4,False,0,-50.0,0,0,0,,-2.3871484818750788,0.08851853300282257,-47.61285151812492,0,0.0,0.0,0,-2.802681852644913,-2.6942787170410156,0.10840313560389747,0,0,0,0,-50.0,0,,-47.61285151812492,0,0.0,0,0,0.0,0.0
335,11,5,False,0,-50.0,0,1,1,,-2.13352261394859,0.1370083950599445,-47.86647738605141,0,0.0,0.0,0,-2.7877528688571376,-2.67818546295166,0.10956740590547742,0,0,0,0,-50.0,1,,-47.86647738605141,0,0.0,0,0,0.0,0.0
336,11,6,True,2,-0.6228286700654897,3,3,0,0.9486832980505139,-2.07742003129945,0.1450088635810592,1.4545913612339605,0,0.0,0.0,0,-2.7767266376062576,-2.892834186553955,0.11610754894769748,337,337,337,3,-0.7399944829746522,0,0.9486832980505139,1.337425548324798,0,0.0,0,0,0.0,0.0
337,11,7,True,4,-0.5950833400594322,3,3,0,0.7999999999999999,-1.7589484357824516,0.16768504340837861,1.1638650957230194,0,0.0,0.0,0,-2.756578718169592,-2.849594831466675,0.09301611329708281,416,416,416,3,-0.7146363321797569,0,0.316227766016838,1.0443121036026948,0,0.0,0,0,0.0,0.0
338,11,8,True,4,-0.5677575493066822,3,3,0,0.316227766016838,-1.8278406652773043,0.1678109939432043,1.260083115970622,0,0.0,0.0,0,-2.7519888044575374,-2.8344156742095947,0.08242686975205737,1171,1171,1171,3,-0.6889947805440746,0,0.316227766016838,1.1388458847332297,0,0.0,0,0,0.0,0.0
339,11,9,True,4,-0.5401048663545402,3,0,1,0.0,-1.6981563702274811,0.18224792186392536,1.1580515038729409,1,1.1580515038729409,0.49234859042254236,1,-2.7485339653471645,-2.799537181854248,0.051003216507083504,417,2118,417,3,-0.6630655634023411,1,0.0,1.0350908068251399,1,1.0350908068251399,1,1,1.0350908068251399,0.4688772911009495
340,11,10,True,4,-0.5131788429114914,0,0,0,0.7999999999999999,-0.5741674839353801,0.02320383423297566,0.06098864102388868,0,0.0,0.0,0,-2.598861944315515,-2.759104013442993,0.16024206912747818,596,596,596,0,-0.6361446345522538,0,0.7999999999999999,-0.0619771506168737,0,0.0,0,0,0.0,0.0
341,11,11,True,3,-0.4894317162825304,0,2,1,0.39999999999999997,-0.8495413475465844,0.14106865807978614,0.360109631264054,1,0.360109631264054,0.15310154061152312,1,-2.590089022860362,-2.732248544692993,0.14215952183263125,72,314,72,0,-0.6109748927135599,1,0.39999999999999997,0.23856645483302452,1,0.23856645483302452,0,1,0.23856645483302452,0.10806626080735933
342,11,12,True,4,-0.3992206645517847,1,1,0,0.39999999999999997,-0.4399264033517114,0.018064738252497062,0.04070573879992673,0,0.0,0.0,0,-2.306412451584051,-2.5947425365448,0.28833008496074886,1054,1054,1054,1,-0.527408730843452,0,0.316227766016838,-0.08748232749174056,0,0.0,0,0,0.0,0.0
343,11,13,True,2,-0.39996049392762,0,0,0,0.9486832980505139,-2.598060975426111,2.037621039635e-16,2.198100481498491,0,0.0,0.0,0,-2.5680946935227396,-2.684460401535034,0.11636570801229462,28,28,28,0,-0.561629798829267,0,0.9486832980505139,2.0364311765968437,0,0.0,0,0,0.0,0.0
344,11,14,True,2,-0.252892122488632,1,3,1,0.7378647873726218,-2.598060975426111,2.037621039635e-16,2.345168852937479,1,2.345168852937479,0.9970546000631966,1,-2.279791276339985,-2.358398914337158,0.07860763799717319,89,51,51,1,-0.3830239373105243,1,0.7378647873726218,2.2150370381155864,1,2.2150370381155864,1,1,2.2150370381155864,1.0
345,11,15,True,2,-0.2815200005644191,2,0,1,0.7378647873726218,-2.598060975426111,2.037621039635e-16,2.3165409748616916,1,2.3165409748616916,0.9848833836965117,1,-2.3880875010349496,-2.153404474258423,0.23468302677652675,49,92,49,2,-0.4130010109211136,1,0.7378647873726218,2.185059964504997,1,2.185059964504997,1,1,2.185059964504997,0.989792383716258
346,11,16,True,2,-0.18615102277772666,1,3,1,0.7378647873726218,-0.2849641841388969,0.02682879668789049,0.09881316136117024,1,0.09881316136117024,0.04201067098368471,1,-1.6300594461925486,-1.7335351705551147,0.10347572436256613,1,16,1,1,-0.3397876496737805,1,0.7378647873726218,-0.0548234655348836,0,0.0,0,0,0.0,0.0
347,11,17,True,2,-0.17677750689335636,3,3,0,0.9486832980505139,-0.3879898334295472,0.11905516802040103,0.21121232653619082,0,0.0,0.0,0,-1.6399487178400949,-1.9815993309020996,0.3416506130620047,5,5,5,1,-0.35180902133671454,1,0.7378647873726218,0.03618081209283264,1,0.03618081209283264,0,0,0.0,0.0
348,11,18,True,2,-0.1387873801185843,1,1,0,0.9486832980505139,-0.33812482101422836,0.12016141866669734,0.19933744089564406,0,0.0,0.0,0,-1.5743750004546633,-1.8245340585708618,0.25015905811619854,36,36,36,1,-0.3552567325231937,0,0.9486832980505139,-0.017131911508965314,0,0.0,0,0,0.0,0.0
349,11,19,True,2,-0.11594106752325642,1,1,0,0.9486832980505139,-0.4236573580183947,0.16708568631591142,0.30771629049513827,0,0.0,0.0,0,-1.5227116625327441,-1.8068530559539795,0.28414139342123534,6,6,6,1,-0.36167741039797563,0,0.9486832980505139,0.061979947620419085,0,0.0,0,0,0.0,0.0
350,11,20,True,2,-0.12083168301914333,1,2,1,0.7378647873726218,-0.3381528182324893,0.12012607316102342,0.217321135213346,1,0.217321135213346,0.09239464240880363,0,-1.511965247283287,-2.071059465408325,0.5590942181250382,30,10,10,1,-0.3871050066481465,1,0.7378647873726218,-0.04895218841565718,0,0.0,0,0,0.0,0.0
351,11,21,False,0,-50.0,0,1,1,,-0.30299399628917145,0.12198395704218741,-49.697006003710825,0,0.0,0.0,0,-1.1646137032758845,-2.353623390197754,1.1890096869218694,0,0,0,0,-50.0,1,,-49.697006003710825,0,0.0,0,0,0.0,0.0
352,11,22,False,0,-50.0,0,0,0,,-2.598060975426111,2.037621039635e-16,-47.40193902457389,0,0.0,0.0,0,-2.9219634862242194,-2.640268564224243,0.28169492199997626,0,0,0,0,-50.0,0,,-47.40193902457389,0,0.0,0,0,0.0,0.0
353,11,23,False,0,-50.0,0,2,1,,-2.598060975426111,2.037621039635e-16,-47.40193902457389,0,0.0,0.0,0,-2.912934000197726,-2.7169768810272217,0.1959571191705045,0,0,0,0,-50.0,1,,-47.40193902457389,0,0.0,0,0,0.0,0.0
354,11,24,False,0,-50.0,0,1,1,,-2.598060975426111,2.037621039635e-16,-47.40193902457389,0,0.0,0.0,0,-2.8898265318755274,-2.5093812942504883,0.3804452376250391,0,0,0,0,-50.0,1,,-47.40193902457389,0,0.0,0,0,0.0,0.0
355,11,25,False,0,-50.0,0,1,1,,-2.544013868086502,0.0380205879895689,-47.4559861319135,0,0.0,0.0,0,-2.8711992063027485,-2.463205099105835,0.40799410719691354,0,0,0,0,-50.0,1,,-47.4559861319135,0,0.0,0,0,0.0,0.0
356,11,26,False,0,-50.0,0,1,1,,-1.7013039877818084,0.15120088178121194,-48.298696012218194,0,0.0,0.0,0,-1.6104838206822092,-1.6424036026000977,0.03191978191788847,0,0,0,0,-50.0,1,,-48.298696012218194,0,0.0,0,0,0.0,0.0
357,11,27,False,0,-50.0,0,1,1,,-1.7109722193091674,0.15431064770523323,-48.28902778069083,0,0.0,0.0,0,-1.0095948768713219,-1.8860639333724976,0.8764690565011757,0,0,0,0,-50.0,1,,-48.28902778069083,0,0.0,0,0,0.0,0.0
358,11,28,False,0,-50.0,0,1,1,,-1.8675893498029386,0.1469248117996143,-48.13241065019706,0,0.0,0.0,0,-1.0423815927137334,-1.8122029304504395,0.769821337736706,0,0,0,0,-50.0,1,,-48.13241065019706,0,0.0,0,0,0.0,0.0
359,11,29,False,0,-50.0,0,1,1,,-2.598060975426111,2.037621039635e-16,-47.40193902457389,0,0.0,0.0,0,-1.1868890358112327,-1.5273106098175049,0.34042157400627215,0,0,0,0,-50.0,1,,-47.40193902457389,0,0.0,0,0,0.0,0.0
360,12,0,False,0,-50.0,0,1,1,,-2.4977709532232266,0.07312158494129786,-47.502229046776776,0,0.0,0.0,0,-2.626387307344663,-2.6092519760131836,0.017135331331479264,0,0,0,0,-50.0,1,,-47.502229046776776,0,0.0,0,0,0.0,0.0
361,12,1,True,1,-2.999998943514433,3,3,0,0.7745966692414834,-2.5645485832714305,0.03351239215468053,-0.43545036024300243,0,0.0,0.0,0,-2.7496034328322536,-2.612555980682373,0.13704745214988057,66,66,66,3,-6.8986481603912635,0,0.7745966692414834,-4.334099577119833,0,0.0,0,0,0.0,0.0
362,12,2,True,2,-2.999998943514433,0,2,1,0.8944271909999159,-2.598060975426111,2.037621039635e-16,-0.40193796808832216,0,0.0,0.0,0,-2.753443373738811,-2.6682755947113037,0.08516777902750716,34,68,34,0,-5.776734793303554,1,0.7378647873726218,-3.178673817877443,0,0.0,0,0,0.0,0.0
363,12,3,False,0,-50.0,0,1,1,,-2.3799709699918132,0.08952249324076379,-47.62002903000818,0,0.0,0.0,0,-2.616210865817137,-2.713271141052246,0.0970602752351093,0,0,0,0,-50.0,1,,-47.62002903000818,0,0.0,0,0,0.0,0.0
364,12,4,False,0,-50.0,0,1,1,,-2.1080134518349323,0.14477200826417172,-47.891986548165065,0,0.0,0.0,0,-2.611985532915489,-2.7604641914367676,0.14847865852127873,0,0,0,0,-50.0,1,,-47.891986548165065,0,0.0,0,0,0.0,0.0
365,12,5,False,0,-50.0,0,3,1,,-2.069352720746331,0.14053912746252004,-47.93064727925367,0,0.0,0.0,0,-2.78361997368482,-2.6579430103302,0.12567696335461997,0,0,0,0,-50.0,1,,-47.93064727925367,0,0.0,0,0,0.0,0.0
366,12,6,False,0,-50.0,0,3,1,,-1.9972052784914065,0.14471089129287834,-48.00279472150859,0,0.0,0.0,0,-2.7883057961887507,-2.655547857284546,0.13275793890420484,0,0,0,0,-50.0,1,,-48.00279472150859,0,0.0,0,0,0.0,0.0
367,12,7,False,0,-50.0,0,3,1,,-1.929024027920006,0.16097197353052917,-48.07097597207999,0,0.0,0.0,0,-2.7861491021201443,-2.657891035079956,0.12825806704018827,0,0,0,0,-50.0,1,,-48.07097597207999,0,0.0,0,0,0.0,0.0
368,12,8,True,2,-0.5913906986154274,3,1,1,0.7378647873726218,-1.8724390894382776,0.16345707004139032,1.2810483908228503,1,1.2810483908228503,0.5446410348549559,1,-2.7836588679899066,-2.7129528522491455,0.07070601574076107,1,2,1,3,-2.1519023828405475,1,0.7378647873726218,-0.27946329340226983,0,0.0,0,0,0.0,0.0
369,12,9,True,2,-0.5670613124100804,3,3,0,0.9486832980505139,-0.7080573782388938,0.040753257593424665,0.1409960658288134,0,0.0,0.0,0,-2.622673398859323,-2.7347633838653564,0.11208998500603329,18,18,18,3,-0.7280142640627608,0,0.9486832980505139,-0.01995688582386701,0,0.0,0,0,0.0,0.0
370,12,10,True,3,-0.5424861748289219,3,3,0,0.7999999999999999,-0.7588797944557913,0.099360898588146,0.21639361962686943,0,0.0,0.0,0,-2.6047834117856605,-2.8037784099578857,0.1989949981722252,139,139,139,3,-0.6647206923490595,0,0.7999999999999999,0.09415910210673184,0,0.0,0,0,0.0,0.0
371,12,11,True,2,-0.5167452581810628,0,0,0,0.9486832980505139,-0.8638562407217367,0.13981019136475412,0.34711098254067396,0,0.0,0.0,0,-2.5973859622821007,-2.7938477993011475,0.19646183701904674,578,578,578,0,-0.6375087797349605,0,0.9486832980505139,0.22634746098677627,0,0.0,0,0,0.0,0.0
372,12,12,True,3,-0.3704658926953404,3,3,0,0.7999999999999999,-0.8199106137281275,0.16527647365550707,0.44944472103278704,0,0.0,0.0,0,-2.2916642167255015,-2.6001975536346436,0.3085333369091421,652,652,652,3,-0.4996654703337754,0,0.7999999999999999,0.32024514339435206,0,0.0,0,0,0.0,0.0
373,12,13,True,2,-0.3405872108709921,1,1,0,0.9486832980505139,-0.6216002544507653,0.13496264528398474,0.2810130435797732,0,0.0,0.0,0,-2.2664774819564726,-2.629572629928589,0.3630951479721163,589,589,589,1,-0.4716119721145269,0,0.9486832980505139,0.1499882823362384,0,0.0,0,0,0.0,0.0
374,12,14,True,2,-0.22044731663003314,3,0,1,0.7378647873726218,-2.3610544198815084,0.16314726556911605,2.140607103251475,1,2.140607103251475,0.9100846433942198,1,-2.211005599668071,-2.2604899406433105,0.04948434097523968,175,79,79,3,-0.35363633894988356,1,0.7378647873726218,2.007418080931625,1,2.007418080931625,1,1,2.007418080931625,0.9093238445245813
375,12,15,True,3,-0.18990596573364088,3,3,0,1.0,-0.37363293230343075,0.11894142300640236,0.18372696656978987,0,0.0,0.0,0,-2.157742457135291,-2.380725145339966,0.22298268820467504,216,216,216,3,-0.3239437594577437,0,0.7999999999999999,0.04968917284568708,0,0.0,0,0,0.0,0.0
376,12,16,True,3,-0.15772830651341305,1,1,0,1.0,-0.38938265986564635,0.11895635614030996,0.2316543533522333,0,0.0,0.0,0,-1.5826088797862852,-1.9730333089828491,0.39042442919656395,407,407,407,1,-0.2931156233319909,0,1.0,0.09626703653365543,0,0.0,0,0,0.0,0.0
377,12,17,True,2,-0.18981808293473515,2,2,0,0.9486832980505139,-0.37782576336581264,0.11864901082138674,0.1880076804310775,0,0.0,0.0,0,-1.6281447147046217,-2.1391289234161377,0.510984208711516,147,147,147,2,-0.32312246748485474,0,0.9486832980505139,0.0547032958809579,0,0.0,0,0,0.0,0.0
378,12,18,True,3,-0.10030700316442602,3,3,0,0.7999999999999999,-0.41795800339063877,0.16754618631964296,0.31765100022621273,0,0.0,0.0,0,-1.5416728222163718,-2.013256788253784,0.47158396603741237,36,36,36,3,-0.32646928854513996,0,0.7999999999999999,0.09148871484549881,0,0.0,0,0,0.0,0.0
379,12,19,True,3,-0.06381040488843519,1,1,0,1.0,-0.4117754259227958,0.16845554887387915,0.3479650210343606,0,0.0,0.0,0,-1.4878991358217875,-1.9395506381988525,0.4516515023770651,650,650,650,1,-0.29649626495463444,0,0.7999999999999999,0.11527916096816138,0,0.0,0,0,0.0,0.0
380,12,20,True,4,-0.0909149722689949,3,2,1,0.6000000000000001,-0.41795800339063877,0.16754618631964296,0.32704303112164385,1,0.32704303112164385,0.13904319008416374,0,-1.488129276182691,-2.1243703365325928,0.6362410603499018,3,113,3,2,-0.3592593971189881,0,0.19999999999999998,0.05869860627165069,0,0.0,0,0,0.0,0.0
381,12,21,True,2,-0.06153027569651228,1,1,0,0.9486832980505139,-0.2968679817147869,0.12285586552842584,0.2353377060182746,0,0.0,0.0,0,-1.139883663424484,-2.2470285892486572,1.1071449258241732,22,22,22,1,-1.5866837775169726,0,0.9486832980505139,-1.2898157958021859,0,0.0,0,0,0.0,0.0
382,12,22,True,2,-0.10538803177484456,2,2,0,0.9486832980505139,-0.30299399628917145,0.12198395704218741,0.19760596451432688,0,0.0,0.0,0,-1.2474836003291239,-2.415138006210327,1.1676544058812033,3,3,3,2,-1.6023541247630015,0,0.9486832980505139,-1.29936012847383,0,0.0,0,0,0.0,0.0
383,12,23,False,0,-50.0,0,1,1,,-2.598060975426111,2.037621039635e-16,-47.40193902457389,0,0.0,0.0,0,-2.906538785501869,-2.631744623184204,0.27479416231766507,0,0,0,0,-50.0,1,,-47.40193902457389,0,0.0,0,0,0.0,0.0
384,12,24,False,0,-50.0,0,2,1,,-2.598060975426111,2.037621039635e-16,-47.40193902457389,0,0.0,0.0,0,-2.9035884666700187,-2.605602979660034,0.2979854870099845,0,0,0,0,-50.0,1,,-47.40193902457389,0,0.0,0,0,0.0,0.0
385,12,25,False,0,-50.0,0,1,1,,-2.598060975426111,2.037621039635e-16,-47.40193902457389,0,0.0,0.0,0,-2.9086759233666233,-2.5168445110321045,0.3918314123345188,0,0,0,0,-50.0,1,,-47.40193902457389,0,0.0,0,0,0.0,0.0
386,12,26,False,0,-50.0,0,1,1,,-1.7267007557962728,0.15384999995024676,-48.27329924420373,0,0.0,0.0,0,-0.9605127626748142,-1.4798588752746582,0.519346112599844,0,0,0,0,-50.0,1,,-48.27329924420373,0,0.0,0,0,0.0,0.0
387,12,27,False,0,-50.0,0,2,1,,-1.7013039877818084,0.15120088178121194,-48.298696012218194,0,0.0,0.0,0,-0.985887606224736,-1.5465426445007324,0.5606550382759964,0,0,0,0,-50.0,1,,-48.298696012218194,0,0.0,0,0,0.0,0.0
388,12,28,False,0,-50.0,0,2,1,,-1.7650193266487766,0.16463755880533973,-48.234980673351224,0,0.0,0.0,0,-1.0176256300300568,-1.2772151231765747,0.2595894931465179,0,0,0,0,-50.0,1,,-48.234980673351224,0,0.0,0,0,0.0,0.0
389,12,29,False,0,-50.0,0,1,1,,-2.598060975426111,2.037621039635e-16,-47.40193902457389,0,0.0,0.0,0,-1.2874070602130407,-1.1724499464035034,0.11495711380953733,0,0,0,0,-50.0,1,,-47.40193902457389,0,0.0,0,0,0.0,0.0
390,13,0,False,0,-50.0,0,3,1,,-2.527719719153925,0.07034125627218604,-47.47228028084608,0,0.0,0.0,0,-2.548124274148237,-2.5029375553131104,0.045186718835126705,0,0,0,0,-50.0,1,,-47.47228028084608,0,0.0,0,0,0.0,0.0
391,13,1,False,0,-50.0,0,3,1,,-2.5117536928369004,0.07204803534507807,-47.4882463071631,0,0.0,0.0,0,-2.5408354578013994,-2.6219050884246826,0.0810696306232832,0,0,0,0,-50.0,1,,-47.4882463071631,0,0.0,0,0,0.0,0.0
392,13,2,False,0,-50.0,0,1,1,,-2.601105183565847,0.0030442081397356042,-47.39889481643415,0,0.0,0.0,0,-2.529068240374172,-2.523693799972534,0.0053744404016380365,0,0,0,0,-50.0,1,,-47.39889481643415,0,0.0,0,0,0.0,0.0
393,13,3,False,0,-50.0,0,0,0,,-2.3966727483194523,0.08426859035131128,-47.60332725168055,0,0.0,0.0,0,-2.6139073424107413,-2.629263162612915,0.015355820202173742,0,0,0,0,-50.0,0,,-47.60332725168055,0,0.0,0,0,0.0,0.0
394,13,4,False,0,-50.0,0,1,1,,-1.8993611502274579,0.15377426402337313,-48.100638849772544,0,0.0,0.0,0,-2.6068800575086857,-2.7113373279571533,0.10445727044846764,0,0,0,0,-50.0,1,,-48.100638849772544,0,0.0,0,0,0.0,0.0
395,13,5,False,0,-50.0,0,3,1,,-1.9125635374964094,0.15948135340276093,-48.08743646250359,0,0.0,0.0,0,-2.5840979694057844,-2.625061511993408,0.0409635425876238,0,0,0,0,-50.0,1,,-48.08743646250359,0,0.0,0,0,0.0,0.0
396,13,6,False,0,-50.0,0,1,1,,-1.8170530648609724,0.16355421100648915,-48.18294693513903,0,0.0,0.0,0,-2.573898564179416,-2.6357364654541016,0.06183790127468569,0,0,0,0,-50.0,1,,-48.18294693513903,0,0.0,0,0,0.0,0.0
397,13,7,False,0,-50.0,0,3,1,,-1.9972052784914065,0.14471089129287834,-48.00279472150859,0,0.0,0.0,0,-2.8216663034782314,-2.670301675796509,0.15136462768172265,0,0,0,0,-50.0,1,,-48.00279472150859,0,0.0,0,0,0.0,0.0
398,13,8,True,1,-1.5534286786621339,1,1,0,0.7745966692414834,-1.9515704553031061,0.14202236175666583,0.3981417766409723,0,0.0,0.0,0,-2.825461310128389,-2.655885696411133,0.16957561371725616,2,2,2,1,-6.644999459991265,0,0.7745966692414834,-4.693429004688159,0,0.0,0,0,0.0,0.0
399,13,9,False,0,-50.0,0,3,1,,-2.2052267729397466,0.11915447699106484,-47.794773227060254,0,0.0,0.0,0,-2.8742858996783616,-2.8037455081939697,0.07054039148439184,0,0,0,0,-50.0,1,,-47.794773227060254,0,0.0,0,0,0.0,0.0
400,13,10,False,0,-50.0,0,3,1,,-2.2050381972775908,0.1280709409931838,-47.79496180272241,0,0.0,0.0,0,-2.8729120227417786,-2.7389659881591797,0.1339460345825989,0,0,0,0,-50.0,1,,-47.79496180272241,0,0.0,0,0,0.0,0.0
401,13,11,False,0,-50.0,0,1,1,,-2.1543793649370255,0.13551479336361688,-47.84562063506297,0,0.0,0.0,0,-2.871326462628471,-2.845977544784546,0.025348917843925012,0,0,0,0,-50.0,1,,-47.84562063506297,0,0.0,0,0,0.0,0.0
402,13,12,False,0,-50.0,0,1,1,,-2.160543637182454,0.1510783187277832,-47.83945636281754,0,0.0,0.0,0,-2.8517716122710604,-2.702054262161255,0.14971735010980547,0,0,0,0,-50.0,1,,-47.83945636281754,0,0.0,0,0,0.0,0.0
403,13,13,True,2,-0.311116385422238,3,3,0,0.9486832980505139,-0.43622486188735443,0.07359697432103406,0.1251084764651164,0,0.0,0.0,0,-2.2517838288558374,-2.6157007217407227,0.36391689288488527,1493,1493,1493,3,-0.44324374458541826,0,0.9486832980505139,-0.007018882698063833,0,0.0,0,0,0.0,0.0
404,13,14,True,4,-0.25276862266022737,3,3,0,0.19999999999999998,-0.4159978779540442,0.07519957154764939,0.16322925529381682,0,0.0,0.0,0,-2.2050883812085766,-2.5875980854034424,0.38250970419486574,3880,3880,3880,3,-0.3838316896856435,0,0.316227766016838,0.032166188268400675,0,0.0,0,0,0.0,0.0
405,13,15,True,2,-0.22120626378019403,0,0,0,0.9486832980505139,-0.5443218545500987,0.15862800380986972,0.3231155907699047,0,0.0,0.0,0,-2.1821722115732536,-2.5074782371520996,0.325306025578846,6533,6533,6533,0,-0.3536573719549168,0,0.9486832980505139,0.19066448259518193,0,0.0,0,0,0.0,0.0
406,13,16,True,2,-0.12546142349964068,3,3,0,0.9486832980505139,-0.23629532175768825,0.02237173398222421,0.11083389825804757,0,0.0,0.0,0,-1.5234090915989258,-2.0966343879699707,0.5732252963710449,1214,1214,1214,1,-0.2606508216060448,1,0.7378647873726218,-0.024355499848356554,0,0.0,0,0,0.0,0.0
407,13,17,True,4,-0.09330031341292538,3,3,0,0.316227766016838,-0.30401360066500976,0.12238577477649573,0.21071328725208438,0,0.0,0.0,0,-1.5301906743687703,-2.15171217918396,0.6215215048151896,1788,1788,1788,2,-0.290293006568027,1,-0.316227766016838,0.013720594096982786,1,0.013720594096982786,0,0,0.0,0.0
408,13,18,True,4,-0.06034783000091857,3,3,0,0.19999999999999998,-0.404553455920251,0.16909403868341585,0.3442056259193324,0,0.0,0.0,0,-1.509660603322494,-2.09610652923584,0.5864459259133459,1983,1983,1983,3,-0.29222274170400425,0,0.9486832980505139,0.11233071421624674,0,0.0,0,0,0.0,0.0
409,13,19,True,4,-0.027325714507198874,3,3,0,0.39999999999999997,-0.2679786310030273,0.12479851061876035,0.24065291649582846,0,0.0,0.0,0,-1.4664929658186305,-1.984726905822754,0.5182339400041234,236,236,236,3,-0.26270593947812976,0,0.39999999999999997,0.005272691524897566,0,0.0,0,0,0.0,0.0
410,13,20,True,3,0.006599142195252235,1,1,0,1.0,-0.30081588794696373,0.1406582536823989,0.307415030142216,0,0.0,0.0,0,-1.0376460297281958,-1.9957022666931152,0.9580562369649195,479,479,479,1,-0.23110365499453428,0,0.7999999999999999,0.06971223295242945,0,0.0,0,0,0.0,0.0
411,13,21,True,2,-0.02834689411343548,2,2,0,0.9486832980505139,-0.26947297519169056,0.12464560864231469,0.24112608107825506,0,0.0,0.0,0,-1.0952905440570788,-2.138338327407837,1.043047783350758,28,28,28,2,-0.2955324519250814,0,0.9486832980505139,-0.02605947673339082,0,0.0,0,0,0.0,0.0
412,13,22,True,2,-0.13433415078654387,0,0,0,0.9486832980505139,-0.3409245428403266,0.12000764268203507,0.2065903920537827,0,0.0,0.0,0,-1.2675854156972373,-2.8851234912872314,1.6175380755899942,14,14,14,0,-1.617451568729915,0,0.9486832980505139,-1.2765270258895884,0,0.0,0,0,0.0,0.0
413,13,23,False,0,-50.0,0,0,0,,-2.598060975426111,2.037621039635e-16,-47.40193902457389,0,0.0,0.0,0,-2.9078903063269363,-2.6620798110961914,0.24581049523074494,0,0,0,0,-50.0,0,,-47.40193902457389,0,0.0,0,0,0.0,0.0
414,13,24,False,0,-50.0,0,2,1,,-2.598060975426111,2.037621039635e-16,-47.40193902457389,0,0.0,0.0,0,-2.908995698806518,-2.5979838371276855,0.31101186167883244,0,0,0,0,-50.0,1,,-47.40193902457389,0,0.0,0,0,0.0,0.0
415,13,25,False,0,-50.0,0,2,1,,-2.598060975426111,2.037621039635e-16,-47.40193902457389,0,0.0,0.0,0,-2.9098792454500804,-2.4364845752716064,0.4733946701784739,0,0,0,0,-50.0,1,,-47.40193902457389,0,0.0,0,0,0.0,0.0
416,13,26,False,0,-50.0,0,1,1,,-1.7553510951214175,0.1618964503333893,-48.24464890487858,0,0.0,0.0,0,-0.8866364734848852,-1.1320558786392212,0.24541940515433602,0,0,0,0,-50.0,1,,-48.24464890487858,0,0.0,0,0,0.0,0.0
417,13,27,False,0,-50.0,0,1,1,,-2.598060975426111,2.037621039635e-16,-47.40193902457389,0,0.0,0.0,0,-0.8721539041303562,-0.7311576008796692,0.14099630325068702,0,0,0,0,-50.0,1,,-47.40193902457389,0,0.0,0,0,0.0,0.0
418,13,28,False,0,-50.0,0,1,1,,-2.598060975426111,2.037621039635e-16,-47.40193902457389,0,0.0,0.0,0,-1.5215073834742228,-0.9497950077056885,0.5717123757685343,0,0,0,0,-50.0,1,,-47.40193902457389,0,0.0,0,0,0.0,0.0
419,13,29,False,0,-50.0,0,2,1,,-2.598060975426111,2.037621039635e-16,-47.40193902457389,0,0.0,0.0,0,-1.50912791491898,-0.9428195357322693,0.5663083791867107,0,0,0,0,-50.0,1,,-47.40193902457389,0,0.0,0,0,0.0,0.0
420,14,0,False,0,-50.0,0,3,1,,-2.4977709532232266,0.07312158494129786,-47.502229046776776,0,0.0,0.0,0,-2.5550965222188533,-2.5117948055267334,0.04330171669211991,0,0,0,0,-50.0,1,,-47.502229046776776,0,0.0,0,0,0.0,0.0
421,14,1,False,0,-50.0,0,0,0,,-2.598060975426111,2.037621039635e-16,-47.40193902457389,0,0.0,0.0,0,-2.5464842197351527,-2.5033576488494873,0.043126570885665405,0,0,0,0,-50.0,0,,-47.40193902457389,0,0.0,0,0,0.0,0.0
422,14,2,False,0,-50.0,0,1,1,,-2.598060975426111,2.037621039635e-16,-47.40193902457389,0,0.0,0.0,0,-2.374191779079465,-2.4910800457000732,0.11688826662060814,0,0,0,0,-50.0,1,,-47.40193902457389,0,0.0,0,0,0.0,0.0
423,14,3,False,0,-50.0,0,1,1,,-2.524951391864106,0.07310958356200459,-47.47504860813589,0,0.0,0.0,0,-2.3103154309811385,-2.4120423793792725,0.10172694839813401,0,0,0,0,-50.0,1,,-47.47504860813589,0,0.0,0,0,0.0,0.0
424,14,4,False,0,-50.0,0,3,1,,-2.0517711073943934,0.1452676487003428,-47.948228892605606,0,0.0,0.0,0,-2.5979851354696883,-2.668914556503296,0.07092942103360755,0,0,0,0,-50.0,1,,-47.948228892605606,0,0.0,0,0,0.0,0.0
425,14,5,False,0,-50.0,0,0,0,,-2.0051828275440715,0.14247014549923517,-47.99481717245593,0,0.0,0.0,0,-2.589608796442442,-2.6186740398406982,0.029065243398256335,0,0,0,0,-50.0,0,,-47.99481717245593,0,0.0,0,0,0.0,0.0
426,14,6,False,0,-50.0,0,1,1,,-2.0467893476803094,0.14758715029153063,-47.95321065231969,0,0.0,0.0,0,-2.567782557430274,-2.5898869037628174,0.022104346332543212,0,0,0,0,-50.0,1,,-47.95321065231969,0,0.0,0,0,0.0,0.0
427,14,7,False,0,-50.0,0,1,1,,-1.9963626100470973,0.14491721787878678,-48.0036373899529,0,0.0,0.0,0,-2.787191434093066,-2.603289842605591,0.1839015914874751,0,0,0,0,-50.0,1,,-48.0036373899529,0,0.0,0,0,0.0,0.0
428,14,8,True,1,-1.538816847810794,1,1,0,0.7745966692414834,-2.061375171693666,0.14299871399053088,0.5225583238828719,0,0.0,0.0,0,-2.828625929763044,-2.61222243309021,0.2164034966728341,3,3,3,1,-5.63448118220839,0,0.7745966692414834,-3.573106010514724,0,0.0,0,0,0.0,0.0
429,14,9,False,0,-50.0,0,3,1,,-2.598060975426111,2.037621039635e-16,-47.40193902457389,0,0.0,0.0,0,-2.9238833280938397,-2.7128303050994873,0.21105302299435236,0,0,0,0,-50.0,1,,-47.40193902457389,0,0.0,0,0,0.0,0.0
430,14,10,False,0,-50.0,0,1,1,,-2.598060975426111,2.037621039635e-16,-47.40193902457389,0,0.0,0.0,0,-2.9464085085348244,-2.708022117614746,0.2383863909200783,0,0,0,0,-50.0,1,,-47.40193902457389,0,0.0,0,0,0.0,0.0
431,14,11,False,0,-50.0,0,0,0,,-2.1519286802516393,0.13048219235856373,-47.848071319748364,0,0.0,0.0,0,-2.8727276220644344,-2.849541425704956,0.023186196359478384,0,0,0,0,-50.0,0,,-47.848071319748364,0,0.0,0,0,0.0,0.0
432,14,12,True,1,-1.1103814474617513,3,3,0,0.7745966692414834,-1.8901509681991762,0.18046759191629216,0.7797695207374249,0,0.0,0.0,0,-2.8459539598336896,-2.760188579559326,0.08576538027436342,12,12,12,3,-2.855829819459507,0,0.7745966692414834,-0.9656788512603307,0,0.0,0,0,0.0,0.0
433,14,13,True,2,-1.091294392052832,1,1,0,0.9486832980505139,-2.2733879378933666,0.12356299509102014,1.1820935458405346,0,0.0,0.0,0,-2.840303134111913,-2.7980902194976807,0.04221291461423249,170,170,170,3,-1.580088717877435,1,0.7378647873726218,0.6932992200159316,1,0.6932992200159316,1,0,0.0,0.0
434,14,14,True,3,-1.1290905413774248,2,1,1,0.39999999999999997,-2.1819015659948118,0.13861093226885765,1.052811024617387,1,1.052811024617387,0.44760532862151126,1,-2.8577730707263136,-2.9216413497924805,0.06386827906616688,2,295,2,1,-1.5613349681264226,0,1.0,0.6205665978683892,0,0.0,0,0,0.0,0.0
435,14,15,True,2,-1.1503058430058426,2,1,1,0.7378647873726218,-2.502485359586,0.047613716947880684,1.3521795165801576,1,1.3521795165801576,0.5748826168438873,1,-2.866843133053212,-2.7859511375427246,0.0808919955104872,49,128,49,1,-1.575575560203841,0,0.9486832980505139,0.9269097993821591,0,0.0,0,0,0.0,0.0
436,14,16,True,2,-0.11268576207476975,3,3,0,0.9486832980505139,-0.13350718274422943,0.020009269283552324,0.020821420669459675,0,0.0,0.0,0,-1.281880779571441,-2.416471004486084,1.134590224914643,116,116,116,3,-0.22905853145647806,0,0.9486832980505139,-0.09555134871224863,0,0.0,0,0,0.0,0.0
437,14,17,True,2,-0.07954158994712489,1,1,0,0.9486832980505139,-0.2064655829422489,0.12703603681113865,0.12692399299512402,0,0.0,0.0,0,-1.1440344190368044,-2.3976776599884033,1.253643240951599,240,240,240,1,-0.19794597468155367,0,0.9486832980505139,0.008519608260695227,0,0.0,0,0,0.0,0.0
438,14,18,True,2,0.01607157595321568,1,1,0,0.9486832980505139,0.00020912939223464156,0.017681355659708582,0.015862446560981038,0,0.0,0.0,0,-0.8092777745422234,-1.7665762901306152,0.9572985155883919,162,162,162,1,-0.13718452066397888,0,0.9486832980505139,-0.1373936500562135,0,0.0,0,0,0.0,0.0
439,14,19,True,4,0.009546269332556761,3,2,1,0.7378647873726218,-0.023768790935060218,0.017957775931134505,0.03331506026761698,1,0.03331506026761698,0.01416398399185787,0,-0.9398787300178773,-1.8986190557479858,0.9587403257301086,300,204,204,2,-0.16889421661070617,0,0.316227766016838,-0.14512542567564596,0,0.0,0,0,0.0,0.0
440,14,20,True,4,0.041768987874874854,3,2,1,0.0,-0.20337038257062606,0.11457983478804264,0.2451393704455009,1,0.2451393704455009,0.10422163702759987,1,-1.0008277465343283,-1.7542309761047363,0.7534032295704081,88,472,88,3,-0.1982718420378816,1,0.6000000000000001,0.005098540532744472,1,0.005098540532744472,0,1,0.005098540532744472,0.0023095460396311564
441,14,21,True,2,0.07550950295814095,3,1,1,0.7378647873726218,-1.2782886336326718,0.20940374112453727,1.3537981365908127,1,1.3537981365908127,0.5755707773255331,1,-1.0681734852074956,-1.50189208984375,0.43371860463625445,2,115,2,1,-0.16758358353831757,0,0.9486832980505139,1.1107050500943543,0,0.0,0,0,0.0,0.0
442,14,22,True,1,0.10657525483594818,1,1,0,0.7745966692414834,0.0766930630166545,0.019240887439820772,0.029882191819293677,0,0.0,0.0,0,-0.46607685244890557,-1.0995864868164062,0.6335096343675006,4,4,4,1,-1.3429179695038127,0,0.7745966692414834,-1.4196110325204672,0,0.0,0,0,0.0,0.0
443,14,23,False,0,-50.0,0,2,1,,-0.17977708716606527,0.14533973769889139,-49.820222912833934,0,0.0,0.0,0,-0.5375989510741707,-0.8678942322731018,0.33029528119893115,0,0,0,0,-50.0,1,,-49.820222912833934,0,0.0,0,0,0.0,0.0
444,14,24,False,0,-50.0,0,1,1,,-1.6705882834040573,0.14721303150897647,-48.32941171659594,0,0.0,0.0,0,-0.6995297976955606,-1.1958262920379639,0.4962964943424033,0,0,0,0,-50.0,1,,-48.32941171659594,0,0.0,0,0,0.0,0.0
445,14,25,False,0,-50.0,0,1,1,,-1.7013039877818084,0.15120088178121194,-48.298696012218194,0,0.0,0.0,0,-0.8187965657083012,-1.413275957107544,0.5944793913992428,0,0,0,0,-50.0,1,,-48.298696012218194,0,0.0,0,0,0.0,0.0
446,14,26,False,0,-50.0,0,2,1,,-1.6705882834040573,0.14721303150897647,-48.32941171659594,0,0.0,0.0,0,-0.8556919216273057,-1.0398943424224854,0.18420242079517968,0,0,0,0,-50.0,1,,-48.32941171659594,0,0.0,0,0,0.0,0.0
447,14,27,False,0,-50.0,0,1,1,,-2.598060975426111,2.037621039635e-16,-47.40193902457389,0,0.0,0.0,0,-0.8282538576595226,-0.8078933358192444,0.020360521840278256,0,0,0,0,-50.0,1,,-47.40193902457389,0,0.0,0,0,0.0,0.0
448,14,28,False,0,-50.0,0,0,0,,-2.598060975426111,2.037621039635e-16,-47.40193902457389,0,0.0,0.0,0,-1.5056014730928118,-1.0211644172668457,0.4844370558259661,0,0,0,0,-50.0,0,,-47.40193902457389,0,0.0,0,0,0.0,0.0
449,14,29,False,0,-50.0,0,1,1,,-2.598060975426111,2.037621039635e-16,-47.40193902457389,0,0.0,0.0,0,-1.3996506719744468,-0.7592867016792297,0.6403639702952171,0,0,0,0,-50.0,1,,-47.40193902457389,0,0.0,0,0,0.0,0.0
450,15,0,False,0,-50.0,0,3,1,,-2.598060975426111,2.037621039635e-16,-47.40193902457389,0,0.0,0.0,0,-2.6857492973044774,-2.456042766571045,0.2297065307334325,0,0,0,0,-50.0,1,,-47.40193902457389,0,0.0,0,0,0.0,0.0
451,15,1,False,0,-50.0,0,1,1,,-2.598060975426111,2.037621039635e-16,-47.40193902457389,0,0.0,0.0,0,-2.722550521221932,-2.599626302719116,0.12292421850281565,0,0,0,0,-50.0,1,,-47.40193902457389,0,0.0,0,0,0.0,0.0
452,15,2,False,0,-50.0,0,3,1,,-2.524951391864106,0.07310958356200459,-47.47504860813589,0,0.0,0.0,0,-2.303807843797578,-2.3577358722686768,0.05392802847109879,0,0,0,0,-50.0,1,,-47.47504860813589,0,0.0,0,0,0.0,0.0
453,15,3,False,0,-50.0,0,3,1,,-2.598060975426111,2.037621039635e-16,-47.40193902457389,0,0.0,0.0,0,-2.302518079343053,-2.4305496215820312,0.12803154223897817,0,0,0,0,-50.0,1,,-47.40193902457389,0,0.0,0,0,0.0,0.0
454,15,4,False,0,-50.0,0,3,1,,-2.548539303756317,0.04952167166979408,-47.451460696243686,0,0.0,0.0,0,-2.284611966086663,-2.3727853298187256,0.08817336373206253,0,0,0,0,-50.0,1,,-47.451460696243686,0,0.0,0,0,0.0,0.0
455,15,5,False,0,-50.0,0,1,1,,-2.533891082223852,0.0641698932022593,-47.46610891777615,0,0.0,0.0,0,-2.276244017651666,-2.4768898487091064,0.20064583105744038,0,0,0,0,-50.0,1,,-47.46610891777615,0,0.0,0,0,0.0,0.0
456,15,6,False,0,-50.0,0,3,1,,-2.060532503249356,0.1432273792820613,-47.939467496750645,0,0.0,0.0,0,-2.5605251345899154,-2.632359743118286,0.07183460852837076,0,0,0,0,-50.0,1,,-47.939467496750645,0,0.0,0,0,0.0,0.0
457,15,7,False,0,-50.0,0,1,1,,-2.00664749988367,0.15560583366515676,-47.99335250011633,0,0.0,0.0,0,-2.7773648328495493,-2.60859751701355,0.16876731583599947,0,0,0,0,-50.0,1,,-47.99335250011633,0,0.0,0,0,0.0,0.0
458,15,8,True,2,-1.5240574227084305,3,3,0,0.9486832980505139,-1.9972052784914065,0.14471089129287834,0.473147855782976,0,0.0,0.0,0,-2.8269855700344233,-2.620699405670166,0.20628616436425729,4,4,4,0,-5.6359384443879135,1,0.7378647873726218,-3.638733165896507,0,0.0,0,0,0.0,0.0
459,15,9,True,2,-1.5041794091025538,1,1,0,0.9486832980505139,-1.9289402958578716,0.1802549277827843,0.42476088675531787,0,0.0,0.0,0,-2.824378014398873,-2.6354289054870605,0.1889491089118125,2,2,2,2,-6.754882916255042,1,0.7378647873726218,-4.8259426203971705,0,0.0,0,0,0.0,0.0
460,15,10,False,0,-50.0,0,3,1,,-2.598060975426111,2.037621039635e-16,-47.40193902457389,0,0.0,0.0,0,-2.9497616327801066,-2.8863983154296875,0.06336331735041911,0,0,0,0,-50.0,1,,-47.40193902457389,0,0.0,0,0,0.0,0.0
461,15,11,True,2,-2.9999989435144365,1,1,0,0.4472135954999579,-2.598060975426111,2.037621039635e-16,-0.4019379680883257,0,0.0,0.0,0,-2.950920043117626,-2.9016988277435303,0.04922121537409563,5,5,5,1,-28.541594373517302,0,0.632455532033676,-25.94353339809119,0,0.0,0,0,0.0,0.0
462,15,12,True,2,-1.1362132186611735,3,3,0,0.9486832980505139,-2.2404140919335993,0.13947134143492146,1.1042008732724258,0,0.0,0.0,0,-2.8590298663498417,-2.934497594833374,0.07546772848353234,99,99,99,3,-1.5773422056048254,0,0.9486832980505139,0.6630718863287739,0,0.0,0,0,0.0,0.0
463,15,13,True,4,-1.114348438983453,0,0,0,0.39999999999999997,-1.9231248141589432,0.17204606823296006,0.8087763751754902,0,0.0,0.0,0,-2.8496705040720984,-2.7640464305877686,0.08562407348432988,300,300,300,3,-1.56137980224452,1,-0.39999999999999997,0.3617450119144232,1,0.3617450119144232,1,0,0.0,0.0
464,15,14,True,4,-1.1348089691614593,2,1,1,-0.19999999999999998,-2.139558099376622,0.1540188357066854,1.0047491302151628,1,1.0047491302151628,0.42717168997691396,1,-2.8558899657114774,-2.7699902057647705,0.08589975994670684,255,808,255,1,-1.5447329912997891,0,0.19999999999999998,0.594825108076833,0,0.0,0,0,0.0,0.0
465,15,15,True,4,-1.1698975518320762,0,1,1,-0.19999999999999998,-2.395968535764819,0.11236747519087421,1.2260709839327428,1,1.2260709839327428,0.521267248199608,1,-2.867861353637261,-2.863480806350708,0.004380547286552794,121,1057,121,1,-1.560405710633494,0,0.316227766016838,0.835562825131325,0,0.0,0,0,0.0,0.0
466,15,16,True,2,-0.012571234196139864,1,1,0,0.9486832980505139,-0.020780694332975986,0.017907783475943583,0.008209460136836122,0,0.0,0.0,0,-0.9366836059243491,-2.234649181365967,1.2979655754416177,49,49,49,1,-0.13471514381308147,0,0.9486832980505139,-0.11393444948010549,0,0.0,0,0,0.0,0.0
467,15,17,True,2,-0.047334669389189024,2,2,0,0.9486832980505139,-0.050780928569928774,0.015810936271276513,0.0034462591807397497,0,0.0,0.0,0,-1.088258275583506,-2.491022825241089,1.402764549657583,103,103,103,2,-0.1665066342137799,0,0.9486832980505139,-0.11572570564385112,0,0.0,0,0,0.0,0.0
468,15,18,True,3,0.048712963902661145,1,1,0,0.7999999999999999,-0.08932876465251609,0.13360971758262452,0.13804172855517724,0,0.0,0.0,0,-0.7339184934362397,-1.852276086807251,1.1183575933710113,165,165,165,1,-0.10506552555828218,0,0.7999999999999999,-0.01573676090576609,0,0.0,0,0,0.0,0.0
469,15,19,False,0,-50.0,0,1,1,,0.08729331088061847,0.017210742262153446,-50.08729331088062,0,0.0,0.0,0,-0.6135695811243563,-1.4756574630737305,0.8620878819493741,0,0,0,0,-50.0,1,,-50.08729331088062,0,0.0,0,0,0.0,0.0
470,15,20,True,2,0.04796887837875893,1,1,0,0.9486832980505139,-0.26141079202846595,0.17211623620981464,0.3093796704072249,0,0.0,0.0,0,-0.8529984770484054,-1.3775510787963867,0.5245526017479814,99,99,99,1,-0.0698499310087312,0,0.9486832980505139,0.19156086101973474,0,0.0,0,0,0.0,0.0
471,15,21,True,3,0.0447544085991118,0,1,1,0.19999999999999998,-1.4824686204190756,0.16261095779623036,1.5272230290181874,1,1.5272230290181874,0.6493028186425549,1,-1.0707442432611654,-1.7720324993133545,0.7012882560521891,2,329,2,2,-0.10405835873337405,1,0.7999999999999999,1.3784102616857015,1,1.3784102616857015,1,1,1.3784102616857015,0.6243947538354714
472,15,22,True,1,0.1379548021872686,3,3,0,0.7745966692414834,0.10949867014044112,0.020778424327449623,0.02845613204682748,0,0.0,0.0,0,-0.4173717326264173,-0.591693103313446,0.17432137068702874,6,6,6,3,-0.04153213875623243,0,0.7745966692414834,-0.15103080889667356,0,0.0,0,0,0.0,0.0
473,15,23,True,2,0.16965131466334984,1,1,0,0.9486832980505139,0.1533269467658886,0.019191896467132555,0.01632436789746125,0,0.0,0.0,0,-0.34450104842090085,-0.33343586325645447,0.011065185164446378,4,4,4,1,0.025946952615255738,0,0.9486832980505139,-0.12737999415063286,0,0.0,0,0,0.0,0.0
474,15,24,False,0,-50.0,0,0,0,,-1.5734608643328465,0.16473542070739208,-48.426539135667156,0,0.0,0.0,0,-0.7475021126993255,-1.2177410125732422,0.47023889987391665,0,0,0,0,-50.0,0,,-48.426539135667156,0,0.0,0,0,0.0,0.0
475,15,25,False,0,-50.0,0,2,1,,-1.6705882834040573,0.14721303150897647,-48.32941171659594,0,0.0,0.0,0,-0.7907089513355208,-1.5310090780258179,0.7403001266902971,0,0,0,0,-50.0,1,,-48.32941171659594,0,0.0,0,0,0.0,0.0
476,15,26,False,0,-50.0,0,1,1,,-2.598060975426111,2.037621039635e-16,-47.40193902457389,0,0.0,0.0,0,-0.7679969046783741,-0.7839480042457581,0.015951099567383942,0,0,0,0,-50.0,1,,-47.40193902457389,0,0.0,0,0,0.0,0.0
477,15,27,False,0,-50.0,0,2,1,,-2.598060975426111,2.037621039635e-16,-47.40193902457389,0,0.0,0.0,0,-0.7992236375963804,-0.7586840987205505,0.04053953887582984,0,0,0,0,-50.0,1,,-47.40193902457389,0,0.0,0,0,0.0,0.0
478,15,28,False,0,-50.0,0,2,1,,-2.598060975426111,2.037621039635e-16,-47.40193902457389,0,0.0,0.0,0,-0.8523344678579725,-0.8294298052787781,0.022904662579194435,0,0,0,0,-50.0,1,,-47.40193902457389,0,0.0,0,0,0.0,0.0
479,15,29,False,0,-50.0,0,1,1,,-2.598060975426111,2.037621039635e-16,-47.40193902457389,0,0.0,0.0,0,-1.3018157906932497,-0.6578888297080994,0.6439269609851503,0,0,0,0,-50.0,1,,-47.40193902457389,0,0.0,0,0,0.0,0.0
480,16,0,False,0,-50.0,0,3,1,,-2.598060975426111,2.037621039635e-16,-47.40193902457389,0,0.0,0.0,0,-2.7057767254397413,-2.175616502761841,0.5301602226779005,0,0,0,0,-50.0,1,,-47.40193902457389,0,0.0,0,0,0.0,0.0
481,16,1,False,0,-50.0,0,0,0,,-2.598060975426111,2.037621039635e-16,-47.40193902457389,0,0.0,0.0,0,-2.724596214864406,-2.502232313156128,0.2223639017082779,0,0,0,0,-50.0,0,,-47.40193902457389,0,0.0,0,0,0.0,0.0
482,16,2,False,0,-50.0,0,3,1,,-2.598060975426111,2.037621039635e-16,-47.40193902457389,0,0.0,0.0,0,-2.0299434829240703,-2.3541855812072754,0.32424209828320505,0,0,0,0,-50.0,1,,-47.40193902457389,0,0.0,0,0,0.0,0.0
483,16,3,False,0,-50.0,0,1,1,,-2.598060975426111,2.037621039635e-16,-47.40193902457389,0,0.0,0.0,0,-2.0115616645875747,-2.3559281826019287,0.34436651801435403,0,0,0,0,-50.0,1,,-47.40193902457389,0,0.0,0,0,0.0,0.0
484,16,4,False,0,-50.0,0,1,1,,-2.598060975426111,2.037621039635e-16,-47.40193902457389,0,0.0,0.0,0,-2.008932416780774,-2.4240753650665283,0.41514294828575427,0,0,0,0,-50.0,1,,-47.40193902457389,0,0.0,0,0,0.0,0.0
485,16,5,False,0,-50.0,0,1,1,,-2.598060975426111,2.037621039635e-16,-47.40193902457389,0,0.0,0.0,0,-2.022621597585626,-2.606978178024292,0.5843565804386661,0,0,0,0,-50.0,1,,-47.40193902457389,0,0.0,0,0,0.0,0.0
487,16,7,False,0,-50.0,0,3,1,,-1.9972052784914065,0.14471089129287834,-48.00279472150859,0,0.0,0.0,0,-2.8105489484143735,-2.4958884716033936,0.31466047681097997,0,0,0,0,-50.0,1,,-48.00279472150859,0,0.0,0,0,0.0,0.0
488,16,8,False,0,-50.0,0,3,1,,-1.8647704026556131,0.17913650549130966,-48.135229597344384,0,0.0,0.0,0,-2.814052053065086,-2.5007107257843018,0.3133413272807841,0,0,0,0,-50.0,1,,-48.135229597344384,0,0.0,0,0,0.0,0.0
489,16,9,True,1,-1.4890701108819253,1,1,0,0.7745966692414834,-1.800600509453354,0.1767893836997048,0.3115303985714286,0,0.0,0.0,0,-2.8121218362490583,-2.5964434146881104,0.21567842156094796,2,2,2,1,-6.427835832551935,0,0.7745966692414834,-4.627235323098581,0,0.0,0,0,0.0,0.0
490,16,10,True,1,-2.9999989435144365,3,3,0,0.7745966692414834,-2.598060975426111,2.037621039635e-16,-0.4019379680883257,0,0.0,0.0,0,-2.94484899066303,-3.014685869216919,0.06983687855388876,1,1,1,3,-27.30018524796047,0,0.7745966692414834,-24.70212427253436,0,0.0,0,0,0.0,0.0
491,16,11,True,1,-2.9999989435144365,0,0,0,0.7745966692414834,-2.598060975426111,2.037621039635e-16,-0.4019379680883257,0,0.0,0.0,0,-2.9505999236954374,-2.9554808139801025,0.004880890284665096,4,4,4,0,-28.240551954166744,0,0.7745966692414834,-25.642490978740632,0,0.0,0,0,0.0,0.0
492,16,12,True,4,-1.1567578879195528,0,0,0,0.316227766016838,-1.9317629110974117,0.1837267528979107,0.7750050231778589,0,0.0,0.0,0,-2.87681582688507,-2.8298239707946777,0.04699185609039214,32,32,32,0,-1.5931398998774844,0,0.316227766016838,0.33862301121992733,0,0.0,0,0,0.0,0.0
493,16,13,True,2,-1.1760411044338868,3,1,1,0.7378647873726218,-1.5050089091411616,0.18957864482619413,0.3289678047072748,1,0.3289678047072748,0.13986151254961424,0,-2.828795400513641,-2.7353196144104004,0.09347578610324048,184,67,67,1,-1.5109727572678024,0,0.9486832980505139,-0.005963848126640858,0,0.0,0,0,0.0,0.0
494,16,14,True,4,-1.1553760976404843,0,0,0,0.19999999999999998,-2.1819015659948118,0.13861093226885765,1.0265254683543275,0,0.0,0.0,0,-2.855638145735998,-2.837672710418701,0.017965435317296663,676,676,676,2,-1.5279428437875389,1,-0.39999999999999997,0.6539587222072729,1,0.6539587222072729,1,0,0.0,0.0
495,16,15,True,2,-1.1753157904584595,2,0,1,0.7378647873726218,-2.502485359586,0.047613716947880684,1.3271695691275407,1,1.3271695691275407,0.5642495730339561,1,-2.86631220020491,-2.9084057807922363,0.04209358058732615,327,1073,327,2,-1.5442753293388927,1,0.7378647873726218,0.9582100302471075,1,0.9582100302471075,1,1,0.9582100302471075,0.4340516989674327
496,16,16,True,2,0.018957719154616654,3,3,0,0.9486832980505139,0.020014988228039245,0.018923741734178042,-0.0010572690734225905,0,0.0,0.0,0,-0.7827521857812638,-2.158836603164673,1.376084417383409,57,57,57,1,-0.10256697242428928,1,0.7378647873726218,-0.12258196065232851,0,0.0,0,0,0.0,0.0
497,16,17,True,3,0.05217080977680569,3,1,1,0.7999999999999999,-0.08475059102409066,0.13384260213115093,0.13692140080089635,1,0.13692140080089635,0.058212487490882536,0,-0.7546030984213831,-2.0733680725097656,1.3187649740883827,3,98,3,1,-0.07095492084203038,0,1.0,0.01379567018206028,0,0.0,0,0,0.0,0.0
498,16,18,True,2,0.08300081727904388,1,1,0,0.9486832980505139,0.08145214080963122,0.020188876726161018,0.0015486764694126604,0,0.0,0.0,0,-0.7047577545038606,-1.699852466583252,0.9950947120793914,205,205,205,1,-0.07258472853585993,0,0.9486832980505139,-0.15403686934549116,0,0.0,0,0,0.0,0.0
499,16,19,True,1,0.12074745687592989,1,1,0,0.7745966692414834,0.1158556071880626,0.021453934910717985,0.004891849687867281,0,0.0,0.0,0,-0.5866579080902327,-1.2377519607543945,0.6510940526641619,5,5,5,1,-1.3398844113299253,0,0.7745966692414834,-1.4557400185179878,0,0.0,0,0,0.0,0.0
500,16,20,True,3,0.08116885393183315,1,1,0,0.7999999999999999,0.08734045315629549,0.01765705976299574,-0.0061715992244623374,0,0.0,0.0,0,-0.7654645972188449,-1.365360975265503,0.5998963780466581,128,128,128,1,-0.036928108157409774,0,0.7999999999999999,-0.12426856131370526,0,0.0,0,0,0.0,0.0
501,16,21,True,3,0.011784200298571476,0,0,0,0.7999999999999999,-1.4489096957085015,0.18518099251630524,1.460693896007073,0,0.0,0.0,0,-1.1249625563637302,-1.6363332271575928,0.5113706707938626,321,321,321,0,-0.13616752892541736,0,0.7999999999999999,1.312742166783084,0,0.0,0,0,0.0,0.0
502,16,22,True,1,-0.019610950597725003,2,2,0,0.7745966692414834,-1.4824686204190756,0.16261095779623036,1.4628576698213505,0,0.0,0.0,0,-1.1453353560056057,-1.768799901008606,0.6234645450030003,292,292,292,2,-0.1671027973140167,0,0.7745966692414834,1.315365823105059,0,0.0,0,0,0.0,0.0
503,16,23,True,1,0.2016679939321188,3,3,0,0.7745966692414834,0.04647170974744786,0.14042996792039733,0.15519628418467094,0,0.0,0.0,0,-0.28184287567625765,-0.5458455681800842,0.2640026925038266,4,4,4,3,0.06081408560744453,0,0.7745966692414834,0.014342375859996669,0,0.0,0,0,0.0,0.0
504,16,24,True,2,0.23400807400158236,1,1,0,0.9486832980505139,0.2251599700145861,0.016990454616105904,0.008848103986996259,0,0.0,0.0,0,-0.20435010775818888,-0.3554643988609314,0.15111429110274252,4,4,4,1,0.09518056379213588,0,0.9486832980505139,-0.12997940622245022,0,0.0,0,0,0.0,0.0
505,16,25,True,1,0.2016679939321188,1,1,0,0.7745966692414834,0.05256933233653312,0.14039076397576464,0.14909866159558566,0,0.0,0.0,0,-0.24532887357323296,-0.428913414478302,0.18358454090506904,1,1,1,1,0.06347900471403183,0,0.7745966692414834,0.010909672377498708,0,0.0,0,0,0.0,0.0
506,16,26,False,0,-50.0,0,3,1,,-2.598060975426111,2.037621039635e-16,-47.40193902457389,0,0.0,0.0,0,-0.7398235199153702,-0.8267130255699158,0.08688950565454556,0,0,0,0,-50.0,1,,-47.40193902457389,0,0.0,0,0,0.0,0.0
507,16,27,False,0,-50.0,0,1,1,,-2.598060975426111,2.037621039635e-16,-47.40193902457389,0,0.0,0.0,0,-0.6610176436698665,-0.5853311419487,0.07568650172116653,0,0,0,0,-50.0,1,,-47.40193902457389,0,0.0,0,0,0.0,0.0
508,16,28,False,0,-50.0,0,1,1,,-2.598060975426111,2.037621039635e-16,-47.40193902457389,0,0.0,0.0,0,-1.305898083453856,-1.1025969982147217,0.20330108523913437,0,0,0,0,-50.0,1,,-47.40193902457389,0,0.0,0,0,0.0,0.0
509,16,29,False,0,-50.0,0,1,1,,-2.598060975426111,2.037621039635e-16,-47.40193902457389,0,0.0,0.0,0,-1.5421293976490051,-0.7109857201576233,0.8311436774913818,0,0,0,0,-50.0,1,,-47.40193902457389,0,0.0,0,0,0.0,0.0
510,17,0,False,0,-50.0,0,3,1,,-2.598060975426111,2.037621039635e-16,-47.40193902457389,0,0.0,0.0,0,-2.0942221365683085,-2.2040646076202393,0.10984247105193079,0,0,0,0,-50.0,1,,-47.40193902457389,0,0.0,0,0,0.0,0.0
511,17,1,False,0,-50.0,0,3,1,,-2.598060975426111,2.037621039635e-16,-47.40193902457389,0,0.0,0.0,0,-2.0528481940117302,-2.1218369007110596,0.06898870669932933,0,0,0,0,-50.0,1,,-47.40193902457389,0,0.0,0,0,0.0,0.0
512,17,2,False,0,-50.0,0,0,0,,-2.598060975426111,2.037621039635e-16,-47.40193902457389,0,0.0,0.0,0,-2.041320324240619,-2.291991710662842,0.25067138642222275,0,0,0,0,-50.0,0,,-47.40193902457389,0,0.0,0,0,0.0,0.0
513,17,3,False,0,-50.0,0,3,1,,-2.598060975426111,2.037621039635e-16,-47.40193902457389,0,0.0,0.0,0,-1.984535447152137,-2.3603720664978027,0.3758366193456657,0,0,0,0,-50.0,1,,-47.40193902457389,0,0.0,0,0,0.0,0.0
514,17,4,False,0,-50.0,0,3,1,,-2.598060975426111,2.037621039635e-16,-47.40193902457389,0,0.0,0.0,0,-1.9636600531000232,-2.609189748764038,0.6455296956640149,0,0,0,0,-50.0,1,,-47.40193902457389,0,0.0,0,0,0.0,0.0
515,17,5,False,0,-50.0,0,3,1,,-2.598060975426111,2.037621039635e-16,-47.40193902457389,0,0.0,0.0,0,-1.9416309133974436,-2.660252332687378,0.7186214192899343,0,0,0,0,-50.0,1,,-47.40193902457389,0,0.0,0,0,0.0,0.0
516,17,6,False,0,-50.0,0,1,1,,-2.598060975426111,2.037621039635e-16,-47.40193902457389,0,0.0,0.0,0,-1.8890374726390076,-2.6689159870147705,0.7798785143757629,0,0,0,0,-50.0,1,,-47.40193902457389,0,0.0,0,0,0.0,0.0
517,17,7,False,0,-50.0,0,3,1,,-1.968672218550297,0.15811119431303688,-48.031327781449704,0,0.0,0.0,0,-2.8119281394898064,-2.271982431411743,0.5399457080780632,0,0,0,0,-50.0,1,,-48.031327781449704,0,0.0,0,0,0.0,0.0
518,17,8,True,1,-1.4583921153110135,1,1,0,0.7745966692414834,-1.8833054726695717,0.17718077215505507,0.4249133573585582,0,0.0,0.0,0,-2.809873881866661,-2.446254014968872,0.363619866897789,2,2,2,1,-5.336959854023376,0,0.7745966692414834,-3.453654381353804,0,0.0,0,0,0.0,0.0
519,17,9,True,1,-1.473808193487351,2,1,1,0.2581988897471611,-1.9901898661684736,0.16633955305458437,0.5163816726811226,1,0.5163816726811226,0.2195410029815738,1,-2.8081774946187643,-2.5256459712982178,0.28253152332054654,2,0,0,2,-5.278802668418205,1,0.2581988897471611,-3.288612802249731,0,0.0,0,0,0.0,0.0
520,17,10,True,2,-1.2176256885069754,3,3,0,0.9486832980505139,-2.0444835518862314,0.15555922833747027,0.826857863379256,0,0.0,0.0,0,-2.907581817215032,-2.9586756229400635,0.051093805725031416,2,2,2,3,-2.3248737841709346,0,0.9486832980505139,-0.28039023228470317,0,0.0,0,0,0.0,0.0
521,17,11,True,2,-1.199621908260129,3,3,0,0.9486832980505139,-1.7358323710500443,0.17926581852383158,0.5362104627899154,0,0.0,0.0,0,-2.8818191448556485,-2.961899757385254,0.08008061252960541,22,22,22,3,-1.642492980581438,0,0.9486832980505139,0.0933393904686064,0,0.0,0,0,0.0,0.0
522,17,12,True,2,-1.176669720577015,0,0,0,0.9486832980505139,-2.181175481877889,0.1439837131723557,1.0045057613008739,0,0.0,0.0,0,-2.878817442636677,-2.909484624862671,0.030667182225994072,166,166,166,0,-1.609226264684058,0,0.9486832980505139,0.5719492171938307,0,0.0,0,0,0.0,0.0
523,17,13,True,2,-1.2016416201268534,0,3,1,0.7378647873726218,-1.3186410406645337,0.19144791265905867,0.11699942053768031,1,0.11699942053768031,0.04974260608386672,0,-2.758396820908364,-2.691683530807495,0.06671329010086868,14,54,14,3,-1.4942539125299534,0,0.9486832980505139,-0.17561287186541974,0,0.0,0,0,0.0,0.0
524,17,14,True,2,-1.2545345116803213,2,3,1,0.7378647873726218,-1.4524378246101464,0.18487589259903,0.1979033129298251,1,0.1979033129298251,0.08413910507009828,0,-2.7398698465717173,-2.6717259883880615,0.06814385818365576,3,67,3,3,-1.4773592881434265,0,0.9486832980505139,-0.024921463533280175,0,0.0,0,0,0.0,0.0
525,17,15,True,2,-1.2732225782891484,2,1,1,0.7378647873726218,-1.2909870227038482,0.1944576603864909,0.01776444441469982,1,0.01776444441469982,0.007552599463811662,0,-2.7357611091205496,-2.6256368160247803,0.11012429309576932,15,56,15,1,-1.460275423472794,0,0.9486832980505139,-0.1692884007689457,0,0.0,0,0,0.0,0.0
526,17,16,True,1,0.03943364056112794,3,3,0,0.7745966692414834,-0.08475059102409066,0.13384260213115093,0.1241842315852186,0,0.0,0.0,0,-0.762737216473077,-2.1571242809295654,1.3943870644564884,14,14,14,3,-0.07091248239866134,0,0.7745966692414834,0.013838108625429321,0,0.0,0,0,0.0,0.0
527,17,17,True,2,0.08446312162004437,3,1,1,0.7378647873726218,0.09061828189717414,0.019105045171799204,-0.00615516027712977,0,0.0,0.0,0,-0.7312185078158151,-2.1464951038360596,1.4152765960202445,62,153,62,1,-0.03807128796333764,0,0.9486832980505139,-0.12868956986051178,0,0.0,0,0,0.0,0.0
528,17,18,True,4,0.11794655038777704,3,3,0,0.39999999999999997,0.12061745321604245,0.021923861821708506,-0.0026709028282654035,0,0.0,0.0,0,-0.6663547876598174,-1.443863868713379,0.7775090810535615,133,133,133,3,-0.0397835112816704,0,0.7999999999999999,-0.16040096449771285,0,0.0,0,0,0.0,0.0
529,17,19,True,2,0.15227015778320974,1,1,0,0.9486832980505139,0.15940838127559598,0.016828621480952988,-0.007138223492386242,0,0.0,0.0,0,-0.5582109049173222,-1.0286122560501099,0.4704013511327877,124,124,124,1,-0.006617671819922382,0,0.9486832980505139,-0.16602605309551835,0,0.0,0,0,0.0,0.0
530,17,20,True,2,0.1154920177633444,3,3,0,0.9486832980505139,0.12491853699541941,0.01884327295272819,-0.009426519232075006,0,0.0,0.0,0,-0.7356699889854608,-0.9627475142478943,0.22707752526243352,97,97,97,3,-0.003681551745729608,0,0.9486832980505139,-0.12860008874114903,0,0.0,0,0,0.0,0.0
531,17,21,True,3,0.15094732350351536,1,1,0,1.0,0.022197625036766533,0.13873048610465907,0.12874969846674883,0,0.0,0.0,0,-0.6922719924294278,-0.7247318625450134,0.0324598701155856,134,134,134,1,0.029936834007731256,0,1.0,0.007739208970964723,0,0.0,0,0,0.0,0.0
532,17,22,True,2,0.11936912611429819,1,2,1,0.7378647873726218,0.12015669096743957,0.01835321352446024,-0.0007875648531413815,0,0.0,0.0,0,-0.7389577278405826,-0.8498685359954834,0.11091080815490084,72,32,32,1,-0.0010970775967966402,1,0.7378647873726218,-0.12125376856423621,0,0.0,0,0,0.0,0.0
533,17,23,True,2,0.2996715362383261,1,1,0,0.9486832980505139,0.29722451058191485,0.017019927904338674,0.0024470256564112502,0,0.0,0.0,0,-0.0983812461651671,-0.5225427150726318,0.42416146890746476,6,6,6,1,0.16685291589295728,0,0.9486832980505139,-0.13037159468895756,0,0.0,0,0,0.0,0.0
534,17,24,True,2,0.2666748215464951,2,2,0,0.9486832980505139,0.2512583737315198,0.01774941564166914,0.015416447814975254,0,0.0,0.0,0,-0.1698203825934636,-0.3791085481643677,0.20928816557090407,5,5,5,2,0.13076559197687573,0,0.9486832980505139,-0.12049278175464409,0,0.0,0,0,0.0,0.0
535,17,25,True,1,0.23400807400158236,2,2,0,0.7745966692414834,0.22838301245706788,0.01679851979925827,0.005625061544514476,0,0.0,0.0,0,-0.22181933136503093,-0.48191672563552856,0.2600973942704976,1,1,1,2,0.09607543000473041,0,0.7745966692414834,-0.13230758245233748,0,0.0,0,0,0.0,0.0
536,17,26,False,0,-50.0,0,1,1,,-2.598060975426111,2.037621039635e-16,-47.40193902457389,0,0.0,0.0,0,-0.48004910427003533,-0.8335150480270386,0.35346594375700324,0,0,0,0,-50.0,1,,-47.40193902457389,0,0.0,0,0,0.0,0.0
537,17,27,False,0,-50.0,0,2,1,,-2.598060975426111,2.037621039635e-16,-47.40193902457389,0,0.0,0.0,0,-0.5795564758118026,-0.6944819688796997,0.11492549306789712,0,0,0,0,-50.0,1,,-47.40193902457389,0,0.0,0,0,0.0,0.0
538,17,28,False,0,-50.0,0,1,1,,-2.598060975426111,2.037621039635e-16,-47.40193902457389,0,0.0,0.0,0,-1.2697592551215116,-0.743103563785553,0.5266556913359586,0,0,0,0,-50.0,1,,-47.40193902457389,0,0.0,0,0,0.0,0.0
539,17,29,False,0,-50.0,0,1,1,,-2.598060975426111,2.037621039635e-16,-47.40193902457389,0,0.0,0.0,0,-1.6666709844838634,-0.7629055380821228,0.9037654464017406,0,0,0,0,-50.0,1,,-47.40193902457389,0,0.0,0,0,0.0,0.0
540,18,0,False,0,-50.0,0,3,1,,-2.598060975426111,2.037621039635e-16,-47.40193902457389,0,0.0,0.0,0,-2.613088017368577,-2.1768453121185303,0.4362427052500468,0,0,0,0,-50.0,1,,-47.40193902457389,0,0.0,0,0,0.0,0.0
541,18,1,False,0,-50.0,0,1,1,,-2.598060975426111,2.037621039635e-16,-47.40193902457389,0,0.0,0.0,0,-2.622790752608898,-2.288296937942505,0.33449381466639316,0,0,0,0,-50.0,1,,-47.40193902457389,0,0.0,0,0,0.0,0.0
542,18,2,False,0,-50.0,0,1,1,,-2.598060975426111,2.037621039635e-16,-47.40193902457389,0,0.0,0.0,0,-2.627688041120274,-2.4907162189483643,0.13697182217190962,0,0,0,0,-50.0,1,,-47.40193902457389,0,0.0,0,0,0.0,0.0
543,18,3,False,0,-50.0,0,2,1,,-2.598060975426111,2.037621039635e-16,-47.40193902457389,0,0.0,0.0,0,-2.6361102875164524,-2.5735251903533936,0.06258509716305882,0,0,0,0,-50.0,1,,-47.40193902457389,0,0.0,0,0,0.0,0.0
544,18,4,False,0,-50.0,0,1,1,,-2.598060975426111,2.037621039635e-16,-47.40193902457389,0,0.0,0.0,0,-2.079967639919715,-2.462135076522827,0.38216743660311225,0,0,0,0,-50.0,1,,-47.40193902457389,0,0.0,0,0,0.0,0.0
545,18,5,False,0,-50.0,0,1,1,,-2.601105183565847,0.0030442081397356042,-47.39889481643415,0,0.0,0.0,0,-2.3898072813568776,-2.5233397483825684,0.13353246702569077,0,0,0,0,-50.0,1,,-47.39889481643415,0,0.0,0,0,0.0,0.0
546,18,6,False,0,-50.0,0,3,1,,-2.598060975426111,2.037621039635e-16,-47.40193902457389,0,0.0,0.0,0,-2.166350506761339,-2.59738826751709,0.43103776075575073,0,0,0,0,-50.0,1,,-47.40193902457389,0,0.0,0,0,0.0,0.0
547,18,7,False,0,-50.0,0,1,1,,-2.598060975426111,2.037621039635e-16,-47.40193902457389,0,0.0,0.0,0,-2.2669389352698985,-2.6214511394500732,0.3545122041801747,0,0,0,0,-50.0,1,,-47.40193902457389,0,0.0,0,0,0.0,0.0
548,18,8,True,1,-1.442820319173299,3,3,0,0.7745966692414834,-1.9260199729662144,0.16637493669612835,0.4831996537929155,0,0.0,0.0,0,-2.807628379776011,-2.3167757987976074,0.49085258097840345,2,2,2,3,-4.156942103841729,0,0.7745966692414834,-2.2309221308755145,0,0.0,0,0,0.0,0.0
549,18,9,True,1,-1.4270912321655063,3,3,0,0.7745966692414834,-1.9807476447762102,0.15614274225683117,0.553656412610704,0,0.0,0.0,0,-2.8050550977192517,-2.4685370922088623,0.33651800551038935,2,2,2,3,-2.8986819878620036,0,0.7745966692414834,-0.9179343430857934,0,0.0,0,0,0.0,0.0
550,18,10,True,1,-1.4112032654909683,3,3,0,0.7745966692414834,-1.8961059037812138,0.16949036584219504,0.4849026382902455,0,0.0,0.0,0,-2.7997822730388067,-2.4139037132263184,0.3858785598124883,2,2,2,3,-2.799240977940538,0,0.7745966692414834,-0.9031350741593243,0,0.0,0,0,0.0,0.0
551,18,11,True,1,-1.3951548143045662,3,3,0,0.7745966692414834,-1.9807476447762102,0.15614274225683117,0.585592830471644,0,0.0,0.0,0,-2.7974107698381774,-2.4870338439941406,0.31037692584403676,2,2,2,3,-2.794361092364619,0,0.7745966692414834,-0.8136134475884087,0,0.0,0,0,0.0,0.0
552,18,12,True,1,-1.3789442575506248,3,3,0,0.7745966692414834,-1.7127918016923183,0.1890673008408861,0.3338475441416935,0,0.0,0.0,0,-2.7950956285193467,-2.537752866744995,0.25734276177435156,2,2,2,3,-2.791983624448313,0,0.7745966692414834,-1.079191822755995,0,0.0,0,0,0.0,0.0
553,18,13,True,1,-1.3625699577991688,1,1,0,0.7745966692414834,-1.9807476447762102,0.15614274225683117,0.6181776869770415,0,0.0,0.0,0,-2.7927410760781037,-2.710829496383667,0.08191157969443674,2,2,2,1,-2.7896478274661183,0,0.7745966692414834,-0.808900182689908,0,0.0,0,0,0.0,0.0
554,18,14,True,2,-1.3075854476467954,3,1,1,0.7378647873726218,-1.7769202113999936,0.18473110640283785,0.46933476375319816,1,0.46933476375319816,0.19953888803510184,1,-2.786030979205359,-2.7082250118255615,0.07780596737979728,3,28,3,3,-1.4957574969199818,1,0.7378647873726218,0.28116271448001173,1,0.28116271448001173,0,1,0.28116271448001173,0.1273615909393813
555,18,15,True,3,-1.2904903518357047,0,1,1,0.39999999999999997,-1.4167557956300136,0.18858594157305128,0.12626544379430893,1,0.12626544379430893,0.053682079823995074,0,-2.7313984763884376,-2.499680995941162,0.23171748044727547,1,62,1,1,-1.4429998882111283,0,0.7999999999999999,-0.02624409258111471,0,0.0,0,0,0.0,0.0
556,18,16,True,2,0.08372191631841429,3,3,0,0.9486832980505139,0.09061828189717414,0.019105045171799204,-0.006896365578759847,0,0.0,0.0,0,-1.3947067135606719,-1.8610930442810059,0.466386330720334,25,25,25,3,-0.07194472453914655,0,0.9486832980505139,-0.16256300643632068,0,0.0,0,0,0.0,0.0
557,18,17,True,4,0.11757920495766756,3,3,0,0.39999999999999997,-0.010150877245605816,0.13794792409727427,0.12773008220327337,0,0.0,0.0,0,-0.7226412775256886,-1.7596807479858398,1.0370394704601513,97,97,97,3,-0.0039043710935399182,0,0.39999999999999997,0.006246506152065898,0,0.0,0,0,0.0,0.0
558,18,18,True,2,0.15700020270607631,3,1,1,0.7378647873726218,0.023895656523592924,0.13894842911963204,0.13310454618248338,1,0.13310454618248338,0.05658974188333521,0,-0.5371964669578613,-1.3665971755981445,0.8294007086402833,1,96,1,1,0.031575384548688704,0,0.9486832980505139,0.00767972802509578,0,0.0,0,0,0.0,0.0
559,18,19,True,2,0.1888890929651758,1,1,0,0.9486832980505139,0.18827127543234123,0.018384500199025003,0.0006178175328345747,0,0.0,0.0,0,-0.5085088859820104,-1.0007725954055786,0.49226370942356823,105,105,105,1,0.06300070613405154,0,0.9486832980505139,-0.1252705692982897,0,0.0,0,0,0.0,0.0
560,18,20,True,3,0.15550807419406154,3,3,0,0.7999999999999999,0.028578926801188887,0.139092453044498,0.12692914739287264,0,0.0,0.0,0,-0.6551550736254296,-0.8809977173805237,0.2258426437550941,41,41,41,3,0.03248125819998443,0,0.7999999999999999,0.0039023313987955437,0,0.0,0,0,0.0,0.0
561,18,21,True,2,0.18989824652066767,1,1,0,0.9486832980505139,0.19295581246198928,0.017269618957432065,-0.003057565941321616,0,0.0,0.0,0,-0.6635895626989463,-0.670533299446106,0.006943736747159646,624,624,624,1,0.06477113671009274,0,0.9486832980505139,-0.12818467575189654,0,0.0,0,0,0.0,0.0
562,18,22,True,2,0.15228667310196414,2,2,0,0.9486832980505139,0.026959471064746367,0.13897293962057836,0.12532720203721778,0,0.0,0.0,0,-0.7249724706189498,-0.7331972122192383,0.008224741600288521,88,88,88,2,0.030812220696209057,0,0.9486832980505139,0.0038527496314626902,0,0.0,0,0,0.0,0.0
563,18,23,True,2,0.33300155107855944,3,3,0,0.9486832980505139,0.3407748403705968,0.01892584318307894,-0.007773289292037355,0,0.0,0.0,0,-0.04254331542219497,-0.4883357286453247,0.44579241322312974,6,6,6,3,0.2024103173953898,0,0.9486832980505139,-0.138364522975207,0,0.0,0,0,0.0,0.0
564,18,24,True,1,0.3918340772738199,1,1,0,0.7745966692414834,0.3746861526331623,0.020531434176652933,0.01714792464065762,0,0.0,0.0,0,0.009812138076259459,-0.2721574902534485,0.28196962832970796,4,4,4,1,0.2383416838831202,0,0.7745966692414834,-0.1363444687500421,0,0.0,0,0,0.0,0.0
565,18,25,False,0,-50.0,0,1,1,,-2.598060975426111,2.037621039635e-16,-47.40193902457389,0,0.0,0.0,0,-0.38343604907691137,-0.6763375401496887,0.29290149107277735,0,0,0,0,-50.0,1,,-47.40193902457389,0,0.0,0,0,0.0,0.0
566,18,26,False,0,-50.0,0,0,0,,-2.598060975426111,2.037621039635e-16,-47.40193902457389,0,0.0,0.0,0,-0.4370767143276046,-0.49299156665802,0.05591485233041543,0,0,0,0,-50.0,0,,-47.40193902457389,0,0.0,0,0,0.0,0.0
567,18,27,False,0,-50.0,0,1,1,,-2.598060975426111,2.037621039635e-16,-47.40193902457389,0,0.0,0.0,0,-0.6204681766314506,-1.0390982627868652,0.41863008615541464,0,0,0,0,-50.0,1,,-47.40193902457389,0,0.0,0,0,0.0,0.0
568,18,28,False,0,-50.0,0,1,1,,-2.598060975426111,2.037621039635e-16,-47.40193902457389,0,0.0,0.0,0,-1.2555942054086193,-0.6892707347869873,0.566323470621632,0,0,0,0,-50.0,1,,-47.40193902457389,0,0.0,0,0,0.0,0.0
569,18,29,False,0,-50.0,0,1,1,,-2.598060975426111,2.037621039635e-16,-47.40193902457389,0,0.0,0.0,0,-1.8745125215393166,-1.19856858253479,0.6759439390045265,0,0,0,0,-50.0,1,,-47.40193902457389,0,0.0,0,0,0.0,0.0
570,19,0,False,0,-50.0,0,0,0,,-2.598060975426111,2.037621039635e-16,-47.40193902457389,0,0.0,0.0,0,-2.6172710294446593,-2.0460774898529053,0.571193539591754,0,0,0,0,-50.0,0,,-47.40193902457389,0,0.0,0,0,0.0,0.0
571,19,1,False,0,-50.0,0,3,1,,-2.598060975426111,2.037621039635e-16,-47.40193902457389,0,0.0,0.0,0,-2.5683182683354735,-2.3569693565368652,0.21134891179860826,0,0,0,0,-50.0,1,,-47.40193902457389,0,0.0,0,0,0.0,0.0
572,19,2,False,0,-50.0,0,0,0,,-2.598060975426111,2.037621039635e-16,-47.40193902457389,0,0.0,0.0,0,-2.5619787858065193,-2.436040163040161,0.12593862276635814,0,0,0,0,-50.0,0,,-47.40193902457389,0,0.0,0,0,0.0,0.0
573,19,3,False,0,-50.0,0,1,1,,-2.598060975426111,2.037621039635e-16,-47.40193902457389,0,0.0,0.0,0,-2.3485318696944595,-2.332744836807251,0.015787032887208508,0,0,0,0,-50.0,1,,-47.40193902457389,0,0.0,0,0,0.0,0.0
574,19,4,False,0,-50.0,0,1,1,,-2.598060975426111,2.037621039635e-16,-47.40193902457389,0,0.0,0.0,0,-2.157106183566167,-2.444572925567627,0.28746674200146005,0,0,0,0,-50.0,1,,-47.40193902457389,0,0.0,0,0,0.0,0.0
575,19,5,False,0,-50.0,0,3,1,,-2.601105183565847,0.0030442081397356042,-47.39889481643415,0,0.0,0.0,0,-2.702866413934791,-2.52897310256958,0.17389331136521102,0,0,0,0,-50.0,1,,-47.39889481643415,0,0.0,0,0,0.0,0.0
576,19,6,False,0,-50.0,0,2,1,,-2.601105183565847,0.0030442081397356042,-47.39889481643415,0,0.0,0.0,0,-2.7080075396881194,-2.494473457336426,0.21353408235169358,0,0,0,0,-50.0,1,,-47.39889481643415,0,0.0,0,0,0.0,0.0
577,19,7,False,0,-50.0,0,0,0,,-2.598060975426111,2.037621039635e-16,-47.40193902457389,0,0.0,0.0,0,-2.2882473812926833,-2.777628183364868,0.4893808020721848,0,0,0,0,-50.0,0,,-47.40193902457389,0,0.0,0,0,0.0,0.0
578,19,8,False,0,-50.0,0,3,1,,-2.152745492491891,0.11547434328304661,-47.84725450750811,0,0.0,0.0,0,-2.8205983869336784,-2.294525384902954,0.5260730020307243,0,0,0,0,-50.0,1,,-47.84725450750811,0,0.0,0,0,0.0,0.0
579,19,9,False,0,-50.0,0,3,1,,-2.096005296185027,0.14110009789101766,-47.90399470381497,0,0.0,0.0,0,-2.820637652427334,-2.3349242210388184,0.48571343138851564,0,0,0,0,-50.0,1,,-47.90399470381497,0,0.0,0,0,0.0,0.0
580,19,10,False,0,-50.0,0,1,1,,-2.100368040148486,0.11671551715981077,-47.89963195985151,0,0.0,0.0,0,-2.818670095506918,-2.5065152645111084,0.31215483099580954,0,0,0,0,-50.0,1,,-47.89963195985151,0,0.0,0,0,0.0,0.0
581,19,11,False,0,-50.0,0,1,1,,-1.9714804015866971,0.1444964438054127,-48.028519598413304,0,0.0,0.0,0,-2.8114366167117213,-2.617675542831421,0.1937610738803004,0,0,0,0,-50.0,1,,-48.028519598413304,0,0.0,0,0,0.0,0.0
582,19,12,False,0,-50.0,0,1,1,,-1.4637940457563092,0.17839185622817738,-48.53620595424369,0,0.0,0.0,0,-2.7909228058499176,-2.4747073650360107,0.31621544081390685,0,0,0,0,-50.0,1,,-48.53620595424369,0,0.0,0,0,0.0,0.0
583,19,13,True,1,-1.3460302610805264,3,3,0,0.7745966692414834,-1.8961059037812138,0.16949036584219504,0.5500756427006874,0,0.0,0.0,0,-2.7910441475605445,-2.68257737159729,0.10846677596325449,7,7,7,3,-2.822257658730513,0,0.7745966692414834,-0.926151754949299,0,0.0,0,0,0.0,0.0
584,19,14,True,2,-1.3265390359912173,0,0,0,0.9486832980505139,-1.8651951610449327,0.1692327883979205,0.5386561250537154,0,0.0,0.0,0,-2.789005234590908,-2.57635235786438,0.2126528767265281,28,28,28,0,-1.5461239398822233,0,0.9486832980505139,0.31907122116270936,0,0.0,0,0,0.0,0.0
585,19,15,True,2,-1.3068181774756265,3,3,0,0.9486832980505139,-1.2957221835416641,0.19472727836410064,-0.011095993933962323,0,0.0,0.0,0,-2.717634541529592,-2.4042444229125977,0.3133901186169945,59,59,59,3,-1.4241046423130574,0,0.9486832980505139,-0.12838245877139332,0,0.0,0,0,0.0,0.0
586,19,16,True,2,-1.2893822441971314,1,1,0,0.9486832980505139,-1.4010552340811275,0.18968366461204442,0.1116729898839961,0,0.0,0.0,0,-2.7115606476989322,-2.5857763290405273,0.1257843186584049,222,222,222,3,-1.4063851654767519,1,0.7378647873726218,-0.005329931395624321,0,0.0,0,0,0.0,0.0
587,19,17,True,2,-1.3077266698137282,2,2,0,0.9486832980505139,-1.280021621992778,0.1952790748568637,-0.02770504782095018,0,0.0,0.0,0,-2.7484280417813243,-2.4936106204986572,0.25481742128266704,44,44,44,2,-1.424055732724239,0,0.9486832980505139,-0.14403411073146088,0,0.0,0,0,0.0,0.0
588,19,18,True,2,0.18725786134585937,1,1,0,0.9486832980505139,0.18836796019507646,0.019248181305282157,-0.0011100988492170893,0,0.0,0.0,0,-0.5056176792766359,-1.1610044240951538,0.6553867448185179,93,93,93,1,0.0647898001516309,0,0.9486832980505139,-0.12357816004344556,0,0.0,0,0,0.0,0.0
589,19,19,True,3,0.22580563996684633,1,1,0,0.7999999999999999,0.21591995713396353,0.02099334435513125,0.009885682832882797,0,0.0,0.0,0,-0.4333541029206187,-0.9804200530052185,0.5470659500845998,208,208,208,1,0.10000446803556096,0,0.7999999999999999,-0.11591548909840257,0,0.0,0,0,0.0,0.0
590,19,20,True,2,0.26309474891753304,1,1,0,0.9486832980505139,0.2533575022126747,0.02157959162317348,0.009737246704858316,0,0.0,0.0,0,-0.5077929518325629,-0.9484065771102905,0.4406136252777276,221,221,221,1,0.13581143745692986,0,0.9486832980505139,-0.11754606475574486,0,0.0,0,0,0.0,0.0
591,19,21,True,2,0.22772021708473816,2,2,0,0.9486832980505139,0.2157445057645832,0.019580148746934777,0.011975711320154958,0,0.0,0.0,0,-0.6244808434885679,-0.7843871712684631,0.15990632777989522,309,309,309,2,0.10097044659101348,0,0.9486832980505139,-0.11477405917356973,0,0.0,0,0,0.0,0.0
592,19,22,False,0,-50.0,0,1,1,,0.33586624703273815,0.019998051789126045,-50.33586624703274,0,0.0,0.0,0,-0.07865169566839238,-0.7106237411499023,0.63197204548151,0,0,0,0,-50.0,1,,-50.33586624703274,0,0.0,0,0,0.0,0.0
593,19,23,True,1,0.3822189122709922,1,1,0,0.7745966692414834,0.3730849045718735,0.021320824613078347,0.009134007699118707,0,0.0,0.0,0,-0.007174824613109722,-0.4036022424697876,0.3964274178566779,2,2,2,1,-1.1017891038505272,0,0.7745966692414834,-1.4748740084224008,0,0.0,0,0,0.0,0.0
594,19,24,True,1,0.4260950268719875,1,1,0,0.7745966692414834,0.4204608172741823,0.017869795143948566,0.005634209597805251,0,0.0,0.0,0,0.07085826775315668,-0.4623594880104065,0.5332177557635631,5,5,5,1,0.2746755284470323,0,0.7745966692414834,-0.14578528882714997,0,0.0,0,0,0.0,0.0
595,19,25,False,0,-50.0,0,3,1,,-2.598060975426111,2.037621039635e-16,-47.40193902457389,0,0.0,0.0,0,-0.33767159962726667,-0.36388295888900757,0.026211359261740896,0,0,0,0,-50.0,1,,-47.40193902457389,0,0.0,0,0,0.0,0.0
596,19,26,False,0,-50.0,0,3,1,,-2.598060975426111,2.037621039635e-16,-47.40193902457389,0,0.0,0.0,0,-0.4271432778252233,-0.6457180976867676,0.21857481986154426,0,0,0,0,-50.0,1,,-47.40193902457389,0,0.0,0,0,0.0,0.0
597,19,27,False,0,-50.0,0,0,0,,-2.598060975426111,2.037621039635e-16,-47.40193902457389,0,0.0,0.0,0,-0.5060159462998688,-0.7275947332382202,0.22157878693835142,0,0,0,0,-50.0,0,,-47.40193902457389,0,0.0,0,0,0.0,0.0
598,19,28,False,0,-50.0,0,0,0,,-2.598060975426111,2.037621039635e-16,-47.40193902457389,0,0.0,0.0,0,-1.5656230256167727,-1.1460130214691162,0.4196100041476565,0,0,0,0,-50.0,0,,-47.40193902457389,0,0.0,0,0,0.0,0.0
599,19,29,False,0,-50.0,0,1,1,,-2.598060975426111,2.037621039635e-16,-47.40193902457389,0,0.0,0.0,0,-1.8691349667057815,-0.824237585067749,1.0448973816380325,0,0,0,0,-50.0,1,,-47.40193902457389,0,0.0,0,0,0.0,0.0
600,20,0,False,0,-50.0,0,3,1,,-2.598060975426111,2.037621039635e-16,-47.40193902457389,0,0.0,0.0,0,-2.579186400667914,-1.960650086402893,0.6185363142650209,0,0,0,0,-50.0,1,,-47.40193902457389,0,0.0,0,0,0.0,0.0
601,20,1,False,0,-50.0,0,0,0,,-2.598060975426111,2.037621039635e-16,-47.40193902457389,0,0.0,0.0,0,-2.5733320474542376,-2.2648634910583496,0.308468556395888,0,0,0,0,-50.0,0,,-47.40193902457389,0,0.0,0,0,0.0,0.0
602,20,2,False,0,-50.0,0,1,1,,-2.598060975426111,2.037621039635e-16,-47.40193902457389,0,0.0,0.0,0,-2.830063261168905,-2.330479145050049,0.49958411611885634,0,0,0,0,-50.0,1,,-47.40193902457389,0,0.0,0,0,0.0,0.0
603,20,3,False,0,-50.0,0,3,1,,-2.598060975426111,2.037621039635e-16,-47.40193902457389,0,0.0,0.0,0,-2.2782552022209677,-2.2949395179748535,0.016684315753885848,0,0,0,0,-50.0,1,,-47.40193902457389,0,0.0,0,0,0.0,0.0
604,20,4,False,0,-50.0,0,1,1,,-2.598060975426111,2.037621039635e-16,-47.40193902457389,0,0.0,0.0,0,-2.227981668117621,-2.5533604621887207,0.3253787940710997,0,0,0,0,-50.0,1,,-47.40193902457389,0,0.0,0,0,0.0,0.0
605,20,5,False,0,-50.0,0,0,0,,-2.601105183565847,0.0030442081397356042,-47.39889481643415,0,0.0,0.0,0,-2.7060804118188124,-2.3907394409179688,0.3153409709008437,0,0,0,0,-50.0,0,,-47.39889481643415,0,0.0,0,0,0.0,0.0
606,20,6,False,0,-50.0,0,3,1,,-2.598060975426111,2.037621039635e-16,-47.40193902457389,0,0.0,0.0,0,-2.304849396953877,-2.5821969509124756,0.2773475539585988,0,0,0,0,-50.0,1,,-47.40193902457389,0,0.0,0,0,0.0,0.0
607,20,7,False,0,-50.0,0,0,0,,-2.598060975426111,2.037621039635e-16,-47.40193902457389,0,0.0,0.0,0,-2.29678340038432,-2.732851266860962,0.436067866476642,0,0,0,0,-50.0,0,,-47.40193902457389,0,0.0,0,0,0.0,0.0
608,20,8,False,0,-50.0,0,3,1,,-2.096005296185027,0.14110009789101766,-47.90399470381497,0,0.0,0.0,0,-2.8224728893009776,-2.180691719055176,0.6417811702458018,0,0,0,0,-50.0,1,,-47.90399470381497,0,0.0,0,0,0.0,0.0
609,20,9,False,0,-50.0,0,3,1,,-2.100368040148486,0.11671551715981077,-47.89963195985151,0,0.0,0.0,0,-2.8205333017700402,-2.3294942378997803,0.49103906387026,0,0,0,0,-50.0,1,,-47.89963195985151,0,0.0,0,0,0.0,0.0
610,20,10,False,0,-50.0,0,3,1,,-2.043627843841622,0.14101274164370223,-47.95637215615838,0,0.0,0.0,0,-2.818503259637711,-2.6067655086517334,0.2117377509859777,0,0,0,0,-50.0,1,,-47.95637215615838,0,0.0,0,0,0.0,0.0
611,20,11,False,0,-50.0,0,0,0,,-1.9848155564172079,0.13905641188337875,-48.01518444358279,0,0.0,0.0,0,-2.814029937021585,-2.4825260639190674,0.3315038731025175,0,0,0,0,-50.0,0,,-48.01518444358279,0,0.0,0,0,0.0,0.0
612,20,12,False,0,-50.0,0,3,1,,-1.4821298464729524,0.18690388673970396,-48.51787015352705,0,0.0,0.0,0,-2.7832645279495116,-2.4709155559539795,0.31234897199553213,0,0,0,0,-50.0,1,,-48.51787015352705,0,0.0,0,0,0.0,0.0
613,20,13,False,0,-50.0,0,3,1,,-1.4181794150224218,0.1784883058615209,-48.58182058497758,0,0.0,0.0,0,-2.7825056866908895,-2.705096483230591,0.07740920346029867,0,0,0,0,-50.0,1,,-48.58182058497758,0,0.0,0,0,0.0,0.0
614,20,14,True,1,-1.4155020594720555,1,1,0,0.7745966692414834,-1.2957221835416641,0.19472727836410064,-0.11977987593039141,0,0.0,0.0,0,-2.7711459278953154,-2.61680006980896,0.15434585808635548,4,4,4,1,-2.787111786565331,0,0.7745966692414834,-1.4913896030236669,0,0.0,0,0,0.0,0.0
615,20,15,True,2,-1.3298188717827093,3,3,0,0.9486832980505139,-1.4010552340811275,0.18968366461204442,0.07123636229841823,0,0.0,0.0,0,-2.7426879613875697,-2.3868601322174072,0.3558278291701624,47,47,47,3,-1.4774335125725608,0,0.9486832980505139,-0.0763782784914333,0,0.0,0,0,0.0,0.0
616,20,16,True,4,-1.309850748399821,0,0,0,0.39999999999999997,-1.2957221835416641,0.19472727836410064,-0.014128564858156833,0,0.0,0.0,0,-2.7384036043754993,-2.6077959537506104,0.130607650624889,291,291,291,0,-1.4254103597954986,0,0.39999999999999997,-0.12968817625383444,0,0.0,0,0,0.0,0.0
617,20,17,True,3,-1.3268812383012378,0,2,1,0.39999999999999997,-1.4167557956300136,0.18858594157305128,0.0898745573287758,1,0.0898745573287758,0.038210400373114774,0,-2.757882170609919,-2.635457754135132,0.12242441647478719,42,354,42,0,-1.4411215623859965,1,0.39999999999999997,-0.0243657667559829,0,0.0,0,0,0.0,0.0
618,20,18,True,2,0.22398242838350305,3,3,0,0.9486832980505139,0.2191755555607128,0.02117626360822212,0.004806872822790242,0,0.0,0.0,0,-0.4761152736652551,-1.057623028755188,0.5815077550899329,102,102,102,3,0.0991550251450124,0,0.9486832980505139,-0.1200205304157004,0,0.0,0,0,0.0,0.0
619,20,19,True,4,0.26112974116472837,3,3,0,0.39999999999999997,0.25993413659488307,0.021829062902214966,0.0011956045698452988,0,0.0,0.0,0,-0.4013384021923922,-0.892031729221344,0.4906933270289518,221,221,221,3,0.13485665235160568,0,0.39999999999999997,-0.1250774842432774,0,0.0,0,0,0.0,0.0
620,20,20,True,4,0.2998629362960903,3,3,0,0.39999999999999997,0.30268156884740416,0.02112406921492142,-0.002818632551313871,0,0.0,0.0,0,-0.3337360555526597,-0.6946454644203186,0.3609094088676589,283,283,283,3,0.17099618099883618,0,0.39999999999999997,-0.13168538784856798,0,0.0,0,0,0.0,0.0
621,20,21,True,3,0.3387500234504903,1,1,0,1.0,-0.05103048153045984,0.22277785049198978,0.3897805049809502,0,0.0,0.0,0,-0.19480900678626903,-0.6413888931274414,0.4465798863411724,273,273,273,1,0.2075511769547952,0,0.7999999999999999,0.25858165848525505,0,0.0,0,0,0.0,0.0
622,20,22,True,2,0.37542182627682197,1,1,0,0.9486832980505139,0.3663880662184981,0.02187863034689443,0.009033760058323848,0,0.0,0.0,0,-0.07282227193730108,-0.3763759136199951,0.30355364168269405,14,14,14,1,-1.0079089886636858,0,0.9486832980505139,-1.374297054882184,0,0.0,0,0,0.0,0.0
623,20,23,True,2,0.4163827389903434,3,3,0,0.9486832980505139,0.42390122444191,0.017883670536251246,-0.007518485451566581,0,0.0,0.0,0,0.060162426102317014,-0.33714669942855835,0.3973091255308754,16,16,16,3,0.24051264732740815,0,0.9486832980505139,-0.18338857711450182,0,0.0,0,0,0.0,0.0
624,20,24,True,1,0.4607020466681164,1,1,0,0.7745966692414834,0.4701195083189652,0.011585142749598565,-0.00941746165084878,0,0.0,0.0,0,0.10746379233445119,-0.08396731317043304,0.19143110550488424,24,24,24,1,0.31141701677619105,0,0.7745966692414834,-0.15870249154277416,0,0.0,0,0,0.0,0.0
625,20,25,True,1,0.5015719195197776,1,1,0,0.7745966692414834,0.20648405077431517,0.21459772193398508,0.29508786874546244,0,0.0,0.0,0,0.10111113873453031,-0.07020626962184906,0.17131740835637937,4,4,4,1,-2.1377689860018685,0,0.7745966692414834,-2.3442530367761836,0,0.0,0,0,0.0,0.0
626,20,26,False,0,-50.0,0,1,1,,-2.5734201918590762,0.024640783567035206,-47.42657980814092,0,0.0,0.0,0,-0.4077289969748623,-0.5274050831794739,0.11967608620461156,0,0,0,0,-50.0,1,,-47.42657980814092,0,0.0,0,0,0.0,0.0
627,20,27,False,0,-50.0,0,3,1,,-2.598060975426111,2.037621039635e-16,-47.40193902457389,0,0.0,0.0,0,-0.8514922712456569,-1.3118849992752075,0.46039272802955067,0,0,0,0,-50.0,1,,-47.40193902457389,0,0.0,0,0,0.0,0.0
628,20,28,False,0,-50.0,0,1,1,,-2.598060975426111,2.037621039635e-16,-47.40193902457389,0,0.0,0.0,0,-0.8278159946480386,-0.9232639074325562,0.09544791278451759,0,0,0,0,-50.0,1,,-47.40193902457389,0,0.0,0,0,0.0,0.0
629,20,29,False,0,-50.0,0,1,1,,-2.598060975426111,2.037621039635e-16,-47.40193902457389,0,0.0,0.0,0,-2.0103555610405692,-0.8360705971717834,1.1742849638687858,0,0,0,0,-50.0,1,,-47.40193902457389,0,0.0,0,0,0.0,0.0
630,21,0,False,0,-50.0,0,1,1,,-2.598060975426111,2.037621039635e-16,-47.40193902457389,0,0.0,0.0,0,-2.6208534518920894,-2.0145695209503174,0.606283930941772,0,0,0,0,-50.0,1,,-47.40193902457389,0,0.0,0,0,0.0,0.0
631,21,1,False,0,-50.0,0,3,1,,-2.598060975426111,2.037621039635e-16,-47.40193902457389,0,0.0,0.0,0,-2.8298021515245098,-2.1336669921875,0.6961351593370098,0,0,0,0,-50.0,1,,-47.40193902457389,0,0.0,0,0,0.0,0.0
632,21,2,False,0,-50.0,0,3,1,,-2.598060975426111,2.037621039635e-16,-47.40193902457389,0,0.0,0.0,0,-2.8278839712588084,-2.516550302505493,0.31133366875331525,0,0,0,0,-50.0,1,,-47.40193902457389,0,0.0,0,0,0.0,0.0
633,21,3,False,0,-50.0,0,2,1,,-2.598060975426111,2.037621039635e-16,-47.40193902457389,0,0.0,0.0,0,-2.8333363637886593,-2.326354503631592,0.5069818601570675,0,0,0,0,-50.0,1,,-47.40193902457389,0,0.0,0,0,0.0,0.0
634,21,4,False,0,-50.0,0,0,0,,-2.598060975426111,2.037621039635e-16,-47.40193902457389,0,0.0,0.0,0,-2.2914306645464686,-2.394422769546509,0.10299210500004019,0,0,0,0,-50.0,0,,-47.40193902457389,0,0.0,0,0,0.0,0.0
635,21,5,False,0,-50.0,0,3,1,,-2.598060975426111,2.037621039635e-16,-47.40193902457389,0,0.0,0.0,0,-2.3429241970223758,-2.4546375274658203,0.11171333044344456,0,0,0,0,-50.0,1,,-47.40193902457389,0,0.0,0,0,0.0,0.0
636,21,6,False,0,-50.0,0,0,0,,-2.598060975426111,2.037621039635e-16,-47.40193902457389,0,0.0,0.0,0,-2.314260494988374,-2.6308419704437256,0.31658147545535176,0,0,0,0,-50.0,0,,-47.40193902457389,0,0.0,0,0,0.0,0.0
637,21,7,False,0,-50.0,0,3,1,,-2.598060975426111,2.037621039635e-16,-47.40193902457389,0,0.0,0.0,0,-2.9999621804227927,-2.732109308242798,0.26785287217999487,0,0,0,0,-50.0,1,,-47.40193902457389,0,0.0,0,0,0.0,0.0
638,21,8,False,0,-50.0,0,1,1,,-2.598060975426111,2.037621039635e-16,-47.40193902457389,0,0.0,0.0,0,-2.9999617717349842,-2.820924997329712,0.17903677440527233,0,0,0,0,-50.0,1,,-47.40193902457389,0,0.0,0,0,0.0,0.0
639,21,9,False,0,-50.0,0,1,1,,-2.598060975426111,2.037621039635e-16,-47.40193902457389,0,0.0,0.0,0,-2.9999626246376727,-2.6929750442504883,0.30698758038718443,0,0,0,0,-50.0,1,,-47.40193902457389,0,0.0,0,0,0.0,0.0
640,21,10,False,0,-50.0,0,3,1,,-2.598060975426111,2.037621039635e-16,-47.40193902457389,0,0.0,0.0,0,-2.999960391267548,-2.88102650642395,0.11893388484359768,0,0,0,0,-50.0,1,,-47.40193902457389,0,0.0,0,0,0.0,0.0
641,21,11,False,0,-50.0,0,1,1,,-2.598060975426111,2.037621039635e-16,-47.40193902457389,0,0.0,0.0,0,-2.999959825592901,-2.7708141803741455,0.2291456452187557,0,0,0,0,-50.0,1,,-47.40193902457389,0,0.0,0,0,0.0,0.0
642,21,12,True,1,-1.4313470382067828,3,3,0,0.7745966692414834,-1.4181794150224218,0.1784883058615209,-0.013167623184360933,0,0.0,0.0,0,-2.727258665829149,-2.2403695583343506,0.4868891074947985,1,1,1,3,-2.7978524655615047,0,0.7745966692414834,-1.3796730505390828,0,0.0,0,0,0.0,0.0
643,21,13,True,1,-1.4155020594720555,3,3,0,0.7745966692414834,-1.2957221835416641,0.19472727836410064,-0.11977987593039141,0,0.0,0.0,0,-2.7727739407450334,-2.4847042560577393,0.2880696846872941,1,1,1,3,-1.5921211351228985,0,0.7745966692414834,-0.2963989515812344,0,0.0,0,0,0.0,0.0
644,21,14,True,2,-1.3994970304470786,3,3,0,0.9486832980505139,-1.423974091203997,0.18563234031521447,0.024477060756918467,0,0.0,0.0,0,-2.7719475316779323,-2.8217356204986572,0.04978808882072494,5,5,5,3,-1.5441597492892907,0,0.9486832980505139,-0.12018565808529358,0,0.0,0,0,0.0,0.0
645,21,15,True,2,-1.3833303344622534,3,3,0,0.316227766016838,-1.2957221835416641,0.19472727836410064,-0.08760815092058927,0,0.0,0.0,0,-2.7673749580716462,-2.8347654342651367,0.06739047619349048,20,20,20,3,-1.4933724058778026,0,0.316227766016838,-0.1976502223361385,0,0.0,0,0,0.0,0.0
646,21,16,True,3,-1.3633895949703085,3,3,0,0.7999999999999999,-1.4524378246101464,0.18487589259903,0.08904822963983783,0,0.0,0.0,0,-2.764475274811181,-2.814049005508423,0.04957373069724191,214,214,214,3,-1.475547385194585,0,0.7999999999999999,-0.023109560584438693,0,0.0,0,0,0.0,0.0
647,21,17,True,2,-1.345491358277226,0,0,0,0.9486832980505139,-1.2286390314637592,0.19748966453352873,-0.11685232681346691,0,0.0,0.0,0,-2.7615582350691077,-2.6525392532348633,0.10901898183424441,1050,1050,1050,0,-1.4584185886781085,0,0.9486832980505139,-0.22977955721434928,0,0.0,0,0,0.0,0.0
648,21,18,True,4,0.19174260477022026,0,0,0,0.316227766016838,0.18836796019507646,0.019248181305282157,0.0033746445751438037,0,0.0,0.0,0,-1.3737747421290034,-1.2247815132141113,0.14899322891489208,2,2,2,0,0.06474389203788163,0,0.316227766016838,-0.12362406815719483,0,0.0,0,0,0.0,0.0
649,21,19,True,1,0.3090589140505634,3,3,0,0.7745966692414834,0.30887333956812146,0.01730868108250331,0.0001855744824419414,0,0.0,0.0,0,-0.5258875092173685,-1.0518505573272705,0.525963048109902,2,2,2,3,0.20411299744679656,0,0.7745966692414834,-0.1047603421213249,0,0.0,0,0,0.0,0.0
650,21,20,True,2,0.34248375088890015,3,3,0,0.9486832980505139,-0.19783628259178299,0.25528274716111,0.5403200334806831,0,0.0,0.0,0,-0.2213051626386809,-0.8587274551391602,0.6374222925004792,8,8,8,3,0.24006278169560993,0,0.9486832980505139,0.4378990642873929,0,0.0,0,0,0.0,0.0
651,21,21,True,3,0.37624621234176553,3,1,1,0.7999999999999999,0.371531215179253,0.022401173769324004,0.004714997162512502,1,0.004714997162512502,0.0020045932318602812,0,-0.16474554441501477,-0.5108149647712708,0.346069420356256,41,225,41,1,0.2764159184437554,0,1.0,-0.09511529673549762,0,0.0,0,0,0.0,0.0
652,21,22,True,2,0.41213970089150914,1,1,0,0.9486832980505139,0.4053528927494888,0.02079929025189716,0.0067868081420203175,0,0.0,0.0,0,-0.01666720233043836,-0.31578773260116577,0.29912053027072744,143,143,143,1,0.30510496006127136,0,0.9486832980505139,-0.10024793268821747,0,0.0,0,0,0.0,0.0
653,21,23,True,2,0.3822189122709922,0,0,0,0.9486832980505139,0.3730849045718735,0.021320824613078347,0.009134007699118707,0,0.0,0.0,0,-0.004535011298441772,-0.752202033996582,0.7476670226981402,16,16,16,2,0.26865076822457934,1,0.7378647873726218,-0.10443413634729415,0,0.0,0,0,0.0,0.0
654,21,24,True,2,0.49840801475176105,3,3,0,0.9486832980505139,0.5190713272599456,0.007574040829343672,-0.020663312508184595,0,0.0,0.0,0,0.14636292404143697,-0.32433515787124634,0.4706980819126833,120,120,120,1,0.41668129055890774,1,0.7378647873726218,-0.10239003670103791,0,0.0,0,0,0.0,0.0
655,21,25,True,2,0.5369413321709348,1,1,0,0.9486832980505139,0.5511781570576635,0.010321617137819959,-0.014236824886728727,0,0.0,0.0,0,0.18333139711514707,-0.10590611398220062,0.2892375110973477,104,104,104,1,0.3925999921735418,0,0.9486832980505139,-0.1585781648841217,0,0.0,0,0,0.0,0.0
656,21,26,False,0,-50.0,0,3,1,,-2.5734201918590762,0.024640783567035206,-47.42657980814092,0,0.0,0.0,0,-0.6390491206365672,-0.9797593355178833,0.34071021488131614,0,0,0,0,-50.0,1,,-47.42657980814092,0,0.0,0,0,0.0,0.0
657,21,27,False,0,-50.0,0,2,1,,-2.5734201918590762,0.024640783567035206,-47.42657980814092,0,0.0,0.0,0,-0.7024680288640389,-0.9954413771629333,0.29297334829889443,0,0,0,0,-50.0,1,,-47.42657980814092,0,0.0,0,0,0.0,0.0
658,21,28,False,0,-50.0,0,0,0,,-2.598060975426111,2.037621039635e-16,-47.40193902457389,0,0.0,0.0,0,-0.7655748608288593,-1.1252846717834473,0.359709810954588,0,0,0,0,-50.0,0,,-47.40193902457389,0,0.0,0,0,0.0,0.0
659,21,29,False,0,-50.0,0,1,1,,-2.521159652599973,0.07690132282613821,-47.47884034740002,0,0.0,0.0,0,-2.6009680071890924,-1.2393800020217896,1.3615880051673028,0,0,0,0,-50.0,1,,-47.47884034740002,0,0.0,0,0,0.0,0.0
660,22,0,False,0,-50.0,0,1,1,,-2.598060975426111,2.037621039635e-16,-47.40193902457389,0,0.0,0.0,0,-2.7115884624777142,-1.8819782733917236,0.8296101890859906,0,0,0,0,-50.0,1,,-47.40193902457389,0,0.0,0,0,0.0,0.0
661,22,1,False,0,-50.0,0,0,0,,-2.598060975426111,2.037621039635e-16,-47.40193902457389,0,0.0,0.0,0,-2.8316420937448616,-2.1934964656829834,0.6381456280618782,0,0,0,0,-50.0,0,,-47.40193902457389,0,0.0,0,0,0.0,0.0
662,22,2,False,0,-50.0,0,3,1,,-2.598060975426111,2.037621039635e-16,-47.40193902457389,0,0.0,0.0,0,-2.6470601903080775,-2.175302743911743,0.4717574463963343,0,0,0,0,-50.0,1,,-47.40193902457389,0,0.0,0,0,0.0,0.0
663,22,3,False,0,-50.0,0,3,1,,-2.598060975426111,2.037621039635e-16,-47.40193902457389,0,0.0,0.0,0,-2.4910852399241223,-2.1797420978546143,0.3113431420695081,0,0,0,0,-50.0,1,,-47.40193902457389,0,0.0,0,0,0.0,0.0
664,22,4,False,0,-50.0,0,0,0,,-2.598060975426111,2.037621039635e-16,-47.40193902457389,0,0.0,0.0,0,-2.41923295973839,-2.3703901767730713,0.048842782965318854,0,0,0,0,-50.0,0,,-47.40193902457389,0,0.0,0,0,0.0,0.0
665,22,5,False,0,-50.0,0,3,1,,-2.598060975426111,2.037621039635e-16,-47.40193902457389,0,0.0,0.0,0,-2.9667583337388024,-2.724200963973999,0.24255736976480335,0,0,0,0,-50.0,1,,-47.40193902457389,0,0.0,0,0,0.0,0.0
666,22,6,False,0,-50.0,0,1,1,,-2.598060975426111,2.037621039635e-16,-47.40193902457389,0,0.0,0.0,0,-2.9988256080081213,-2.584413766860962,0.41441184114715934,0,0,0,0,-50.0,1,,-47.40193902457389,0,0.0,0,0,0.0,0.0
667,22,7,False,0,-50.0,0,1,1,,-2.598060975426111,2.037621039635e-16,-47.40193902457389,0,0.0,0.0,0,-2.999919841144115,-2.6870570182800293,0.31286282286408573,0,0,0,0,-50.0,1,,-47.40193902457389,0,0.0,0,0,0.0,0.0
668,22,8,False,0,-50.0,0,0,0,,-2.598060975426111,2.037621039635e-16,-47.40193902457389,0,0.0,0.0,0,-2.9999597145201133,-2.7845847606658936,0.21537495385421979,0,0,0,0,-50.0,0,,-47.40193902457389,0,0.0,0,0,0.0,0.0
669,22,9,False,0,-50.0,0,3,1,,-2.598060975426111,2.037621039635e-16,-47.40193902457389,0,0.0,0.0,0,-2.9999624486349,-2.8577630519866943,0.14219939664820558,0,0,0,0,-50.0,1,,-47.40193902457389,0,0.0,0,0,0.0,0.0
670,22,10,False,0,-50.0,0,0,0,,-2.598060975426111,2.037621039635e-16,-47.40193902457389,0,0.0,0.0,0,-2.999960636293384,-2.852524518966675,0.14743611732670914,0,0,0,0,-50.0,0,,-47.40193902457389,0,0.0,0,0,0.0,0.0
671,22,11,False,0,-50.0,0,0,0,,-2.598060975426111,2.037621039635e-16,-47.40193902457389,0,0.0,0.0,0,-2.999958541743615,-2.7632386684417725,0.23671987330184274,0,0,0,0,-50.0,0,,-47.40193902457389,0,0.0,0,0,0.0,0.0
672,22,12,True,3,-0.05178556392555164,1,1,0,0.7999999999999999,-1.1686904830361964,0.16998653557545926,1.1169049191106448,0,0.0,0.0,0,-1.1281906172655352,-1.7005815505981445,0.5723909333326094,22,22,22,1,-0.12608838586113175,0,0.7999999999999999,1.0426020971750647,0,0.0,0,0,0.0,0.0
673,22,13,False,0,-50.0,0,3,1,,-1.55482409441806,0.16167845669087252,-48.44517590558194,0,0.0,0.0,0,-1.0525851255398087,-1.6725481748580933,0.6199630493182846,0,0,0,0,-50.0,1,,-48.44517590558194,0,0.0,0,0,0.0,0.0
674,22,14,False,0,-50.0,0,1,1,,-1.237426541629856,0.19806212575124338,-48.76257345837014,0,0.0,0.0,0,-1.0408948602000305,-2.0076966285705566,0.9668017683705261,0,0,0,0,-50.0,1,,-48.76257345837014,0,0.0,0,0,0.0,0.0
675,22,15,False,0,-50.0,0,3,1,,-1.1089599881410066,0.22167812897222566,-48.89104001185899,0,0.0,0.0,0,-1.9064748163301617,-1.7911064624786377,0.115368353851524,0,0,0,0,-50.0,1,,-48.89104001185899,0,0.0,0,0,0.0,0.0
676,22,16,True,1,-0.0498376433835538,1,1,0,0.7745966692414834,-1.4103877382403023,0.23852488355476523,1.3605500948567484,0,0.0,0.0,0,-1.926290465595779,-1.857076644897461,0.06921382069831816,5,5,5,1,-1.3690666216338727,0,0.7745966692414834,0.041321116606429564,0,0.0,0,0,0.0,0.0
677,22,17,True,2,0.10758389667771828,3,3,0,0.9486832980505139,-0.033504263736500714,0.1368665441728207,0.141088160414219,0,0.0,0.0,0,-1.443531839494967,-1.5666592121124268,0.12312737261745976,21,21,21,3,-0.038488963685815294,0,0.9486832980505139,-0.0049846999493145805,0,0.0,0,0,0.0,0.0
678,22,18,True,2,0.15295089605377793,0,0,0,0.9486832980505139,0.017561973219450366,0.13863383991665854,0.13538892283432757,0,0.0,0.0,0,-1.4025872928969352,-1.2484204769134521,0.15416681598348303,82,82,82,0,0.029812327493388927,0,0.9486832980505139,0.01225035427393856,0,0.0,0,0,0.0,0.0
679,22,19,True,2,0.24353299628827946,0,3,1,0.7378647873726218,-1.2547956564267044,0.1644546009900069,1.498328652714984,1,1.498328652714984,0.637018299865589,1,-1.3064444034589464,-1.1993509531021118,0.1070934503568346,2,2,2,0,0.16856209032021524,1,0.7378647873726218,1.4233577467469196,1,1.4233577467469196,1,1,1.4233577467469196,0.644755146274803
680,22,20,True,1,0.21109766699594892,2,2,0,0.7745966692414834,-1.1506730405510108,0.1756227571016951,1.3617707075469598,0,0.0,0.0,0,-1.406429923188051,-1.4189424514770508,0.012512528288999736,3,3,3,2,0.1334056338367931,0,0.7745966692414834,1.2840786743878039,0,0.0,0,0,0.0,0.0
681,22,21,True,2,0.4104129543263759,3,3,0,0.9486832980505139,0.4138177522416486,0.019937552006826204,-0.0034047979152726504,0,0.0,0.0,0,-0.15755984974786405,-0.6408098340034485,0.4832499842555844,243,243,243,3,0.31426276298732336,0,0.9486832980505139,-0.09955498925432521,0,0.0,0,0,0.0,0.0
682,22,22,True,3,0.4541012115907156,3,3,0,1.0,0.4465602142867623,0.020013090512848348,0.007540997303953301,0,0.0,0.0,0,0.024698823239551373,-0.4677121043205261,0.4924109275600775,286,286,286,3,0.37844423372717034,0,0.7999999999999999,-0.06811598055959195,0,0.0,0,0,0.0,0.0
683,22,23,True,3,0.4964307849543217,3,3,0,0.39999999999999997,0.5174552950744203,0.010551904208874556,-0.02102451012009865,0,0.0,0.0,0,0.1104957372669229,-0.5405445098876953,0.6510402471546182,269,269,269,3,0.41905365852794985,0,0.39999999999999997,-0.0984016365464705,0,0.0,0,0,0.0,0.0
684,22,24,True,3,0.5354615007761189,3,3,0,0.7999999999999999,0.5529688335661809,0.010424943980038084,-0.017507332790062002,0,0.0,0.0,0,0.16178812300084552,-0.24174605309963226,0.4035341761004778,194,194,194,3,0.457487313836821,0,1.0,-0.09548151972935986,0,0.0,0,0,0.0,0.0
685,22,25,True,2,0.575218881589259,1,1,0,0.9486832980505139,0.42806075339314625,0.1595919554360233,0.1471581281961128,0,0.0,0.0,0,0.23228567689391968,-0.08682005107402802,0.31910572796794767,254,254,254,1,0.4973847259944962,0,0.9486832980505139,0.06932397260134993,0,0.0,0,0,0.0,0.0
686,22,26,False,0,-50.0,0,1,1,,0.6197715602842168,0.012600916375218426,-50.619771560284214,0,0.0,0.0,0,0.3084918470720355,-0.6506134271621704,0.9591052742342059,0,0,0,0,-50.0,1,,-50.619771560284214,0,0.0,0,0,0.0,0.0
687,22,27,True,1,0.5178383532477177,1,1,0,0.7745966692414834,-1.7072584357628877,0.19511007623927834,2.2250967890106055,0,0.0,0.0,0,-2.6169264545444504,-0.7807824015617371,1.8361440529827133,1,1,1,1,-0.8239347409387954,0,0.7745966692414834,0.8833236948240923,0,0.0,0,0,0.0,0.0
688,22,28,False,0,-50.0,0,3,1,,-2.521159652599973,0.07690132282613821,-47.47884034740002,0,0.0,0.0,0,-2.622107600498724,-0.8924911022186279,1.729616498280096,0,0,0,0,-50.0,1,,-47.47884034740002,0,0.0,0,0,0.0,0.0
689,22,29,False,0,-50.0,0,0,0,,-2.598060975426111,2.037621039635e-16,-47.40193902457389,0,0.0,0.0,0,-2.619898118162673,-1.0775765180587769,1.5423216001038962,0,0,0,0,-50.0,0,,-47.40193902457389,0,0.0,0,0,0.0,0.0
690,23,0,False,0,-50.0,0,3,1,,-2.598060975426111,2.037621039635e-16,-47.40193902457389,0,0.0,0.0,0,-2.922180993097127,-1.7003103494644165,1.2218706436327107,0,0,0,0,-50.0,1,,-47.40193902457389,0,0.0,0,0,0.0,0.0
691,23,1,False,0,-50.0,0,3,1,,-2.598060975426111,2.037621039635e-16,-47.40193902457389,0,0.0,0.0,0,-2.9828412432884415,-1.6458542346954346,1.336987008593007,0,0,0,0,-50.0,1,,-47.40193902457389,0,0.0,0,0,0.0,0.0
692,23,2,False,0,-50.0,0,1,1,,-2.598060975426111,2.037621039635e-16,-47.40193902457389,0,0.0,0.0,0,-2.984313225657358,-1.532494068145752,1.451819157511606,0,0,0,0,-50.0,1,,-47.40193902457389,0,0.0,0,0,0.0,0.0
693,23,3,False,0,-50.0,0,3,1,,-2.598060975426111,2.037621039635e-16,-47.40193902457389,0,0.0,0.0,0,-2.9562983080705534,-2.2545828819274902,0.7017154261430631,0,0,0,0,-50.0,1,,-47.40193902457389,0,0.0,0,0,0.0,0.0
694,23,4,False,0,-50.0,0,3,1,,-2.598060975426111,2.037621039635e-16,-47.40193902457389,0,0.0,0.0,0,-2.9684067708528996,-2.3572425842285156,0.611164186624384,0,0,0,0,-50.0,1,,-47.40193902457389,0,0.0,0,0,0.0,0.0
695,23,5,False,0,-50.0,0,0,0,,-2.598060975426111,2.037621039635e-16,-47.40193902457389,0,0.0,0.0,0,-2.967185386620298,-2.474555253982544,0.49263013263775424,0,0,0,0,-50.0,0,,-47.40193902457389,0,0.0,0,0,0.0,0.0
696,23,6,False,0,-50.0,0,0,0,,-2.598060975426111,2.037621039635e-16,-47.40193902457389,0,0.0,0.0,0,-2.998838499299083,-2.558615207672119,0.44022329162696394,0,0,0,0,-50.0,0,,-47.40193902457389,0,0.0,0,0,0.0,0.0
697,23,7,False,0,-50.0,0,0,0,,-2.598060975426111,2.037621039635e-16,-47.40193902457389,0,0.0,0.0,0,-2.9999208621934144,-2.7078869342803955,0.29203392791301885,0,0,0,0,-50.0,0,,-47.40193902457389,0,0.0,0,0,0.0,0.0
698,23,8,False,0,-50.0,0,3,1,,-2.598060975426111,2.037621039635e-16,-47.40193902457389,0,0.0,0.0,0,-2.9605368234921685,-1.6969339847564697,1.2636028387356988,0,0,0,0,-50.0,1,,-47.40193902457389,0,0.0,0,0,0.0,0.0
699,23,9,False,0,-50.0,0,3,1,,-2.598060975426111,2.037621039635e-16,-47.40193902457389,0,0.0,0.0,0,-2.9988131019444633,-2.087329149246216,0.9114839526982474,0,0,0,0,-50.0,1,,-47.40193902457389,0,0.0,0,0,0.0,0.0
700,23,10,False,0,-50.0,0,3,1,,-2.598060975426111,2.037621039635e-16,-47.40193902457389,0,0.0,0.0,0,-2.999921854816869,-2.398448944091797,0.601472910725072,0,0,0,0,-50.0,1,,-47.40193902457389,0,0.0,0,0,0.0,0.0
701,23,11,False,0,-50.0,0,0,0,,-2.598060975426111,2.037621039635e-16,-47.40193902457389,0,0.0,0.0,0,-2.9999563513081053,-2.6444504261016846,0.35550592520642077,0,0,0,0,-50.0,0,,-47.40193902457389,0,0.0,0,0,0.0,0.0
702,23,12,True,4,-0.02058752827455457,1,1,0,0.19999999999999998,-1.4272099536984377,0.16333965102875808,1.406622425423883,0,0.0,0.0,0,-0.9128224626442386,-1.4333163499832153,0.5204938873389767,142,142,142,1,-0.022495399659687127,0,0.316227766016838,1.4047145540387507,0,0.0,0,0,0.0,0.0
703,23,13,False,0,-50.0,0,3,1,,-1.1084672668886744,0.17409990139729847,-48.891532733111326,0,0.0,0.0,0,-0.9041192286721436,-1.6800223588943481,0.7759031302222046,0,0,0,0,-50.0,1,,-48.891532733111326,0,0.0,0,0,0.0,0.0
704,23,14,True,1,0.052282795083477954,1,1,0,0.7745966692414834,-1.356973981683895,0.15780535464215367,1.409256776767373,0,0.0,0.0,0,-0.8584861602126075,-1.6081794500350952,0.7496932898224877,1,1,1,1,-2.5611906406598823,0,0.7745966692414834,-1.2042166589759873,0,0.0,0,0,0.0,0.0
705,23,15,True,1,-0.07904717100297184,3,3,0,0.7745966692414834,-1.6829253216726756,0.21898007019757748,1.6038781506697037,0,0.0,0.0,0,-1.9805936260051495,-1.3183742761611938,0.6622193498439557,2,2,2,3,-0.10448784325920658,0,0.7745966692414834,1.578437478413469,0,0.0,0,0,0.0,0.0
706,23,16,True,2,-0.020038024297076823,3,3,0,0.9486832980505139,-1.3084756788565794,0.2309804970657121,1.2884376545595027,0,0.0,0.0,0,-1.9694560774270018,-1.663582682609558,0.3058733948174437,4,4,4,3,-0.07286881888857276,0,0.9486832980505139,1.2356068599680068,0,0.0,0,0,0.0,0.0
707,23,17,True,2,0.08456760927886066,3,1,1,0.7378647873726218,-1.4820209207424155,0.23103672962063687,1.5665885300212763,1,1.5665885300212763,0.6660391631534244,1,-1.9754234157387307,-1.4760231971740723,0.49940021856465844,1,17,1,3,-0.005017573153127888,1,0.7378647873726218,1.4770033475892876,1,1.4770033475892876,1,1,1.4770033475892876,0.6690556268090694
708,23,18,True,1,0.1157248571801095,3,3,0,0.7745966692414834,-1.3236684188306669,0.17266935526833163,1.4393932760107764,0,0.0,0.0,0,-1.4982811853861904,-1.6083091497421265,0.11002796435593609,1,1,1,3,0.030215216744292495,0,0.7745966692414834,1.3538836355749593,0,0.0,0,0,0.0,0.0
709,23,19,True,1,0.14719682475712853,3,3,0,0.7745966692414834,-1.0960966476640124,0.17802803804582712,1.2432934724211409,0,0.0,0.0,0,-1.4535348738238723,-1.5555589199066162,0.10202404608274396,1,1,1,3,0.06425743756591858,0,0.7745966692414834,1.160354085229931,0,0.0,0,0,0.0,0.0
710,23,20,True,1,0.1789866909965417,0,0,0,0.7745966692414834,-1.2547956564267044,0.1644546009900069,1.433782347423246,0,0.0,0.0,0,-1.4324969171313695,-1.3578294515609741,0.07466746557039539,1,1,1,0,0.09863922226806919,0,0.7745966692414834,1.3534348786947736,0,0.0,0,0,0.0,0.0
711,23,21,True,1,0.18846312411919833,3,3,0,0.7745966692414834,-2.3818045863451403,0.1403270023761011,2.5702677104643388,0,0.0,0.0,0,-2.7584300360205884,-0.5775384902954102,2.1808915457251783,18,18,18,3,-0.6835087439899842,0,0.7745966692414834,1.6982958423551562,0,0.0,0,0,0.0,0.0
712,23,22,True,3,0.21082379447061306,3,1,1,0.39999999999999997,-2.514176177985867,0.05777774358793429,2.72499997245648,1,2.72499997245648,1.0,1,-2.868521699432334,-0.3535439968109131,2.514977702621421,1,22,1,2,-0.7103003243933098,1,0.39999999999999997,1.8038758535925572,1,1.8038758535925572,1,1,1.8038758535925572,0.8171229211368828
713,23,23,True,1,0.2432563573737988,1,1,0,0.7745966692414834,-2.0674266333509927,0.2436345040737567,2.3106829907247914,0,0.0,0.0,0,-2.7652360412695467,-0.18054024875164032,2.5846957925179064,17,17,17,1,-0.751059293783498,0,0.7745966692414834,1.3163673395674946,0,0.0,0,0,0.0,0.0
714,23,24,True,2,0.5802492500311429,3,3,0,0.9486832980505139,0.4298695175431638,0.159693613323029,0.1503797324879791,0,0.0,0.0,0,-0.15703903024287655,-0.39282530546188354,0.235786275219007,8,8,8,3,0.46864395126905245,0,0.9486832980505139,0.038774433725888624,0,0.0,0,0,0.0,0.0
715,23,25,True,3,0.6164133831925158,3,1,1,0.7999999999999999,0.6288521044276536,0.012214844912943596,-0.012438721235137784,0,0.0,0.0,0,0.28591794780155433,0.22276712954044342,0.06315081826111091,20,276,20,1,0.5394865336635282,0,0.7999999999999999,-0.08936557076412543,0,0.0,0,0,0.0,0.0
716,23,26,True,2,0.6527946216948334,1,1,0,0.9486832980505139,0.6618874699363172,0.013200784135985735,-0.00909284824148382,0,0.0,0.0,0,0.3479866048832605,0.10364849865436554,0.24433810622889496,26,26,26,1,-0.6696245577854615,0,0.9486832980505139,-1.3315120277217787,0,0.0,0,0,0.0,0.0
717,23,27,True,2,0.553372073310268,1,3,1,0.7378647873726218,-2.0576360622390113,0.14375751947283924,2.6110081355492794,1,2.6110081355492794,1.0,1,-2.6073410674865225,-0.4227909445762634,2.184550122910259,2,13,2,1,0.5289107602923016,1,0.7378647873726218,2.5865468225313126,1,2.5865468225313126,1,1,2.5865468225313126,1.0
718,23,28,True,2,0.5178383532477177,2,3,1,0.7378647873726218,-1.8427257564140227,0.17460645485360018,2.3605641096617402,1,2.3605641096617402,1.0,1,-2.6628152590583363,-0.8081672787666321,1.8546479802917042,13,7,7,2,0.48975609292594235,1,0.7378647873726218,2.332481849339965,1,2.332481849339965,1,1,2.332481849339965,1.0
719,23,29,True,2,0.4826599703857928,2,1,1,0.7378647873726218,-1.9053672938499873,0.17678798723923134,2.38802726423578,1,2.38802726423578,1.0,1,-2.7203623258341896,-0.8909649848937988,1.8293973409403907,7,4,4,2,0.4510358621589127,1,0.7378647873726218,2.3564031560089,1,2.3564031560089,1,1,2.3564031560089,1.0
720,24,0,False,0,-50.0,0,3,1,,-2.598060975426111,2.037621039635e-16,-47.40193902457389,0,0.0,0.0,0,-2.9836644042759373,-1.2300395965576172,1.75362480771832,0,0,0,0,-50.0,1,,-47.40193902457389,0,0.0,0,0,0.0,0.0
721,24,1,False,0,-50.0,0,3,1,,-2.598060975426111,2.037621039635e-16,-47.40193902457389,0,0.0,0.0,0,-2.9845511946258405,-1.3762390613555908,1.6083121332702497,0,0,0,0,-50.0,1,,-47.40193902457389,0,0.0,0,0,0.0,0.0
722,24,2,False,0,-50.0,0,0,0,,-2.598060975426111,2.037621039635e-16,-47.40193902457389,0,0.0,0.0,0,-2.9844870383824462,-1.6056989431381226,1.3787880952443237,0,0,0,0,-50.0,0,,-47.40193902457389,0,0.0,0,0,0.0,0.0
723,24,3,False,0,-50.0,0,0,0,,-2.598060975426111,2.037621039635e-16,-47.40193902457389,0,0.0,0.0,0,-2.9567710167216092,-2.189314603805542,0.7674564129160673,0,0,0,0,-50.0,0,,-47.40193902457389,0,0.0,0,0,0.0,0.0
724,24,4,False,0,-50.0,0,3,1,,-2.598060975426111,2.037621039635e-16,-47.40193902457389,0,0.0,0.0,0,-2.9781897143881118,-2.419473886489868,0.5587158278982436,0,0,0,0,-50.0,1,,-47.40193902457389,0,0.0,0,0,0.0,0.0
725,24,5,False,0,-50.0,0,3,1,,-2.598060975426111,2.037621039635e-16,-47.40193902457389,0,0.0,0.0,0,-2.9992257884664415,-2.404675006866455,0.5945507815999864,0,0,0,0,-50.0,1,,-47.40193902457389,0,0.0,0,0,0.0,0.0
726,24,6,False,0,-50.0,0,3,1,,-2.598060975426111,2.037621039635e-16,-47.40193902457389,0,0.0,0.0,0,-2.9998987577568603,-2.4993977546691895,0.5005010030876709,0,0,0,0,-50.0,1,,-47.40193902457389,0,0.0,0,0,0.0,0.0
727,24,7,False,0,-50.0,0,0,0,,-2.598060975426111,2.037621039635e-16,-47.40193902457389,0,0.0,0.0,0,-2.999920684751319,-2.621119499206543,0.37880118554477615,0,0,0,0,-50.0,0,,-47.40193902457389,0,0.0,0,0,0.0,0.0
728,24,8,False,0,-50.0,0,1,1,,-0.23038921572157514,0.014352368866319128,-49.76961078427843,0,0.0,0.0,0,-1.8515096920244918,-1.5632622241973877,0.2882474678271041,0,0,0,0,-50.0,1,,-49.76961078427843,0,0.0,0,0,0.0,0.0
729,24,9,False,0,-50.0,0,1,1,,-0.38964920942143627,0.0694644970922513,-49.610350790578565,0,0.0,0.0,0,-0.9916186882360429,-1.4288532733917236,0.4372345851556807,0,0,0,0,-50.0,1,,-49.610350790578565,0,0.0,0,0,0.0,0.0
730,24,10,True,2,-0.051549971072767826,3,3,0,0.9486832980505139,-0.4287571064610862,0.14125498676980103,0.3772071353883184,0,0.0,0.0,0,-0.9204696039085156,-1.1337867975234985,0.21331719361498291,723,723,723,3,-0.05448055508291264,0,0.9486832980505139,0.37427655137817356,0,0.0,0,0,0.0,0.0
731,24,11,True,2,-0.018168881502140927,3,1,1,0.7378647873726218,-0.260496650643059,0.09147150642214358,0.24232776914091805,1,0.24232776914091805,0.10302627746499667,1,-0.8967048286230803,-1.3442296981811523,0.447524869558072,288,450,288,1,-0.019606362012301322,0,0.9486832980505139,0.24089028863075768,0,0.0,0,0,0.0,0.0
732,24,12,True,3,0.013245492982707753,3,3,0,0.7999999999999999,-1.1716642279716363,0.1689437066370574,1.184909720954344,0,0.0,0.0,0,-0.8613460563246627,-1.5172126293182373,0.6558665729935746,421,421,421,3,0.012818793528288722,0,0.7999999999999999,1.184483021499925,0,0.0,0,0,0.0,0.0
733,24,13,True,3,0.047544222943274206,1,1,0,0.39999999999999997,-1.2937770206009334,0.1670451072299136,1.3413212435442077,0,0.0,0.0,0,-0.8097108150856005,-1.1765801906585693,0.36686937557296884,471,471,471,1,0.04754960086251192,0,0.39999999999999997,1.3413266214634452,0,0.0,0,0,0.0,0.0
734,24,14,True,2,0.08311393375043,3,3,0,0.9486832980505139,-1.1716642279716363,0.1689437066370574,1.2547781617220664,0,0.0,0.0,0,-0.8117254820278857,-1.2887303829193115,0.4770049008914258,19,19,19,3,0.007861127705650764,0,0.9486832980505139,1.1795253556772871,0,0.0,0,0,0.0,0.0
735,24,15,True,2,0.11598664052215216,1,1,0,0.9486832980505139,-1.2993877644049068,0.17360139766773586,1.415374404927059,0,0.0,0.0,0,-0.7795119367500905,-1.1305160522460938,0.3510041154960033,53,53,53,1,0.11014083564351967,0,0.9486832980505139,1.4095286000484264,0,0.0,0,0,0.0,0.0
736,24,16,True,1,0.04196933133161619,3,3,0,0.7745966692414834,-1.6098640441913772,0.22434892733548809,1.6518333755229935,0,0.0,0.0,0,-1.9380178917550748,-1.0346394777297974,0.9033784140252774,18,18,18,3,-0.056381193992243575,0,0.7745966692414834,1.5534828501991336,0,0.0,0,0,0.0,0.0
737,24,17,True,2,0.06752587471162118,3,3,0,0.9486832980505139,-1.3438397705635303,0.23539542815554315,1.4113656452751515,0,0.0,0.0,0,-2.0146870023057963,-1.2153139114379883,0.7993730908678081,22,22,22,3,-0.03068564378511722,0,0.9486832980505139,1.313154126778413,0,0.0,0,0,0.0,0.0
738,24,18,True,2,0.10461688635866254,3,1,1,0.7378647873726218,-1.6648057726687,0.22521255124320316,1.7694226590273625,1,1.7694226590273625,0.7522746174244528,1,-2.0228098602831652,-1.1481928825378418,0.8746169777453234,2,26,2,3,0.0017400441009144164,1,0.7378647873726218,1.6665458167696143,1,1.6665458167696143,1,1,1.6665458167696143,0.754914914624066
739,24,19,True,2,0.1359766522102124,1,1,0,0.9486832980505139,-1.4344523961176232,0.240626148668627,1.5704290483278356,0,0.0,0.0,0,-2.013400458408039,-1.0372542142868042,0.9761462441212347,4,4,4,1,0.06794740551159317,0,0.9486832980505139,1.5023998016292164,0,0.0,0,0,0.0,0.0
740,24,20,True,2,0.23913357117998207,3,3,0,0.9486832980505139,-1.2734411031355175,0.2670176593111905,1.5125746743154995,0,0.0,0.0,0,-1.9482166299080943,-0.8249964118003845,1.1232202181077098,19,19,19,3,0.20992407375470334,0,0.9486832980505139,1.4833651768902207,0,0.0,0,0,0.0,0.0
741,24,21,True,3,0.2718520914236665,1,1,0,1.0,-1.140496983375163,0.24182056352166553,1.4123490747988297,0,0.0,0.0,0,-1.9327448737966835,-0.6890051960945129,1.2437396777021705,18,18,18,1,0.245964286990106,0,1.0,1.386461270365269,0,0.0,0,0,0.0,0.0
742,24,22,True,2,0.17636269598984095,3,3,0,0.9486832980505139,-2.3818045863451403,0.1403270023761011,2.5581672823349813,0,0.0,0.0,0,-2.87535982160323,-1.0082170963287354,1.8671427252744945,87,87,87,0,-0.7356986478628588,1,0.7378647873726218,1.6461059384822816,1,1.6461059384822816,1,0,0.0,0.0
743,24,23,True,3,0.21082379447061306,0,1,1,0.19999999999999998,-2.514176177985867,0.05777774358793429,2.72499997245648,1,2.72499997245648,1.0,1,-2.8748211372263497,-0.609688937664032,2.2651321995623177,2,378,2,2,-0.7605673830494469,1,0.39999999999999997,1.75360879493642,1,1.75360879493642,1,1,1.75360879493642,0.794352858704782
744,24,24,True,1,0.6174782083912755,3,3,0,0.7745966692414834,0.6288521044276536,0.012214844912943596,-0.011373896036378062,0,0.0,0.0,0,0.2971622489772378,-0.7170812487602234,1.0142434977374613,22,22,22,3,0.574831792283495,0,0.7745966692414834,-0.05402031214415859,0,0.0,0,0,0.0,0.0
745,24,25,True,3,0.6557584003630855,3,3,0,1.0,0.6655784487140289,0.013329523160045797,-0.009820048350943411,0,0.0,0.0,0,0.3332026768182189,-0.04364650323987007,0.376849180058089,229,229,229,3,0.6138689944924329,0,1.0,-0.05170945422159601,0,0.0,0,0,0.0,0.0
746,24,26,True,3,0.697667763391842,1,1,0,1.0,0.7078305192018387,0.006851741771561184,-0.010162755809996704,0,0.0,0.0,0,0.40141983651486324,0.46594980359077454,0.0645299670759113,232,232,232,1,0.6563978796740992,0,0.7999999999999999,-0.051432639527739465,0,0.0,0,0,0.0,0.0
747,24,27,True,2,0.6606910864284758,2,2,0,0.9486832980505139,0.6618874699363172,0.013200784135985735,-0.0011963835078413476,0,0.0,0.0,0,-2.2441786042068785,-0.07537166774272919,2.1688069364641493,4,4,4,2,0.605068130508747,0,0.9486832980505139,-0.056819339427570226,0,0.0,0,0,0.0,0.0
748,24,28,True,2,0.4133550383095145,3,3,0,0.9486832980505139,-1.760230520311564,0.2042939293544809,2.1735855586210784,0,0.0,0.0,0,-2.8169828200483518,-1.5013004541397095,1.3156823659086423,5,5,5,3,0.37487948853221026,0,0.9486832980505139,2.135110008843774,0,0.0,0,0,0.0,0.0
749,24,29,True,2,0.4478333713524871,0,2,1,0.7378647873726218,-1.6975889828755997,0.20003105177753677,2.145422354228087,1,2.145422354228087,0.9121318597942994,1,-2.781098785230749,-1.2866568565368652,1.4944419286938837,4,6,4,0,0.4127452478834262,1,0.7378647873726218,2.110334230759026,1,2.110334230759026,1,1,2.110334230759026,0.9559429867519387
750,25,0,False,0,-50.0,0,3,1,,-2.598060975426111,2.037621039635e-16,-47.40193902457389,0,0.0,0.0,0,-2.9453749101037947,-1.2473417520523071,1.6980331580514876,0,0,0,0,-50.0,1,,-47.40193902457389,0,0.0,0,0,0.0,0.0
751,25,1,False,0,-50.0,0,0,0,,-2.598060975426111,2.037621039635e-16,-47.40193902457389,0,0.0,0.0,0,-2.983458075404663,-1.321643352508545,1.6618147228961182,0,0,0,0,-50.0,0,,-47.40193902457389,0,0.0,0,0,0.0,0.0
752,25,2,False,0,-50.0,0,3,1,,-0.5050711896659708,0.11223870803942988,-49.49492881033403,0,0.0,0.0,0,-1.5145994828661171,-1.1122663021087646,0.40233318075735247,0,0,0,0,-50.0,1,,-49.49492881033403,0,0.0,0,0,0.0,0.0
753,25,3,False,0,-50.0,0,3,1,,-0.36388909548043596,0.020755194206022187,-49.63611090451956,0,0.0,0.0,0,-1.5012094439856862,-1.1750755310058594,0.32613391297982686,0,0,0,0,-50.0,1,,-49.63611090451956,0,0.0,0,0,0.0,0.0
754,25,4,False,0,-50.0,0,3,1,,-0.3223406190182915,0.022039143730183636,-49.67765938098171,0,0.0,0.0,0,-1.4844621593943876,-1.2025808095932007,0.28188134980118695,0,0,0,0,-50.0,1,,-49.67765938098171,0,0.0,0,0,0.0,0.0
755,25,5,True,1,-0.3038541281782606,3,3,0,0.7745966692414834,-0.3101309480492345,0.022570570956299683,0.006276819870973949,0,0.0,0.0,0,-1.4674383341430013,-1.2393288612365723,0.22810947290642902,1,1,1,3,-1.6357017914909924,0,0.7745966692414834,-1.325570843441758,0,0.0,0,0,0.0,0.0
756,25,6,True,2,-0.276620332170518,1,1,0,0.9486832980505139,-0.28858389718605953,0.021742265420821173,0.011963565015541522,0,0.0,0.0,0,-1.4502177712768114,-1.2464563846588135,0.20376138661799792,27,27,27,1,-0.3136604453313548,0,0.9486832980505139,-0.025076548145295252,0,0.0,0,0,0.0,0.0
757,25,7,True,3,-0.30536513834345763,2,2,0,1.0,-0.30873812161313535,0.02283264513280727,0.0033729832696777207,0,0.0,0.0,0,-1.4942680980054557,-1.3701568841934204,0.12411121381203527,113,113,113,2,-0.3426784259380914,0,0.9486832980505139,-0.03394030432495604,0,0.0,0,0,0.0,0.0
758,25,8,False,0,-50.0,0,1,1,,-0.20510262560206619,0.015630035377518947,-49.794897374397934,0,0.0,0.0,0,-1.3855481468677955,-1.3971138000488281,0.011565653181032642,0,0,0,0,-50.0,1,,-49.794897374397934,0,0.0,0,0,0.0,0.0
759,25,9,True,1,-0.11397595648342053,3,3,0,0.7745966692414834,-0.3893548669635539,0.11265264338783007,0.2753789104801334,0,0.0,0.0,0,-0.9678655188750662,-1.3018686771392822,0.334003158264216,1,1,1,3,-2.713849719519211,0,0.7745966692414834,-2.3244948525556572,0,0.0,0,0,0.0,0.0
760,25,10,True,1,-0.08482419914542705,0,0,0,0.7745966692414834,-0.21728363316675375,0.01908545186634248,0.1324594340213267,0,0.0,0.0,0,-0.9444042582757628,-1.2140986919403076,0.2696944336645448,25,25,25,0,-0.1547168320623648,0,0.7745966692414834,0.06256680110438895,0,0.0,0,0,0.0,0.0
761,25,11,True,2,0.013859621948097924,3,3,0,0.9486832980505139,-0.16555621548049632,0.0587675159344335,0.17941583742859424,0,0.0,0.0,0,-0.8811425013748397,-1.1058387756347656,0.2246962742599259,434,434,434,3,0.013005759263969508,0,0.9486832980505139,0.17856197474446583,0,0.0,0,0,0.0,0.0
762,25,12,True,2,0.04776172081648237,3,1,1,0.7378647873726218,-0.1981856357119154,0.09550441190448272,0.24594735652839775,1,0.24594735652839775,0.104565154399379,1,-0.8549189827382755,-0.9626466035842896,0.10772762084601406,164,320,164,3,0.0467892237403303,1,0.7378647873726218,0.24497485945224567,1,0.24497485945224567,1,1,0.24497485945224567,0.11096915143137666
763,25,13,True,3,0.08142986106153978,3,3,0,0.7999999999999999,-0.8899484115100382,0.19220646492934237,0.971378272571578,0,0.0,0.0,0,-0.7625780840623478,-1.108265995979309,0.34568791191696124,580,580,580,3,0.08176754625169799,0,1.0,0.9717159577617362,0,0.0,0,0,0.0,0.0
764,25,14,True,3,0.11752159085819505,1,1,0,0.39999999999999997,-1.2654060461143317,0.16827848686471852,1.3829276369725267,0,0.0,0.0,0,-0.7115920706232228,-0.8335580229759216,0.1219659523526988,444,444,444,1,0.11729065091241947,0,0.39999999999999997,1.3826966970267511,0,0.0,0,0,0.0,0.0
765,25,15,True,2,0.15070148001177236,3,3,0,0.9486832980505139,-0.9455824739209616,0.19337084282337672,1.096283953932734,0,0.0,0.0,0,-0.7344588037296124,-0.821894645690918,0.0874358419613056,457,457,457,3,0.146867923962272,0,0.9486832980505139,1.0924503978832336,0,0.0,0,0,0.0,0.0
766,25,16,True,3,0.18614995802906215,1,1,0,1.0,-1.2593374916309568,0.17069415457444448,1.445487449660019,0,0.0,0.0,0,-0.7020945865023235,-0.6792498230934143,0.022844763408909174,383,383,383,1,0.18222438006438704,0,1.0,1.4415618716953438,0,0.0,0,0,0.0,0.0
767,25,17,False,0,-50.0,0,3,1,,-1.6648057726687,0.22521255124320316,-48.3351942273313,0,0.0,0.0,0,-2.023222224069603,-0.7083832621574402,1.3148389619121628,0,0,0,0,-50.0,1,,-48.3351942273313,0,0.0,0,0,0.0,0.0
768,25,18,True,2,0.1359766522102124,3,3,0,0.9486832980505139,-1.3483682387552949,0.23402435295757182,1.4843448909655073,0,0.0,0.0,0,-2.012549981935038,-0.9241235852241516,1.0884263967108865,17,17,17,3,-1.2026823799653739,0,0.9486832980505139,0.14568585878992102,0,0.0,0,0,0.0,0.0
769,25,19,True,2,0.1676531833733941,3,3,0,0.9486832980505139,-1.7169249916619063,0.21620904987350298,1.8845781750353003,0,0.0,0.0,0,-1.9921640327614942,-0.9597151875495911,1.0324488452119032,21,21,21,3,0.1032388128280335,0,0.9486832980505139,1.8201638044899398,0,0.0,0,0,0.0,0.0
770,25,20,True,2,0.2067422361387345,0,0,0,0.9486832980505139,-1.352494064762455,0.24904946200388733,1.5592363009011896,0,0.0,0.0,0,-1.9651752952651518,-0.6690563559532166,1.2961189393119352,18,18,18,0,0.17337520374367538,0,0.9486832980505139,1.5258692685061304,0,0.0,0,0,0.0,0.0
771,25,21,True,1,0.309032228064217,1,0,1,0.2581988897471611,-1.3308413820639409,0.2554558834489331,1.639873610128158,1,1.639873610128158,0.6971965044020266,1,-1.8875274439926937,-0.4761592745780945,1.4113681694145992,21,0,0,1,0.3075052049963681,1,0.2581988897471611,1.638346587060309,1,1.638346587060309,1,1,1.638346587060309,0.7421411769480574
772,25,22,True,1,0.14056971215863626,3,3,0,0.7745966692414834,-2.514176177985867,0.05777774358793429,2.654745890144503,0,0.0,0.0,0,-2.878234996874936,-1.1970252990722656,1.6812096978026703,102,102,102,3,-0.8093196679929642,0,0.7745966692414834,1.7048565099929027,0,0.0,0,0,0.0,0.0
773,25,23,True,2,0.17463011660313896,0,0,0,0.9486832980505139,-2.3818045863451403,0.1403270023761011,2.556434702948279,0,0.0,0.0,0,-2.8769041478124864,-0.9065276980400085,1.9703764497724778,373,373,373,0,-0.7853974148451941,0,0.9486832980505139,1.5964071714999462,0,0.0,0,0,0.0,0.0
774,25,24,True,2,0.4228274381610748,3,3,0,0.9486832980505139,0.4319949386810781,0.011881265807411896,-0.009167500520003258,0,0.0,0.0,0,-1.9246604045598934,-1.4341256618499756,0.4905347427099178,1022,1022,1022,3,0.41858524045543866,0,0.9486832980505139,-0.013409698225639421,0,0.0,0,0,0.0,0.0
775,25,25,True,2,0.459536260023874,1,1,0,0.9486832980505139,0.4580428972539086,0.013138450713096064,0.0014933627699653673,0,0.0,0.0,0,-1.91372127071537,-1.2248928546905518,0.6888284160248181,582,582,582,1,0.45496009210901384,0,0.9486832980505139,-0.0030828051448947846,0,0.0,0,0,0.0,0.0
776,25,26,True,2,0.7400130284020163,1,1,0,0.632455532033676,0.7452831644330999,0.006905047794685405,-0.0052701360310836165,0,0.0,0.0,0,0.6764484328305562,0.16653002798557281,0.5099184048449834,244,244,244,1,0.7347009485509256,0,0.632455532033676,-0.01058221588217434,0,0.0,0,0,0.0,0.0
777,25,27,True,2,0.27503241898576364,1,1,0,0.632455532033676,-1.036988081566858,0.21101157382500535,1.3120205005526215,0,0.0,0.0,0,-2.817187049251517,-0.7535020709037781,2.063684978347739,52,52,52,1,0.23861796565109142,0,0.632455532033676,1.2756060472179493,0,0.0,0,0,0.0,0.0
778,25,28,True,3,0.3792214885969716,0,1,1,0.39999999999999997,-1.1576135504192826,0.21661406453497267,1.5368350390162542,1,1.5368350390162542,0.6533893895401778,1,-2.8434987004178693,-1.4732249975204468,1.3702737028974226,2,129,2,0,0.33743406467144477,1,0.39999999999999997,1.4950476150907273,1,1.4950476150907273,1,1,1.4950476150907273,0.6772293514815224
779,25,29,True,1,0.8373602167429304,1,1,0,0.7745966692414834,0.8695718179799998,0.004944004787010433,-0.032211601237069454,0,0.0,0.0,0,0.8393831827498964,0.48317521810531616,0.35620796464458027,3,3,3,1,0.8640480838524142,0,0.7745966692414834,-0.005523734127585667,0,0.0,0,0,0.0,0.0
780,26,0,False,0,-50.0,0,3,1,,-2.5387594606138832,0.0408929389970638,-47.46124053938612,0,0.0,0.0,0,-1.487941571470987,-1.131266474723816,0.356675096747171,0,0,0,0,-50.0,1,,-47.46124053938612,0,0.0,0,0,0.0,0.0
781,26,1,False,0,-50.0,0,3,1,,-2.3255980710498703,0.14800861059110254,-47.67440192895013,0,0.0,0.0,0,-1.431431722117607,-1.0116784572601318,0.4197532648574751,0,0,0,0,-50.0,1,,-47.67440192895013,0,0.0,0,0,0.0,0.0
782,26,2,False,0,-50.0,0,1,1,,-2.5387594606138832,0.0408929389970638,-47.46124053938612,0,0.0,0.0,0,-1.4127590047427598,-1.0956165790557861,0.3171424256869737,0,0,0,0,-50.0,1,,-47.46124053938612,0,0.0,0,0,0.0,0.0
783,26,3,False,0,-50.0,0,3,1,,-2.598060975426111,2.037621039635e-16,-47.40193902457389,0,0.0,0.0,0,-2.9319777757129337,-0.9869832396507263,1.9449945360622074,0,0,0,0,-50.0,1,,-47.40193902457389,0,0.0,0,0,0.0,0.0
784,26,4,False,0,-50.0,0,3,1,,-2.598060975426111,2.037621039635e-16,-47.40193902457389,0,0.0,0.0,0,-2.9782331339268264,-1.2262651920318604,1.751967941894966,0,0,0,0,-50.0,1,,-47.40193902457389,0,0.0,0,0,0.0,0.0
785,26,5,False,0,-50.0,0,2,1,,-2.598060975426111,2.037621039635e-16,-47.40193902457389,0,0.0,0.0,0,-2.979253464363406,-1.261936902999878,1.717316561363528,0,0,0,0,-50.0,1,,-47.40193902457389,0,0.0,0,0,0.0,0.0
786,26,6,True,2,-0.24447513644996843,3,3,0,0.9486832980505139,-0.23427903879475478,0.01689883666002003,-0.010196097655213648,0,0.0,0.0,0,-1.1925365674335404,-1.287764549255371,0.09522798182183068,279,279,279,3,-0.2478104711198841,0,0.9486832980505139,-0.013531432325129322,0,0.0,0,0,0.0,0.0
787,26,7,True,4,-0.21350387191091935,1,1,0,0.316227766016838,-0.3188000260873079,0.12081278979477043,0.10529615417638855,0,0.0,0.0,0,-1.137064297163874,-1.1417219638824463,0.004657666718572262,1035,1035,1035,1,-0.2159768023778311,0,0.316227766016838,0.1028232237094768,0,0.0,0,0,0.0,0.0
788,26,8,False,0,-50.0,0,1,1,,-0.1626730471930194,0.015589457473799338,-49.83732695280698,0,0.0,0.0,0,-1.1708447820416645,-1.2474610805511475,0.07661629850948293,0,0,0,0,-50.0,1,,-49.83732695280698,0,0.0,0,0,0.0,0.0
789,26,9,False,0,-50.0,0,0,0,,-0.38964920942143627,0.0694644970922513,-49.610350790578565,0,0.0,0.0,0,-0.989825807504518,-1.3441888093948364,0.35436300189031844,0,0,0,0,-50.0,0,,-49.610350790578565,0,0.0,0,0,0.0,0.0
790,26,10,True,1,-0.11702635691642771,3,3,0,0.7745966692414834,-0.09786952656273043,0.015096090657665056,-0.01915683035369728,0,0.0,0.0,0,-1.0393900496791277,-1.3151185512542725,0.2757285015751447,27,27,27,3,-0.11587650483519359,0,0.7745966692414834,-0.018006978272463156,0,0.0,0,0,0.0,0.0
791,26,11,True,2,-0.08678537534969681,1,1,0,0.9486832980505139,-0.08288781923075224,0.018358046494247236,-0.003897556118944573,0,0.0,0.0,0,-1.0185167631886167,-1.3782662153244019,0.35974945213578513,37,37,37,1,-0.08516650746208544,0,0.9486832980505139,-0.0022786882313332035,0,0.0,0,0,0.0,0.0
792,26,12,True,2,0.01624261465788458,3,3,0,0.9486832980505139,-0.040367663472331825,0.015975556378167187,0.05661027813021641,0,0.0,0.0,0,-0.87050271377213,-1.1745712757110596,0.3040685619389296,434,434,434,3,0.017400704282078603,0,0.9486832980505139,0.057768367754410424,0,0.0,0,0,0.0,0.0
793,26,13,True,3,0.048194083765456315,1,1,0,0.39999999999999997,-0.042765454440935706,0.0207478958684899,0.09095953820639202,0,0.0,0.0,0,-0.8469634065451159,-0.9682024121284485,0.12123900558333256,313,313,313,1,0.04955646861320506,0,0.39999999999999997,0.09232192305414078,0,0.0,0,0,0.0,0.0
794,26,14,True,1,0.1528517684073866,3,3,0,0.7745966692414834,-0.9455824739209616,0.19337084282337672,1.0984342423283482,0,0.0,0.0,0,-0.6596634218613776,-0.5618123412132263,0.09785108064815129,508,508,508,3,0.15229158277098026,0,0.7745966692414834,1.0978740566919418,0,0.0,0,0,0.0,0.0
795,26,15,True,2,0.18830521817377502,3,3,0,0.9486832980505139,-1.356973981683895,0.15780535464215367,1.54527919985767,0,0.0,0.0,0,-0.6294313444690993,-0.5040012001991272,0.12543014426997212,513,513,513,3,0.1885786394156939,0,0.9486832980505139,1.545552621099589,0,0.0,0,0,0.0,0.0
796,26,16,True,2,0.22368446451708882,3,3,0,0.9486832980505139,-1.1013610168709194,0.1760944701983759,1.3250454813880082,0,0.0,0.0,0,-0.6025669281896009,-0.6653305888175964,0.06276366062799554,733,733,733,3,0.22437868423809473,0,0.9486832980505139,1.3257397011090142,0,0.0,0,0,0.0,0.0
797,26,17,True,3,0.26039860268621484,3,3,0,1.0,-1.2618116322148454,0.1792207473398976,1.5222102349010602,0,0.0,0.0,0,-0.5189138148783932,-0.4833216071128845,0.03559220776550864,747,747,747,3,0.26268607786608156,0,1.0,1.524497710080927,0,0.0,0,0,0.0,0.0
798,26,18,True,3,0.2969044458042993,1,1,0,0.7999999999999999,-1.114078010692648,0.1807030655088135,1.4109824564969473,0,0.0,0.0,0,-0.48897214117757204,-0.4959748387336731,0.007002697556101056,649,649,649,3,0.29934998042786526,1,0.7999999999999999,1.4134279911205132,1,1.4134279911205132,1,0,0.0,0.0
799,26,19,True,2,0.32753383474802555,3,3,0,0.632455532033676,-1.0547753468301257,0.21955485871842711,1.3823091815781514,0,0.0,0.0,0,-0.43136431936530156,-0.585560142993927,0.15419582362862544,202,202,202,3,0.33544686465244666,0,0.632455532033676,1.3902222114825724,0,0.0,0,0,0.0,0.0
800,26,20,True,2,0.3668816946737972,1,1,0,0.9486832980505139,-0.9332441864100064,0.1930518698547399,1.3001258810838037,0,0.0,0.0,0,-0.40075593743315513,-0.4666963219642639,0.06594038453110879,138,138,138,1,0.3728455723030968,0,0.9486832980505139,1.306089758713103,0,0.0,0,0,0.0,0.0
801,26,21,True,1,0.3441280237112821,3,3,0,0.7745966692414834,0.35219150073510397,0.015366083490196025,-0.008063477023821874,0,0.0,0.0,0,-1.8727934963371866,-0.27057939767837524,1.6022140986588114,62,62,62,3,0.3452864660071446,0,0.7745966692414834,-0.0069050347279593915,0,0.0,0,0,0.0,0.0
802,26,22,True,2,0.3800734731083665,3,3,0,0.9486832980505139,0.3761019813323698,0.017996632355759965,0.003971491775996705,0,0.0,0.0,0,-1.9332982792604252,-0.7607818245887756,1.1725164546716496,82,82,82,3,0.3778754785488453,0,0.9486832980505139,0.001773497216475517,0,0.0,0,0,0.0,0.0
803,26,23,True,3,0.41785699494209594,3,3,0,0.7999999999999999,0.42555253474532967,0.017175069867526926,-0.007695539803233731,0,0.0,0.0,0,-1.925071548987215,-1.1607636213302612,0.7643079276569538,213,213,213,3,0.41564269978378443,0,0.7999999999999999,-0.009909834961545239,0,0.0,0,0,0.0,0.0
804,26,24,True,4,0.45772032479993635,3,3,0,0.39999999999999997,0.4597979392999066,0.013372682684080902,-0.0020776144999702373,0,0.0,0.0,0,-1.9115222521396613,-1.1361212730407715,0.7754009790988898,949,949,949,3,0.4539622910733313,0,0.39999999999999997,-0.005835648226575285,0,0.0,0,0,0.0,0.0
805,26,25,True,3,0.49753174807609213,1,1,0,0.7999999999999999,0.5034330268641232,0.012029857481334125,-0.005901278788031039,0,0.0,0.0,0,-1.8778035868320782,-0.9918203949928284,0.8859831918392498,3971,3971,3971,1,0.4936713981417915,0,0.7999999999999999,-0.009761628722331661,0,0.0,0,0,0.0,0.0
806,26,26,True,4,0.7806502179386227,3,1,1,-0.39999999999999997,0.788782398403596,0.005767730410537001,-0.008132180464973326,0,0.0,0.0,0,0.7271707314680059,0.42052537202835083,0.3066453594396551,1,668,1,1,0.77760022285091,0,0.316227766016838,-0.011182175552685969,0,0.0,0,0,0.0,0.0
807,26,27,True,2,0.3034273199579449,3,0,1,0.7378647873726218,-1.1051608637426429,0.22793539116808073,1.4085881837005878,1,1.4085881837005878,0.5988649074859497,1,-2.838453226984603,-1.2736420631408691,1.5648111638437339,108,34,34,3,0.2640796506920785,1,0.7378647873726218,1.3692405144347215,1,1.3692405144347215,1,1,1.3692405144347215,0.620241025271011
808,26,28,True,2,0.3413591406236301,0,2,1,0.7378647873726218,-1.036988081566858,0.21101157382500535,1.378347222190488,1,1.378347222190488,0.5860078845273632,1,-2.843005428784939,-1.3591656684875488,1.48383976029739,129,90,90,0,0.3004115897711778,1,0.7378647873726218,1.3373996713380358,1,1.3373996713380358,1,1,1.3373996713380358,0.6058177030280705
809,26,29,True,2,0.8955020371927442,1,1,0,0.632455532033676,0.9067954298802,0.008074172607070914,-0.011293392687455772,0,0.0,0.0,0,0.8873878599677104,0.8445393443107605,0.042848515656949915,21,21,21,1,0.9062435311235298,0,0.632455532033676,-0.0005518987566701661,0,0.0,0,0,0.0,0.0
810,27,0,False,0,-50.0,0,1,1,,-2.4693506001432133,0.10066596686536156,-47.530649399856784,0,0.0,0.0,0,-1.5095070709017433,-1.1506693363189697,0.35883773458277357,0,0,0,0,-50.0,1,,-47.530649399856784,0,0.0,0,0,0.0,0.0
811,27,1,False,0,-50.0,0,3,1,,-2.5387594606138832,0.0408929389970638,-47.46124053938612,0,0.0,0.0,0,-1.3185351099944234,-0.8267964720726013,0.49173863792182204,0,0,0,0,-50.0,1,,-47.46124053938612,0,0.0,0,0,0.0,0.0
812,27,2,False,0,-50.0,0,3,1,,-2.4366329639360047,0.10707265363585312,-47.563367036063994,0,0.0,0.0,0,-1.2996677253087177,-1.0524272918701172,0.24724043343860047,0,0,0,0,-50.0,1,,-47.563367036063994,0,0.0,0,0,0.0,0.0
813,27,3,False,0,-50.0,0,3,1,,-2.5387594606138832,0.0408929389970638,-47.46124053938612,0,0.0,0.0,0,-1.2451651442604734,-1.0711510181427002,0.17401412611777323,0,0,0,0,-50.0,1,,-47.46124053938612,0,0.0,0,0,0.0,0.0
814,27,4,False,0,-50.0,0,3,1,,-2.4366329639360047,0.10707265363585312,-47.563367036063994,0,0.0,0.0,0,-1.1767842169141005,-0.9267342686653137,0.2500499482487868,0,0,0,0,-50.0,1,,-47.563367036063994,0,0.0,0,0,0.0,0.0
815,27,5,True,1,-0.2562290173797529,3,3,0,0.7745966692414834,-2.416745766388119,0.12568982560243355,2.160516749008366,0,0.0,0.0,0,-1.1550026914758018,-0.9621039032936096,0.1928987881821922,6,6,6,3,-1.577462131407423,0,0.7745966692414834,0.8392836349806958,0,0.0,0,0,0.0,0.0
816,27,6,True,2,-0.21465673078028286,3,1,1,0.7378647873726218,-2.189720153747364,0.19013650237308669,1.9750634229670812,1,1.9750634229670812,0.8397033197926368,1,-1.1342443809945628,-0.9625903964042664,0.17165398459029646,137,12,12,3,-0.2532107626565717,1,0.7378647873726218,1.9365093910907922,1,1.9365093910907922,1,1,1.9365093910907922,0.8772034989579304
817,27,7,True,4,-0.18186174895644955,1,1,0,0.19999999999999998,-0.17259365644770924,0.015963190014645957,-0.009268092508740305,0,0.0,0.0,0,-1.0952651166077993,-1.087165117263794,0.008099999344005404,999,999,999,1,-0.1847148692327724,0,0.39999999999999997,-0.012121212785063146,0,0.0,0,0,0.0,0.0
818,27,8,True,1,-0.14225035932197588,3,3,0,0.7745966692414834,-0.1267630826144815,0.01613377186321924,-0.01548727670749439,0,0.0,0.0,0,-1.052638671535452,-1.1068376302719116,0.054198958736459524,3,3,3,3,-1.4456483227163515,0,0.7745966692414834,-1.31888524010187,0,0.0,0,0,0.0,0.0
819,27,9,True,2,-0.11338420201265469,3,1,1,0.7378647873726218,-0.10066924838882871,0.016179146176768234,-0.012714953623825978,0,0.0,0.0,0,-1.029429883835221,-1.1691168546676636,0.13968697083244264,29,12,12,3,-0.15126591398891687,1,0.7378647873726218,-0.05059666560008816,0,0.0,0,0,0.0,0.0
820,27,10,True,2,-0.08380935770099712,3,3,0,0.9486832980505139,-0.07840463572090521,0.019048033441543617,-0.005404721980091912,0,0.0,0.0,0,-1.0193883173534544,-1.2969563007354736,0.27756798338201927,19,19,19,3,-0.08684398535138467,0,0.9486832980505139,-0.008439349630479459,0,0.0,0,0,0.0,0.0
821,27,11,True,2,-0.05087102781774269,3,3,0,0.9486832980505139,-0.04183227021164061,0.016188054959327694,-0.00903875760610208,0,0.0,0.0,0,-0.9785133971753457,-1.3068122863769531,0.32829888920160744,39,39,39,3,-0.05250649396455492,0,0.9486832980505139,-0.01067422375291431,0,0.0,0,0,0.0,0.0
822,27,12,True,2,-0.019431122990949377,1,1,0,0.9486832980505139,-0.038282270931088686,0.02091292858650381,0.01885114794013931,0,0.0,0.0,0,-0.9242242467506387,-1.111572265625,0.18734801887436126,31,31,31,1,-0.018509089316733614,0,0.9486832980505139,0.01977318161435507,0,0.0,0,0,0.0,0.0
823,27,13,True,2,0.08372825786568189,3,3,0,0.9486832980505139,0.022944944425756425,0.01805053576983275,0.06078331343992546,0,0.0,0.0,0,-0.8037326576867699,-0.8371497392654419,0.03341708157867196,279,279,279,3,0.08372673326330327,0,0.9486832980505139,0.06078178883754684,0,0.0,0,0,0.0,0.0
824,27,14,True,3,0.11851131599120063,0,3,1,0.7999999999999999,0.023973352263759747,0.025441415554447094,0.09453796372744089,1,0.09453796372744089,0.04019305965836374,1,-0.7724658735607356,-0.7882804870605469,0.01581461349981128,78,204,78,3,0.11832458353108702,0,1.0,0.09435123126732728,0,0.0,0,0,0.0,0.0
825,27,15,True,3,0.14908649204288296,3,3,0,1.0,0.05582926758191842,0.024279289293384843,0.09325722446096454,0,0.0,0.0,0,-0.7823644904220035,-0.6260995864868164,0.1562649039351871,306,306,306,3,0.15239377206316582,0,1.0,0.0965645044812474,0,0.0,0,0,0.0,0.0
826,27,16,True,4,0.18506961612736175,0,1,1,0.0,0.13867628382268388,0.015104199870224981,0.046393332304677876,1,0.046393332304677876,0.01972424515561002,1,-0.7583418797803945,-0.4260452389717102,0.33229664080868426,17,539,17,0,0.18773873535751537,1,0.0,0.04906245153483149,1,0.04906245153483149,1,1,0.046393332304677876,0.021015334918183925
827,27,17,True,1,0.29835199535590495,3,3,0,0.7745966692414834,-1.114078010692648,0.1807030655088135,1.4124300060485528,0,0.0,0.0,0,-0.49323054503855507,-0.3152020573616028,0.17802848767695229,27,27,27,3,0.29749122565016883,0,0.7745966692414834,1.411569236342817,0,0.0,0,0,0.0,0.0
828,27,18,True,2,0.3329500925059121,3,3,0,0.9486832980505139,-1.0547753468301257,0.21955485871842711,1.3877254393360379,0,0.0,0.0,0,-0.46584349312503026,-0.3554156422615051,0.11042785086352513,531,531,531,3,0.3334998658429088,0,0.9486832980505139,1.3882752126730344,0,0.0,0,0,0.0,0.0
829,27,19,True,3,0.37208058110886927,3,3,0,1.0,-1.043774799591931,0.18626520564465246,1.4158553807008003,0,0.0,0.0,0,-0.3673400577140508,-0.30430132150650024,0.06303873620755057,653,653,653,3,0.37279487454345867,0,1.0,1.4165696741353897,0,0.0,0,0,0.0,0.0
830,27,20,True,4,0.4096852144590493,1,2,1,0.0,-1.1653059600120506,0.21027612192641518,1.5749911744710998,1,1.5749911744710998,0.6696115691620144,1,-0.3348727620019532,-0.15414635837078094,0.18072640363117226,713,108,108,1,0.41068785866660706,1,-0.39999999999999997,1.5759938186786577,1,1.5759938186786577,1,1,1.5749911744710998,0.7134423284648733
831,27,21,True,2,0.529922947359425,3,3,0,0.9486832980505139,0.5600430730359306,0.009042892007081565,-0.03012012567650557,0,0.0,0.0,0,0.14102317650308646,0.0933966189622879,0.04762655754079856,1804,1804,1804,3,0.5289051583314116,0,0.9486832980505139,-0.031137914704518987,0,0.0,0,0,0.0,0.0
832,27,22,True,4,0.5740634941743363,3,3,0,0.316227766016838,0.5888575885190219,0.010539883928674179,-0.014794094344685593,0,0.0,0.0,0,0.2439596139563979,-0.005629468709230423,0.24958908266562832,1769,1769,1769,3,0.573489722109897,0,0.316227766016838,-0.015367866409124908,0,0.0,0,0,0.0,0.0
833,27,23,True,3,0.6147704652112956,1,1,0,1.0,0.6251448505547396,0.011261271538032178,-0.010374385343443926,0,0.0,0.0,0,0.28502527265508387,0.30022066831588745,0.015195395660803579,1726,1726,1726,1,0.6137172571081132,0,1.0,-0.01142759344662636,0,0.0,0,0,0.0,0.0
834,27,24,True,4,0.5780361979295915,2,2,0,0.316227766016838,0.5834853781170546,0.011123696776529881,-0.0054491801874630985,0,0.0,0.0,0,-1.6902338322337112,-0.5060985684394836,1.1841352637942275,62,62,62,2,0.5736208708171785,0,0.316227766016838,-0.00986450729987609,0,0.0,0,0,0.0,0.0
835,27,25,True,2,0.5382755744133265,2,2,0,0.9486832980505139,0.5529161805320312,0.00947875750172384,-0.014640606118704658,0,0.0,0.0,0,-1.848823379873709,-0.9497774839401245,0.8990458959335845,956,956,956,2,0.5339417985847875,0,0.9486832980505139,-0.018974381947243657,0,0.0,0,0,0.0,0.0
836,27,26,True,3,0.8188386033010813,3,3,0,0.7999999999999999,0.828993139501398,0.006354281729361673,-0.0101545362003167,0,0.0,0.0,0,0.7707077472551159,0.36865073442459106,0.40205701283052486,701,701,701,3,0.8200110983818232,0,0.7999999999999999,-0.00898204111957479,0,0.0,0,0,0.0,0.0
837,27,27,True,4,0.8609201615349913,3,3,0,0.632455532033676,0.8716086715813978,0.0077895046381295996,-0.010688510046406474,0,0.0,0.0,0,0.8183174303646924,0.7646642327308655,0.05365319763382692,741,741,741,3,0.8628719011699293,0,0.632455532033676,-0.008736770411468475,0,0.0,0,0,0.0,0.0
838,27,28,True,4,0.9039634586414802,3,3,0,0.632455532033676,0.9107158298802001,0.00786818650316122,-0.0067523712387198564,0,0.0,0.0,0,0.8719457540360065,0.8999536633491516,0.02800790931314512,747,747,747,3,0.9062129045886624,0,0.632455532033676,-0.004502925291537618,0,0.0,0,0,0.0,0.0
839,27,29,True,3,0.9475291207325063,1,1,0,1.0,0.9501198000000001,0.004856407426548106,-0.0025906792674937895,0,0.0,0.0,0,0.9325803614311425,1.0771205425262451,0.14454018109510258,650,650,650,1,0.9500401706334348,0,0.7999999999999999,-7.96293665652481e-05,0,0.0,0,0,0.0,0.0
840,28,0,False,0,-50.0,0,1,1,,-2.5387594606138832,0.0408929389970638,-47.46124053938612,0,0.0,0.0,0,-1.493140598905097,-1.1724050045013428,0.3207355944037542,0,0,0,0,-50.0,1,,-47.46124053938612,0,0.0,0,0,0.0,0.0
841,28,1,False,0,-50.0,0,0,0,,-2.3255980710498703,0.14800861059110254,-47.67440192895013,0,0.0,0.0,0,-1.33670204712478,-1.0491158962249756,0.2875861508998043,0,0,0,0,-50.0,0,,-47.67440192895013,0,0.0,0,0,0.0,0.0
842,28,2,False,0,-50.0,0,3,1,,-2.5387594606138832,0.0408929389970638,-47.46124053938612,0,0.0,0.0,0,-1.3174705806002636,-0.8778945207595825,0.43957605984068104,0,0,0,0,-50.0,1,,-47.46124053938612,0,0.0,0,0,0.0,0.0
843,28,3,False,0,-50.0,0,1,1,,-2.4366329639360047,0.10707265363585312,-47.563367036063994,0,0.0,0.0,0,-1.2985755151039768,-0.9839579463005066,0.31461756880347025,0,0,0,0,-50.0,1,,-47.563367036063994,0,0.0,0,0,0.0,0.0
844,28,4,False,0,-50.0,0,3,1,,-2.5387594606138832,0.0408929389970638,-47.46124053938612,0,0.0,0.0,0,-1.2683435507345002,-0.9368781447410583,0.3314654059934419,0,0,0,0,-50.0,1,,-47.46124053938612,0,0.0,0,0,0.0,0.0
845,28,5,True,1,-0.27008506050335623,3,3,0,0.7745966692414834,-2.4366329639360047,0.10707265363585312,2.1665479034326482,0,0.0,0.0,0,-1.2488883306051992,-1.007086992263794,0.24180133834140527,2,2,2,3,-1.6740786744422202,0,0.7745966692414834,0.7625542894937845,0,0.0,0,0,0.0,0.0
846,28,6,True,3,-0.24251016280192778,0,1,1,0.632455532033676,-2.5387594606138832,0.0408929389970638,2.2962492978119555,1,2.2962492978119555,0.9762563247450445,1,-1.229214802852546,-1.0816707611083984,0.1475440417441476,16,5,5,0,-0.3534936173162219,1,0.632455532033676,2.1852658432976613,1,2.1852658432976613,1,1,2.1852658432976613,0.9898856430611995
847,28,7,True,4,-0.15074172962047,1,1,0,0.19999999999999998,-0.1438927298891089,0.01734150414350619,-0.006848999731361105,0,0.0,0.0,0,-1.0436528889413317,-0.9401669502258301,0.1034859387155016,733,733,733,1,-0.1512757673870159,0,0.316227766016838,-0.007383037497907002,0,0.0,0,0,0.0,0.0
848,28,8,True,2,-0.12051535071467864,3,3,0,0.9486832980505139,-0.10066924838882871,0.016179146176768234,-0.019846102325849935,0,0.0,0.0,0,-1.0066214706310102,-1.1104384660720825,0.10381699544107237,39,39,39,3,-0.15542488863721682,0,0.9486832980505139,-0.05475564024838811,0,0.0,0,0,0.0,0.0
849,28,9,True,4,-0.0898574477097718,1,1,0,0.39999999999999997,-0.09010891483363358,0.01915248870079486,0.0002514671238617733,0,0.0,0.0,0,-0.9777459462223967,-0.9510421752929688,0.026703770929427995,178,178,178,1,-0.08949119373458356,0,0.39999999999999997,0.0006177210990500198,0,0.0,0,0,0.0,0.0
850,28,10,True,1,-0.052532754244284434,3,3,0,0.7745966692414834,-0.04183227021164061,0.016188054959327694,-0.010700484032643821,0,0.0,0.0,0,-0.9099787878851794,-0.9230391383171082,0.013060350431928769,347,347,347,3,-0.05074985701408985,0,0.7745966692414834,-0.008917586802449237,0,0.0,0,0,0.0,0.0
851,28,11,True,3,-0.021229059428454333,1,1,0,0.7999999999999999,-0.04393856027692811,0.02287801977561068,0.022709500848473774,0,0.0,0.0,0,-0.8878577023729765,-0.895959198474884,0.00810149610190758,370,370,370,1,-0.019368235281378744,0,0.7999999999999999,0.024570324995549363,0,0.0,0,0,0.0,0.0
852,28,12,True,2,0.012727188014579621,3,3,0,0.9486832980505139,0.022944944425756425,0.01805053576983275,-0.010217756411176804,0,0.0,0.0,0,-0.8624137940527972,-1.007102131843567,0.14468833779076973,31,31,31,3,0.014967672760106398,0,0.9486832980505139,-0.007977271665650027,0,0.0,0,0,0.0,0.0
853,28,13,True,1,0.04766715836614714,3,3,0,0.7745966692414834,0.023973352263759747,0.025441415554447094,0.023693806102387395,0,0.0,0.0,0,-0.8277940218965809,-0.9077873826026917,0.07999336070611074,32,32,32,3,0.04879593002355478,0,0.7745966692414834,0.02482257775979503,0,0.0,0,0,0.0,0.0
854,28,14,True,2,0.08284110611492967,3,3,0,0.632455532033676,0.05582926758191842,0.024279289293384843,0.027011838533011256,0,0.0,0.0,0,-0.8030370008900867,-0.856390655040741,0.053353654150654295,267,267,267,3,0.08300309209563328,0,0.632455532033676,0.02717382451371486,0,0.0,0,0,0.0,0.0
855,28,15,True,4,0.11624619280184666,1,1,0,0.316227766016838,0.1202056722609383,0.018814191985543342,-0.0039594794590916416,0,0.0,0.0,0,-0.7782585847261247,-0.7347888946533203,0.043469690072804434,375,375,375,1,0.11759403742158499,0,0.316227766016838,-0.0026116348393533106,0,0.0,0,0,0.0,0.0
856,28,16,True,2,0.15277802497061066,3,3,0,0.9486832980505139,0.16244202268088798,0.015407798056162943,-0.009663997710277317,0,0.0,0.0,0,-0.7347918742195917,-0.664646565914154,0.07014530830543764,1091,1091,1091,3,0.15538083667952537,0,0.9486832980505139,-0.0070611860013626015,0,0.0,0,0,0.0,0.0
857,28,17,True,3,0.18668754741546698,1,1,0,0.39999999999999997,0.193314804859375,0.0202799915652496,-0.006627257443908019,0,0.0,0.0,0,-0.7022023970766909,-0.5888911485671997,0.11331124850949115,892,892,892,1,0.18896309207075113,0,0.39999999999999997,-0.004351712788623868,0,0.0,0,0,0.0,0.0
858,28,18,True,2,0.29750036168532945,0,2,1,-0.10540925533894598,-0.7792208956950011,0.20287579290639685,1.0767212573803304,1,1.0767212573803304,0.457770825888377,1,-0.5942797054180018,-0.418182909488678,0.1760967959293238,99,0,0,0,0.29661170219414756,1,-0.10540925533894598,1.0758325978891485,1,1.0758325978891485,1,1,1.0758325978891485,0.4873325807264909
859,28,19,True,3,0.26272595918065794,2,1,1,0.7999999999999999,0.2691111234461091,0.016184150143111545,-0.00638516426545116,0,0.0,0.0,0,-0.5830826533241681,-0.5770745873451233,0.0060080659790447966,861,799,799,1,0.2637139713088266,0,1.0,-0.005397152137282479,0,0.0,0,0,0.0,0.0
860,28,20,True,3,0.44982322559904053,3,3,0,1.0,0.4512651265969728,0.015213733508589487,-0.0014419009979322883,0,0.0,0.0,0,-0.2924406331158184,-0.27279895544052124,0.019641677675297176,887,887,887,3,0.44997950653033725,0,1.0,-0.0012856200666355733,0,0.0,0,0,0.0,0.0
861,28,21,True,4,0.488647782005176,0,0,0,0.19999999999999998,0.5017132629360195,0.012629555807168555,-0.013065480930843476,0,0.0,0.0,0,-0.2557274051486285,-0.15881280601024628,0.09691459913838224,1673,1673,1673,0,0.4887152568442118,0,0.39999999999999997,-0.012998006091807679,0,0.0,0,0,0.0,0.0
862,28,22,True,4,0.44985235178110283,2,2,0,0.19999999999999998,0.4495100845509749,0.014955653432845096,0.0003422672301279239,0,0.0,0.0,0,-0.34167143555042184,-0.26510196924209595,0.0765694663083259,6847,6847,6847,2,0.45000657408895234,0,0.316227766016838,0.0004964895379774292,0,0.0,0,0,0.0,0.0
863,28,23,True,2,0.655849297554997,3,3,0,0.9486832980505139,0.6672974854456782,0.011506855862800659,-0.01144818789068125,0,0.0,0.0,0,0.46742530630671225,0.3699929118156433,0.09743239449106894,1711,1711,1711,3,0.6553500058091644,0,0.9486832980505139,-0.01194747963651388,0,0.0,0,0,0.0,0.0
864,28,24,True,3,0.6960840529600041,3,1,1,0.7999999999999999,0.7097131047915413,0.007355635777330879,-0.013629051831537176,0,0.0,0.0,0,0.5091652453911485,0.5278083086013794,0.018643063210230904,91,1918,91,3,0.695366546713029,1,0.7999999999999999,-0.014346558078512262,0,0.0,0,0,0.0,0.0
865,28,25,True,4,0.736550033038223,3,3,0,0.316227766016838,0.7453765611468809,0.009142550982246934,-0.008826528108657916,0,0.0,0.0,0,0.5046060958159515,0.3110164403915405,0.19358965542441098,735,735,735,3,0.7357401915585131,0,0.316227766016838,-0.009636369588367777,0,0.0,0,0,0.0,0.0
866,28,26,True,3,0.7785884463612534,1,1,0,0.39999999999999997,0.7813627835251569,0.010304015814868039,-0.0027743371639035175,0,0.0,0.0,0,0.5446070362912518,0.47184640169143677,0.07276063459981508,600,600,600,1,0.7776256948350743,0,0.39999999999999997,-0.0037370886900826017,0,0.0,0,0,0.0,0.0
867,28,27,True,2,0.9079316670656289,3,3,0,0.9486832980505139,0.9047770099800001,0.006561738949132049,0.003154657085628787,0,0.0,0.0,0,0.7984664403840996,0.8395861983299255,0.0411197579458259,3239,3239,3239,3,0.9074002403094698,0,0.9486832980505139,0.00262323032946965,0,0.0,0,0,0.0,0.0
868,28,28,True,3,0.951579715618053,1,1,0,0.39999999999999997,0.9501396000000002,0.005629749706692124,0.0014401156180527952,0,0.0,0.0,0,0.8588241595897721,1.045285940170288,0.186461780580516,1773,1773,1773,1,0.9512416464404253,0,0.39999999999999997,0.0011020464404251085,0,0.0,0,0,0.0,0.0
869,28,29,True,3,0.994694601576754,1,1,0,1.0,0.9960000000000001,0.002752988806446743,-0.0013053984232460625,0,0.0,0.0,0,0.9934221751171962,1.185873031616211,0.19245085649901472,627,627,627,1,0.9955428660948737,0,1.0,-0.0004571339051263612,0,0.0,0,0,0.0,0.0
870,29,0,False,0,-50.0,0,3,1,,-2.4366329639360047,0.10707265363585312,-47.563367036063994,0,0.0,0.0,0,-1.3890191922550563,-1.1294217109680176,0.25959748128703874,0,0,0,0,-50.0,1,,-47.563367036063994,0,0.0,0,0,0.0,0.0
871,29,1,False,0,-50.0,0,3,1,,-2.5387594606138832,0.0408929389970638,-47.46124053938612,0,0.0,0.0,0,-1.3551561914773569,-0.9511272311210632,0.40402896035629365,0,0,0,0,-50.0,1,,-47.46124053938612,0,0.0,0,0,0.0,0.0
872,29,2,False,0,-50.0,0,0,0,,-2.4366329639360047,0.10707265363585312,-47.563367036063994,0,0.0,0.0,0,-1.336258220253188,-0.9823057651519775,0.35395245510121054,0,0,0,0,-50.0,0,,-47.563367036063994,0,0.0,0,0,0.0,0.0
873,29,3,False,0,-50.0,0,3,1,,-2.5387594606138832,0.0408929389970638,-47.46124053938612,0,0.0,0.0,0,-1.3071797903426547,-1.1464056968688965,0.16077409347375826,0,0,0,0,-50.0,1,,-47.46124053938612,0,0.0,0,0,0.0,0.0
874,29,4,False,0,-50.0,0,0,0,,-2.4366329639360047,0.10707265363585312,-47.563367036063994,0,0.0,0.0,0,-1.2877097254615912,-1.0181615352630615,0.2695481901985297,0,0,0,0,-50.0,0,,-47.563367036063994,0,0.0,0,0,0.0,0.0
875,29,5,False,0,-50.0,0,3,1,,-2.5387594606138832,0.0408929389970638,-47.46124053938612,0,0.0,0.0,0,-1.2679522986275562,-1.2113127708435059,0.05663952778405035,0,0,0,0,-50.0,1,,-47.46124053938612,0,0.0,0,0,0.0,0.0
876,29,6,True,1,-0.27008506050335623,0,0,0,0.7745966692414834,-2.4366329639360047,0.10707265363585312,2.1665479034326482,0,0.0,0.0,0,-1.249028381868334,-1.0864059925079346,0.16262238936039952,5,5,5,0,-1.6740786744422202,0,0.7745966692414834,0.7625542894937845,0,0.0,0,0,0.0,0.0
877,29,7,True,2,-0.11912468688000603,3,3,0,0.9486832980505139,-0.09772524090274334,0.01645037911336471,-0.02139944597726269,0,0.0,0.0,0,-0.9823007547628806,-0.9463478922843933,0.03595286247848728,682,682,682,3,-0.11926390814943758,0,0.9486832980505139,-0.021538667246694232,0,0.0,0,0,0.0,0.0
878,29,8,True,2,-0.08692415652950293,3,3,0,0.9486832980505139,-0.08710513207056311,0.019781440843972157,0.00018097554106018265,0,0.0,0.0,0,-0.9527350719243218,-0.8297716975212097,0.12296337440311211,693,693,693,3,-0.08694105318396043,0,0.9486832980505139,0.00016407888660267822,0,0.0,0,0,0.0,0.0
879,29,9,True,3,-0.05485985972081572,3,3,0,1.0,-0.03882848744857016,0.01647046515843569,-0.016031372272245555,0,0.0,0.0,0,-0.9295508962789721,-0.8651164770126343,0.06443441926633786,652,652,652,3,-0.054256826999351165,0,0.7999999999999999,-0.015428339550781003,0,0.0,0,0,0.0,0.0
880,29,10,True,2,-0.021139944528453455,3,3,0,0.9486832980505139,-0.04087378855662359,0.023517258269859447,0.019733844028170133,0,0.0,0.0,0,-0.8843026845233268,-0.8116218447685242,0.07268083975480266,519,519,519,3,-0.020253641736154255,0,0.9486832980505139,0.020620146820469334,0,0.0,0,0,0.0,0.0
881,29,11,True,3,0.012244586570596086,3,3,0,1.0,0.022944944425756425,0.01805053576983275,-0.010700357855160339,0,0.0,0.0,0,-0.8437226420728694,-0.733888566493988,0.10983407557888136,658,658,658,3,0.01402844807660194,0,1.0,-0.008916496349154484,0,0.0,0,0,0.0,0.0
882,29,12,True,2,0.04659537595564722,3,3,0,0.9486832980505139,0.03110067170415967,0.022352061894423885,0.015494704251487551,0,0.0,0.0,0,-0.7948671788329787,-0.6990902423858643,0.09577693644711449,672,672,672,3,0.048770827674463536,0,0.9486832980505139,0.017670155970303865,0,0.0,0,0,0.0,0.0
883,29,13,True,2,0.08083690952713776,3,3,0,0.9486832980505139,0.05741649614920572,0.02462761370255033,0.02342041337793204,0,0.0,0.0,0,-0.7693936469807091,-0.6752175688743591,0.09417607810634998,661,661,661,3,0.08300242163765405,0,0.9486832980505139,0.025585925488448326,0,0.0,0,0,0.0,0.0
884,29,14,True,2,0.11539611198564219,3,3,0,0.9486832980505139,0.12180893344001639,0.019123283672471812,-0.006412821454374204,0,0.0,0.0,0,-0.7442707686437758,-0.5861042141914368,0.15816655445233907,677,677,677,3,0.1175940199635787,0,0.9486832980505139,-0.0042149134764376955,0,0.0,0,0,0.0,0.0
885,29,15,True,3,0.1502546815261639,3,3,0,1.0,0.1640614784173305,0.01573331527768496,-0.013806796891166595,0,0.0,0.0,0,-0.718861734410174,-0.4844183921813965,0.2344433422287775,702,702,702,3,0.15257308876860454,0,1.0,-0.01148838964872595,0,0.0,0,0,0.0,0.0
886,29,16,True,3,0.18685544460513234,3,3,0,1.0,0.18709304369618102,0.021770981266075976,-0.0002375990910486736,0,0.0,0.0,0,-0.6544730452127072,-0.4366564154624939,0.21781662975021332,729,729,729,3,0.18888998132819956,0,1.0,0.001796937632018547,0,0.0,0,0,0.0,0.0
887,29,17,True,3,0.22265376095437153,3,3,0,1.0,0.22982913496243929,0.015038295393316562,-0.007175374008067753,0,0.0,0.0,0,-0.626855437746271,-0.4340530037879944,0.19280243395827656,1056,1056,1056,3,0.2246942323837627,0,1.0,-0.005134902578676576,0,0.0,0,0,0.0,0.0
888,29,18,True,4,0.2602419116984198,3,3,0,0.632455532033676,0.2724159648442038,0.01637524913571827,-0.012174053145783958,0,0.0,0.0,0,-0.5477084805039284,-0.43461304903030396,0.11309543147362444,1131,1131,1131,3,0.26184131757099705,0,0.632455532033676,-0.010574647273206728,0,0.0,0,0,0.0,0.0
889,29,19,True,3,0.29749735345395006,3,3,0,1.0,0.29604140474840795,0.021093041559619365,0.0014559487055421094,0,0.0,0.0,0,-0.5181819117999051,-0.49899840354919434,0.0191835082507108,1191,1191,1191,3,0.2984646356535458,0,1.0,0.002423230905137852,0,0.0,0,0,0.0,0.0
890,29,20,True,3,0.3371650673876377,3,3,0,1.0,0.3506726958047534,0.017115485585911885,-0.013507628417115725,0,0.0,0.0,0,-0.43708071154578365,-0.49718958139419556,0.060108869848411906,1189,1189,1189,3,0.3364129320462407,0,1.0,-0.014259763758512733,0,0.0,0,0,0.0,0.0
891,29,21,True,4,0.3740690613765443,3,3,0,0.632455532033676,0.3644164283119212,0.019533190330384313,0.00965263306462305,0,0.0,0.0,0,-0.4055771702486745,-0.5442364811897278,0.13865931094105327,1855,1855,1855,3,0.3738722273300863,0,0.632455532033676,0.009455799018165068,0,0.0,0,0,0.0,0.0
892,29,22,True,2,0.41196967936005047,0,0,0,0.9486832980505139,0.4200733240491868,0.013659955184220841,-0.008103644689136325,0,0.0,0.0,0,-0.37527208167525344,-0.3744277358055115,0.0008443458697419692,7703,7703,7703,0,0.4117273622813022,0,0.9486832980505139,-0.008345961767884602,0,0.0,0,0,0.0,0.0
893,29,23,True,2,0.6917492492525109,3,3,0,0.9486832980505139,0.7078489740957273,0.007344435760505443,-0.016099724843216423,0,0.0,0.0,0,0.5072349779497781,0.2431778460741043,0.2640571318756738,114,114,114,3,0.6932798343234489,0,0.9486832980505139,-0.014569139772278472,0,0.0,0,0,0.0,0.0
894,29,24,True,4,0.7353372989923749,3,3,0,0.39999999999999997,0.747259521445683,0.009150925784699082,-0.011922222453308096,0,0.0,0.0,0,0.5511241823270776,0.5510943531990051,2.9829128072478284e-05,1708,1708,1708,3,0.7346356209453031,0,0.39999999999999997,-0.01262390050037987,0,0.0,0,0,0.0,0.0
895,29,25,True,3,0.7779708089611984,3,3,0,0.39999999999999997,0.7851477239237589,0.009967052544624969,-0.0071769149625604545,0,0.0,0.0,0,0.6084422754769567,0.5725351572036743,0.03590711827328241,1750,1750,1750,3,0.7775969330016425,0,0.39999999999999997,-0.007550790922116413,0,0.0,0,0,0.0,0.0
896,29,26,True,4,0.8209868460585564,3,3,0,0.19999999999999998,0.8157169360875821,0.01035440527641727,0.005269909970974318,0,0.0,0.0,0,0.6531946654320151,0.6363564133644104,0.016838252067604698,2293,2293,2293,3,0.8200094493034833,0,0.19999999999999998,0.004292513215901184,0,0.0,0,0,0.0,0.0
897,29,27,True,2,0.864988529474797,0,0,0,0.9486832980505139,0.8696298418601998,0.006898633582806304,-0.004641312385402774,0,0.0,0.0,0,0.7296685725449616,0.7405813932418823,0.010912820696920678,2292,2292,2292,0,0.864015785306321,0,0.9486832980505139,-0.00561405655387881,0,0.0,0,0,0.0,0.0
898,29,28,True,2,0.9958232306288658,3,3,0,0.9486832980505139,1.0,0.0,-0.0041767693711342035,0,0.0,0.0,0,0.9843845560911103,1.0967978239059448,0.11241326781483452,1677,1677,1677,3,0.9955741512355608,0,0.9486832980505139,-0.004425848764439189,0,0.0,0,0,0.0,0.0
