state,row,col,covered,n_actions_covered,pi_d_star_V,pi_d_star_action,best_config_action,argmax_disagree,rank_correlation,ppo_discounted_return,ppo_discounted_return_stderr,value_gap,is_disagreement,severity_raw,severity,statistically_significant,true_value_pi_beta,critic_pred_pi_beta,critic_abs_error,n_pi_d_star_action,n_best_config_action,pair_min_samples,pi_d_star_action_cross,pi_d_star_V_cross,argmax_disagree_cross,rank_correlation_cross,value_gap_cross,is_disagreement_cross,severity_raw_cross,statistically_significant_cross,is_disagreement_strict,severity_raw_strict,severity_strict,total_samples,log_coverage,goal_distance,hazard_distance,local_connectivity,action_sample_gap,log_n_best_config_action,log_pair_min_samples,pi_beta_prob_gap
0,0,0,True,2,-1.0108733140913695,3,3,0,0.632455532033676,-2.598060975426111,2.037621039635e-16,1.587187661334741,0,0.0,0.0,0,-2.941119432899005,-3.014535665512085,0.0734162326130798,961,961,961,3,-1.164055287358153,0,0.632455532033676,1.434005688067958,0,0.0,0,0,0.0,0.0,966,6.874198495453294,64,26,1,0.0,6.8690144506657065,6.8690144506657065,0.0
1,0,1,True,4,-0.9891048893624784,3,3,0,0.1999999999999999,-2.598060975426111,2.037621039635e-16,1.6089560860636325,0,0.0,0.0,0,-2.940471282830884,-2.967349052429199,0.0268777695983151,1040,1040,1040,3,-1.1440067510475675,0,0.316227766016838,1.4540542243785433,0,0.0,0,0,0.0,0.0,1279,7.154615356913663,63,25,2,0.0,6.947937068614969,6.947937068614969,0.0
2,0,2,True,4,-0.9664255754044784,3,3,0,0.3999999999999999,-2.598060975426111,2.037621039635e-16,1.6316354000216324,0,0.0,0.0,0,-2.939530707339816,-2.9302492141723637,0.0092814931674523,1235,1235,1235,3,-1.1231974321688218,0,0.316227766016838,1.474863543257289,0,0.0,0,0,0.0,0.0,1588,7.370860166536716,62,24,2,0.0,7.119635638017636,7.119635638017636,0.0
3,0,3,True,4,-0.943655964295454,1,3,1,0.0,-2.598060975426111,2.037621039635e-16,1.6544050111306567,1,1.6544050111306567,0.7033745671017578,1,-2.9384178189861943,-2.85587739944458,0.0825404195416141,3378,3,3,1,-1.1021403136096508,1,0.316227766016838,1.49592066181646,1,1.49592066181646,1,1,1.49592066181646,0.6776248257539891,3836,8.252446090246952,61,23,2,-6.7390407255944,1.3862943611198906,1.3862943611198906,-0.8808935364941135
30,1,0,True,1,-2.9999989435144254,3,3,0,0.7745966692414834,-2.598060975426111,2.037621039635e-16,-0.4019379680883146,0,0.0,0.0,0,-3.0000090015486665,-3.130660057067871,0.1306510555192046,1,1,1,3,-4.255455946689682,0,0.7745966692414834,-1.657394971263571,0,0.0,0,0,0.0,0.0,1,0.6931471805599453,67,29,2,0.0,0.6931471805599453,0.6931471805599453,0.0
31,1,1,True,2,-2.9999989435144254,3,3,0,0.948683298050514,-2.598060975426111,2.037621039635e-16,-0.4019379680883146,0,0.0,0.0,0,-3.0000091827760147,-3.0883820056915283,0.0883728229155136,3,3,3,1,-3.0328265213820997,1,0.7378647873726218,-0.4347655459559885,0,0.0,0,0,0.0,0.0,5,1.791759469228055,66,28,3,0.0,1.3862943611198906,1.3862943611198906,0.0
32,1,2,True,2,-2.999998943514425,1,3,1,-0.1054092553389459,-2.598060975426111,2.037621039635e-16,-0.4019379680883141,0,0.0,0.0,0,-3.0000089748515597,-3.0689897537231445,0.0689807788715852,24,0,0,1,-3.0010017993406817,1,-0.1054092553389459,-0.4029408239145708,0,0.0,0,0,0.0,0.0,27,3.332204510175204,67,29,2,-3.2188758248682006,0.0,0.0,-0.7538583346176893
33,1,3,True,4,-0.9205399078954664,1,1,0,0.3999999999999999,-2.598060975426111,2.037621039635e-16,1.6775210675306444,0,0.0,0.0,0,-2.937481770367163,-2.881727695465088,0.055754074902075,1784,1784,1784,1,-1.0808465537972096,0,0.316227766016838,1.5172144216289012,0,0.0,0,0,0.0,0.0,4793,8.475120414994329,60,22,2,0.0,7.487173694213739,7.487173694213739,0.0
34,1,4,True,2,-0.844441249078721,1,3,1,0.7378647873726218,-2.598060975426111,2.037621039635e-16,1.7536197263473898,1,1.7536197263473898,0.7455559597451475,1,-2.99040017318862,-2.756469488143921,0.2339306850446991,68,115,68,1,-1.0152173268458011,1,0.7378647873726218,1.5828436485803097,1,1.5828436485803097,1,1,1.5828436485803097,0.7169993562777853,183,5.214935757608986,57,19,2,0.5194836865091048,4.7535901911063645,4.23410650459726,0.4551323354244232
35,1,5,True,4,-0.8691580833214572,2,3,1,-0.1999999999999999,-2.598060975426111,2.037621039635e-16,1.7289028921046536,1,1.7289028921046536,0.7350475337740916,1,-2.9920950571853195,-2.753676652908325,0.2384184042769943,168,365,168,2,-1.0372373374606614,1,-0.316227766016838,1.5608236379654494,1,1.5608236379654494,1,1,1.5608236379654494,0.7070246923555176,544,6.300785794663244,58,18,2,0.7727346184782924,5.902633333401366,5.1298987149230735,0.35468795895576477
36,1,6,True,4,-0.8929603865134261,2,3,1,-0.3999999999999999,-2.598060975426111,2.037621039635e-16,1.705100588912685,1,1.705100588912685,0.7249279230433225,1,-2.9927945811818493,-2.7452800273895264,0.2475145537923229,427,592,427,2,-1.0589423110026652,1,-0.316227766016838,1.5391186644234456,1,1.5391186644234456,1,1,1.5391186644234456,0.6971927344918326,1046,6.953684210870537,59,17,2,0.3260712034159292,6.385194398997726,6.059123195581797,0.07032904028892517
37,1,7,True,3,-0.9097882559242538,1,1,0,0.7999999999999999,-2.598060975426111,2.037621039635e-16,1.688272719501857,0,0.0,0.0,0,-2.9932571266511565,-2.8034915924072266,0.1897655342439299,2039,2039,2039,1,-1.0777605991285863,0,0.7999999999999999,1.5203003762975245,0,0.0,0,0,0.0,0.0,2663,7.88758403166028,60,16,2,0.0,7.620705086838262,7.620705086838262,0.0
41,1,11,True,2,-0.9082178213660944,1,3,1,0.7378647873726218,-2.598060975426111,2.037621039635e-16,1.6898431540600165,1,1.6898431540600165,0.718441185175402,1,-2.994787836993102,-2.2260630130767822,0.7687248239163198,9,2,2,1,-3.627217982595484,1,0.7378647873726218,-1.0291570071693732,0,0.0,0,0,0.0,0.0,11,2.4849066497880004,60,12,3,-1.2039728043259361,1.0986122886681098,1.0986122886681098,-0.7402164787054062
61,2,1,True,1,-2.9999989435144254,3,3,0,0.7745966692414834,-2.598060975426111,2.037621039635e-16,-0.4019379680883146,0,0.0,0.0,0,-3.0000092180969493,-3.090958833694458,0.0909496155975086,15,15,15,3,-3.0010010872519226,0,0.7745966692414834,-0.4029401118258118,0,0.0,0,0,0.0,0.0,15,2.772588722239781,65,27,3,0.0,2.772588722239781,2.772588722239781,0.0
62,2,2,True,3,-2.999998943514425,0,0,0,0.948683298050514,-2.598060975426111,2.037621039635e-16,-0.4019379680883141,0,0.0,0.0,0,-3.000009226500773,-3.0438239574432373,0.0438147309424641,24,24,24,1,-3.0001526221821084,1,0.1999999999999999,-0.4020916467559976,0,0.0,0,0,0.0,0.0,42,3.7612001156935624,66,28,3,0.0,3.2188758248682006,3.2188758248682006,0.0
63,2,3,True,4,-0.8974787864567646,1,1,0,0.1999999999999999,-2.598060975426111,2.037621039635e-16,1.7005821889693462,0,0.0,0.0,0,-2.9343281603760976,-2.8856201171875,0.0487080431885975,717,717,717,1,-1.059313870185541,0,0.316227766016838,1.53874710524057,0,0.0,0,0,0.0,0.0,1972,7.587310506022615,59,21,2,0.0,6.576469569048224,6.576469569048224,0.0
64,2,4,True,2,-0.8209024885996296,3,3,0,0.948683298050514,-2.598060975426111,2.037621039635e-16,1.7771584868264814,0,0.0,0.0,0,-2.9857756957865407,-2.74794864654541,0.2378270492411305,354,354,354,3,-0.9929483429590856,0,0.948683298050514,1.605112632467025,0,0.0,0,0,0.0,0.0,368,5.910796644040527,56,18,3,0.0,5.872117789475416,5.872117789475416,0.0
65,2,5,True,3,-0.7950151191147465,1,3,1,0.7999999999999999,-2.598060975426111,2.037621039635e-16,1.8030458563113645,1,1.8030458563113645,0.7665696066653576,1,-2.989546177776133,-2.7269413471221924,0.2626048306539408,935,392,392,1,-0.969834672212512,1,0.7999999999999999,1.6282263032135988,1,1.6282263032135988,1,1,1.6282263032135988,0.7375568726107667,1334,7.19668657083435,55,17,3,-0.8678058646083304,5.973809611869261,5.973809611869261,-0.4465292692184448
66,2,6,True,2,-0.8181587662548174,2,2,0,0.948683298050514,-2.598060975426111,2.037621039635e-16,1.7799022091712935,0,0.0,0.0,0,-2.989666606871475,-2.7255213260650635,0.2641452808064115,398,398,398,2,-0.991764624443541,0,0.948683298050514,1.6062963509825698,0,0.0,0,0,0.0,0.0,422,6.0473721790462776,56,18,1,0.0,5.988961416889864,5.988961416889864,0.0
67,2,7,True,4,-0.8873069133936018,3,3,0,0.316227766016838,-2.598060975426111,2.037621039635e-16,1.710754062032509,0,0.0,0.0,0,-2.9933061400194734,-2.785172939300537,0.2081332007189362,187,187,187,3,-1.0572783262619767,0,0.316227766016838,1.540782649164134,0,0.0,0,0,0.0,0.0,2336,7.756623334538858,59,15,2,0.0,5.236441962829949,5.236441962829949,0.0
68,2,8,True,4,-0.8634519768650171,3,3,0,0.3999999999999999,-2.598060975426111,2.037621039635e-16,1.7346089985610935,0,0.0,0.0,0,-2.9930333332015397,-2.63729190826416,0.3557414249373791,212,212,212,3,-1.0355102094278743,0,0.316227766016838,1.5625507659982365,0,0.0,0,0,0.0,0.0,557,6.324358962381311,58,14,2,0.0,5.3612921657094255,5.3612921657094255,0.0
69,2,9,True,3,-0.8393775733285986,1,3,1,-0.3999999999999999,-2.598060975426111,2.037621039635e-16,1.7586834020975122,1,1.7586834020975122,0.7477087945798606,1,-2.992370099475787,-2.631530523300171,0.360839576175616,960,0,0,1,-1.013469631980574,1,-0.3999999999999999,1.5845913434455368,1,1.5845913434455368,1,1,1.5845913434455368,0.7177910302339983,1246,7.1284959456800365,57,13,2,-6.8679744089702925,0.0,0.0,-0.764930231613107
70,2,10,True,3,-0.9107050771468062,3,3,0,0.948683298050514,-2.598060975426111,2.037621039635e-16,1.6873558982793049,0,0.0,0.0,0,-2.994187468849553,-2.4216790199279785,0.5725084489215746,47,47,47,3,-1.1476579395368571,0,0.948683298050514,1.4504030358892537,0,0.0,0,0,0.0,0.0,54,4.007333185232471,60,12,1,0.0,3.871201010907891,3.871201010907891,0.0
71,2,11,True,3,-0.8870887091279259,1,0,1,0.3999999999999999,-2.598060975426111,2.037621039635e-16,1.7109722662981848,1,1.7109722662981848,0.7274242818619922,1,-2.994117157276494,-2.424781084060669,0.5693360732158252,10,11,10,1,-1.127430344009004,1,0.1999999999999999,1.470630631417107,1,1.470630631417107,1,1,1.470630631417107,0.6661689024018338,63,4.1588830833596715,59,11,3,0.08701137698962969,2.4849066497880004,2.3978952727983707,-0.05355110764503479
77,2,17,True,3,-1.1772247486647789,1,1,0,1.0,-1.1691458947218587,0.0052294390805297,-0.0080788539429199,0,0.0,0.0,0,-1.429506664488465,-1.3412060737609863,0.0883005907274787,180,180,180,1,-1.209840045672321,0,1.0,-0.0406941509504623,0,0.0,0,0,0.0,0.0,189,5.247024072160486,47,9,2,0.0,5.198497031265826,5.198497031265826,0.0
78,2,18,True,1,-1.1966547306424469,2,2,0,0.7745966692414834,-1.1928359613211146,0.0063852171110548,-0.0038187693213322,0,0.0,0.0,0,-1.449328683976875,-1.2063881158828735,0.2429405680940015,16,16,16,2,-2.499117329641692,0,0.7745966692414834,-1.3062813683205772,0,0.0,0,0,0.0,0.0,16,2.833213344056216,48,10,2,0.0,2.833213344056216,2.833213344056216,0.0
90,3,0,True,2,-2.99999894351441,1,3,1,0.7378647873726218,-2.598060975426111,2.037621039635e-16,-0.401937968088299,0,0.0,0.0,0,-3.0000043471288564,-3.061389207839966,0.0613848607111093,1,2,1,1,-3.000355728138423,1,0.7378647873726218,-0.4022947527123124,0,0.0,0,0,0.0,0.0,3,1.3862943611198906,63,25,2,0.4054651081081645,1.0986122886681098,0.6931471805599453,0.8452612534165382
91,3,1,True,1,-2.9999989435144254,0,0,0,0.7745966692414834,-2.598060975426111,2.037621039635e-16,-0.4019379680883146,0,0.0,0.0,0,-3.0000083287887747,-2.982675313949585,0.0173330148391896,2,2,2,0,-3.0009737401664576,0,0.7745966692414834,-0.4029127647403467,0,0.0,0,0,0.0,0.0,2,1.0986122886681098,64,26,2,0.0,1.0986122886681098,1.0986122886681098,0.0
92,3,2,True,2,-2.9999989435144254,0,0,0,0.948683298050514,-2.598060975426111,2.037621039635e-16,-0.4019379680883146,0,0.0,0.0,0,-3.0000093543684447,-3.1884191036224365,0.1884097492539918,8,8,8,2,-3.000108417400244,1,0.7378647873726218,-0.4020474419741329,0,0.0,0,0,0.0,0.0,9,2.302585092994046,67,29,1,0.0,2.1972245773362196,2.1972245773362196,0.0
93,3,3,True,2,-0.8731708821354508,3,3,0,0.948683298050514,-2.598060975426111,2.037621039635e-16,1.72489009329066,0,0.0,0.0,0,-2.927972873689717,-2.8966381549835205,0.0313347187061965,1072,1072,1072,3,-1.037539592033716,0,0.948683298050514,1.5605213833923948,0,0.0,0,0,0.0,0.0,1104,7.007600613951853,58,20,3,0.0,6.9782137426306985,6.9782137426306985,0.0
94,3,4,True,4,-0.8489407771823863,0,0,0,0.1999999999999999,-2.598060975426111,2.037621039635e-16,1.7491201982437246,0,0.0,0.0,0,-2.926895610760992,-2.810833692550659,0.1160619182103324,245,245,245,0,-1.0149552142548184,0,0.7999999999999999,1.5831057611712924,0,0.0,0,0,0.0,0.0,1076,6.981934677156389,57,19,3,0.0,5.5053315359323625,5.5053315359323625,0.0
95,3,5,True,4,-0.7691102547472961,3,3,0,0.316227766016838,-2.598060975426111,2.037621039635e-16,1.8289507206788147,0,0.0,0.0,0,-2.989491752980121,-2.719310760498047,0.2701809924820746,278,278,278,3,-0.9464478494480342,0,0.316227766016838,1.6516131259780766,0,0.0,0,0,0.0,0.0,922,6.827629234502852,54,16,2,0.0,5.631211781821365,5.631211781821365,0.0
96,3,6,True,3,-0.7436275706302399,1,3,1,0.7999999999999999,-2.598060975426111,2.037621039635e-16,1.8544334047958708,1,1.8544334047958708,0.7884171557398181,1,-2.989004146896701,-2.684727907180786,0.3042762397159144,335,110,110,1,-0.9233909612482628,1,0.7999999999999999,1.674670014177848,1,1.674670014177848,1,1,1.674670014177848,0.7585950281445655,446,6.102558594613569,53,15,3,-1.1075809586508703,4.709530201312334,4.709530201312334,-0.5301277041435242
97,3,7,True,4,-0.7669540198931325,2,3,1,-0.316227766016838,-2.598060975426111,2.037621039635e-16,1.8311069555329784,1,1.8311069555329784,0.7784998555370731,1,-2.9907839140177392,-2.6285934448242188,0.3621904691935205,120,213,120,2,-0.9464010536556452,1,-0.316227766016838,1.6516599217704655,1,1.6516599217704655,1,1,1.6516599217704655,0.7481718751952625,340,5.831882477283517,54,14,2,0.5701854694251098,5.365976015021851,4.795790545596741,0.29668766260147095
98,3,8,True,3,-0.7894262648010982,2,3,1,0.1999999999999999,-2.598060975426111,2.037621039635e-16,1.808634710625013,1,1.808634710625013,0.7689457225239348,1,-2.9916143804541897,-2.6688790321350098,0.3227353483191799,34,1412,34,1,-0.9680375247108636,1,0.3999999999999999,1.6300234507152471,1,1.6300234507152471,1,1,1.6300234507152471,0.7383709477109662,7344,8.901775088607979,55,13,3,3.698122321195114,7.253470382684528,3.5553480614894135,0.18487611040472984
99,3,9,True,4,-0.8143015218582121,2,3,1,0.0,-2.598060975426111,2.037621039635e-16,1.783759453567899,1,1.783759453567899,0.7583699426838248,1,-2.9920433201411827,-2.5803112983703613,0.4117320217708213,1401,26,26,2,-0.991181007386509,1,-0.3999999999999999,1.6068799680396018,1,1.6068799680396018,1,1,1.6068799680396018,0.7278873713985823,2495,7.822444729489319,56,12,3,-3.9498182015902064,3.295836866004329,3.295836866004329,-0.5429884884506464
100,3,10,True,3,-0.8374142648560193,2,3,1,0.3999999999999999,-2.598060975426111,2.037621039635e-16,1.7606467105700916,1,1.7606467105700916,0.7485435002521095,1,-2.9923658268538675,-2.472669839859009,0.5196959869948587,77,19,19,2,-1.0135572043717318,1,0.3999999999999999,1.584503771054379,1,1.584503771054379,1,1,1.584503771054379,0.7177513615351068,98,4.59511985013459,57,11,2,-1.3609765531356008,2.995732273553991,2.995732273553991,-0.549592450261116
101,3,11,True,2,-0.8657461715136143,2,3,1,0.1054092553389459,-2.598060975426111,2.037621039635e-16,1.7323148039124965,1,1.7323148039124965,0.7364981168989522,1,-2.993064052165946,-2.438234567642212,0.5548294845237343,22,0,0,2,-1.0388733430761732,1,0.1054092553389459,1.5591876323499376,1,1.5591876323499376,1,1,1.5591876323499376,0.7062836115960623,34,3.5553480614894135,58,10,3,-3.1354942159291497,0.0,0.0,-0.6412281645461917
102,3,12,True,2,-0.8870887091279259,2,2,0,0.948683298050514,-2.598060975426111,2.037621039635e-16,1.7109722662981848,0,0.0,0.0,0,-2.9929862174441544,-2.4402003288269043,0.5527858886172501,3,3,3,2,-1.0946390673697604,0,0.948683298050514,1.5034219080563505,0,0.0,0,0,0.0,0.0,11,2.4849066497880004,57,9,2,0.0,1.3862943611198906,1.3862943611198906,0.0
107,3,17,True,3,-1.155553900612046,1,1,0,1.0,-1.1515846697398795,0.0052167061681473,-0.0039692308721666,0,0.0,0.0,0,-1.4083916108630272,-1.424831748008728,0.0164401371457008,719,719,719,1,-1.1554461474233246,0,1.0,-0.0038614776834451,0,0.0,0,0,0.0,0.0,1156,7.053585727193677,46,8,2,0.0,6.579251212010101,6.579251212010101,0.0
108,3,18,True,2,-1.175871553963893,1,1,0,0.632455532033676,-1.1691458947218587,0.0052294390805297,-0.0067256592420343,0,0.0,0.0,0,-1.4406441359108844,-1.4722014665603638,0.0315573306494794,763,763,763,1,-1.1750244932878022,0,0.632455532033676,-0.0058785985659435,0,0.0,0,0,0.0,0.0,821,6.71174039505618,47,9,2,0.0,6.638567789166521,6.638567789166521,0.0
109,3,19,True,2,-1.195751638039091,2,2,0,0.948683298050514,-1.197251142013266,0.0079095218727703,0.0014995039741754,0,0.0,0.0,0,-1.5150861205520303,-1.5297926664352417,0.0147065458832111,75,75,75,2,-1.1956021552230058,0,0.948683298050514,0.0016489867902602,0,0.0,0,0,0.0,0.0,209,5.3471075307174685,48,10,2,0.0,4.330733340286331,4.330733340286331,0.0
110,3,20,True,2,-1.2848769278766528,1,2,1,0.2108185106778919,-2.116604363545054,0.0975863851315926,0.8317274356684015,1,0.8317274356684015,0.3536110692810971,1,-1.6298740603642978,-1.7244915962219238,0.094617535857626,1,2,1,1,-2.978986899803923,1,0.2108185106778919,-0.8623825362588686,0,0.0,0,0,0.0,0.0,3,1.3862943611198906,51,13,2,0.4054651081081645,1.0986122886681098,0.6931471805599453,0.20493489503860474
111,3,21,True,2,-1.535220968989078,1,1,0,0.948683298050514,-2.54835060595313,0.0568390930515868,1.013129636964052,0,0.0,0.0,0,-2.0566071239498105,-1.853124499320984,0.2034826246288266,1,1,1,2,-13.451656734835996,1,0.7378647873726218,-10.903306128882866,0,0.0,0,0,0.0,0.0,3,1.3862943611198906,52,14,1,0.0,0.6931471805599453,0.6931471805599453,0.0
120,4,0,True,1,-2.999998943514409,0,0,0,0.7745966692414834,-2.598060975426111,2.037621039635e-16,-0.4019379680882986,0,0.0,0.0,0,-2.999968328273978,-2.992711305618286,0.007257022655692,3,3,3,0,-3.0003429204703065,0,0.7745966692414834,-0.4022819450441957,0,0.0,0,0,0.0,0.0,3,1.3862943611198906,62,24,2,0.0,1.3862943611198906,1.3862943611198906,0.0
121,4,1,True,2,-2.9999989435144085,1,3,1,0.7378647873726218,-2.598060975426111,2.037621039635e-16,-0.4019379680882977,0,0.0,0.0,0,-2.999856910294775,-2.9755728244781494,0.0242840858166255,217,2014,217,3,-2.999999032683733,0,0.948683298050514,-0.4019380572576221,0,0.0,0,0,0.0,0.0,2231,7.710653323501202,59,21,2,2.223879411591694,7.608374474380783,5.384495062789089,0.8098700791597366
122,4,2,True,4,-2.9999989435144085,1,3,1,0.2581988897471611,-2.598060975426111,2.037621039635e-16,-0.4019379680882977,0,0.0,0.0,0,-2.999854534507629,-2.9111945629119877,0.0886599715956415,13899,24,24,0,-2.999999026625304,1,0.1054092553389459,-0.4019380511991928,0,0.0,0,0,0.0,0.0,15563,9.652715834104445,58,20,2,-6.320768294250582,3.2188758248682006,3.2188758248682006,-0.892867028946057
123,4,3,True,4,-0.8959623688596153,0,0,0,0.1999999999999999,-2.598060975426111,2.037621039635e-16,1.7020986065664956,0,0.0,0.0,0,-2.929504940510622,-2.955615282058716,0.0261103415480938,88,88,88,0,-1.058473995553105,0,0.948683298050514,1.5395869798730055,0,0.0,0,0,0.0,0.0,150,5.017279836814924,59,21,2,0.0,4.48863636973214,4.48863636973214,0.0
124,4,4,True,2,-0.8957472476862466,3,3,0,0.948683298050514,-2.598060975426111,2.037621039635e-16,1.702313727739864,0,0.0,0.0,0,-2.8918492294044915,-2.9517369270324707,0.0598876976279791,752,752,752,3,-1.0045867771472474,0,0.948683298050514,1.5934741982788634,0,0.0,0,0,0.0,0.0,781,6.661854740545311,58,20,3,0.0,6.6240652277998935,6.6240652277998935,0.0
125,4,5,True,4,-0.8736583943458484,1,3,1,0.316227766016838,-2.598060975426111,2.037621039635e-16,1.7244025810802626,1,1.7244025810802626,0.733134214908815,1,-2.8895809329328084,-2.917928457260132,0.0283475243273234,1212,1,1,1,-0.9819340593075332,1,0.316227766016838,1.6161269161185776,1,1.6161269161185776,1,1,1.6161269161185776,0.7320760705326417,1441,7.273786317844895,57,21,2,-6.407704728384105,0.6931471805599453,0.6931471805599453,-0.8426901188213378
126,4,6,True,2,-0.7197492426500456,1,3,1,0.7378647873726218,-2.598060975426111,2.037621039635e-16,1.8783117327760648,1,1.8783117327760648,0.7985690886058244,1,-2.9882417325515838,-2.6607353687286377,0.3275063638229456,58,1378,58,1,-0.8994693143385774,1,0.7378647873726218,1.6985916610875336,1,1.6985916610875336,1,1,1.6985916610875336,0.7694310986880667,1436,7.270312886079025,52,16,3,3.1515764338875822,7.229113877793302,4.07753744390572,0.9173550009727478
127,4,7,True,4,-0.7445631509702517,2,3,1,-0.1999999999999999,-2.598060975426111,2.037621039635e-16,1.853497824455859,1,1.853497824455859,0.7880193913397967,1,-2.99053951674135,-2.6905291080474854,0.3000104086938648,1026,2444,1026,2,-0.9227751354299704,1,-0.316227766016838,1.6752858399961403,1,1.6752858399961403,1,1,1.6752858399961403,0.7588739860288082,3530,8.169336395928386,53,15,2,0.867403191980415,7.801800401908973,6.934397209928558,0.3941901922225952
128,4,8,True,2,-0.7693887251624633,2,0,1,0.7378647873726218,-2.598060975426111,2.037621039635e-16,1.828672250263648,1,1.828672250263648,0.7774647342981298,1,-2.9914218701338453,-2.6822359561920166,0.3091859139418287,2017,6038,2017,2,-0.9458077422478582,1,0.7378647873726218,1.652253233178253,1,1.652253233178253,1,1,1.652253233178253,0.7484406344614333,8055,8.994172434398399,54,14,2,1.0961315133943472,8.705993714307901,7.609862200913554,0.498898983001709
129,4,9,True,2,-0.6470165960907283,1,3,1,0.7378647873726218,-2.598060975426111,2.037621039635e-16,1.9510443793353829,1,1.9510443793353829,0.8294915613036449,1,-2.8643273042187776,-2.282670497894287,0.5816568063244905,72,59,59,1,-0.8272891142992375,1,0.7378647873726218,1.7707718611268732,1,1.7707718611268732,1,1,1.7707718611268732,0.802127415226107,131,4.882801922586371,49,17,2,-0.19611487892629054,4.0943445622221,4.0943445622221,-0.06444460153579712
130,4,10,True,3,-0.6715044156325154,2,3,1,0.3999999999999999,-2.598060975426111,2.037621039635e-16,1.9265565597935956,1,1.9265565597935956,0.819080501524698,1,-2.862352945861303,-2.1247572898864746,0.7375956559748285,44,54,44,2,-0.8513308320541605,1,0.3999999999999999,1.7467301433719502,1,1.7467301433719502,1,1,1.7467301433719502,0.7912369547756682,102,4.634728988229636,50,18,2,0.20067069546215155,4.007333185232471,3.8066624897703196,-0.02516975998878479
131,4,11,True,2,-0.6895937593461379,1,1,0,0.632455532033676,-2.598060975426111,2.037621039635e-16,1.908467216079973,0,0.0,0.0,0,-2.857213589483828,-2.359365701675415,0.4978478878084127,150,150,150,1,-0.8727252302203148,0,0.632455532033676,1.725335745205796,0,0.0,0,0,0.0,0.0,192,5.262690188904886,51,19,2,0.0,5.017279836814924,5.017279836814924,0.0
132,4,12,True,1,-0.9082178213660944,0,0,0,0.7745966692414834,-2.598060975426111,2.037621039635e-16,1.6898431540600165,0,0.0,0.0,0,-2.9928135848986988,-2.2599551677703857,0.732858417128313,8,8,8,0,-2.388128065169761,0,0.7745966692414834,0.2099329102563496,0,0.0,0,0,0.0,0.0,8,2.1972245773362196,56,8,2,0.0,2.1972245773362196,2.1972245773362196,0.0
134,4,14,True,2,-1.0250990819836665,1,1,0,0.948683298050514,-1.025900499,0.0035193518940956,0.0008014170163335,0,0.0,0.0,0,-1.035879577851648,-1.7517167329788208,0.7158371551271729,31,31,31,1,-1.0243635181230142,0,0.948683298050514,0.0015369808769858,0,0.0,0,0,0.0,0.0,32,3.4965075614664802,48,2,1,0.0,3.4657359027997265,3.4657359027997265,0.0
137,4,17,True,3,-1.134857732293883,1,1,0,0.7999999999999999,-1.1273116252785442,0.0045772840813637,-0.007546107015339,0,0.0,0.0,0,-1.376400011301679,-1.2856521606445312,0.0907478506571477,782,782,782,1,-1.133833493852558,0,0.7999999999999999,-0.0065218685740138,0,0.0,0,0,0.0,0.0,2356,7.7651449029361315,45,7,3,0.0,6.663132695990803,6.663132695990803,0.0
138,4,18,True,2,-1.1557363821808746,2,2,0,0.948683298050514,-1.1515846697398795,0.0052167061681473,-0.0041517124409951,0,0.0,0.0,0,-1.4137263854630475,-1.426793098449707,0.0130667129866592,1590,1590,1590,2,-1.1545395878004767,0,0.948683298050514,-0.0029549180605972,0,0.0,0,0,0.0,0.0,2317,7.748460023899697,46,8,2,0.0,7.372118028337787,7.372118028337787,0.0
139,4,19,True,3,-1.2180672382746434,0,2,1,0.7999999999999999,-1.8002895793525475,0.0850604948195598,0.5822223410779042,1,0.5822223410779042,0.247533333347901,1,-1.534849899005275,-1.4135396480560305,0.1213102509492447,136,14,14,0,-1.227926012572215,1,0.7999999999999999,0.5723635667803328,1,0.5723635667803328,1,1,0.5723635667803328,0.2592702755616067,154,5.043425116919247,49,11,2,-2.211930724725915,2.70805020110221,2.70805020110221,-0.7854223325848579
140,4,20,True,2,-1.267552453077985,2,2,0,0.948683298050514,-1.903615384749111,0.097567266745607,0.6360629316711262,0,0.0,0.0,0,-1.5716826508334143,-1.4899177551269531,0.0817648957064611,11,11,11,2,-1.7079192446231268,0,0.948683298050514,0.1956961401259842,0,0.0,0,0,0.0,0.0,12,2.5649493574615367,50,12,3,0.0,2.4849066497880004,2.4849066497880004,0.0
141,4,21,True,1,-1.5204252218784142,1,1,0,0.7745966692414834,-2.604487926159146,0.0064269507330344,1.0840627042807318,0,0.0,0.0,0,-2.041780048292533,-1.762850642204285,0.2789294060882485,9,9,9,1,-17.67454834487078,0,0.7745966692414834,-15.070060418711632,0,0.0,0,0,0.0,0.0,9,2.302585092994046,51,13,4,0.0,2.302585092994046,2.302585092994046,0.0
142,4,22,True,1,-1.535220968989078,2,2,0,0.7745966692414834,-2.54835060595313,0.0568390930515868,1.013129636964052,0,0.0,0.0,0,-2.060166284800933,-1.871565103530884,0.1886011812700494,1,1,1,2,-18.361880743624845,0,0.7745966692414834,-15.813530137671714,0,0.0,0,0,0.0,0.0,1,0.6931471805599453,52,14,2,0.0,0.6931471805599453,0.6931471805599453,0.0
150,5,0,True,2,-2.999998943514409,1,3,1,0.8944271909999159,-2.598060975426111,2.037621039635e-16,-0.4019379680882982,0,0.0,0.0,0,-2.99986786408926,-3.028674840927124,0.0288069768378642,2,128,2,3,-3.0000079902425028,0,0.948683298050514,-0.4019470148163919,0,0.0,0,0,0.0,0.0,130,4.875197323201151,61,23,3,3.761200115693562,4.859812404361672,1.0986122886681098,0.9695433303713799
151,5,1,True,3,-2.9999989435144085,1,0,1,0.632455532033676,-2.598060975426111,2.037621039635e-16,-0.4019379680882977,0,0.0,0.0,0,-2.999863795179607,-2.936198234558105,0.0636655606215015,160,269,160,0,-2.999999265780612,0,1.0,-0.4019382903545012,0,0.0,0,0,0.0,0.0,558,6.326149473155099,60,22,3,0.5170175940139119,5.598421958998375,5.081404364984463,0.14227166771888733
152,5,2,True,4,-2.999998943514408,1,3,1,-0.2581988897471611,-2.598060975426111,2.037621039635e-16,-0.4019379680882973,0,0.0,0.0,0,-2.99985218489547,-2.898770809173584,0.1010813757218858,8771,168,168,0,-2.999999027054016,1,0.316227766016838,-0.4019380516279054,0,0.0,0,0,0.0,0.0,23379,10.05963623502606,57,19,2,-3.9494213946147054,5.1298987149230735,5.1298987149230735,-0.3732952228747308
153,5,3,True,4,-0.918077005014454,0,0,0,0.632455532033676,-2.598060975426111,2.037621039635e-16,1.6799839704116568,0,0.0,0.0,0,-2.930150008840809,-3.019770860671997,0.0896208518311878,85,85,85,1,-1.0485919744788197,1,-0.632455532033676,1.5494690009472911,1,1.5494690009472911,1,0,0.0,0.0,134,4.90527477843843,60,22,2,0.0,4.454347296253507,4.454347296253507,0.0
154,5,4,True,2,-0.9167897745388318,0,0,0,0.948683298050514,-2.598060975426111,2.037621039635e-16,1.681271200887279,0,0.0,0.0,0,-2.8930380084705387,-3.0317203998565674,0.1386823913860286,40,40,40,0,-1.02614133532011,0,0.948683298050514,1.571919640106001,0,0.0,0,0,0.0,0.0,42,3.7612001156935624,59,21,1,0.0,3.713572066704308,3.713572066704308,0.0
155,5,5,True,4,-0.8499555534600642,1,0,1,-0.1999999999999999,-2.598060975426111,2.037621039635e-16,1.7481054219660466,1,1.7481054219660466,0.7432115389830006,1,-2.887683623482109,-2.9198272228240967,0.0321435993419871,496,710,496,1,-0.9592845215805798,1,-0.316227766016838,1.638776453845531,1,1.638776453845531,1,1,1.638776453845531,0.7423358987758044,1304,7.173958319756794,56,20,2,0.3580824037066117,6.566672429803241,6.208590026096629,0.18816646933555603
156,5,6,True,3,-0.6963123225654994,3,3,0,0.7999999999999999,-2.598060975426111,2.037621039635e-16,1.9017486528606116,0,0.0,0.0,0,-2.95319895134904,-2.7108378410339355,0.2423611103151044,36,36,36,3,-0.8752550782592533,0,0.7999999999999999,1.7228058971668574,0,0.0,0,0,0.0,0.0,107,4.68213122712422,51,17,2,0.0,3.6109179126442243,3.6109179126442243,0.0
157,5,7,True,3,-0.6717082795461563,3,3,0,0.3999999999999999,-2.513038629149693,0.085022346276418,1.841330349603537,0,0.0,0.0,0,-2.889813519438655,-2.6335809230804443,0.2562325963582106,64,64,64,3,-0.8513984016986519,0,0.3999999999999999,1.6616402274510411,0,0.0,0,0,0.0,0.0,80,4.394449154672439,50,18,2,0.0,4.174387269895637,4.174387269895637,0.0
158,5,8,True,3,-0.6474315337303349,3,3,0,0.7999999999999999,-2.598060975426111,2.037621039635e-16,1.950629441695776,0,0.0,0.0,0,-2.871569024007956,-2.5084805488586426,0.3630884751493131,105,105,105,3,-0.8272908737402698,0,0.7999999999999999,1.770770101685841,0,0.0,0,0,0.0,0.0,144,4.976733742420574,49,17,2,0.0,4.663439094112067,4.663439094112067,0.0
159,5,9,True,4,-0.6214753929769801,3,3,0,0.1999999999999999,-2.513038629149693,0.085022346276418,1.891563236172713,0,0.0,0.0,0,-2.863354406403038,-2.352712869644165,0.510641536758873,11,11,11,3,-0.80291331154582,0,0.1999999999999999,1.710125317603873,0,0.0,0,0,0.0,0.0,180,5.198497031265826,48,16,3,0.0,2.4849066497880004,2.4849066497880004,0.0
160,5,10,True,2,-0.592451728457558,1,1,0,0.632455532033676,-2.598060975426111,2.037621039635e-16,2.005609246968553,0,0.0,0.0,0,-2.7905089763128963,-2.3941566944122314,0.3963522819006648,15,15,15,1,-0.7776034424035851,0,0.632455532033676,1.8204575330225257,0,0.0,0,0,0.0,0.0,19,2.995732273553991,47,15,2,0.0,2.772588722239781,2.772588722239781,0.0
161,5,11,True,3,-0.6645699780345402,3,3,0,0.7999999999999999,-2.598060975426111,2.037621039635e-16,1.9334909973915704,0,0.0,0.0,0,-2.8538792471285808,-2.1681296825408936,0.6857495645876872,18,18,18,3,-0.8500735934819206,0,0.7999999999999999,1.7479873819441902,0,0.0,0,0,0.0,0.0,163,5.099866427824199,50,18,2,0.0,2.9444389791664403,2.9444389791664403,0.0
162,5,12,True,2,-0.639592117554217,3,2,1,0.7378647873726218,-2.598060975426111,2.037621039635e-16,1.9584688578718936,1,1.9584688578718936,0.8326480975456416,1,-2.824206462032307,-1.9057986736297607,0.918407788402546,6,19,6,3,-0.8259841672471883,1,0.7378647873726218,1.7720768081789229,1,1.7720768081789229,1,1,1.7720768081789229,0.8027185324834148,25,3.258096538021482,49,17,2,1.0498221244986776,2.995732273553991,1.9459101490553132,0.36582303047180176
163,5,13,True,2,-0.6157496143684538,1,1,0,0.948683298050514,-2.598060975426111,2.037621039635e-16,1.982311361057657,0,0.0,0.0,0,-2.7562501529541565,-2.0468006134033203,0.7094495395508362,19,19,19,1,-0.8015928250393392,0,0.948683298050514,1.7964681503867717,0,0.0,0,0,0.0,0.0,22,3.1354942159291497,48,16,2,0.0,2.995732273553991,2.995732273553991,0.0
164,5,14,True,2,-1.0030132499563238,3,3,0,0.948683298050514,-1.0,0.0,-0.0030132499563237,0,0.0,0.0,0,-1.013172678127506,-1.5272912979125977,0.5141186197850918,675,675,675,3,-1.0027895461669456,0,0.948683298050514,-0.0027895461669456,0,0.0,0,0,0.0,0.0,808,6.695798917058491,47,1,3,0.0,6.516193076042964,6.516193076042964,0.0
166,5,16,True,3,-1.0917125801093956,1,1,0,0.7999999999999999,-1.089316996409001,0.0040296256431179,-0.0023955837003946,0,0.0,0.0,0,-1.1860646326968085,-1.4592554569244385,0.2731908242276299,867,867,867,1,-1.0905781723976615,0,0.7999999999999999,-0.0012611759886604,0,0.0,0,0,0.0,0.0,1022,6.930494765951626,45,5,2,0.0,6.7661917146603505,6.7661917146603505,0.0
167,5,17,True,4,-1.1135346438409637,2,2,0,0.7999999999999999,-1.1193532579126937,0.0099581361716079,0.0058186140717302,0,0.0,0.0,0,-1.2482203121796906,-1.2565295696258545,0.0083092574461638,831,831,831,2,-1.112311185293932,0,0.3999999999999999,0.0070420726187616,0,0.0,0,0,0.0,0.0,972,6.880384082186005,44,6,3,0.0,6.723832440821209,6.723832440821209,0.0
168,5,18,True,2,-1.1340955734224762,2,1,1,0.7378647873726218,-1.1969939249236454,0.0502873455847888,0.0628983515011691,1,0.0628983515011691,0.0267413967322993,0,-1.7968664890419683,-1.4622162580490112,0.3346502309929571,12,20,12,2,-1.132207802500924,1,0.7378647873726218,0.0647861224227215,1,0.0647861224227215,0,1,0.0628983515011691,0.0284918081313474,32,3.4965075614664802,43,7,2,0.4795730802618863,3.044522437723423,2.5649493574615367,0.48915526270866394
171,5,21,True,1,-1.535220968989078,0,2,1,0.2581988897471611,-2.604487926159146,0.0064269507330344,1.069266957170068,1,1.069266957170068,0.4546016108846963,1,-2.054074288790596,-1.6560134887695312,0.3980608000210646,6,0,0,0,-18.361880743624845,1,0.2581988897471611,-15.757392817465698,0,0.0,0,0,0.0,0.0,6,1.9459101490553132,52,14,2,-1.9459101490553132,0.0,0.0,-0.7397934347391129
180,6,0,True,2,-2.9999989435144085,1,3,1,0.7378647873726218,-2.598060975426111,2.037621039635e-16,-0.4019379680882977,0,0.0,0.0,0,-2.999867243778741,-3.0887320041656494,0.0888647603869086,2,29,2,3,-2.9999994932552423,0,0.948683298050514,-0.4019385178291315,0,0.0,0,0,0.0,0.0,31,3.4657359027997265,62,24,3,2.302585092994046,3.4011973816621555,1.0986122886681098,0.9728968301787972
181,6,1,True,2,-2.999998943514409,0,0,0,0.8944271909999159,-2.598060975426111,2.037621039635e-16,-0.4019379680882982,0,0.0,0.0,0,-2.9998656590500747,-2.964782953262329,0.0350827057877456,197,197,197,0,-2.999999269018789,0,0.948683298050514,-0.4019382935926781,0,0.0,0,0,0.0,0.0,216,5.37989735354046,61,23,2,0.0,5.288267030694535,5.288267030694535,0.0
182,6,2,True,4,-2.999998943514408,3,3,0,0.632455532033676,-2.598060975426111,2.037621039635e-16,-0.4019379680882973,0,0.0,0.0,0,-2.999845290566008,-2.894899606704712,0.1049456838612963,142,142,142,0,-2.999999049576748,1,0.316227766016838,-0.4019380741506371,0,0.0,0,0,0.0,0.0,15966,9.678279371339702,56,18,2,0.0,4.962844630259907,4.962844630259907,0.0
183,6,3,True,3,-0.921852948969756,3,0,1,0.7999999999999999,-2.598060975426111,2.037621039635e-16,1.6762080264563548,1,1.6762080264563548,0.7126441754280437,1,-2.9289557463400286,-3.0916531085968018,0.1626973622567731,17,78,17,3,-1.0270154958800746,1,0.3999999999999999,1.5710454795460362,1,1.5710454795460362,1,1,1.5710454795460362,0.7116550004973407,96,4.574710978503383,59,21,2,1.479076094570857,4.3694478524670215,2.8903717578961645,0.6189325302839279
184,6,4,True,3,-0.8995496038134586,1,1,0,0.1999999999999999,-2.4953267744956653,0.060925660242146,1.5957771706822066,0,0.0,0.0,0,-2.9206544599052475,-3.013823747634888,0.0931692877296401,209,209,209,1,-1.0048873354798369,0,0.1999999999999999,1.4904394390158286,0,0.0,0,0,0.0,0.0,262,5.572154032177765,58,20,2,0.0,5.3471075307174685,5.3471075307174685,0.0
185,6,5,True,2,-0.8259720966096353,3,3,0,0.948683298050514,-2.279045851176548,0.0964860643002463,1.4530737545669126,0,0.0,0.0,0,-2.881701243927373,-2.937353134155273,0.0556518902278999,637,637,637,3,-0.9363877366033084,0,0.948683298050514,1.3426581145732397,0,0.0,0,0,0.0,0.0,660,6.493753839851686,55,19,3,0.0,6.45833828334479,6.45833828334479,0.0
186,6,6,True,3,-0.801197633669011,3,3,0,1.0,-2.279045851176548,0.0964860643002463,1.477848217507537,0,0.0,0.0,0,-2.879113713914999,-2.9473180770874023,0.0682043631724034,831,831,831,3,-0.91259967388639,0,1.0,1.366446177290158,0,0.0,0,0,0.0,0.0,2819,7.944492163932159,54,18,3,0.0,6.723832440821209,6.723832440821209,0.0
187,6,7,True,3,-0.7765706312505188,1,3,1,0.7999999999999999,-2.279045851176548,0.0964860643002463,1.502475219926029,1,1.502475219926029,0.6387812236341974,1,-2.8662391608446414,-2.896411180496216,0.0301720196515744,1805,2,2,1,-0.8885363521518294,1,0.7999999999999999,1.3905094990247189,1,1.3905094990247189,1,1,1.3905094990247189,0.6298754880768529,2194,7.693937325509272,53,17,2,-6.400257445308821,1.0986122886681098,1.0986122886681098,-0.8307724451879039
188,6,8,True,2,-0.7497550497188878,3,3,0,0.948683298050514,-2.5262858852089622,0.0592581250025484,1.7765308354900744,0,0.0,0.0,0,-2.89523830190183,-2.8444321155548096,0.050806186347021,842,842,842,3,-0.8626192843210513,0,0.948683298050514,1.663666600887911,0,0.0,0,0,0.0,0.0,1295,7.16703787691222,52,20,2,0.0,6.736966958001855,6.736966958001855,0.0
189,6,9,True,3,-0.7245008360619389,1,3,1,-0.3999999999999999,-2.5262858852089622,0.0592581250025484,1.8017850491470235,1,1.8017850491470235,0.7660335712402647,1,-2.89188533053032,-2.8028194904327397,0.0890658400975801,2647,0,0,1,-0.8386389525911324,1,-0.3999999999999999,1.6876469326178298,1,1.6876469326178298,1,1,1.6876469326178298,0.7644733359460225,3280,8.0959035329611,51,19,2,-7.881559917056899,0.0,0.0,-0.8150841844617389
190,6,10,True,2,-0.5643228930645342,1,3,1,0.7378647873726218,-2.513038629149693,0.085022346276418,1.948715736085159,1,1.948715736085159,0.828501532606294,1,-2.776320477198948,-2.2337958812713623,0.5425245959275853,9,217,9,1,-0.7526507972086798,1,0.7378647873726218,1.7603878319410131,1,1.7603878319410131,1,1,1.7603878319410131,0.7974236390518088,226,5.424950017481403,46,14,3,3.081909969795043,5.384495062789089,2.302585092994046,0.8731876239180565
191,6,11,True,2,-0.5904513903329041,2,2,0,0.948683298050514,-2.598060975426111,2.037621039635e-16,2.0076095850932067,0,0.0,0.0,0,-2.7788019791680285,-2.3412325382232666,0.4375694409447619,219,219,219,2,-0.7769267810357533,0,0.948683298050514,1.8211341943903572,0,0.0,0,0,0.0,0.0,222,5.407171771460119,47,15,1,0.0,5.393627546352362,5.393627546352362,0.0
192,6,12,True,2,-0.5673396752401314,1,1,0,0.948683298050514,-2.598060975426111,2.037621039635e-16,2.0307213001859794,0,0.0,0.0,0,-2.6928116414589764,-2.0406687259674072,0.6521429154915692,14,14,14,1,-0.7519843426929764,0,0.948683298050514,1.8460766327331344,0,0.0,0,0,0.0,0.0,20,3.044522437723423,46,14,2,0.0,2.70805020110221,2.70805020110221,0.0
193,6,13,True,2,-0.5916662778171778,2,0,1,0.7378647873726218,-2.598060975426111,2.037621039635e-16,2.006394697608933,1,2.006394697608933,0.8530238921976356,1,-2.7325559795143515,-2.004689693450928,0.7278662860634237,10,15,10,2,-0.7769269692170613,1,0.7378647873726218,1.8211340062090493,1,1.8211340062090493,1,1,1.8211340062090493,0.8249405500781035,25,3.258096538021482,47,15,2,0.3746934494414105,2.772588722239781,2.3978952727983707,0.17241564393043518
194,6,14,True,4,-1.0257099095827429,0,0,0,0.316227766016838,-1.0268805989999998,0.0038445316146527,0.0011706894172571,0,0.0,0.0,0,-1.044425739677601,-1.5852259397506714,0.5408002000730703,834,834,834,0,-1.024949811142187,0,0.316227766016838,0.0019307878578127,0,0.0,0,0,0.0,0.0,975,6.883462586413092,46,2,2,0.0,6.727431724850855,6.727431724850855,0.0
195,6,15,True,4,-1.047787847622048,2,2,0,0.1999999999999999,-1.0563249750699,0.0055017089970777,0.008537127447852,0,0.0,0.0,0,-1.0861888764123182,-1.395033359527588,0.3088444831152697,821,821,821,2,-1.0468795389199397,0,0.316227766016838,0.0094454361499605,0,0.0,0,0,0.0,0.0,1013,6.921658184151129,45,3,2,0.0,6.71174039505618,6.71174039505618,0.0
196,6,16,True,4,-1.070517857847465,2,2,0,0.1999999999999999,-1.0719384571397996,0.0044760810683049,0.0014205992923346,0,0.0,0.0,0,-1.1516865088067565,-1.3449316024780271,0.1932450936712708,881,881,881,2,-1.0691398864624106,0,0.3999999999999999,0.0027985706773889,0,0.0,0,0,0.0,0.0,1071,6.977281341630747,44,4,3,0.0,6.782192056006791,6.782192056006791,0.0
197,6,17,True,3,-1.0936254276091095,2,2,0,1.0,-1.0983192342396135,0.0111152289331868,0.004693806630504,0,0.0,0.0,0,-1.9654035382033264,-1.53519868850708,0.4302048496962465,6,6,6,2,-1.0911889591793646,0,1.0,0.0071302750602488,0,0.0,0,0,0.0,0.0,1066,6.9726062513017535,43,5,3,0.0,1.9459101490553132,1.9459101490553132,0.0
198,6,18,True,3,-1.1164452314583435,2,2,0,1.0,-1.117379365918633,0.010679292432244,0.0009341344602893,0,0.0,0.0,0,-1.9805187235008173,-1.4928703308105469,0.4876483926902704,61,61,61,2,-1.1137191250185776,0,0.7999999999999999,0.0036602409000554,0,0.0,0,0,0.0,0.0,113,4.736198448394496,42,6,3,0.0,4.127134385045092,4.127134385045092,0.0
210,7,0,True,1,-2.999998943514409,0,0,0,0.7745966692414834,-2.598060975426111,2.037621039635e-16,-0.4019379680882986,0,0.0,0.0,0,-2.999868959643988,-3.109436273574829,0.1095673139308415,1,1,1,0,-2.999999488041247,0,0.7745966692414834,-0.401938512615136,0,0.0,0,0,0.0,0.0,1,0.6931471805599453,63,25,1,0.0,0.6931471805599453,0.6931471805599453,0.0
211,7,1,True,2,-2.999998943514408,3,1,1,0.7378647873726218,-2.602103107543716,0.0040421321176045,-0.3978958359706923,0,0.0,0.0,0,-2.9997520406576115,-2.868443250656128,0.1313087900014835,1257,95,95,3,-3.000031929837537,1,0.7378647873726218,-0.3979288222938217,0,0.0,0,0,0.0,0.0,1352,7.210079628170788,54,16,2,-2.5729302457925494,4.564348191467836,4.564348191467836,-0.8583823963999748
212,7,2,True,4,-2.9999989435144085,0,0,0,0.7745966692414834,-2.598060975426111,2.037621039635e-16,-0.4019379680882977,0,0.0,0.0,0,-2.999832112987701,-2.916038274765014,0.0837938382226863,6592,6592,6592,0,-2.99999989867828,0,0.3999999999999999,-0.4019389232521688,0,0.0,0,0,0.0,0.0,8839,9.08704215563169,55,17,3,0.0,8.7937637591133,8.7937637591133,0.0
213,7,3,True,2,-2.9999989435144085,0,2,1,0.8944271909999159,-2.598060975426111,2.037621039635e-16,-0.4019379680882977,0,0.0,0.0,0,-2.999834380667161,-2.9563841819763184,0.0434501986908424,339,1377,339,0,-2.999999643107462,1,0.7378647873726218,-0.401938667681351,0,0.0,0,0,0.0,0.0,1716,7.448333860897476,56,18,1,1.3994428339633966,7.228388451573604,5.8289456176102075,0.6336586028337479
214,7,4,True,3,-0.8757573949639592,3,0,1,0.3999999999999999,-2.48796301267556,0.0759346808799235,1.6122056177116006,1,1.6122056177116006,0.6854333859046577,1,-2.9174710153177483,-3.0777530670166016,0.1602820516988532,72,232,72,3,-0.9825026250074288,1,0.3999999999999999,1.5054603876681312,1,1.5054603876681312,1,1,1.5054603876681312,0.681946147888901,305,5.723585101952381,57,19,2,1.1605790124173092,5.4510384535657,4.290459441148391,0.5946773588657379
215,7,5,True,3,-0.8505473236270875,0,0,0,0.7999999999999999,-2.2690050857671,0.0997637979204164,1.418457762140012,0,0.0,0.0,0,-2.9019539155524043,-2.9482929706573486,0.0463390551049442,115,115,115,0,-0.9598665394664864,0,0.7999999999999999,1.309138546300613,0,0.0,0,0,0.0,0.0,327,5.793013608384144,56,18,3,0.0,4.7535901911063645,4.7535901911063645,0.0
216,7,6,True,4,-0.825082842342315,0,0,0,0.1999999999999999,-2.279045851176548,0.0964860643002463,1.4539630088342328,0,0.0,0.0,0,-2.8834521402081443,-2.9801394939422607,0.0966873537341164,1814,1814,1814,0,-0.9357604441911976,0,0.316227766016838,1.34328540698535,0,0.0,0,0,0.0,0.0,3027,8.01565761455734,55,19,2,0.0,7.503840746698951,7.503840746698951,0.0
217,7,7,True,4,-0.7516473559097271,1,1,0,0.1999999999999999,-2.114987671106779,0.1493567613684172,1.363340315197052,0,0.0,0.0,0,-2.8615665756569517,-2.8842294216156006,0.0226628459586493,1198,1198,1198,1,-0.8648287860132412,0,0.316227766016838,1.250158885093538,0,0.0,0,0,0.0,0.0,2725,7.9105906122564775,52,16,2,0.0,7.089243155027514,7.089243155027514,0.0
218,7,8,True,4,-0.7752328197652952,0,0,0,0.3999999999999999,-2.5262858852089622,0.0592581250025484,1.7510530654436671,0,0.0,0.0,0,-2.898217550301763,-2.9335920810699463,0.0353745307681832,604,604,604,0,-0.8863033903769535,0,0.316227766016838,1.6399824948320088,0,0.0,0,0,0.0,0.0,1186,7.079184394609668,53,19,2,0.0,6.405228458030842,6.405228458030842,0.0
219,7,9,True,4,-0.6989880381140546,1,1,0,0.1999999999999999,-2.5847311396518284,0.0133298357742824,1.885743101537774,0,0.0,0.0,0,-2.889605266341006,-2.8013298511505127,0.0882754151904934,3185,3185,3185,1,-0.8143887492775597,0,0.316227766016838,1.7703423903742688,0,0.0,0,0,0.0,0.0,6257,8.741615924228828,50,18,2,0.0,8.066521490469993,8.066521490469993,0.0
220,7,10,True,2,-0.536644744884077,3,3,0,0.948683298050514,-2.212188222440021,0.1771603389330869,1.675543477555944,0,0.0,0.0,0,-2.718183656786779,-2.344834566116333,0.3733490906704459,4,4,4,3,-0.7267792158860402,0,0.948683298050514,1.485409006553981,0,0.0,0,0,0.0,0.0,10,2.3978952727983707,45,13,2,0.0,1.6094379124341003,1.6094379124341003,0.0
221,7,11,True,1,-0.5117623692471003,1,1,0,0.7745966692414834,-2.598060975426111,2.037621039635e-16,2.0862986061790103,0,0.0,0.0,0,-2.609964777187121,-2.31562614440918,0.2943386327779418,8,8,8,1,-0.701256388172281,0,0.7745966692414834,1.89680458725383,0,0.0,0,0,0.0,0.0,8,2.1972245773362196,44,12,3,0.0,2.1972245773362196,2.1972245773362196,0.0
222,7,12,True,2,-0.536644744884077,2,0,1,0.7378647873726218,-2.598060975426111,2.037621039635e-16,2.061416230542034,1,2.061416230542034,0.8764164391542275,1,-2.6667824188146083,-2.2131450176239014,0.4536374011907069,4,8,4,2,-0.7267618621256365,1,0.7378647873726218,1.8712991133004744,1,1.8712991133004744,1,1,1.8712991133004744,0.8476644303074734,12,2.5649493574615367,45,13,2,0.5877866649021193,2.1972245773362196,1.6094379124341003,0.3019891083240509
227,7,17,True,3,-1.1148131179622711,0,3,1,0.3999999999999999,-1.6866446725152209,0.078650892324639,0.5718315545529495,1,0.5718315545529495,0.2431156635967427,1,-1.9798993722851788,-1.4116467237472534,0.5682526485379253,1026,126,126,0,-1.113237699697496,1,0.3999999999999999,0.5734069728177249,1,0.5734069728177249,1,1,0.5718315545529495,0.2590292837081739,1191,7.083387847625295,42,6,2,-2.0902101234699666,4.844187086458591,4.844187086458591,-0.7637246549129486
228,7,18,True,4,-1.1351895044278986,2,2,0,0.7999999999999999,-1.6882450108689255,0.0791493200357601,0.553055506441027,0,0.0,0.0,0,-1.9915296327733207,-1.3487670421600342,0.6427625906132866,185,185,185,2,-1.1667128967259273,0,0.7999999999999999,0.5215321141429983,0,0.0,0,0,0.0,0.0,214,5.3706380281276624,41,7,3,0.0,5.225746673713202,5.225746673713202,0.0
229,7,19,True,1,-1.1538376087130673,2,2,0,0.7745966692414834,-1.6864272257626642,0.078894514923686,0.532589617049597,0,0.0,0.0,0,-2.0140287629818507,-1.5526340007781982,0.4613947622036525,5,5,5,2,-2.4575668965563056,0,0.7745966692414834,-0.7711396707936413,0,0.0,0,0,0.0,0.0,5,1.791759469228055,40,8,2,0.0,1.791759469228055,1.791759469228055,0.0
240,8,0,True,1,-2.999998943514413,3,1,1,0.2581988897471611,-2.598060975426111,2.037621039635e-16,-0.4019379680883022,0,0.0,0.0,0,-2.9902619339858463,-2.760078191757202,0.2301837422286441,6,0,0,3,-3.046070691226217,1,0.2581988897471611,-0.4480097158001066,0,0.0,0,0,0.0,0.0,6,1.9459101490553132,52,14,2,-1.9459101490553132,0.0,0.0,-0.8972995020449162
241,8,1,True,2,-2.999998943514409,0,0,0,0.948683298050514,-2.602103107543716,0.0040421321176045,-0.3978958359706936,0,0.0,0.0,0,-2.998944638587144,-2.749336242675781,0.2496083959113626,120,120,120,0,-3.0012303834435072,0,0.948683298050514,-0.3991272758997914,0,0.0,0,0,0.0,0.0,126,4.844187086458591,53,15,2,0.0,4.795790545596741,4.795790545596741,0.0
243,8,3,True,1,-0.914811970788018,3,3,0,0.7745966692414834,-2.20567786100915,0.1084880566031931,1.290865890221132,0,0.0,0.0,0,-2.9043332352442914,-2.9081642627716064,0.003831027527315,7,7,7,3,-2.3336453953822573,0,0.7745966692414834,-0.1279675343731074,0,0.0,0,0,0.0,0.0,7,2.0794415416798357,53,15,2,0.0,2.0794415416798357,2.0794415416798357,0.0
244,8,4,True,2,-0.8937494661197679,3,3,0,0.948683298050514,-2.2690050857671,0.0997637979204164,1.3752556196473318,0,0.0,0.0,0,-2.903484298050798,-2.9746265411376958,0.0711422430868973,74,74,74,3,-1.038088941644374,0,0.948683298050514,1.2309161441227257,0,0.0,0,0,0.0,0.0,80,4.394449154672439,54,16,2,0.0,4.31748811353631,4.31748811353631,0.0
245,8,5,True,4,-0.8712785993524884,3,0,1,0.0,-2.2690050857671,0.0997637979204164,1.3977264864146113,1,1.3977264864146113,0.5942470288074434,1,-2.902229662726912,-3.0214552879333496,0.1192256252064378,24,229,24,3,-0.9816498121728272,1,0.0,1.2873552735942724,1,1.2873552735942724,1,1,1.2873552735942724,0.5831485019356119,321,5.7745515455444085,55,17,3,2.219203484054995,5.438079308923196,3.2188758248682006,0.7052271291613579
246,8,6,True,2,-0.8486790229154584,0,0,0,0.948683298050514,-2.2690050857671,0.0997637979204164,1.4203260628516412,0,0.0,0.0,0,-2.8874240485747,-2.9779303073883057,0.0905062588136056,862,862,862,0,-0.9586727613039102,0,0.948683298050514,1.3103323244631897,0,0.0,0,0,0.0,0.0,988,6.8966943316227125,56,18,2,0.0,6.760414691083428,6.760414691083428,0.0
247,8,7,True,4,-0.7262588822367968,1,1,0,0.3999999999999999,-1.804718077006016,0.1516610457236141,1.078459194769219,0,0.0,0.0,0,-2.853500477426222,-2.8932907581329346,0.0397902807067125,791,791,791,1,-0.84087194800964,0,0.316227766016838,0.9638461289963758,0,0.0,0,0,0.0,0.0,1655,7.412160334945205,51,15,2,0.0,6.674561391814426,6.674561391814426,0.0
248,8,8,True,4,-0.7975226801502221,1,0,1,0.3999999999999999,-2.5847311396518284,0.0133298357742824,1.7872084595016062,1,1.7872084595016062,0.7598362964721846,1,-2.8994269492319336,-3.0230817794799805,0.1236548302480469,327,624,327,0,-0.9085964822744054,0,0.632455532033676,1.676134657377423,0,0.0,0,0,0.0,0.0,1055,6.962243464266207,54,18,2,0.644738041352257,6.437751649736401,5.793013608384144,0.30489838123321533
249,8,9,True,4,-0.6729661736391214,3,3,0,0.1999999999999999,-2.5847311396518284,0.0133298357742824,1.911764966012707,0,0.0,0.0,0,-2.8855507448890614,-2.8046979904174805,0.0808527544715809,936,936,936,3,-0.789866439652405,0,0.316227766016838,1.794864699999423,0,0.0,0,0,0.0,0.0,4146,8.330140460246382,49,17,2,0.0,6.842683282238422,6.842683282238422,0.0
250,8,10,True,4,-0.6470498645132091,1,1,0,0.316227766016838,-2.5847311396518284,0.0133298357742824,1.9376812751386197,0,0.0,0.0,0,-2.86791731945564,-2.8326518535614014,0.0352654658942386,4078,4078,4078,1,-0.7650689919137224,0,0.316227766016838,1.819662147738106,0,0.0,0,0,0.0,0.0,4990,8.515391569469609,48,16,2,0.0,8.313607139317558,8.313607139317558,0.0
251,8,11,True,1,-0.4866286564824774,3,3,0,0.7745966692414834,-2.598060975426111,2.037621039635e-16,2.111432318943633,0,0.0,0.0,0,-2.595086273975116,-2.28281307220459,0.3122732017705258,23,23,23,3,-0.6747749395405164,0,0.7745966692414834,1.9232860358855943,0,0.0,0,0,0.0,0.0,23,3.1780538303479458,43,11,3,0.0,3.1780538303479458,3.1780538303479458,0.0
252,8,12,True,2,-0.461241067831343,1,1,0,0.948683298050514,-2.598060975426111,2.037621039635e-16,2.136819907594768,0,0.0,0.0,0,-2.5988409826105854,-2.3989057540893555,0.1999352285212299,32,32,32,1,-0.6503835543388762,0,0.948683298050514,1.9476774210872343,0,0.0,0,0,0.0,0.0,44,3.8066624897703196,42,10,2,0.0,3.4965075614664802,3.4965075614664802,0.0
253,8,13,True,1,-0.4250075405234852,1,1,0,0.7745966692414834,-2.598060975426111,2.037621039635e-16,2.1730534349026254,0,0.0,0.0,0,-2.579929640538804,-2.125521421432495,0.4544082191063086,3,3,3,1,-1.9090775446810384,0,0.7745966692414834,0.6889834307450722,0,0.0,0,0,0.0,0.0,3,1.3862943611198906,41,7,2,0.0,1.3862943611198906,1.3862943611198906,0.0
254,8,14,True,2,-0.3970363706165978,1,1,0,0.948683298050514,-2.598060975426111,2.037621039635e-16,2.201024604809513,0,0.0,0.0,0,-2.568596825086129,-2.095870018005371,0.4727268070807584,22,22,22,1,-0.5599798359058413,0,0.948683298050514,2.0380811395202696,0,0.0,0,0,0.0,0.0,23,3.1780538303479458,40,10,1,0.0,3.1354942159291497,3.1354942159291497,0.0
270,9,0,True,1,-2.9999989435144334,1,3,1,0.2581988897471611,-2.598060975426111,2.037621039635e-16,-0.4019379680883226,0,0.0,0.0,0,-2.8817205669677266,-2.7378628253936768,0.1438577415740498,2,0,0,1,-4.723776898478,1,0.2581988897471611,-2.1257159230518887,0,0.0,0,0,0.0,0.0,2,1.0986122886681098,51,13,2,-1.0986122886681098,0.0,0.0,-0.546596884727478
274,9,4,True,1,-0.7238132748495858,3,3,0,0.7745966692414834,-1.8766439505146413,0.1527370557276895,1.1528306756650557,0,0.0,0.0,0,-2.8164004189587826,-2.8093929290771484,0.0070074898816341,4,4,4,3,-2.152598566270945,0,0.7745966692414834,-0.2759546157563035,0,0.0,0,0,0.0,0.0,4,1.6094379124341003,49,11,2,0.0,1.6094379124341003,1.6094379124341003,0.0
275,9,5,True,3,-0.7008214904243819,3,3,0,0.3999999999999999,-1.907623539605784,0.1634477299613969,1.206802049181402,0,0.0,0.0,0,-2.8142734527035467,-2.8812451362609863,0.0669716835574396,33,33,33,3,-0.850171921638584,0,0.3999999999999999,1.0574516179672,0,0.0,0,0,0.0,0.0,37,3.6375861597263857,50,12,2,0.0,3.5263605246161616,3.5263605246161616,0.0
276,9,6,True,3,-0.6753574711147474,1,1,0,1.0,-2.009793482166162,0.1479685585117095,1.3344360110514144,0,0.0,0.0,0,-2.8119206043325784,-2.88559889793396,0.0736782936013815,663,663,663,1,-0.7914950554215322,0,1.0,1.2182984267446295,0,0.0,0,0,0.0,0.0,981,6.889591308354466,49,13,3,0.0,6.498282149476434,6.498282149476434,0.0
277,9,7,True,4,-0.7009882914876092,2,2,0,0.1999999999999999,-1.975250088739072,0.1630194527323355,1.2742617972514625,0,0.0,0.0,0,-2.8422300055110843,-2.865802526473999,0.0235725209629147,585,585,585,2,-0.8166467639959979,0,0.3999999999999999,1.1586033247430736,0,0.0,0,0,0.0,0.0,1640,7.403061091090091,50,14,3,0.0,6.373319789577012,6.373319789577012,0.0
278,9,8,True,4,-0.7742617357026464,3,0,1,-1.0,-2.5847311396518284,0.0133298357742824,1.810469403949182,1,1.810469403949182,0.7697257471333684,1,-2.898284031220776,-3.032546281814575,0.1342622505937996,1,487,1,1,-0.8884293601667504,1,-0.632455532033676,1.696301779485078,1,1.696301779485078,1,1,1.696301779485078,0.7683938240106937,828,6.720220155135295,53,17,2,5.497168225293202,6.1903154058531475,0.6931471805599453,0.5928848797921091
279,9,9,True,3,-0.5938488015250453,1,3,1,0.3999999999999999,-2.5847311396518284,0.0133298357742824,1.990882338126783,1,1.990882338126783,0.8464287724645134,1,-2.8336523505455617,-2.815050840377808,0.0186015101677541,747,1372,747,1,-0.7146363011074736,1,0.3999999999999999,1.8700948385443548,1,1.8700948385443548,1,1,1.8700948385443548,0.8471189157674278,2120,7.659642954564682,46,14,2,0.6073504277934934,7.224753405767971,6.617402977974478,0.31759440898895264
280,9,10,True,2,-0.6205767361449415,2,0,1,0.7378647873726218,-2.5847311396518284,0.0133298357742824,1.964154403506887,1,1.964154403506887,0.8350653219694346,1,-2.861430225770347,-2.734520196914673,0.1269100288556739,1188,4078,1188,2,-0.7399933196097144,1,0.7378647873726218,1.844737820042114,1,1.844737820042114,1,1,1.844737820042114,0.8356326480242193,5266,8.569216219483389,47,15,2,1.232739242626776,8.313607139317558,7.080867896690782,0.5650628358125687
281,9,11,True,2,-0.4867848937941811,1,1,0,0.948683298050514,-0.5974598710592095,0.0634494308792468,0.1106749772650283,0,0.0,0.0,0,-2.492756874591035,-2.5366053581237797,0.0438484835327441,14,14,14,1,-0.611289870456516,0,0.948683298050514,-0.0138299993973064,0,0.0,0,0,0.0,0.0,17,2.8903717578961645,42,12,2,0.0,2.70805020110221,2.70805020110221,0.0
282,9,12,True,2,-0.4320687742193291,3,3,0,0.948683298050514,-2.598060975426111,2.037621039635e-16,2.1659922012067816,0,0.0,0.0,0,-2.594481224203931,-2.216829538345337,0.3776516858585941,18,18,18,3,-0.6240664904673481,0,0.948683298050514,1.9739944849587627,0,0.0,0,0,0.0,0.0,35,3.58351893845611,41,9,2,0.0,2.9444389791664403,2.9444389791664403,0.0
283,9,13,True,3,-0.3989975163576136,1,2,1,0.3999999999999999,-2.598060975426111,2.037621039635e-16,2.199063459068497,1,2.199063459068497,0.934937514178892,1,-2.5779183722946173,-2.216827392578125,0.3610909797164923,16,5,5,1,-0.5974099986015037,1,0.7999999999999999,2.0006509768246072,1,2.0006509768246072,1,1,2.0006509768246072,0.9062584695629112,24,3.2188758248682006,40,8,3,-1.0414538748281612,1.791759469228055,1.791759469228055,-0.37444162368774414
284,9,14,True,4,-0.3707438093809596,1,1,0,0.316227766016838,-2.598060975426111,2.037621039635e-16,2.227317166045151,0,0.0,0.0,0,-2.5637388045508067,-2.096993923187256,0.4667448813635508,204,204,204,1,-0.5333347890688862,0,0.316227766016838,2.0647261863572246,0,0.0,0,0,0.0,0.0,236,5.4680601411351315,39,9,2,0.0,5.3230099791384085,5.3230099791384085,0.0
285,9,15,True,1,-0.3397826667977715,1,1,0,0.7745966692414834,-2.598060975426111,2.037621039635e-16,2.258278308628339,0,0.0,0.0,0,-2.4543041995729493,-1.92249059677124,0.5318136028017091,5,5,5,1,-1.792973951258299,0,0.7745966692414834,0.8050870241678119,0,0.0,0,0,0.0,0.0,5,1.791759469228055,38,6,2,0.0,1.791759469228055,1.791759469228055,0.0
300,10,0,True,2,-2.999998943514433,1,1,0,0.316227766016838,-2.598060975426111,2.037621039635e-16,-0.4019379680883221,0,0.0,0.0,0,-2.805288736530024,-2.709581136703491,0.0957075998265324,1,1,1,0,-4.787943981665678,1,-0.316227766016838,-2.189883006239567,0,0.0,0,0,0.0,0.0,2,1.0986122886681098,50,12,2,0.0,0.6931471805599453,0.6931471805599453,0.0
306,10,6,True,4,-0.6489289096713565,1,1,0,0.1999999999999999,-1.9238853900745416,0.1627059074689639,1.2749564804031852,0,0.0,0.0,0,-2.793151856927343,-2.839908599853516,0.0467567429261728,612,612,612,1,-0.7651125201533095,0,0.316227766016838,1.1587728699212323,0,0.0,0,0,0.0,0.0,1034,6.942156705699469,48,14,2,0.0,6.418364935936212,6.418364935936212,0.0
307,10,7,True,3,-0.7270140110900528,0,0,0,0.7999999999999999,-1.8723446261393035,0.1536027197723005,1.1453306150492506,0,0.0,0.0,0,-2.856919923835856,-3.041464805603028,0.1845448817671711,594,594,594,0,-0.840871873599602,0,0.7999999999999999,1.0314727525397016,0,0.0,0,0,0.0,0.0,798,6.683360945766275,51,15,2,0.0,6.38856140554563,6.38856140554563,0.0
308,10,8,True,2,-0.7517795316900997,2,0,1,0.7378647873726218,-2.5847311396518284,0.0133298357742824,1.8329516079617287,1,1.8329516079617287,0.7792841142855635,1,-2.892744142980777,-2.96273136138916,0.0699872184083831,58,416,58,2,-0.864825928367136,1,0.7378647873726218,1.7199052112846924,1,1.7199052112846924,1,1,1.7199052112846924,0.7790857489026118,474,6.163314804034641,52,16,2,1.9555487778930818,6.0330862217988015,4.07753744390572,0.7146065533161163
309,10,9,True,4,-0.5671874655860248,1,1,0,0.1999999999999999,-1.7602141161440166,0.1650787744311805,1.1930266505579916,0,0.0,0.0,0,-2.776895813841214,-2.7888073921203613,0.0119115782791472,2011,2011,2011,1,-0.6889947797349858,0,0.316227766016838,1.0712193364090308,0,0.0,0,0,0.0,0.0,3053,8.024207485778577,45,13,2,0.0,7.60688453121963,7.60688453121963,0.0
310,10,10,True,2,-0.4865367973985265,3,3,0,0.948683298050514,-0.5891900605940483,0.0630821437324906,0.1026532631955218,0,0.0,0.0,0,-2.522208993852783,-2.718708276748657,0.196499282895874,365,365,365,3,-0.6102839787695518,0,0.948683298050514,-0.0210939181755034,0,0.0,0,0,0.0,0.0,607,6.410174881966167,42,12,2,0.0,5.902633333401366,5.902633333401366,0.0
311,10,11,True,3,-0.4594461132595204,3,3,0,1.0,-0.6086046188359926,0.0898051822976036,0.1491585055764721,0,0.0,0.0,0,-2.462629085265802,-2.5904428958892822,0.12781381062348,320,320,320,3,-0.5834893170792145,0,0.7999999999999999,0.0251153017567781,0,0.0,0,0,0.0,0.0,603,6.403574197934815,41,11,4,0.0,5.771441123130016,5.771441123130016,0.0
312,10,12,True,3,-0.4292460837169038,1,1,0,0.7999999999999999,-0.752992475423248,0.1565446178662691,0.3237463917063441,0,0.0,0.0,0,-2.3381905189547987,-2.591259241104126,0.2530687221493273,756,756,756,1,-0.5548825942846941,0,0.7999999999999999,0.1981098811385538,0,0.0,0,0,0.0,0.0,905,6.80903930604298,40,10,2,0.0,6.6293632534374485,6.6293632534374485,0.0
313,10,13,True,2,-0.372724764674915,3,3,0,0.948683298050514,-2.598060975426111,2.037621039635e-16,2.225336210751196,0,0.0,0.0,0,-2.563283353053321,-2.180348873138428,0.3829344799148928,299,299,299,3,-0.5350027696054533,0,0.948683298050514,2.063058205820657,0,0.0,0,0,0.0,0.0,318,5.765191102784844,39,9,3,0.0,5.703782474656201,5.703782474656201,0.0
314,10,14,True,4,-0.341827414888584,3,3,0,0.1999999999999999,-2.598060975426111,2.037621039635e-16,2.256233560537527,0,0.0,0.0,0,-2.55733835890094,-1.9251155853271484,0.6322227735737913,42,42,42,3,-0.5056786416285085,0,0.1999999999999999,2.092382333797602,0,0.0,0,0,0.0,0.0,522,6.259581464064923,38,8,3,0.0,3.7612001156935624,3.7612001156935624,0.0
315,10,15,True,3,-0.3129117853215392,1,2,1,0.3999999999999999,-2.598060975426111,2.037621039635e-16,2.285149190104572,1,2.285149190104572,0.9715370852595886,1,-2.4472447792015344,-2.00879454612732,0.438450233074215,98,43,43,1,-0.476900617713364,1,0.7999999999999999,2.1211603577127467,1,2.1211603577127467,1,1,2.1211603577127467,0.9608470251664476,142,4.962844630259907,37,7,3,-0.8109302162163288,3.784189633918261,3.784189633918261,-0.3892948627471924
319,10,19,True,1,-0.1447816561774716,1,1,0,0.7745966692414834,-0.3381528182324893,0.1201260731610234,0.1933711620550177,0,0.0,0.0,0,-1.5474568679937786,-1.892085313796997,0.3446284458032185,2,2,2,1,-1.6819632704597016,0,0.7745966692414834,-1.3438104522272123,0,0.0,0,0,0.0,0.0,2,1.0986122886681098,31,7,2,0.0,1.0986122886681098,1.0986122886681098,0.0
330,11,0,True,1,-2.999998943514433,3,3,0,0.7745966692414834,-2.5645485832714305,0.0335123921546805,-0.4354503602430024,0,0.0,0.0,0,-2.752552412462196,-2.656207799911499,0.096344612550697,2,2,2,3,-7.884528023265812,0,0.7745966692414834,-5.319979439994381,0,0.0,0,0,0.0,0.0,2,1.0986122886681098,49,11,3,0.0,1.0986122886681098,1.0986122886681098,0.0
331,11,1,True,2,-2.999998943514433,1,1,0,0.4472135954999579,-2.598060975426111,2.037621039635e-16,-0.4019379680883221,0,0.0,0.0,0,-2.7524634848612948,-2.6721198558807373,0.0803436289805574,4,4,4,1,-6.883302592060596,0,0.632455532033676,-4.285241616634485,0,0.0,0,0,0.0,0.0,5,1.791759469228055,48,10,2,0.0,1.6094379124341003,1.6094379124341003,0.0
336,11,6,True,2,-0.6228286700654897,3,3,0,0.948683298050514,-2.07742003129945,0.1450088635810592,1.4545913612339605,0,0.0,0.0,0,-2.7767266376062576,-2.892834186553955,0.1161075489476974,337,337,337,3,-0.7399944829746522,0,0.948683298050514,1.337425548324798,0,0.0,0,0,0.0,0.0,648,6.47543271670409,47,15,2,0.0,5.823045895483019,5.823045895483019,0.0
337,11,7,True,4,-0.5950833400594322,3,3,0,0.7999999999999999,-1.7589484357824516,0.1676850434083786,1.1638650957230194,0,0.0,0.0,0,-2.756578718169592,-2.849594831466675,0.0930161132970828,416,416,416,3,-0.7146363321797569,0,0.316227766016838,1.0443121036026948,0,0.0,0,0,0.0,0.0,442,6.093569770045136,46,14,2,0.0,6.0330862217988015,6.0330862217988015,0.0
338,11,8,True,4,-0.5677575493066822,3,3,0,0.316227766016838,-1.8278406652773045,0.1678109939432043,1.260083115970622,0,0.0,0.0,0,-2.7519888044575374,-2.8344156742095947,0.0824268697520573,1171,1171,1171,3,-0.6889947805440746,0,0.316227766016838,1.1388458847332297,0,0.0,0,0,0.0,0.0,1265,7.143617602704121,45,13,2,0.0,7.066466970136958,7.066466970136958,0.0
339,11,9,True,4,-0.5401048663545402,3,0,1,0.0,-1.6981563702274811,0.1822479218639253,1.1580515038729409,1,1.1580515038729409,0.4923485904225423,1,-2.7485339653471645,-2.799537181854248,0.0510032165070835,417,2118,417,3,-0.6630655634023411,1,0.0,1.03509080682514,1,1.03509080682514,1,1,1.03509080682514,0.4688772911009495,3338,8.113426639943654,44,12,3,1.6232181257435432,7.6586995582682995,6.035481432524756,0.5172805637121201
340,11,10,True,4,-0.5131788429114914,0,0,0,0.7999999999999999,-0.5741674839353801,0.0232038342329756,0.0609886410238886,0,0.0,0.0,0,-2.598861944315515,-2.759104013442993,0.1602420691274781,596,596,596,0,-0.6361446345522538,0,0.7999999999999999,-0.0619771506168737,0,0.0,0,0,0.0,0.0,1033,6.9411900550683745,43,11,3,0.0,6.391917113392602,6.391917113392602,0.0
341,11,11,True,3,-0.4894317162825304,0,2,1,0.3999999999999999,-0.8495413475465844,0.1410686580797861,0.360109631264054,1,0.360109631264054,0.1531015406115231,1,-2.590089022860362,-2.732248544692993,0.1421595218326312,72,314,72,0,-0.6109748927135599,1,0.3999999999999999,0.2385664548330245,1,0.2385664548330245,0,1,0.2385664548330245,0.1080662608073593,978,6.88653164253051,42,10,3,1.4621131976772421,5.752572638825633,4.290459441148391,0.25072862207889557
342,11,12,True,4,-0.3992206645517847,1,1,0,0.3999999999999999,-0.4399264033517114,0.018064738252497,0.0407057387999267,0,0.0,0.0,0,-2.306412451584051,-2.5947425365448,0.2883300849607488,1054,1054,1054,1,-0.527408730843452,0,0.316227766016838,-0.0874823274917405,0,0.0,0,0,0.0,0.0,1284,7.158513997329321,39,9,2,0.0,6.961296045910167,6.961296045910167,0.0
343,11,13,True,2,-0.39996049392762,0,0,0,0.948683298050514,-2.598060975426111,2.037621039635e-16,2.198100481498491,0,0.0,0.0,0,-2.56809469352274,-2.684460401535034,0.1163657080122946,28,28,28,0,-0.561629798829267,0,0.948683298050514,2.036431176596844,0,0.0,0,0,0.0,0.0,29,3.4011973816621555,40,10,1,0.0,3.367295829986474,3.367295829986474,0.0
344,11,14,True,2,-0.252892122488632,1,3,1,0.7378647873726218,-2.598060975426111,2.037621039635e-16,2.345168852937479,1,2.345168852937479,0.9970546000631966,1,-2.279791276339985,-2.358398914337158,0.0786076379971731,89,51,51,1,-0.3830239373105243,1,0.7378647873726218,2.2150370381155864,1,2.2150370381155864,1,1,2.2150370381155864,1.0,140,4.948759890378168,35,5,2,-0.5485659517488375,3.9512437185814275,3.9512437185814275,-0.3267413079738617
345,11,15,True,2,-0.2815200005644191,2,0,1,0.7378647873726218,-2.598060975426111,2.037621039635e-16,2.316540974861692,1,2.316540974861692,0.9848833836965116,1,-2.3880875010349496,-2.153404474258423,0.2346830267765267,49,92,49,2,-0.4130010109211136,1,0.7378647873726218,2.185059964504997,1,2.185059964504997,1,1,2.185059964504997,0.989792383716258,141,4.955827057601261,36,6,2,0.6205764877251103,4.532599493153256,3.912023005428146,0.22771146893501282
346,11,16,True,2,-0.1861510227777266,1,3,1,0.7378647873726218,-0.2849641841388969,0.0268287966878904,0.0988131613611702,1,0.0988131613611702,0.0420106709836847,1,-1.6300594461925486,-1.7335351705551147,0.1034757243625661,1,16,1,1,-0.3397876496737805,1,0.7378647873726218,-0.0548234655348836,0,0.0,0,0,0.0,0.0,17,2.8903717578961645,33,1,3,2.1400661634962708,2.833213344056216,0.6931471805599453,0.7860580533742905
347,11,17,True,2,-0.1767775068933563,3,3,0,0.948683298050514,-0.3879898334295472,0.119055168020401,0.2112123265361908,0,0.0,0.0,0,-1.6399487178400949,-1.9815993309021,0.3416506130620047,5,5,5,1,-0.3518090213367145,1,0.7378647873726218,0.0361808120928326,1,0.0361808120928326,0,0,0.0,0.0,175,5.170483995038151,32,2,3,0.0,1.791759469228055,1.791759469228055,0.0
348,11,18,True,2,-0.1387873801185843,1,1,0,0.948683298050514,-0.3381248210142283,0.1201614186666973,0.199337440895644,0,0.0,0.0,0,-1.5743750004546633,-1.8245340585708616,0.2501590581161985,36,36,36,1,-0.3552567325231937,0,0.948683298050514,-0.0171319115089653,0,0.0,0,0,0.0,0.0,40,3.713572066704308,31,3,2,0.0,3.6109179126442243,3.6109179126442243,0.0
349,11,19,True,2,-0.1159410675232564,1,1,0,0.948683298050514,-0.4236573580183947,0.1670856863159114,0.3077162904951382,0,0.0,0.0,0,-1.522711662532744,-1.8068530559539795,0.2841413934212353,6,6,6,1,-0.3616774103979756,0,0.948683298050514,0.061979947620419,0,0.0,0,0,0.0,0.0,32,3.4965075614664802,30,6,3,0.0,1.9459101490553132,1.9459101490553132,0.0
350,11,20,True,2,-0.1208316830191433,1,2,1,0.7378647873726218,-0.3381528182324893,0.1201260731610234,0.217321135213346,1,0.217321135213346,0.0923946424088036,0,-1.511965247283287,-2.071059465408325,0.5590942181250382,30,10,10,1,-0.3871050066481465,1,0.7378647873726218,-0.0489521884156571,0,0.0,0,0,0.0,0.0,40,3.713572066704308,31,7,2,-1.0360919316867756,2.3978952727983707,2.3978952727983707,-0.5663684457540512
361,12,1,True,1,-2.999998943514433,3,3,0,0.7745966692414834,-2.5645485832714305,0.0335123921546805,-0.4354503602430024,0,0.0,0.0,0,-2.7496034328322536,-2.612555980682373,0.1370474521498805,66,66,66,3,-6.898648160391264,0,0.7745966692414834,-4.334099577119833,0,0.0,0,0,0.0,0.0,66,4.204692619390966,47,9,3,0.0,4.204692619390966,4.204692619390966,0.0
362,12,2,True,2,-2.999998943514433,0,2,1,0.8944271909999159,-2.598060975426111,2.037621039635e-16,-0.4019379680883221,0,0.0,0.0,0,-2.753443373738811,-2.668275594711304,0.0851677790275071,34,68,34,0,-5.776734793303554,1,0.7378647873726218,-3.178673817877443,0,0.0,0,0,0.0,0.0,102,4.634728988229636,48,10,1,0.6787584431078462,4.23410650459726,3.5553480614894135,0.3856983482837677
368,12,8,True,2,-0.5913906986154274,3,1,1,0.7378647873726218,-1.8724390894382776,0.1634570700413903,1.2810483908228505,1,1.2810483908228505,0.5446410348549559,1,-2.7836588679899066,-2.712952852249145,0.070706015740761,1,2,1,3,-2.1519023828405475,1,0.7378647873726218,-0.2794632934022698,0,0.0,0,0,0.0,0.0,3,1.3862943611198906,40,6,3,0.4054651081081645,1.0986122886681098,0.6931471805599453,0.5949237942695618
369,12,9,True,2,-0.5670613124100804,3,3,0,0.948683298050514,-0.7080573782388938,0.0407532575934246,0.1409960658288134,0,0.0,0.0,0,-2.622673398859323,-2.7347633838653564,0.1120899850060332,18,18,18,3,-0.7280142640627608,0,0.948683298050514,-0.019956885823867,0,0.0,0,0,0.0,0.0,21,3.091042453358316,41,7,2,0.0,2.9444389791664403,2.9444389791664403,0.0
370,12,10,True,3,-0.5424861748289219,3,3,0,0.7999999999999999,-0.7588797944557913,0.099360898588146,0.2163936196268694,0,0.0,0.0,0,-2.6047834117856605,-2.8037784099578857,0.1989949981722252,139,139,139,3,-0.6647206923490595,0,0.7999999999999999,0.0941591021067318,0,0.0,0,0,0.0,0.0,159,5.075173815233827,42,8,2,0.0,4.941642422609304,4.941642422609304,0.0
371,12,11,True,2,-0.5167452581810628,0,0,0,0.948683298050514,-0.8638562407217367,0.1398101913647541,0.3471109825406739,0,0.0,0.0,0,-2.5973859622821007,-2.7938477993011475,0.1964618370190467,578,578,578,0,-0.6375087797349605,0,0.948683298050514,0.2263474609867762,0,0.0,0,0,0.0,0.0,710,6.566672429803241,43,9,2,0.0,6.361302477572996,6.361302477572996,0.0
372,12,12,True,3,-0.3704658926953404,3,3,0,0.7999999999999999,-0.8199106137281275,0.165276473655507,0.449444721032787,0,0.0,0.0,0,-2.291664216725501,-2.600197553634644,0.3085333369091421,652,652,652,3,-0.4996654703337754,0,0.7999999999999999,0.320245143394352,0,0.0,0,0,0.0,0.0,1151,7.049254841255837,38,8,2,0.0,6.481577129276431,6.481577129276431,0.0
373,12,13,True,2,-0.3405872108709921,1,1,0,0.948683298050514,-0.6216002544507653,0.1349626452839847,0.2810130435797732,0,0.0,0.0,0,-2.2664774819564726,-2.629572629928589,0.3630951479721163,589,589,589,1,-0.4716119721145269,0,0.948683298050514,0.1499882823362384,0,0.0,0,0,0.0,0.0,689,6.536691597591305,37,7,2,0.0,6.380122536899765,6.380122536899765,0.0
374,12,14,True,2,-0.2204473166300331,3,0,1,0.7378647873726218,-2.3610544198815084,0.163147265569116,2.140607103251475,1,2.140607103251475,0.9100846433942198,1,-2.211005599668071,-2.2604899406433105,0.0494843409752396,175,79,79,3,-0.3536363389498835,1,0.7378647873726218,2.007418080931625,1,2.007418080931625,1,1,2.007418080931625,0.9093238445245811,254,5.541263545158426,34,4,2,-0.7884573603642702,4.382026634673881,4.382026634673881,-0.2791118323802948
375,12,15,True,3,-0.1899059657336408,3,3,0,1.0,-0.3736329323034307,0.1189414230064023,0.1837269665697898,0,0.0,0.0,0,-2.157742457135291,-2.380725145339966,0.222982688204675,216,216,216,3,-0.3239437594577437,0,0.7999999999999999,0.049689172845687,0,0.0,0,0,0.0,0.0,6416,8.766705997750515,33,3,3,0.0,5.37989735354046,5.37989735354046,0.0
376,12,16,True,3,-0.157728306513413,1,1,0,1.0,-0.3893826598656463,0.1189563561403099,0.2316543533522333,0,0.0,0.0,0,-1.5826088797862852,-1.973033308982849,0.3904244291965639,407,407,407,1,-0.2931156233319909,0,1.0,0.0962670365336554,0,0.0,0,0,0.0,0.0,535,6.284134161070802,32,2,4,0.0,6.0112671744041615,6.0112671744041615,0.0
377,12,17,True,2,-0.1898180829347351,2,2,0,0.948683298050514,-0.3778257633658126,0.1186490108213867,0.1880076804310775,0,0.0,0.0,0,-1.6281447147046215,-2.1391289234161377,0.510984208711516,147,147,147,2,-0.3231224674848547,0,0.948683298050514,0.0547032958809579,0,0.0,0,0,0.0,0.0,294,5.68697535633982,33,3,2,0.0,4.997212273764115,4.997212273764115,0.0
378,12,18,True,3,-0.100307003164426,3,3,0,0.7999999999999999,-0.4179580033906387,0.1675461863196429,0.3176510002262127,0,0.0,0.0,0,-1.5416728222163718,-2.013256788253784,0.4715839660374123,36,36,36,3,-0.3264692885451399,0,0.7999999999999999,0.0914887148454988,0,0.0,0,0,0.0,0.0,65,4.189654742026425,30,4,2,0.0,3.6109179126442243,3.6109179126442243,0.0
379,12,19,True,3,-0.0638104048884351,1,1,0,1.0,-0.4117754259227958,0.1684555488738791,0.3479650210343606,0,0.0,0.0,0,-1.4878991358217877,-1.9395506381988523,0.4516515023770651,650,650,650,1,-0.2964962649546344,0,0.7999999999999999,0.1152791609681613,0,0.0,0,0,0.0,0.0,742,6.610696044717759,29,5,4,0.0,6.478509642208569,6.478509642208569,0.0
380,12,20,True,4,-0.0909149722689949,3,2,1,0.6000000000000001,-0.4179580033906387,0.1675461863196429,0.3270430311216438,1,0.3270430311216438,0.1390431900841637,0,-1.488129276182691,-2.1243703365325928,0.6362410603499018,3,113,3,2,-0.3592593971189881,0,0.1999999999999999,0.0586986062716506,0,0.0,0,0,0.0,0.0,135,4.912654885736052,30,6,3,3.349904087274605,4.736198448394496,1.3862943611198906,0.758917722851038
381,12,21,True,2,-0.0615302756965122,1,1,0,0.948683298050514,-0.2968679817147869,0.1228558655284258,0.2353377060182746,0,0.0,0.0,0,-1.139883663424484,-2.247028589248657,1.1071449258241732,22,22,22,1,-1.5866837775169726,0,0.948683298050514,-1.289815795802186,0,0.0,0,0,0.0,0.0,24,3.2188758248682006,29,7,4,0.0,3.1354942159291497,3.1354942159291497,0.0
382,12,22,True,2,-0.1053880317748445,2,2,0,0.948683298050514,-0.3029939962891714,0.1219839570421874,0.1976059645143268,0,0.0,0.0,0,-1.247483600329124,-2.415138006210327,1.1676544058812033,3,3,3,2,-1.6023541247630015,0,0.948683298050514,-1.29936012847383,0,0.0,0,0,0.0,0.0,17,2.8903717578961645,30,8,2,0.0,1.3862943611198906,1.3862943611198906,0.0
398,13,8,True,1,-1.553428678662134,1,1,0,0.7745966692414834,-1.951570455303106,0.1420223617566658,0.3981417766409723,0,0.0,0.0,0,-2.825461310128389,-2.655885696411133,0.1695756137172561,2,2,2,1,-6.644999459991265,0,0.7745966692414834,-4.693429004688159,0,0.0,0,0,0.0,0.0,2,1.0986122886681098,39,5,3,0.0,1.0986122886681098,1.0986122886681098,0.0
403,13,13,True,2,-0.311116385422238,3,3,0,0.948683298050514,-0.4362248618873544,0.073596974321034,0.1251084764651164,0,0.0,0.0,0,-2.2517838288558374,-2.6157007217407227,0.3639168928848852,1493,1493,1493,3,-0.4432437445854182,0,0.948683298050514,-0.0070188826980638,0,0.0,0,0,0.0,0.0,1544,7.3427791893318455,36,6,3,0.0,7.309212365692763,7.309212365692763,0.0
404,13,14,True,4,-0.2527686226602273,3,3,0,0.1999999999999999,-0.4159978779540442,0.0751995715476493,0.1632292552938168,0,0.0,0.0,0,-2.2050883812085766,-2.5875980854034424,0.3825097041948657,3880,3880,3880,3,-0.3838316896856435,0,0.316227766016838,0.0321661882684006,0,0.0,0,0,0.0,0.0,4848,8.486527777105353,35,5,2,0.0,8.263848131368906,8.263848131368906,0.0
405,13,15,True,2,-0.221206263780194,0,0,0,0.948683298050514,-0.5443218545500987,0.1586280038098697,0.3231155907699047,0,0.0,0.0,0,-2.1821722115732536,-2.5074782371521,0.325306025578846,6533,6533,6533,0,-0.3536573719549168,0,0.948683298050514,0.1906644825951819,0,0.0,0,0,0.0,0.0,9772,9.187378760338836,34,4,2,0.0,8.784774592161016,8.784774592161016,0.0
406,13,16,True,2,-0.1254614234996406,3,3,0,0.948683298050514,-0.2362953217576882,0.0223717339822242,0.1108338982580475,0,0.0,0.0,0,-1.5234090915989258,-2.0966343879699707,0.5732252963710449,1214,1214,1214,1,-0.2606508216060448,1,0.7378647873726218,-0.0243554998483565,0,0.0,0,0,0.0,0.0,1316,7.183111701743281,31,3,3,0.0,7.102499355774649,7.102499355774649,0.0
407,13,17,True,4,-0.0933003134129253,3,3,0,0.316227766016838,-0.3040136006650097,0.1223857747764957,0.2107132872520843,0,0.0,0.0,0,-1.5301906743687703,-2.15171217918396,0.6215215048151896,1788,1788,1788,2,-0.290293006568027,1,-0.316227766016838,0.0137205940969827,1,0.0137205940969827,0,0,0.0,0.0,2680,7.893945138235959,30,4,2,0.0,7.489412083508719,7.489412083508719,0.0
408,13,18,True,4,-0.0603478300009185,3,3,0,0.1999999999999999,-0.404553455920251,0.1690940386834158,0.3442056259193324,0,0.0,0.0,0,-1.509660603322494,-2.09610652923584,0.5864459259133459,1983,1983,1983,3,-0.2922227417040042,0,0.948683298050514,0.1123307142162467,0,0.0,0,0,0.0,0.0,3480,8.15507488781144,29,5,2,0.0,7.592870287844818,7.592870287844818,0.0
409,13,19,True,4,-0.0273257145071988,3,3,0,0.3999999999999999,-0.2679786310030273,0.1247985106187603,0.2406529164958284,0,0.0,0.0,0,-1.4664929658186303,-1.984726905822754,0.5182339400041234,236,236,236,3,-0.2627059394781297,0,0.3999999999999999,0.0052726915248975,0,0.0,0,0,0.0,0.0,2582,7.8567067930958405,28,6,3,0.0,5.4680601411351315,5.4680601411351315,0.0
410,13,20,True,3,0.0065991421952522,1,1,0,1.0,-0.3008158879469637,0.1406582536823989,0.307415030142216,0,0.0,0.0,0,-1.0376460297281958,-1.9957022666931152,0.9580562369649196,479,479,479,1,-0.2311036549945342,0,0.7999999999999999,0.0697122329524294,0,0.0,0,0,0.0,0.0,494,6.20455776256869,27,7,3,0.0,6.173786103901937,6.173786103901937,0.0
411,13,21,True,2,-0.0283468941134354,2,2,0,0.948683298050514,-0.2694729751916905,0.1246456086423146,0.241126081078255,0,0.0,0.0,0,-1.0952905440570788,-2.138338327407837,1.043047783350758,28,28,28,2,-0.2955324519250814,0,0.948683298050514,-0.0260594767333908,0,0.0,0,0,0.0,0.0,46,3.8501476017100584,28,8,2,0.0,3.367295829986474,3.367295829986474,0.0
412,13,22,True,2,-0.1343341507865438,0,0,0,0.948683298050514,-0.3409245428403266,0.120007642682035,0.2065903920537827,0,0.0,0.0,0,-1.2675854156972373,-2.8851234912872314,1.6175380755899942,14,14,14,0,-1.617451568729915,0,0.948683298050514,-1.2765270258895884,0,0.0,0,0,0.0,0.0,15,2.772588722239781,31,9,1,0.0,2.70805020110221,2.70805020110221,0.0
428,14,8,True,1,-1.538816847810794,1,1,0,0.7745966692414834,-2.061375171693666,0.1429987139905308,0.5225583238828719,0,0.0,0.0,0,-2.828625929763044,-2.61222243309021,0.2164034966728341,3,3,3,1,-5.63448118220839,0,0.7745966692414834,-3.573106010514724,0,0.0,0,0,0.0,0.0,3,1.3862943611198906,38,6,2,0.0,1.3862943611198906,1.3862943611198906,0.0
432,14,12,True,1,-1.1103814474617513,3,3,0,0.7745966692414834,-1.890150968199176,0.1804675919162921,0.7797695207374249,0,0.0,0.0,0,-2.8459539598336896,-2.760188579559326,0.0857653802743634,12,12,12,3,-2.855829819459507,0,0.7745966692414834,-0.9656788512603308,0,0.0,0,0,0.0,0.0,12,2.5649493574615367,36,8,2,0.0,2.5649493574615367,2.5649493574615367,0.0
433,14,13,True,2,-1.091294392052832,1,1,0,0.948683298050514,-2.2733879378933666,0.1235629950910201,1.1820935458405346,0,0.0,0.0,0,-2.840303134111913,-2.7980902194976807,0.0422129146142324,170,170,170,3,-1.580088717877435,1,0.7378647873726218,0.6932992200159316,1,0.6932992200159316,1,0,0.0,0.0,384,5.953243334287785,35,7,4,0.0,5.14166355650266,5.14166355650266,0.0
434,14,14,True,3,-1.1290905413774248,2,1,1,0.3999999999999999,-2.181901565994812,0.1386109322688576,1.052811024617387,1,1.052811024617387,0.4476053286215112,1,-2.8577730707263136,-2.9216413497924805,0.0638682790661668,2,295,2,1,-1.5613349681264226,0,1.0,0.6205665978683892,0,0.0,0,0,0.0,0.0,311,5.7430031878094825,34,8,3,4.59174716565595,5.69035945432406,1.0986122886681098,0.9399722060188651
435,14,15,True,2,-1.1503058430058426,2,1,1,0.7378647873726218,-2.502485359586,0.0476137169478806,1.3521795165801576,1,1.3521795165801576,0.5748826168438873,1,-2.866843133053212,-2.7859511375427246,0.0808919955104872,49,128,49,1,-1.575575560203841,0,0.948683298050514,0.9269097993821592,0,0.0,0,0,0.0,0.0,177,5.181783550292085,35,9,2,0.947789398933526,4.859812404361672,3.912023005428146,0.5458759069442749
436,14,16,True,2,-0.1126857620747697,3,3,0,0.948683298050514,-0.1335071827442294,0.0200092692835523,0.0208214206694596,0,0.0,0.0,0,-1.281880779571441,-2.416471004486084,1.134590224914643,116,116,116,3,-0.229058531456478,0,0.948683298050514,-0.0955513487122486,0,0.0,0,0,0.0,0.0,171,5.147494476813453,30,4,2,0.0,4.762173934797756,4.762173934797756,0.0
437,14,17,True,2,-0.0795415899471248,1,1,0,0.948683298050514,-0.2064655829422489,0.1270360368111386,0.126923992995124,0,0.0,0.0,0,-1.1440344190368044,-2.3976776599884038,1.253643240951599,240,240,240,1,-0.1979459746815536,0,0.948683298050514,0.0085196082606952,0,0.0,0,0,0.0,0.0,290,5.673323267171493,29,5,2,0.0,5.484796933490655,5.484796933490655,0.0
438,14,18,True,2,0.0160715759532156,1,1,0,0.948683298050514,0.0002091293922346,0.0176813556597085,0.015862446560981,0,0.0,0.0,0,-0.8092777745422234,-1.7665762901306152,0.957298515588392,162,162,162,1,-0.1371845206639788,0,0.948683298050514,-0.1373936500562135,0,0.0,0,0,0.0,0.0,215,5.375278407684165,26,10,2,0.0,5.093750200806762,5.093750200806762,0.0
439,14,19,True,4,0.0095462693325567,3,2,1,0.7378647873726218,-0.0237687909350602,0.0179577759311345,0.0333150602676169,1,0.0333150602676169,0.0141639839918578,0,-0.9398787300178773,-1.8986190557479856,0.9587403257301086,300,204,204,2,-0.1688942166107061,0,0.316227766016838,-0.1451254256756459,0,0.0,0,0,0.0,0.0,509,6.234410725718371,27,9,2,-0.38410028561046694,5.3230099791384085,5.3230099791384085,-0.13741543889045715
440,14,20,True,4,0.0417689878748748,3,2,1,0.0,-0.203370382570626,0.1145798347880426,0.2451393704455009,1,0.2451393704455009,0.1042216370275998,1,-1.0008277465343285,-1.7542309761047363,0.7534032295704081,88,472,88,3,-0.1982718420378816,1,0.6000000000000001,0.0050985405327444,1,0.0050985405327444,0,1,0.0050985405327444,0.0023095460396311,761,6.635946555686647,26,8,3,1.670459018759793,6.159095388491933,4.48863636973214,0.541044794023037
441,14,21,True,2,0.0755095029581409,3,1,1,0.7378647873726218,-1.2782886336326718,0.2094037411245372,1.3537981365908127,1,1.3537981365908127,0.5755707773255331,1,-1.0681734852074956,-1.50189208984375,0.4337186046362544,2,115,2,1,-0.1675835835383175,0,0.948683298050514,1.1107050500943545,0,0.0,0,0,0.0,0.0,117,4.770684624465665,25,9,3,3.6549779024382545,4.7535901911063645,1.0986122886681098,0.9788217172026634
442,14,22,True,1,0.1065752548359481,1,1,0,0.7745966692414834,0.0766930630166545,0.0192408874398207,0.0298821918192936,0,0.0,0.0,0,-0.4660768524489055,-1.0995864868164062,0.6335096343675006,4,4,4,1,-1.3429179695038127,0,0.7745966692414834,-1.4196110325204672,0,0.0,0,0,0.0,0.0,4,1.6094379124341003,24,10,3,0.0,1.6094379124341003,1.6094379124341003,0.0
458,15,8,True,2,-1.5240574227084305,3,3,0,0.948683298050514,-1.9972052784914065,0.1447108912928783,0.473147855782976,0,0.0,0.0,0,-2.8269855700344237,-2.620699405670166,0.2062861643642572,4,4,4,0,-5.6359384443879135,1,0.7378647873726218,-3.638733165896507,0,0.0,0,0,0.0,0.0,6,1.9459101490553132,37,7,2,0.0,1.6094379124341003,1.6094379124341003,0.0
459,15,9,True,2,-1.5041794091025538,1,1,0,0.948683298050514,-1.928940295857872,0.1802549277827843,0.4247608867553178,0,0.0,0.0,0,-2.824378014398873,-2.6354289054870605,0.1889491089118125,2,2,2,2,-6.754882916255042,1,0.7378647873726218,-4.8259426203971705,0,0.0,0,0,0.0,0.0,3,1.3862943611198906,36,6,3,0.0,1.0986122886681098,1.0986122886681098,0.0
461,15,11,True,2,-2.9999989435144365,1,1,0,0.4472135954999579,-2.598060975426111,2.037621039635e-16,-0.4019379680883257,0,0.0,0.0,0,-2.950920043117626,-2.9016988277435303,0.0492212153740956,5,5,5,1,-28.541594373517302,0,0.632455532033676,-25.94353339809119,0,0.0,0,0,0.0,0.0,6,1.9459101490553132,40,10,2,0.0,1.791759469228055,1.791759469228055,0.0
462,15,12,True,2,-1.1362132186611735,3,3,0,0.948683298050514,-2.2404140919335997,0.1394713414349214,1.1042008732724258,0,0.0,0.0,0,-2.8590298663498417,-2.934497594833374,0.0754677284835323,99,99,99,3,-1.5773422056048254,0,0.948683298050514,0.6630718863287739,0,0.0,0,0,0.0,0.0,132,4.890349128221754,35,9,2,0.0,4.605170185988092,4.605170185988092,0.0
463,15,13,True,4,-1.114348438983453,0,0,0,0.3999999999999999,-1.9231248141589432,0.17204606823296,0.8087763751754902,0,0.0,0.0,0,-2.8496705040720984,-2.764046430587769,0.0856240734843298,300,300,300,3,-1.56137980224452,1,-0.3999999999999999,0.3617450119144232,1,0.3617450119144232,1,0,0.0,0.0,523,6.261491684321042,34,8,3,0.0,5.707110264748875,5.707110264748875,0.0
464,15,14,True,4,-1.1348089691614591,2,1,1,-0.1999999999999999,-2.139558099376622,0.1540188357066854,1.0047491302151628,1,1.0047491302151628,0.4271716899769139,1,-2.8558899657114774,-2.7699902057647705,0.0858997599467068,255,808,255,1,-1.5447329912997891,0,0.1999999999999999,0.594825108076833,0,0.0,0,0,0.0,0.0,1090,6.994849985833071,33,9,3,1.150621472578929,6.695798917058491,5.545177444479562,0.5424796342849731
465,15,15,True,4,-1.1698975518320762,0,1,1,-0.1999999999999999,-2.395968535764819,0.1123674751908742,1.2260709839327428,1,1.2260709839327428,0.521267248199608,1,-2.867861353637261,-2.863480806350708,0.0043805472865527,121,1057,121,1,-1.560405710633494,0,0.316227766016838,0.835562825131325,0,0.0,0,0,0.0,0.0,1249,7.1308988302963465,34,10,2,2.160114567684988,6.964135612418245,4.804021044733257,0.7507731765508652
466,15,16,True,2,-0.0125712341961398,1,1,0,0.948683298050514,-0.0207806943329759,0.0179077834759435,0.0082094601368361,0,0.0,0.0,0,-0.9366836059243492,-2.234649181365967,1.2979655754416175,49,49,49,1,-0.1347151438130814,0,0.948683298050514,-0.1139344494801054,0,0.0,0,0,0.0,0.0,99,4.605170185988092,27,7,2,0.0,3.912023005428146,3.912023005428146,0.0
467,15,17,True,2,-0.047334669389189,2,2,0,0.948683298050514,-0.0507809285699287,0.0158109362712765,0.0034462591807397,0,0.0,0.0,0,-1.088258275583506,-2.491022825241089,1.402764549657583,103,103,103,2,-0.1665066342137799,0,0.948683298050514,-0.1157257056438511,0,0.0,0,0,0.0,0.0,288,5.666426688112432,28,6,2,0.0,4.6443908991413725,4.6443908991413725,0.0
468,15,18,True,3,0.0487129639026611,1,1,0,0.7999999999999999,-0.089328764652516,0.1336097175826245,0.1380417285551772,0,0.0,0.0,0,-0.7339184934362397,-1.852276086807251,1.1183575933710113,165,165,165,1,-0.1050655255582821,0,0.7999999999999999,-0.015736760905766,0,0.0,0,0,0.0,0.0,167,5.123963979403259,25,11,2,0.0,5.111987788356544,5.111987788356544,0.0
470,15,20,True,2,0.0479688783787589,1,1,0,0.948683298050514,-0.2614107920284659,0.1721162362098146,0.3093796704072249,0,0.0,0.0,0,-0.8529984770484054,-1.3775510787963867,0.5245526017479814,99,99,99,1,-0.0698499310087312,0,0.948683298050514,0.1915608610197347,0,0.0,0,0,0.0,0.0,128,4.859812404361672,25,11,2,0.0,4.605170185988092,4.605170185988092,0.0
471,15,21,True,3,0.0447544085991118,0,1,1,0.1999999999999999,-1.4824686204190756,0.1626109577962303,1.5272230290181874,1,1.5272230290181874,0.6493028186425549,1,-1.0707442432611654,-1.7720324993133545,0.7012882560521891,2,329,2,2,-0.104058358733374,1,0.7999999999999999,1.3784102616857017,1,1.3784102616857017,1,1,1.3784102616857017,0.6243947538354714,454,6.12029741895095,26,10,3,4.700480365792416,5.799092654460526,1.0986122886681098,0.729865507222712
472,15,22,True,1,0.1379548021872686,3,3,0,0.7745966692414834,0.1094986701404411,0.0207784243274496,0.0284561320468274,0,0.0,0.0,0,-0.4173717326264173,-0.591693103313446,0.1743213706870287,6,6,6,3,-0.0415321387562324,0,0.7745966692414834,-0.1510308088966735,0,0.0,0,0,0.0,0.0,6,1.9459101490553132,23,11,2,0.0,1.9459101490553132,1.9459101490553132,0.0
473,15,23,True,2,0.1696513146633498,1,1,0,0.948683298050514,0.1533269467658886,0.0191918964671325,0.0163243678974612,0,0.0,0.0,0,-0.3445010484209008,-0.3334358632564544,0.0110651851644463,4,4,4,1,0.0259469526152557,0,0.948683298050514,-0.1273799941506328,0,0.0,0,0,0.0,0.0,6,1.9459101490553132,22,12,2,0.0,1.6094379124341003,1.6094379124341003,0.0
489,16,9,True,1,-1.489070110881925,1,1,0,0.7745966692414834,-1.800600509453354,0.1767893836997048,0.3115303985714286,0,0.0,0.0,0,-2.8121218362490583,-2.5964434146881104,0.2156784215609479,2,2,2,1,-6.427835832551935,0,0.7745966692414834,-4.627235323098581,0,0.0,0,0,0.0,0.0,2,1.0986122886681098,35,5,3,0.0,1.0986122886681098,1.0986122886681098,0.0
490,16,10,True,1,-2.9999989435144365,3,3,0,0.7745966692414834,-2.598060975426111,2.037621039635e-16,-0.4019379680883257,0,0.0,0.0,0,-2.94484899066303,-3.014685869216919,0.0698368785538887,1,1,1,3,-27.30018524796047,0,0.7745966692414834,-24.70212427253436,0,0.0,0,0,0.0,0.0,1,0.6931471805599453,40,12,2,0.0,0.6931471805599453,0.6931471805599453,0.0
491,16,11,True,1,-2.9999989435144365,0,0,0,0.7745966692414834,-2.598060975426111,2.037621039635e-16,-0.4019379680883257,0,0.0,0.0,0,-2.950599923695437,-2.9554808139801025,0.004880890284665,4,4,4,0,-28.240551954166744,0,0.7745966692414834,-25.642490978740632,0,0.0,0,0,0.0,0.0,4,1.6094379124341003,41,11,2,0.0,1.6094379124341003,1.6094379124341003,0.0
492,16,12,True,4,-1.1567578879195528,0,0,0,0.316227766016838,-1.931762911097412,0.1837267528979107,0.7750050231778589,0,0.0,0.0,0,-2.87681582688507,-2.8298239707946777,0.0469918560903921,32,32,32,0,-1.5931398998774844,0,0.316227766016838,0.3386230112199273,0,0.0,0,0,0.0,0.0,212,5.3612921657094255,36,10,2,0.0,3.4965075614664802,3.4965075614664802,0.0
493,16,13,True,2,-1.1760411044338868,3,1,1,0.7378647873726218,-1.5050089091411616,0.1895786448261941,0.3289678047072748,1,0.3289678047072748,0.1398615125496142,0,-2.828795400513641,-2.7353196144104004,0.0934757861032404,184,67,67,1,-1.5109727572678024,0,0.948683298050514,-0.0059638481266408,0,0.0,0,0,0.0,0.0,251,5.529429087511423,31,11,2,-1.0008481199022174,4.219507705176107,4.219507705176107,-0.4332331418991089
494,16,14,True,4,-1.1553760976404843,0,0,0,0.1999999999999999,-2.181901565994812,0.1386109322688576,1.0265254683543277,0,0.0,0.0,0,-2.855638145735998,-2.837672710418701,0.0179654353172966,676,676,676,2,-1.5279428437875389,1,-0.3999999999999999,0.6539587222072729,1,0.6539587222072729,1,0,0.0,0.0,1267,7.145196134997171,32,10,3,0.0,6.517671272912275,6.517671272912275,0.0
495,16,15,True,2,-1.1753157904584597,2,0,1,0.7378647873726218,-2.502485359586,0.0476137169478806,1.3271695691275407,1,1.3271695691275407,0.5642495730339561,1,-2.86631220020491,-2.9084057807922363,0.0420935805873261,327,1073,327,2,-1.5442753293388929,1,0.7378647873726218,0.9582100302471076,1,0.9582100302471076,1,1,0.9582100302471076,0.4340516989674327,1400,7.244941546337007,33,11,2,1.1861316666846662,6.97914527506881,5.793013608384144,0.5424628704786301
496,16,16,True,2,0.0189577191546166,3,3,0,0.948683298050514,0.0200149882280392,0.018923741734178,-0.0010572690734225,0,0.0,0.0,0,-0.7827521857812638,-2.158836603164673,1.376084417383409,57,57,57,1,-0.1025669724242892,1,0.7378647873726218,-0.1225819606523285,0,0.0,0,0,0.0,0.0,59,4.0943445622221,26,8,3,0.0,4.060443010546419,4.060443010546419,0.0
497,16,17,True,3,0.0521708097768056,3,1,1,0.7999999999999999,-0.0847505910240906,0.1338426021311509,0.1369214008008963,1,0.1369214008008963,0.0582124874908825,0,-0.7546030984213831,-2.0733680725097656,1.318764974088383,3,98,3,1,-0.0709549208420303,0,1.0,0.0137956701820602,0,0.0,0,0,0.0,0.0,102,4.634728988229636,25,9,3,3.208825489014699,4.59511985013459,1.3862943611198906,0.9487604591995478
498,16,18,True,2,0.0830008172790438,1,1,0,0.948683298050514,0.0814521408096312,0.020188876726161,0.0015486764694126,0,0.0,0.0,0,-0.7047577545038606,-1.699852466583252,0.9950947120793914,205,205,205,1,-0.0725847285358599,0,0.948683298050514,-0.1540368693454911,0,0.0,0,0,0.0,0.0,243,5.497168225293202,24,10,3,0.0,5.327876168789581,5.327876168789581,0.0
499,16,19,True,1,0.1207474568759298,1,1,0,0.7745966692414834,0.1158556071880626,0.0214539349107179,0.0048918496878672,0,0.0,0.0,0,-0.5866579080902327,-1.2377519607543943,0.6510940526641619,5,5,5,1,-1.3398844113299253,0,0.7745966692414834,-1.4557400185179878,0,0.0,0,0,0.0,0.0,5,1.791759469228055,23,13,2,0.0,1.791759469228055,1.791759469228055,0.0
500,16,20,True,3,0.0811688539318331,1,1,0,0.7999999999999999,0.0873404531562954,0.0176570597629957,-0.0061715992244623,0,0.0,0.0,0,-0.7654645972188449,-1.365360975265503,0.5998963780466581,128,128,128,1,-0.0369281081574097,0,0.7999999999999999,-0.1242685613137052,0,0.0,0,0,0.0,0.0,138,4.9344739331306915,24,12,2,0.0,4.859812404361672,4.859812404361672,0.0
501,16,21,True,3,0.0117842002985714,0,0,0,0.7999999999999999,-1.4489096957085017,0.1851809925163052,1.460693896007073,0,0.0,0.0,0,-1.1249625563637302,-1.6363332271575928,0.5113706707938626,321,321,321,0,-0.1361675289254173,0,0.7999999999999999,1.312742166783084,0,0.0,0,0,0.0,0.0,619,6.429719478039138,27,11,2,0.0,5.7745515455444085,5.7745515455444085,0.0
502,16,22,True,1,-0.019610950597725,2,2,0,0.7745966692414834,-1.4824686204190756,0.1626109577962303,1.4628576698213505,0,0.0,0.0,0,-1.1453353560056057,-1.768799901008606,0.6234645450030003,292,292,292,2,-0.1671027973140167,0,0.7745966692414834,1.315365823105059,0,0.0,0,0,0.0,0.0,292,5.680172609017068,28,12,1,0.0,5.680172609017068,5.680172609017068,0.0
503,16,23,True,1,0.2016679939321188,3,3,0,0.7745966692414834,0.0464717097474478,0.1404299679203973,0.1551962841846709,0,0.0,0.0,0,-0.2818428756762576,-0.5458455681800842,0.2640026925038266,4,4,4,3,0.0608140856074445,0,0.7745966692414834,0.0143423758599966,0,0.0,0,0,0.0,0.0,4,1.6094379124341003,21,13,2,0.0,1.6094379124341003,1.6094379124341003,0.0
504,16,24,True,2,0.2340080740015823,1,1,0,0.948683298050514,0.2251599700145861,0.0169904546161059,0.0088481039869962,0,0.0,0.0,0,-0.2043501077581888,-0.3554643988609314,0.1511142911027425,4,4,4,1,0.0951805637921358,0,0.948683298050514,-0.1299794062224502,0,0.0,0,0,0.0,0.0,5,1.791759469228055,20,14,3,0.0,1.6094379124341003,1.6094379124341003,0.0
505,16,25,True,1,0.2016679939321188,1,1,0,0.7745966692414834,0.0525693323365331,0.1403907639757646,0.1490986615955856,0,0.0,0.0,0,-0.2453288735732329,-0.428913414478302,0.183584540905069,1,1,1,1,0.0634790047140318,0,0.7745966692414834,0.0109096723774987,0,0.0,0,0,0.0,0.0,1,0.6931471805599453,21,15,2,0.0,0.6931471805599453,0.6931471805599453,0.0
518,17,8,True,1,-1.4583921153110135,1,1,0,0.7745966692414834,-1.883305472669572,0.177180772155055,0.4249133573585582,0,0.0,0.0,0,-2.809873881866661,-2.446254014968872,0.363619866897789,2,2,2,1,-5.336959854023376,0,0.7745966692414834,-3.453654381353804,0,0.0,0,0,0.0,0.0,2,1.0986122886681098,35,7,3,0.0,1.0986122886681098,1.0986122886681098,0.0
519,17,9,True,1,-1.473808193487351,2,1,1,0.2581988897471611,-1.9901898661684736,0.1663395530545843,0.5163816726811226,1,0.5163816726811226,0.2195410029815738,1,-2.8081774946187643,-2.5256459712982178,0.2825315233205465,2,0,0,2,-5.278802668418205,1,0.2581988897471611,-3.288612802249731,0,0.0,0,0,0.0,0.0,2,1.0986122886681098,34,6,3,-1.0986122886681098,0.0,0.0,0.7280701398849487
520,17,10,True,2,-1.2176256885069754,3,3,0,0.948683298050514,-2.0444835518862314,0.1555592283374702,0.826857863379256,0,0.0,0.0,0,-2.907581817215032,-2.9586756229400635,0.0510938057250314,2,2,2,3,-2.3248737841709346,0,0.948683298050514,-0.2803902322847031,0,0.0,0,0,0.0,0.0,3,1.3862943611198906,39,13,2,0.0,1.0986122886681098,1.0986122886681098,0.0
521,17,11,True,2,-1.199621908260129,3,3,0,0.948683298050514,-1.7358323710500445,0.1792658185238315,0.5362104627899154,0,0.0,0.0,0,-2.8818191448556485,-2.961899757385254,0.0800806125296054,22,22,22,3,-1.642492980581438,0,0.948683298050514,0.0933393904686064,0,0.0,0,0,0.0,0.0,23,3.1780538303479458,38,12,2,0.0,3.1354942159291497,3.1354942159291497,0.0
522,17,12,True,2,-1.176669720577015,0,0,0,0.948683298050514,-2.181175481877889,0.1439837131723557,1.004505761300874,0,0.0,0.0,0,-2.878817442636677,-2.909484624862671,0.030667182225994,166,166,166,0,-1.609226264684058,0,0.948683298050514,0.5719492171938307,0,0.0,0,0,0.0,0.0,185,5.225746673713202,37,11,2,0.0,5.117993812416755,5.117993812416755,0.0
523,17,13,True,2,-1.2016416201268534,0,3,1,0.7378647873726218,-1.3186410406645337,0.1914479126590586,0.1169994205376803,1,0.1169994205376803,0.0497426060838667,0,-2.758396820908364,-2.691683530807495,0.0667132901008686,14,54,14,3,-1.4942539125299534,0,0.948683298050514,-0.1756128718654197,0,0.0,0,0,0.0,0.0,68,4.23410650459726,30,12,2,1.299282984130261,4.007333185232471,2.70805020110221,0.6765024960041046
524,17,14,True,2,-1.2545345116803213,2,3,1,0.7378647873726218,-1.4524378246101464,0.18487589259903,0.1979033129298251,1,0.1979033129298251,0.0841391050700982,0,-2.7398698465717173,-2.671725988388061,0.0681438581836557,3,67,3,3,-1.4773592881434263,0,0.948683298050514,-0.0249214635332801,0,0.0,0,0,0.0,0.0,70,4.2626798770413155,29,13,2,2.833213344056216,4.219507705176107,1.3862943611198906,0.927878562361002
525,17,15,True,2,-1.2732225782891484,2,1,1,0.7378647873726218,-1.2909870227038482,0.1944576603864909,0.0177644444146998,1,0.0177644444146998,0.0075525994638116,0,-2.7357611091205496,-2.6256368160247803,0.1101242930957693,15,56,15,1,-1.460275423472794,0,0.948683298050514,-0.1692884007689457,0,0.0,0,0,0.0,0.0,71,4.276666119016055,28,14,2,1.2704625455947691,4.04305126783455,2.772588722239781,0.6685090810060501
526,17,16,True,1,0.0394336405611279,3,3,0,0.7745966692414834,-0.0847505910240906,0.1338426021311509,0.1241842315852186,0,0.0,0.0,0,-0.762737216473077,-2.157124280929565,1.3943870644564884,14,14,14,3,-0.0709124823986613,0,0.7745966692414834,0.0138381086254293,0,0.0,0,0,0.0,0.0,14,2.70805020110221,25,9,2,0.0,2.70805020110221,2.70805020110221,0.0
527,17,17,True,2,0.0844631216200443,3,1,1,0.7378647873726218,0.0906182818971741,0.0191050451717992,-0.0061551602771297,0,0.0,0.0,0,-0.7312185078158151,-2.14649510383606,1.4152765960202445,62,153,62,1,-0.0380712879633376,0,0.948683298050514,-0.1286895698605117,0,0.0,0,0,0.0,0.0,215,5.375278407684165,24,10,4,0.893817876022097,5.0369526024136295,4.143134726391533,0.41620564460754395
528,17,18,True,4,0.117946550387777,3,3,0,0.3999999999999999,0.1206174532160424,0.0219238618217085,-0.0026709028282654,0,0.0,0.0,0,-0.6663547876598174,-1.443863868713379,0.7775090810535615,133,133,133,3,-0.0397835112816704,0,0.7999999999999999,-0.1604009644977128,0,0.0,0,0,0.0,0.0,282,5.645446897643238,23,11,3,0.0,4.897839799950911,4.897839799950911,0.0
529,17,19,True,2,0.1522701577832097,1,1,0,0.948683298050514,0.1594083812755959,0.0168286214809529,-0.0071382234923862,0,0.0,0.0,0,-0.5582109049173222,-1.02861225605011,0.4704013511327877,124,124,124,1,-0.0066176718199223,0,0.948683298050514,-0.1660260530955183,0,0.0,0,0,0.0,0.0,143,4.969813299576001,22,12,3,0.0,4.8283137373023015,4.8283137373023015,0.0
530,17,20,True,2,0.1154920177633444,3,3,0,0.948683298050514,0.1249185369954194,0.0188432729527281,-0.009426519232075,0,0.0,0.0,0,-0.7356699889854608,-0.9627475142478944,0.2270775252624335,97,97,97,3,-0.0036815517457296,0,0.948683298050514,-0.128600088741149,0,0.0,0,0,0.0,0.0,130,4.875197323201151,23,13,2,0.0,4.584967478670572,4.584967478670572,0.0
531,17,21,True,3,0.1509473235035153,1,1,0,1.0,0.0221976250367665,0.138730486104659,0.1287496984667488,0,0.0,0.0,0,-0.6922719924294278,-0.7247318625450134,0.0324598701155856,134,134,134,1,0.0299368340077312,0,1.0,0.0077392089709647,0,0.0,0,0,0.0,0.0,137,4.927253685157205,22,14,3,0.0,4.90527477843843,4.90527477843843,0.0
532,17,22,True,2,0.1193691261142981,1,2,1,0.7378647873726218,0.1201566909674395,0.0183532135244602,-0.0007875648531413,0,0.0,0.0,0,-0.7389577278405826,-0.8498685359954834,0.1109108081549008,72,32,32,1,-0.0010970775967966,1,0.7378647873726218,-0.1212537685642362,0,0.0,0,0,0.0,0.0,104,4.653960350157523,23,15,2,-0.7939518796819107,3.4965075614664802,3.4965075614664802,-0.4060790538787842
533,17,23,True,2,0.2996715362383261,1,1,0,0.948683298050514,0.2972245105819148,0.0170199279043386,0.0024470256564112,0,0.0,0.0,0,-0.0983812461651671,-0.5225427150726318,0.4241614689074647,6,6,6,1,0.1668529158929572,0,0.948683298050514,-0.1303715946889575,0,0.0,0,0,0.0,0.0,7,2.0794415416798357,18,16,2,0.0,1.9459101490553132,1.9459101490553132,0.0
534,17,24,True,2,0.2666748215464951,2,2,0,0.948683298050514,0.2512583737315198,0.0177494156416691,0.0154164478149752,0,0.0,0.0,0,-0.1698203825934636,-0.3791085481643677,0.209288165570904,5,5,5,2,0.1307655919768757,0,0.948683298050514,-0.120492781754644,0,0.0,0,0,0.0,0.0,6,1.9459101490553132,19,15,3,0.0,1.791759469228055,1.791759469228055,0.0
535,17,25,True,1,0.2340080740015823,2,2,0,0.7745966692414834,0.2283830124570678,0.0167985197992582,0.0056250615445144,0,0.0,0.0,0,-0.2218193313650309,-0.4819167256355285,0.2600973942704976,1,1,1,2,0.0960754300047304,0,0.7745966692414834,-0.1323075824523374,0,0.0,0,0,0.0,0.0,1,0.6931471805599453,20,16,2,0.0,0.6931471805599453,0.6931471805599453,0.0
548,18,8,True,1,-1.442820319173299,3,3,0,0.7745966692414834,-1.9260199729662144,0.1663749366961283,0.4831996537929155,0,0.0,0.0,0,-2.807628379776011,-2.3167757987976074,0.4908525809784034,2,2,2,3,-4.156942103841729,0,0.7745966692414834,-2.2309221308755145,0,0.0,0,0,0.0,0.0,2,1.0986122886681098,34,8,3,0.0,1.0986122886681098,1.0986122886681098,0.0
549,18,9,True,1,-1.4270912321655065,3,3,0,0.7745966692414834,-1.9807476447762105,0.1561427422568311,0.553656412610704,0,0.0,0.0,0,-2.805055097719252,-2.4685370922088623,0.3365180055103893,2,2,2,3,-2.898681987862004,0,0.7745966692414834,-0.9179343430857934,0,0.0,0,0,0.0,0.0,2,1.0986122886681098,33,7,3,0.0,1.0986122886681098,1.0986122886681098,0.0
550,18,10,True,1,-1.4112032654909683,3,3,0,0.7745966692414834,-1.8961059037812136,0.169490365842195,0.4849026382902455,0,0.0,0.0,0,-2.7997822730388067,-2.4139037132263184,0.3858785598124883,2,2,2,3,-2.799240977940538,0,0.7745966692414834,-0.9031350741593244,0,0.0,0,0,0.0,0.0,2,1.0986122886681098,32,8,2,0.0,1.0986122886681098,1.0986122886681098,0.0
551,18,11,True,1,-1.3951548143045662,3,3,0,0.7745966692414834,-1.9807476447762105,0.1561427422568311,0.585592830471644,0,0.0,0.0,0,-2.7974107698381774,-2.4870338439941406,0.3103769258440367,2,2,2,3,-2.794361092364619,0,0.7745966692414834,-0.8136134475884087,0,0.0,0,0,0.0,0.0,2,1.0986122886681098,31,9,2,0.0,1.0986122886681098,1.0986122886681098,0.0
552,18,12,True,1,-1.3789442575506248,3,3,0,0.7745966692414834,-1.7127918016923185,0.1890673008408861,0.3338475441416935,0,0.0,0.0,0,-2.7950956285193467,-2.537752866744995,0.2573427617743515,2,2,2,3,-2.791983624448313,0,0.7745966692414834,-1.079191822755995,0,0.0,0,0,0.0,0.0,2,1.0986122886681098,30,10,2,0.0,1.0986122886681098,1.0986122886681098,0.0
553,18,13,True,1,-1.3625699577991688,1,1,0,0.7745966692414834,-1.9807476447762105,0.1561427422568311,0.6181776869770415,0,0.0,0.0,0,-2.792741076078104,-2.710829496383667,0.0819115796944367,2,2,2,1,-2.7896478274661183,0,0.7745966692414834,-0.808900182689908,0,0.0,0,0,0.0,0.0,2,1.0986122886681098,29,11,3,0.0,1.0986122886681098,1.0986122886681098,0.0
554,18,14,True,2,-1.3075854476467954,3,1,1,0.7378647873726218,-1.7769202113999936,0.1847311064028378,0.4693347637531981,1,0.4693347637531981,0.1995388880351018,1,-2.786030979205359,-2.708225011825561,0.0778059673797972,3,28,3,3,-1.4957574969199818,1,0.7378647873726218,0.2811627144800117,1,0.2811627144800117,0,1,0.2811627144800117,0.1273615909393813,31,3.4657359027997265,28,12,3,1.9810014688665836,3.367295829986474,1.3862943611198906,0.8548898100852966
555,18,15,True,3,-1.2904903518357047,0,1,1,0.3999999999999999,-1.4167557956300136,0.1885859415730512,0.1262654437943089,1,0.1262654437943089,0.053682079823995,0,-2.7313984763884376,-2.499680995941162,0.2317174804472754,1,62,1,1,-1.4429998882111283,0,0.7999999999999999,-0.0262440925811147,0,0.0,0,0,0.0,0.0,67,4.219507705176107,27,13,3,3.449987545831587,4.143134726391533,0.6931471805599453,0.8378588100895286
556,18,16,True,2,0.0837219163184142,3,3,0,0.948683298050514,0.0906182818971741,0.0191050451717992,-0.0068963655787598,0,0.0,0.0,0,-1.394706713560672,-1.8610930442810056,0.466386330720334,25,25,25,3,-0.0719447245391465,0,0.948683298050514,-0.1625630064363206,0,0.0,0,0,0.0,0.0,33,3.5263605246161616,24,12,2,0.0,3.258096538021482,3.258096538021482,0.0
557,18,17,True,4,0.1175792049576675,3,3,0,0.3999999999999999,-0.0101508772456058,0.1379479240972742,0.1277300822032733,0,0.0,0.0,0,-0.7226412775256886,-1.7596807479858398,1.037039470460151,97,97,97,3,-0.0039043710935399,0,0.3999999999999999,0.0062465061520658,0,0.0,0,0,0.0,0.0,174,5.1647859739235145,23,11,3,0.0,4.584967478670572,4.584967478670572,0.0
558,18,18,True,2,0.1570002027060763,3,1,1,0.7378647873726218,0.0238956565235929,0.138948429119632,0.1331045461824833,1,0.1331045461824833,0.0565897418833352,0,-0.5371964669578613,-1.3665971755981443,0.8294007086402833,1,96,1,1,0.0315753845486887,0,0.948683298050514,0.0076797280250957,0,0.0,0,0,0.0,0.0,97,4.584967478670572,22,12,3,3.8815637979434374,4.574710978503383,0.6931471805599453,0.9502172153443098
559,18,19,True,2,0.1888890929651758,1,1,0,0.948683298050514,0.1882712754323412,0.018384500199025,0.0006178175328345,0,0.0,0.0,0,-0.5085088859820104,-1.0007725954055786,0.4922637094235682,105,105,105,1,0.0630007061340515,0,0.948683298050514,-0.1252705692982897,0,0.0,0,0,0.0,0.0,130,4.875197323201151,21,13,4,0.0,4.663439094112067,4.663439094112067,0.0
560,18,20,True,3,0.1555080741940615,3,3,0,0.7999999999999999,0.0285789268011888,0.139092453044498,0.1269291473928726,0,0.0,0.0,0,-0.6551550736254296,-0.8809977173805237,0.2258426437550941,41,41,41,3,0.0324812581999844,0,0.7999999999999999,0.0039023313987955,0,0.0,0,0,0.0,0.0,50,3.9318256327243257,22,14,2,0.0,3.7376696182833684,3.7376696182833684,0.0
561,18,21,True,2,0.1898982465206676,1,1,0,0.948683298050514,0.1929558124619892,0.017269618957432,-0.0030575659413216,0,0.0,0.0,0,-0.6635895626989463,-0.670533299446106,0.0069437367471596,624,624,624,1,0.0647711367100927,0,0.948683298050514,-0.1281846757518965,0,0.0,0,0,0.0,0.0,717,6.576469569048224,21,15,4,0.0,6.437751649736401,6.437751649736401,0.0
562,18,22,True,2,0.1522866731019641,2,2,0,0.948683298050514,0.0269594710647463,0.1389729396205783,0.1253272020372177,0,0.0,0.0,0,-0.7249724706189498,-0.7331972122192383,0.0082247416002885,88,88,88,2,0.030812220696209,0,0.948683298050514,0.0038527496314626,0,0.0,0,0,0.0,0.0,183,5.214935757608986,22,16,2,0.0,4.48863636973214,4.48863636973214,0.0
563,18,23,True,2,0.3330015510785594,3,3,0,0.948683298050514,0.3407748403705968,0.0189258431830789,-0.0077732892920373,0,0.0,0.0,0,-0.0425433154221949,-0.4883357286453247,0.4457924132231297,6,6,6,3,0.2024103173953898,0,0.948683298050514,-0.138364522975207,0,0.0,0,0,0.0,0.0,7,2.0794415416798357,17,17,2,0.0,1.9459101490553132,1.9459101490553132,0.0
564,18,24,True,1,0.3918340772738199,1,1,0,0.7745966692414834,0.3746861526331623,0.0205314341766529,0.0171479246406576,0,0.0,0.0,0,0.0098121380762594,-0.2721574902534485,0.2819696283297079,4,4,4,1,0.2383416838831202,0,0.7745966692414834,-0.1363444687500421,0,0.0,0,0,0.0,0.0,4,1.6094379124341003,16,18,2,0.0,1.6094379124341003,1.6094379124341003,0.0
583,19,13,True,1,-1.3460302610805264,3,3,0,0.7745966692414834,-1.8961059037812136,0.169490365842195,0.5500756427006874,0,0.0,0.0,0,-2.7910441475605445,-2.68257737159729,0.1084667759632544,7,7,7,3,-2.822257658730513,0,0.7745966692414834,-0.926151754949299,0,0.0,0,0,0.0,0.0,7,2.0794415416798357,30,12,3,0.0,2.0794415416798357,2.0794415416798357,0.0
584,19,14,True,2,-1.3265390359912173,0,0,0,0.948683298050514,-1.8651951610449329,0.1692327883979205,0.5386561250537154,0,0.0,0.0,0,-2.789005234590908,-2.57635235786438,0.2126528767265281,28,28,28,0,-1.5461239398822233,0,0.948683298050514,0.3190712211627093,0,0.0,0,0,0.0,0.0,31,3.4657359027997265,29,13,2,0.0,3.367295829986474,3.367295829986474,0.0
585,19,15,True,2,-1.3068181774756265,3,3,0,0.948683298050514,-1.295722183541664,0.1947272783641006,-0.0110959939339623,0,0.0,0.0,0,-2.717634541529592,-2.4042444229125977,0.3133901186169945,59,59,59,3,-1.4241046423130574,0,0.948683298050514,-0.1283824587713933,0,0.0,0,0,0.0,0.0,68,4.23410650459726,26,14,2,0.0,4.0943445622221,4.0943445622221,0.0
586,19,16,True,2,-1.2893822441971314,1,1,0,0.948683298050514,-1.4010552340811275,0.1896836646120444,0.1116729898839961,0,0.0,0.0,0,-2.711560647698932,-2.585776329040528,0.1257843186584049,222,222,222,3,-1.406385165476752,1,0.7378647873726218,-0.0053299313956243,0,0.0,0,0,0.0,0.0,368,5.910796644040527,25,13,4,0.0,5.407171771460119,5.407171771460119,0.0
587,19,17,True,2,-1.3077266698137282,2,2,0,0.948683298050514,-1.280021621992778,0.1952790748568637,-0.0277050478209501,0,0.0,0.0,0,-2.7484280417813243,-2.493610620498657,0.254817421282667,44,44,44,2,-1.424055732724239,0,0.948683298050514,-0.1440341107314608,0,0.0,0,0,0.0,0.0,217,5.384495062789089,26,14,2,0.0,3.8066624897703196,3.8066624897703196,0.0
588,19,18,True,2,0.1872578613458593,1,1,0,0.948683298050514,0.1883679601950764,0.0192481813052821,-0.001110098849217,0,0.0,0.0,0,-0.5056176792766359,-1.1610044240951538,0.6553867448185179,93,93,93,1,0.0647898001516309,0,0.948683298050514,-0.1235781600434455,0,0.0,0,0,0.0,0.0,94,4.553876891600541,21,13,2,0.0,4.543294782270004,4.543294782270004,0.0
589,19,19,True,3,0.2258056399668463,1,1,0,0.7999999999999999,0.2159199571339635,0.0209933443551312,0.0098856828328827,0,0.0,0.0,0,-0.4333541029206187,-0.9804200530052184,0.5470659500845998,208,208,208,1,0.1000044680355609,0,0.7999999999999999,-0.1159154890984025,0,0.0,0,0,0.0,0.0,217,5.384495062789089,20,14,2,0.0,5.342334251964811,5.342334251964811,0.0
590,19,20,True,2,0.263094748917533,1,1,0,0.948683298050514,0.2533575022126747,0.0215795916231734,0.0097372467048583,0,0.0,0.0,0,-0.5077929518325629,-0.9484065771102904,0.4406136252777276,221,221,221,1,0.1358114374569298,0,0.948683298050514,-0.1175460647557448,0,0.0,0,0,0.0,0.0,437,6.082218910376446,19,17,2,0.0,5.402677381872279,5.402677381872279,0.0
591,19,21,True,2,0.2277202170847381,2,2,0,0.948683298050514,0.2157445057645832,0.0195801487469347,0.0119757113201549,0,0.0,0.0,0,-0.6244808434885679,-0.7843871712684631,0.1599063277798952,309,309,309,2,0.1009704465910134,0,0.948683298050514,-0.1147740591735697,0,0.0,0,0,0.0,0.0,817,6.706862336602747,20,16,2,0.0,5.736572297479192,5.736572297479192,0.0
593,19,23,True,1,0.3822189122709922,1,1,0,0.7745966692414834,0.3730849045718735,0.0213208246130783,0.0091340076991187,0,0.0,0.0,0,-0.0071748246131097,-0.4036022424697876,0.3964274178566779,2,2,2,1,-1.1017891038505272,0,0.7745966692414834,-1.4748740084224008,0,0.0,0,0,0.0,0.0,2,1.0986122886681098,16,20,2,0.0,1.0986122886681098,1.0986122886681098,0.0
594,19,24,True,1,0.4260950268719875,1,1,0,0.7745966692414834,0.4204608172741823,0.0178697951439485,0.0056342095978052,0,0.0,0.0,0,0.0708582677531566,-0.4623594880104065,0.5332177557635631,5,5,5,1,0.2746755284470323,0,0.7745966692414834,-0.1457852888271499,0,0.0,0,0,0.0,0.0,5,1.791759469228055,15,19,2,0.0,1.791759469228055,1.791759469228055,0.0
614,20,14,True,1,-1.4155020594720555,1,1,0,0.7745966692414834,-1.295722183541664,0.1947272783641006,-0.1197798759303914,0,0.0,0.0,0,-2.7711459278953154,-2.61680006980896,0.1543458580863554,4,4,4,1,-2.787111786565331,0,0.7745966692414834,-1.4913896030236669,0,0.0,0,0,0.0,0.0,4,1.6094379124341003,28,14,3,0.0,1.6094379124341003,1.6094379124341003,0.0
615,20,15,True,2,-1.3298188717827093,3,3,0,0.948683298050514,-1.4010552340811275,0.1896836646120444,0.0712363622984182,0,0.0,0.0,0,-2.7426879613875697,-2.3868601322174072,0.3558278291701624,47,47,47,3,-1.4774335125725608,0,0.948683298050514,-0.0763782784914333,0,0.0,0,0,0.0,0.0,48,3.8918202981106265,27,15,2,0.0,3.871201010907891,3.871201010907891,0.0
616,20,16,True,4,-1.309850748399821,0,0,0,0.3999999999999999,-1.295722183541664,0.1947272783641006,-0.0141285648581568,0,0.0,0.0,0,-2.7384036043755,-2.6077959537506104,0.130607650624889,291,291,291,0,-1.4254103597954986,0,0.3999999999999999,-0.1296881762538344,0,0.0,0,0,0.0,0.0,622,6.434546518787453,26,14,3,0.0,5.676753802268282,5.676753802268282,0.0
617,20,17,True,3,-1.3268812383012378,0,2,1,0.3999999999999999,-1.4167557956300136,0.1885859415730512,0.0898745573287758,1,0.0898745573287758,0.0382104003731147,0,-2.757882170609919,-2.635457754135132,0.1224244164747871,42,354,42,0,-1.4411215623859963,1,0.3999999999999999,-0.0243657667559829,0,0.0,0,0,0.0,0.0,1454,7.282761179605593,27,15,3,2.1109176737818536,5.872117789475416,3.7612001156935624,0.21539140306413174
618,20,18,True,2,0.223982428383503,3,3,0,0.948683298050514,0.2191755555607128,0.0211762636082221,0.0048068728227902,0,0.0,0.0,0,-0.4761152736652551,-1.057623028755188,0.5815077550899329,102,102,102,3,0.0991550251450124,0,0.948683298050514,-0.1200205304157004,0,0.0,0,0,0.0,0.0,106,4.672828834461906,20,14,3,0.0,4.634728988229636,4.634728988229636,0.0
619,20,19,True,4,0.2611297411647283,3,3,0,0.3999999999999999,0.259934136594883,0.0218290629022149,0.0011956045698452,0,0.0,0.0,0,-0.4013384021923922,-0.892031729221344,0.4906933270289518,221,221,221,3,0.1348566523516056,0,0.3999999999999999,-0.1250774842432774,0,0.0,0,0,0.0,0.0,339,5.8289456176102075,19,15,3,0.0,5.402677381872279,5.402677381872279,0.0
620,20,20,True,4,0.2998629362960903,3,3,0,0.3999999999999999,0.3026815688474041,0.0211240692149214,-0.0028186325513138,0,0.0,0.0,0,-0.3337360555526597,-0.6946454644203186,0.3609094088676589,283,283,283,3,0.1709961809988361,0,0.3999999999999999,-0.1316853878485679,0,0.0,0,0,0.0,0.0,432,6.07073772800249,18,16,3,0.0,5.648974238161206,5.648974238161206,0.0
621,20,21,True,3,0.3387500234504903,1,1,0,1.0,-0.0510304815304598,0.2227778504919897,0.3897805049809502,0,0.0,0.0,0,-0.194809006786269,-0.6413888931274414,0.4465798863411724,273,273,273,1,0.2075511769547952,0,0.7999999999999999,0.258581658485255,0,0.0,0,0,0.0,0.0,279,5.634789603169249,17,17,3,0.0,5.6131281063880705,5.6131281063880705,0.0
622,20,22,True,2,0.3754218262768219,1,1,0,0.948683298050514,0.3663880662184981,0.0218786303468944,0.0090337600583238,0,0.0,0.0,0,-0.072822271937301,-0.3763759136199951,0.303553641682694,14,14,14,1,-1.0079089886636858,0,0.948683298050514,-1.374297054882184,0,0.0,0,0,0.0,0.0,16,2.833213344056216,16,18,3,0.0,2.70805020110221,2.70805020110221,0.0
623,20,23,True,2,0.4163827389903434,3,3,0,0.948683298050514,0.42390122444191,0.0178836705362512,-0.0075184854515665,0,0.0,0.0,0,0.060162426102317,-0.3371466994285583,0.3973091255308754,16,16,16,3,0.2405126473274081,0,0.948683298050514,-0.1833885771145018,0,0.0,0,0,0.0,0.0,18,2.9444389791664403,15,21,3,0.0,2.833213344056216,2.833213344056216,0.0
624,20,24,True,1,0.4607020466681164,1,1,0,0.7745966692414834,0.4701195083189652,0.0115851427495985,-0.0094174616508487,0,0.0,0.0,0,0.1074637923344511,-0.083967313170433,0.1914311055048842,24,24,24,1,0.311417016776191,0,0.7745966692414834,-0.1587024915427741,0,0.0,0,0,0.0,0.0,24,3.2188758248682006,14,20,4,0.0,3.2188758248682006,3.2188758248682006,0.0
625,20,25,True,1,0.5015719195197776,1,1,0,0.7745966692414834,0.2064840507743151,0.214597721933985,0.2950878687454624,0,0.0,0.0,0,0.1011111387345303,-0.070206269621849,0.1713174083563793,4,4,4,1,-2.1377689860018685,0,0.7745966692414834,-2.344253036776184,0,0.0,0,0,0.0,0.0,4,1.6094379124341003,13,21,4,0.0,1.6094379124341003,1.6094379124341003,0.0
642,21,12,True,1,-1.4313470382067828,3,3,0,0.7745966692414834,-1.4181794150224218,0.1784883058615209,-0.0131676231843609,0,0.0,0.0,0,-2.727258665829149,-2.2403695583343506,0.4868891074947985,1,1,1,3,-2.7978524655615047,0,0.7745966692414834,-1.3796730505390828,0,0.0,0,0,0.0,0.0,1,0.6931471805599453,29,15,3,0.0,0.6931471805599453,0.6931471805599453,0.0
643,21,13,True,1,-1.4155020594720555,3,3,0,0.7745966692414834,-1.295722183541664,0.1947272783641006,-0.1197798759303914,0,0.0,0.0,0,-2.7727739407450334,-2.4847042560577397,0.2880696846872941,1,1,1,3,-1.5921211351228983,0,0.7745966692414834,-0.2963989515812344,0,0.0,0,0,0.0,0.0,1,0.6931471805599453,30,16,2,0.0,0.6931471805599453,0.6931471805599453,0.0
644,21,14,True,2,-1.3994970304470786,3,3,0,0.948683298050514,-1.423974091203997,0.1856323403152144,0.0244770607569184,0,0.0,0.0,0,-2.7719475316779323,-2.821735620498657,0.0497880888207249,5,5,5,3,-1.544159749289291,0,0.948683298050514,-0.1201856580852935,0,0.0,0,0,0.0,0.0,7,2.0794415416798357,29,15,3,0.0,1.791759469228055,1.791759469228055,0.0
645,21,15,True,2,-1.3833303344622534,3,3,0,0.316227766016838,-1.295722183541664,0.1947272783641006,-0.0876081509205892,0,0.0,0.0,0,-2.7673749580716462,-2.8347654342651367,0.0673904761934904,20,20,20,3,-1.4933724058778026,0,0.316227766016838,-0.1976502223361385,0,0.0,0,0,0.0,0.0,21,3.091042453358316,30,16,2,0.0,3.044522437723423,3.044522437723423,0.0
646,21,16,True,3,-1.3633895949703083,3,3,0,0.7999999999999999,-1.4524378246101464,0.18487589259903,0.0890482296398378,0,0.0,0.0,0,-2.764475274811181,-2.814049005508423,0.0495737306972419,214,214,214,3,-1.475547385194585,0,0.7999999999999999,-0.0231095605844386,0,0.0,0,0,0.0,0.0,229,5.438079308923196,29,17,2,0.0,5.3706380281276624,5.3706380281276624,0.0
647,21,17,True,2,-1.345491358277226,0,0,0,0.948683298050514,-1.2286390314637592,0.1974896645335287,-0.1168523268134669,0,0.0,0.0,0,-2.761558235069108,-2.6525392532348637,0.1090189818342444,1050,1050,1050,0,-1.4584185886781085,0,0.948683298050514,-0.2297795572143492,0,0.0,0,0,0.0,0.0,1242,7.1252830915107115,28,16,2,0.0,6.957497370876951,6.957497370876951,0.0
648,21,18,True,4,0.1917426047702202,0,0,0,0.316227766016838,0.1883679601950764,0.0192481813052821,0.0033746445751438,0,0.0,0.0,0,-1.3737747421290034,-1.224781513214111,0.148993228914892,2,2,2,0,0.0647438920378816,0,0.316227766016838,-0.1236240681571948,0,0.0,0,0,0.0,0.0,84,4.442651256490317,21,15,2,0.0,1.0986122886681098,1.0986122886681098,0.0
649,21,19,True,1,0.3090589140505634,3,3,0,0.7745966692414834,0.3088733395681214,0.0173086810825033,0.0001855744824419,0,0.0,0.0,0,-0.5258875092173685,-1.0518505573272705,0.525963048109902,2,2,2,3,0.2041129974467965,0,0.7745966692414834,-0.1047603421213249,0,0.0,0,0,0.0,0.0,2,1.0986122886681098,18,20,2,0.0,1.0986122886681098,1.0986122886681098,0.0
650,21,20,True,2,0.3424837508889001,3,3,0,0.948683298050514,-0.1978362825917829,0.25528274716111,0.5403200334806831,0,0.0,0.0,0,-0.2213051626386809,-0.8587274551391602,0.6374222925004792,8,8,8,3,0.2400627816956099,0,0.948683298050514,0.4378990642873929,0,0.0,0,0,0.0,0.0,9,2.302585092994046,17,19,2,0.0,2.1972245773362196,2.1972245773362196,0.0
651,21,21,True,3,0.3762462123417655,3,1,1,0.7999999999999999,0.371531215179253,0.022401173769324,0.0047149971625125,1,0.0047149971625125,0.0020045932318602,0,-0.1647455444150147,-0.5108149647712708,0.346069420356256,41,225,41,1,0.2764159184437554,0,1.0,-0.0951152967354976,0,0.0,0,0,0.0,0.0,267,5.5909869805108565,16,18,4,1.6828653809889178,5.420534999272286,3.7376696182833684,0.6755340248346329
652,21,22,True,2,0.4121397008915091,1,1,0,0.948683298050514,0.4053528927494888,0.0207992902518971,0.0067868081420203,0,0.0,0.0,0,-0.0166672023304383,-0.3157877326011657,0.2991205302707274,143,143,143,1,0.3051049600612713,0,0.948683298050514,-0.1002479326882174,0,0.0,0,0,0.0,0.0,162,5.093750200806762,15,19,4,0.0,4.969813299576001,4.969813299576001,0.0
653,21,23,True,2,0.3822189122709922,0,0,0,0.948683298050514,0.3730849045718735,0.0213208246130783,0.0091340076991187,0,0.0,0.0,0,-0.0045350112984417,-0.752202033996582,0.7476670226981402,16,16,16,2,0.2686507682245793,1,0.7378647873726218,-0.1044341363472941,0,0.0,0,0,0.0,0.0,24,3.2188758248682006,16,20,2,0.0,2.833213344056216,2.833213344056216,0.0
654,21,24,True,2,0.498408014751761,3,3,0,0.948683298050514,0.5190713272599456,0.0075740408293436,-0.0206633125081845,0,0.0,0.0,0,0.1463629240414369,-0.3243351578712463,0.4706980819126833,120,120,120,1,0.4166812905589077,1,0.7378647873726218,-0.1023900367010379,0,0.0,0,0,0.0,0.0,126,4.844187086458591,13,21,3,0.0,4.795790545596741,4.795790545596741,0.0
655,21,25,True,2,0.5369413321709348,1,1,0,0.948683298050514,0.5511781570576635,0.0103216171378199,-0.0142368248867287,0,0.0,0.0,0,0.183331397115147,-0.1059061139822006,0.2892375110973477,104,104,104,1,0.3925999921735418,0,0.948683298050514,-0.1585781648841217,0,0.0,0,0,0.0,0.0,128,4.859812404361672,12,22,3,0.0,4.653960350157523,4.653960350157523,0.0
672,22,12,True,3,-0.0517855639255516,1,1,0,0.7999999999999999,-1.1686904830361964,0.1699865355754592,1.1169049191106448,0,0.0,0.0,0,-1.1281906172655352,-1.7005815505981443,0.5723909333326094,22,22,22,1,-0.1260883858611317,0,0.7999999999999999,1.0426020971750647,0,0.0,0,0,0.0,0.0,24,3.2188758248682006,28,16,2,0.0,3.1354942159291497,3.1354942159291497,0.0
676,22,16,True,1,-0.0498376433835538,1,1,0,0.7745966692414834,-1.4103877382403025,0.2385248835547652,1.3605500948567484,0,0.0,0.0,0,-1.926290465595779,-1.857076644897461,0.0692138206983181,5,5,5,1,-1.3690666216338727,0,0.7745966692414834,0.0413211166064295,0,0.0,0,0,0.0,0.0,5,1.791759469228055,24,18,3,0.0,1.791759469228055,1.791759469228055,0.0
677,22,17,True,2,0.1075838966777182,3,3,0,0.948683298050514,-0.0335042637365007,0.1368665441728207,0.141088160414219,0,0.0,0.0,0,-1.443531839494967,-1.5666592121124268,0.1231273726174597,21,21,21,3,-0.0384889636858152,0,0.948683298050514,-0.0049846999493145,0,0.0,0,0,0.0,0.0,22,3.1354942159291497,23,17,2,0.0,3.091042453358316,3.091042453358316,0.0
678,22,18,True,2,0.1529508960537779,0,0,0,0.948683298050514,0.0175619732194503,0.1386338399166585,0.1353889228343275,0,0.0,0.0,0,-1.4025872928969352,-1.248420476913452,0.154166815983483,82,82,82,0,0.0298123274933889,0,0.948683298050514,0.0122503542739385,0,0.0,0,0,0.0,0.0,100,4.61512051684126,22,16,2,0.0,4.418840607796598,4.418840607796598,0.0
679,22,19,True,2,0.2435329962882794,0,3,1,0.7378647873726218,-1.2547956564267044,0.1644546009900069,1.498328652714984,1,1.498328652714984,0.637018299865589,1,-1.3064444034589464,-1.1993509531021118,0.1070934503568346,2,2,2,0,0.1685620903202152,1,0.7378647873726218,1.4233577467469196,1,1.4233577467469196,1,1,1.4233577467469196,0.644755146274803,4,1.6094379124341003,19,21,2,0.0,1.0986122886681098,1.0986122886681098,0.7724088206887245
680,22,20,True,1,0.2110976669959489,2,2,0,0.7745966692414834,-1.1506730405510108,0.1756227571016951,1.3617707075469598,0,0.0,0.0,0,-1.406429923188051,-1.4189424514770508,0.0125125282889997,3,3,3,2,0.1334056338367931,0,0.7745966692414834,1.284078674387804,0,0.0,0,0,0.0,0.0,3,1.3862943611198906,20,22,2,0.0,1.3862943611198906,1.3862943611198906,0.0
681,22,21,True,2,0.4104129543263759,3,3,0,0.948683298050514,0.4138177522416486,0.0199375520068262,-0.0034047979152726,0,0.0,0.0,0,-0.157559849747864,-0.6408098340034485,0.4832499842555844,243,243,243,3,0.3142627629873233,0,0.948683298050514,-0.0995549892543252,0,0.0,0,0,0.0,0.0,251,5.529429087511423,15,19,3,0.0,5.497168225293202,5.497168225293202,0.0
682,22,22,True,3,0.4541012115907156,3,3,0,1.0,0.4465602142867623,0.0200130905128483,0.0075409973039533,0,0.0,0.0,0,0.0246988232395513,-0.4677121043205261,0.4924109275600775,286,286,286,3,0.3784442337271703,0,0.7999999999999999,-0.0681159805595919,0,0.0,0,0,0.0,0.0,405,6.0063531596017325,14,20,3,0.0,5.659482215759621,5.659482215759621,0.0
683,22,23,True,3,0.4964307849543217,3,3,0,0.3999999999999999,0.5174552950744203,0.0105519042088745,-0.0210245101200986,0,0.0,0.0,0,0.1104957372669229,-0.5405445098876953,0.6510402471546182,269,269,269,3,0.4190536585279498,0,0.3999999999999999,-0.0984016365464705,0,0.0,0,0,0.0,0.0,308,5.733341276897746,13,21,2,0.0,5.598421958998375,5.598421958998375,0.0
684,22,24,True,3,0.5354615007761189,3,3,0,0.7999999999999999,0.5529688335661809,0.010424943980038,-0.017507332790062,0,0.0,0.0,0,0.1617881230008455,-0.2417460530996322,0.4035341761004778,194,194,194,3,0.457487313836821,0,1.0,-0.0954815197293598,0,0.0,0,0,0.0,0.0,306,5.726847747587197,12,22,3,0.0,5.272999558563747,5.272999558563747,0.0
685,22,25,True,2,0.575218881589259,1,1,0,0.948683298050514,0.4280607533931462,0.1595919554360233,0.1471581281961128,0,0.0,0.0,0,0.2322856768939196,-0.086820051074028,0.3191057279679476,254,254,254,1,0.4973847259944962,0,0.948683298050514,0.0693239726013499,0,0.0,0,0,0.0,0.0,291,5.676753802268282,11,23,3,0.0,5.541263545158426,5.541263545158426,0.0
687,22,27,True,1,0.5178383532477177,1,1,0,0.7745966692414834,-1.7072584357628875,0.1951100762392783,2.225096789010605,0,0.0,0.0,0,-2.6169264545444504,-0.7807824015617371,1.836144052982713,1,1,1,1,-0.8239347409387954,0,0.7745966692414834,0.8833236948240923,0,0.0,0,0,0.0,0.0,1,0.6931471805599453,11,22,2,0.0,0.6931471805599453,0.6931471805599453,0.0
702,23,12,True,4,-0.0205875282745545,1,1,0,0.1999999999999999,-1.4272099536984375,0.163339651028758,1.406622425423883,0,0.0,0.0,0,-0.9128224626442386,-1.433316349983215,0.5204938873389767,142,142,142,1,-0.0224953996596871,0,0.316227766016838,1.404714554038751,0,0.0,0,0,0.0,0.0,165,5.111987788356544,27,17,2,0.0,4.962844630259907,4.962844630259907,0.0
704,23,14,True,1,0.0522827950834779,1,1,0,0.7745966692414834,-1.356973981683895,0.1578053546421536,1.409256776767373,0,0.0,0.0,0,-0.8584861602126075,-1.6081794500350952,0.7496932898224877,1,1,1,1,-2.5611906406598823,0,0.7745966692414834,-1.2042166589759873,0,0.0,0,0,0.0,0.0,1,0.6931471805599453,25,21,3,0.0,0.6931471805599453,0.6931471805599453,0.0
705,23,15,True,1,-0.0790471710029718,3,3,0,0.7745966692414834,-1.6829253216726756,0.2189800701975774,1.6038781506697035,0,0.0,0.0,0,-1.980593626005149,-1.3183742761611938,0.6622193498439557,2,2,2,3,-0.1044878432592065,0,0.7745966692414834,1.578437478413469,0,0.0,0,0,0.0,0.0,2,1.0986122886681098,24,20,1,0.0,1.0986122886681098,1.0986122886681098,0.0
706,23,16,True,2,-0.0200380242970768,3,3,0,0.948683298050514,-1.3084756788565794,0.2309804970657121,1.2884376545595029,0,0.0,0.0,0,-1.9694560774270016,-1.663582682609558,0.3058733948174437,4,4,4,3,-0.0728688188885727,0,0.948683298050514,1.2356068599680068,0,0.0,0,0,0.0,0.0,6,1.9459101490553132,23,19,3,0.0,1.6094379124341003,1.6094379124341003,0.0
707,23,17,True,2,0.0845676092788606,3,1,1,0.7378647873726218,-1.4820209207424155,0.2310367296206368,1.5665885300212763,1,1.5665885300212763,0.6660391631534244,1,-1.9754234157387307,-1.4760231971740725,0.4994002185646584,1,17,1,3,-0.0050175731531278,1,0.7378647873726218,1.4770033475892876,1,1.4770033475892876,1,1,1.4770033475892876,0.6690556268090694,18,2.9444389791664403,22,20,3,2.197224577336219,2.8903717578961645,0.6931471805599453,0.8493325784802437
708,23,18,True,1,0.1157248571801095,3,3,0,0.7745966692414834,-1.3236684188306669,0.1726693552683316,1.4393932760107764,0,0.0,0.0,0,-1.4982811853861904,-1.6083091497421265,0.110027964355936,1,1,1,3,0.0302152167442924,0,0.7745966692414834,1.3538836355749593,0,0.0,0,0,0.0,0.0,1,0.6931471805599453,23,21,2,0.0,0.6931471805599453,0.6931471805599453,0.0
709,23,19,True,1,0.1471968247571285,3,3,0,0.7745966692414834,-1.0960966476640124,0.1780280380458271,1.2432934724211409,0,0.0,0.0,0,-1.4535348738238725,-1.5555589199066162,0.1020240460827439,1,1,1,3,0.0642574375659185,0,0.7745966692414834,1.160354085229931,0,0.0,0,0,0.0,0.0,1,0.6931471805599453,22,22,2,0.0,0.6931471805599453,0.6931471805599453,0.0
710,23,20,True,1,0.1789866909965417,0,0,0,0.7745966692414834,-1.2547956564267044,0.1644546009900069,1.433782347423246,0,0.0,0.0,0,-1.4324969171313695,-1.357829451560974,0.0746674655703953,1,1,1,0,0.0986392222680691,0,0.7745966692414834,1.3534348786947736,0,0.0,0,0,0.0,0.0,1,0.6931471805599453,21,23,2,0.0,0.6931471805599453,0.6931471805599453,0.0
711,23,21,True,1,0.1884631241191983,3,3,0,0.7745966692414834,-2.3818045863451403,0.1403270023761011,2.5702677104643388,0,0.0,0.0,0,-2.7584300360205884,-0.5775384902954102,2.1808915457251783,18,18,18,3,-0.6835087439899842,0,0.7745966692414834,1.6982958423551562,0,0.0,0,0,0.0,0.0,18,2.9444389791664403,14,20,3,0.0,2.9444389791664403,2.9444389791664403,0.0
712,23,22,True,3,0.210823794470613,3,1,1,0.3999999999999999,-2.514176177985867,0.0577777435879342,2.72499997245648,1,2.72499997245648,1.0,1,-2.868521699432334,-0.3535439968109131,2.514977702621421,1,22,1,2,-0.7103003243933098,1,0.3999999999999999,1.8038758535925568,1,1.8038758535925568,1,1,1.8038758535925568,0.8171229211368828,24,3.2188758248682006,13,21,3,2.4423470353692043,3.1354942159291497,0.6931471805599453,0.9558813013136387
713,23,23,True,1,0.2432563573737988,1,1,0,0.7745966692414834,-2.0674266333509927,0.2436345040737567,2.3106829907247914,0,0.0,0.0,0,-2.7652360412695467,-0.1805402487516403,2.5846957925179064,17,17,17,1,-0.751059293783498,0,0.7745966692414834,1.3163673395674946,0,0.0,0,0,0.0,0.0,17,2.8903717578961645,12,22,3,0.0,2.8903717578961645,2.8903717578961645,0.0
714,23,24,True,2,0.5802492500311429,3,3,0,0.948683298050514,0.4298695175431638,0.159693613323029,0.1503797324879791,0,0.0,0.0,0,-0.1570390302428765,-0.3928253054618835,0.235786275219007,8,8,8,3,0.4686439512690524,0,0.948683298050514,0.0387744337258886,0,0.0,0,0,0.0,0.0,10,2.3978952727983707,11,23,2,0.0,2.1972245773362196,2.1972245773362196,0.0
715,23,25,True,3,0.6164133831925158,3,1,1,0.7999999999999999,0.6288521044276536,0.0122148449129435,-0.0124387212351377,0,0.0,0.0,0,0.2859179478015543,0.2227671295404434,0.0631508182611109,20,276,20,1,0.5394865336635282,0,0.7999999999999999,-0.0893655707641254,0,0.0,0,0,0.0,0.0,297,5.697093486505405,10,24,4,2.5794950684639155,5.6240175061873385,3.044522437723423,0.8691049292683601
716,23,26,True,2,0.6527946216948334,1,1,0,0.948683298050514,0.6618874699363172,0.0132007841359857,-0.0090928482414838,0,0.0,0.0,0,0.3479866048832605,0.1036484986543655,0.2443381062288949,26,26,26,1,-0.6696245577854615,0,0.948683298050514,-1.331512027721779,0,0.0,0,0,0.0,0.0,27,3.332204510175204,9,25,3,0.0,3.295836866004329,3.295836866004329,0.0
717,23,27,True,2,0.553372073310268,1,3,1,0.7378647873726218,-2.0576360622390117,0.1437575194728392,2.61100813554928,1,2.61100813554928,1.0,1,-2.6073410674865225,-0.4227909445762634,2.184550122910259,2,13,2,1,0.5289107602923016,1,0.7378647873726218,2.5865468225313126,1,2.5865468225313126,1,1,2.5865468225313126,1.0,15,2.772588722239781,10,23,3,1.5404450409471486,2.6390573296152584,1.0986122886681098,0.7534297779202461
718,23,28,True,2,0.5178383532477177,2,3,1,0.7378647873726218,-1.8427257564140227,0.1746064548536001,2.36056410966174,1,2.36056410966174,1.0,1,-2.6628152590583363,-0.8081672787666321,1.854647980291704,13,7,7,2,0.4897560929259423,1,0.7378647873726218,2.332481849339965,1,2.332481849339965,1,1,2.332481849339965,1.0,20,3.044522437723423,11,24,2,-0.5596157879354227,2.0794415416798357,2.0794415416798357,-0.08609190583229065
719,23,29,True,2,0.4826599703857928,2,1,1,0.7378647873726218,-1.9053672938499877,0.1767879872392313,2.38802726423578,1,2.38802726423578,1.0,1,-2.7203623258341896,-0.8909649848937988,1.8293973409403907,7,4,4,2,0.4510358621589127,1,0.7378647873726218,2.3564031560089,1,2.3564031560089,1,1,2.3564031560089,1.0,11,2.4849066497880004,12,25,2,-0.47000362924573547,1.6094379124341003,1.6094379124341003,-0.08152064681053162
730,24,10,True,2,-0.0515499710727678,3,3,0,0.948683298050514,-0.4287571064610862,0.141254986769801,0.3772071353883184,0,0.0,0.0,0,-0.9204696039085156,-1.1337867975234983,0.2133171936149829,723,723,723,3,-0.0544805550829126,0,0.948683298050514,0.3742765513781735,0,0.0,0,0,0.0,0.0,729,6.593044534142437,28,20,2,0.0,6.584791392385716,6.584791392385716,0.0
731,24,11,True,2,-0.0181688815021409,3,1,1,0.7378647873726218,-0.260496650643059,0.0914715064221435,0.242327769140918,1,0.242327769140918,0.1030262774649966,1,-0.8967048286230803,-1.3442296981811523,0.447524869558072,288,450,288,1,-0.0196063620123013,0,0.948683298050514,0.2408902886307576,0,0.0,0,0,0.0,0.0,738,6.6052979209482015,27,19,3,0.4450406513902463,6.111467339502679,5.666426688112432,0.25865477323532104
732,24,12,True,3,0.0132454929827077,3,3,0,0.7999999999999999,-1.1716642279716365,0.1689437066370574,1.184909720954344,0,0.0,0.0,0,-0.8613460563246627,-1.5172126293182373,0.6558665729935746,421,421,421,3,0.0128187935282887,0,0.7999999999999999,1.184483021499925,0,0.0,0,0,0.0,0.0,551,6.313548046277095,26,18,3,0.0,6.045005314036012,6.045005314036012,0.0
733,24,13,True,3,0.0475442229432742,1,1,0,0.3999999999999999,-1.2937770206009334,0.1670451072299136,1.3413212435442077,0,0.0,0.0,0,-0.8097108150856005,-1.1765801906585691,0.3668693755729688,471,471,471,1,0.0475496008625119,0,0.3999999999999999,1.3413266214634452,0,0.0,0,0,0.0,0.0,610,6.415096959171596,25,19,2,0.0,6.156978985585555,6.156978985585555,0.0
734,24,14,True,2,0.08311393375043,3,3,0,0.948683298050514,-1.1716642279716365,0.1689437066370574,1.2547781617220664,0,0.0,0.0,0,-0.8117254820278857,-1.2887303829193115,0.4770049008914258,19,19,19,3,0.0078611277056507,0,0.948683298050514,1.1795253556772871,0,0.0,0,0,0.0,0.0,20,3.044522437723423,24,22,2,0.0,2.995732273553991,2.995732273553991,0.0
735,24,15,True,2,0.1159866405221521,1,1,0,0.948683298050514,-1.2993877644049068,0.1736013976677358,1.415374404927059,0,0.0,0.0,0,-0.7795119367500905,-1.1305160522460938,0.3510041154960033,53,53,53,1,0.1101408356435196,0,0.948683298050514,1.4095286000484264,0,0.0,0,0,0.0,0.0,72,4.290459441148391,23,23,2,0.0,3.9889840465642745,3.9889840465642745,0.0
736,24,16,True,1,0.0419693313316161,3,3,0,0.7745966692414834,-1.6098640441913772,0.224348927335488,1.6518333755229937,0,0.0,0.0,0,-1.9380178917550748,-1.0346394777297974,0.9033784140252774,18,18,18,3,-0.0563811939922435,0,0.7745966692414834,1.5534828501991336,0,0.0,0,0,0.0,0.0,18,2.9444389791664403,22,22,2,0.0,2.9444389791664403,2.9444389791664403,0.0
737,24,17,True,2,0.0675258747116211,3,3,0,0.948683298050514,-1.3438397705635303,0.2353954281555431,1.4113656452751515,0,0.0,0.0,0,-2.0146870023057963,-1.2153139114379885,0.7993730908678081,22,22,22,3,-0.0306856437851172,0,0.948683298050514,1.313154126778413,0,0.0,0,0,0.0,0.0,34,3.5553480614894135,21,21,3,0.0,3.1354942159291497,3.1354942159291497,0.0
738,24,18,True,2,0.1046168863586625,3,1,1,0.7378647873726218,-1.6648057726687,0.2252125512432031,1.7694226590273625,1,1.7694226590273625,0.7522746174244528,1,-2.022809860283165,-1.1481928825378418,0.8746169777453234,2,26,2,3,0.0017400441009144,1,0.7378647873726218,1.6665458167696143,1,1.6665458167696143,1,1,1.6665458167696143,0.754914914624066,28,3.367295829986474,20,22,3,2.197224577336219,3.295836866004329,1.0986122886681098,0.8575551211833954
739,24,19,True,2,0.1359766522102124,1,1,0,0.948683298050514,-1.4344523961176232,0.240626148668627,1.5704290483278356,0,0.0,0.0,0,-2.013400458408039,-1.0372542142868042,0.9761462441212349,4,4,4,1,0.0679474055115931,0,0.948683298050514,1.5023998016292164,0,0.0,0,0,0.0,0.0,7,2.0794415416798357,19,23,2,0.0,1.6094379124341003,1.6094379124341003,0.0
740,24,20,True,2,0.239133571179982,3,3,0,0.948683298050514,-1.2734411031355175,0.2670176593111905,1.5125746743154995,0,0.0,0.0,0,-1.9482166299080943,-0.8249964118003845,1.1232202181077098,19,19,19,3,0.2099240737547033,0,0.948683298050514,1.4833651768902207,0,0.0,0,0,0.0,0.0,20,3.044522437723423,16,22,2,0.0,2.995732273553991,2.995732273553991,0.0
741,24,21,True,3,0.2718520914236665,1,1,0,1.0,-1.140496983375163,0.2418205635216655,1.4123490747988297,0,0.0,0.0,0,-1.9327448737966837,-0.6890051960945129,1.2437396777021703,18,18,18,1,0.245964286990106,0,1.0,1.386461270365269,0,0.0,0,0,0.0,0.0,21,3.091042453358316,15,21,3,0.0,2.9444389791664403,2.9444389791664403,0.0
742,24,22,True,2,0.1763626959898409,3,3,0,0.948683298050514,-2.3818045863451403,0.1403270023761011,2.5581672823349813,0,0.0,0.0,0,-2.87535982160323,-1.0082170963287354,1.8671427252744943,87,87,87,0,-0.7356986478628588,1,0.7378647873726218,1.6461059384822816,1,1.6461059384822816,1,0,0.0,0.0,93,4.543294782270004,14,22,2,0.0,4.477336814478207,4.477336814478207,0.0
743,24,23,True,3,0.210823794470613,0,1,1,0.1999999999999999,-2.514176177985867,0.0577777435879342,2.72499997245648,1,2.72499997245648,1.0,1,-2.8748211372263497,-0.609688937664032,2.2651321995623177,2,378,2,2,-0.7605673830494469,1,0.3999999999999999,1.75360879493642,1,1.75360879493642,1,1,1.75360879493642,0.794352858704782,441,6.091309882077698,13,23,3,4.838923916414316,5.937536205082426,1.0986122886681098,0.8573992436286062
744,24,24,True,1,0.6174782083912755,3,3,0,0.7745966692414834,0.6288521044276536,0.0122148449129435,-0.011373896036378,0,0.0,0.0,0,0.2971622489772378,-0.7170812487602234,1.0142434977374613,22,22,22,3,0.574831792283495,0,0.7745966692414834,-0.0540203121441585,0,0.0,0,0,0.0,0.0,22,3.1354942159291497,10,26,1,0.0,3.1354942159291497,3.1354942159291497,0.0
745,24,25,True,3,0.6557584003630855,3,3,0,1.0,0.6655784487140289,0.0133295231600457,-0.0098200483509434,0,0.0,0.0,0,0.3332026768182189,-0.04364650323987,0.376849180058089,229,229,229,3,0.6138689944924329,0,1.0,-0.051709454221596,0,0.0,0,0,0.0,0.0,299,5.703782474656201,9,25,3,0.0,5.438079308923196,5.438079308923196,0.0
746,24,26,True,3,0.697667763391842,1,1,0,1.0,0.7078305192018387,0.0068517417715611,-0.0101627558099967,0,0.0,0.0,0,0.4014198365148632,0.4659498035907745,0.0645299670759113,232,232,232,1,0.6563978796740992,0,0.7999999999999999,-0.0514326395277394,0,0.0,0,0,0.0,0.0,244,5.501258210544727,8,25,4,0.0,5.4510384535657,5.4510384535657,0.0
747,24,27,True,2,0.6606910864284758,2,2,0,0.948683298050514,0.6618874699363172,0.0132007841359857,-0.0011963835078413,0,0.0,0.0,0,-2.2441786042068785,-0.0753716677427291,2.1688069364641493,4,4,4,2,0.605068130508747,0,0.948683298050514,-0.0568193394275702,0,0.0,0,0,0.0,0.0,17,2.8903717578961645,9,24,3,0.0,1.6094379124341003,1.6094379124341003,0.0
748,24,28,True,2,0.4133550383095145,3,3,0,0.948683298050514,-1.760230520311564,0.2042939293544809,2.1735855586210784,0,0.0,0.0,0,-2.816982820048352,-1.5013004541397097,1.3156823659086423,5,5,5,3,0.3748794885322102,0,0.948683298050514,2.135110008843774,0,0.0,0,0,0.0,0.0,8,2.1972245773362196,14,27,2,0.0,1.791759469228055,1.791759469228055,0.0
749,24,29,True,2,0.4478333713524871,0,2,1,0.7378647873726218,-1.6975889828755997,0.2000310517775367,2.145422354228087,1,2.145422354228087,0.9121318597942994,1,-2.781098785230749,-1.2866568565368652,1.4944419286938837,4,6,4,0,0.4127452478834262,1,0.7378647873726218,2.110334230759026,1,2.110334230759026,1,1,2.110334230759026,0.9559429867519388,10,2.3978952727983707,13,26,2,0.33647223662121295,1.9459101490553132,1.6094379124341003,0.2206418812274933
755,25,5,True,1,-0.3038541281782606,3,3,0,0.7745966692414834,-0.3101309480492345,0.0225705709562996,0.0062768198709739,0,0.0,0.0,0,-1.4674383341430013,-1.2393288612365725,0.228109472906429,1,1,1,3,-1.6357017914909924,0,0.7745966692414834,-1.325570843441758,0,0.0,0,0,0.0,0.0,1,0.6931471805599453,36,28,2,0.0,0.6931471805599453,0.6931471805599453,0.0
756,25,6,True,2,-0.276620332170518,1,1,0,0.948683298050514,-0.2885838971860595,0.0217422654208211,0.0119635650155415,0,0.0,0.0,0,-1.4502177712768114,-1.2464563846588137,0.2037613866179979,27,27,27,1,-0.3136604453313548,0,0.948683298050514,-0.0250765481452952,0,0.0,0,0,0.0,0.0,142,4.962844630259907,35,29,3,0.0,3.332204510175204,3.332204510175204,0.0
757,25,7,True,3,-0.3053651383434576,2,2,0,1.0,-0.3087381216131353,0.0228326451328072,0.0033729832696777,0,0.0,0.0,0,-1.4942680980054557,-1.3701568841934204,0.1241112138120352,113,113,113,2,-0.3426784259380914,0,0.948683298050514,-0.033940304324956,0,0.0,0,0,0.0,0.0,298,5.700443573390687,36,30,1,0.0,4.736198448394496,4.736198448394496,0.0
759,25,9,True,1,-0.1139759564834205,3,3,0,0.7745966692414834,-0.3893548669635539,0.11265264338783,0.2753789104801334,0,0.0,0.0,0,-0.9678655188750662,-1.3018686771392822,0.334003158264216,1,1,1,3,-2.713849719519211,0,0.7745966692414834,-2.324494852555657,0,0.0,0,0,0.0,0.0,1,0.6931471805599453,30,22,3,0.0,0.6931471805599453,0.6931471805599453,0.0
760,25,10,True,1,-0.084824199145427,0,0,0,0.7745966692414834,-0.2172836331667537,0.0190854518663424,0.1324594340213267,0,0.0,0.0,0,-0.9444042582757628,-1.2140986919403076,0.2696944336645448,25,25,25,0,-0.1547168320623648,0,0.7745966692414834,0.0625668011043889,0,0.0,0,0,0.0,0.0,25,3.258096538021482,29,21,2,0.0,3.258096538021482,3.258096538021482,0.0
761,25,11,True,2,0.0138596219480979,3,3,0,0.948683298050514,-0.1655562154804963,0.0587675159344335,0.1794158374285942,0,0.0,0.0,0,-0.8811425013748397,-1.1058387756347656,0.2246962742599259,434,434,434,3,0.0130057592639695,0,0.948683298050514,0.1785619747444658,0,0.0,0,0,0.0,0.0,466,6.1463292576688975,26,20,2,0.0,6.075346031088684,6.075346031088684,0.0
762,25,12,True,2,0.0477617208164823,3,1,1,0.7378647873726218,-0.1981856357119154,0.0955044119044827,0.2459473565283977,1,0.2459473565283977,0.104565154399379,1,-0.8549189827382755,-0.9626466035842896,0.107727620846014,164,320,164,3,0.0467892237403303,1,0.7378647873726218,0.2449748594522456,1,0.2449748594522456,1,1,0.2449748594522456,0.1109691514313766,484,6.184148890937483,25,21,3,0.6654956492294355,5.771441123130016,5.10594547390058,0.28981733322143555
763,25,13,True,3,0.0814298610615397,3,3,0,0.7999999999999999,-0.8899484115100382,0.1922064649293423,0.971378272571578,0,0.0,0.0,0,-0.7625780840623478,-1.108265995979309,0.3456879119169612,580,580,580,3,0.0817675462516979,0,1.0,0.9717159577617362,0,0.0,0,0,0.0,0.0,763,6.638567789166521,24,20,3,0.0,6.364750756851911,6.364750756851911,0.0
764,25,14,True,3,0.117521590858195,1,1,0,0.3999999999999999,-1.2654060461143315,0.1682784868647185,1.3829276369725267,0,0.0,0.0,0,-0.7115920706232228,-0.8335580229759216,0.1219659523526988,444,444,444,1,0.1172906509124194,0,0.3999999999999999,1.3826966970267511,0,0.0,0,0,0.0,0.0,579,6.363028103540465,23,21,2,0.0,6.09807428216624,6.09807428216624,0.0
765,25,15,True,2,0.1507014800117723,3,3,0,0.948683298050514,-0.9455824739209616,0.1933708428233767,1.096283953932734,0,0.0,0.0,0,-0.7344588037296124,-0.821894645690918,0.0874358419613056,457,457,457,3,0.146867923962272,0,0.948683298050514,1.0924503978832336,0,0.0,0,0,0.0,0.0,497,6.210600077024653,22,24,2,0.0,6.126869184114185,6.126869184114185,0.0
766,25,16,True,3,0.1861499580290621,1,1,0,1.0,-1.2593374916309568,0.1706941545744444,1.445487449660019,0,0.0,0.0,0,-0.7020945865023235,-0.6792498230934143,0.0228447634089091,383,383,383,1,0.182224380064387,0,1.0,1.4415618716953438,0,0.0,0,0,0.0,0.0,456,6.124683390894205,21,23,3,0.0,5.950642552587727,5.950642552587727,0.0
768,25,18,True,2,0.1359766522102124,3,3,0,0.948683298050514,-1.3483682387552949,0.2340243529575718,1.4843448909655073,0,0.0,0.0,0,-2.012549981935038,-0.9241235852241516,1.0884263967108865,17,17,17,3,-1.202682379965374,0,0.948683298050514,0.145685858789921,0,0.0,0,0,0.0,0.0,24,3.2188758248682006,19,23,3,0.0,2.8903717578961645,2.8903717578961645,0.0
769,25,19,True,2,0.1676531833733941,3,3,0,0.948683298050514,-1.7169249916619065,0.2162090498735029,1.8845781750353003,0,0.0,0.0,0,-1.9921640327614945,-0.9597151875495912,1.0324488452119032,21,21,21,3,0.1032388128280335,0,0.948683298050514,1.82016380448994,0,0.0,0,0,0.0,0.0,26,3.295836866004329,18,24,3,0.0,3.091042453358316,3.091042453358316,0.0
770,25,20,True,2,0.2067422361387345,0,0,0,0.948683298050514,-1.352494064762455,0.2490494620038873,1.5592363009011896,0,0.0,0.0,0,-1.965175295265152,-0.6690563559532166,1.2961189393119352,18,18,18,0,0.1733752037436753,0,0.948683298050514,1.5258692685061304,0,0.0,0,0,0.0,0.0,20,3.044522437723423,17,23,2,0.0,2.9444389791664403,2.9444389791664403,0.0
771,25,21,True,1,0.309032228064217,1,0,1,0.2581988897471611,-1.3308413820639409,0.2554558834489331,1.639873610128158,1,1.639873610128158,0.6971965044020266,1,-1.8875274439926937,-0.4761592745780945,1.4113681694145992,21,0,0,1,0.3075052049963681,1,0.2581988897471611,1.638346587060309,1,1.638346587060309,1,1,1.638346587060309,0.7421411769480574,21,3.091042453358316,14,22,2,-3.091042453358316,0.0,0.0,-0.9442107584327459
772,25,22,True,1,0.1405697121586362,3,3,0,0.7745966692414834,-2.514176177985867,0.0577777435879342,2.654745890144503,0,0.0,0.0,0,-2.878234996874936,-1.1970252990722656,1.6812096978026705,102,102,102,3,-0.8093196679929642,0,0.7745966692414834,1.7048565099929027,0,0.0,0,0,0.0,0.0,102,4.634728988229636,15,25,1,0.0,4.634728988229636,4.634728988229636,0.0
773,25,23,True,2,0.1746301166031389,0,0,0,0.948683298050514,-2.3818045863451403,0.1403270023761011,2.556434702948279,0,0.0,0.0,0,-2.8769041478124864,-0.9065276980400084,1.9703764497724776,373,373,373,0,-0.7853974148451941,0,0.948683298050514,1.5964071714999462,0,0.0,0,0,0.0,0.0,472,6.159095388491933,14,24,2,0.0,5.924255797414532,5.924255797414532,0.0
774,25,24,True,2,0.4228274381610748,3,3,0,0.948683298050514,0.4319949386810781,0.0118812658074118,-0.0091675005200032,0,0.0,0.0,0,-1.9246604045598932,-1.4341256618499756,0.4905347427099178,1022,1022,1022,3,0.4185852404554386,0,0.948683298050514,-0.0134096982256394,0,0.0,0,0,0.0,0.0,1285,7.1592919047975645,15,27,2,0.0,6.930494765951626,6.930494765951626,0.0
775,25,25,True,2,0.459536260023874,1,1,0,0.948683298050514,0.4580428972539086,0.013138450713096,0.0014933627699653,0,0.0,0.0,0,-1.91372127071537,-1.2248928546905518,0.6888284160248181,582,582,582,1,0.4549600921090138,0,0.948683298050514,-0.0030828051448947,0,0.0,0,0,0.0,0.0,1147,7.045776576879511,14,28,2,0.0,6.368187186350492,6.368187186350492,0.0
776,25,26,True,2,0.7400130284020163,1,1,0,0.632455532033676,0.7452831644330999,0.0069050477946854,-0.0052701360310836,0,0.0,0.0,0,0.6764484328305562,0.1665300279855728,0.5099184048449834,244,244,244,1,0.7347009485509256,0,0.632455532033676,-0.0105822158821743,0,0.0,0,0,0.0,0.0,247,5.5134287461649825,7,26,2,0.0,5.501258210544727,5.501258210544727,0.0
777,25,27,True,2,0.2750324189857636,1,1,0,0.632455532033676,-1.036988081566858,0.2110115738250053,1.3120205005526215,0,0.0,0.0,0,-2.817187049251517,-0.7535020709037781,2.063684978347739,52,52,52,1,0.2386179656510914,0,0.632455532033676,1.2756060472179491,0,0.0,0,0,0.0,0.0,53,3.9889840465642745,10,25,2,0.0,3.970291913552122,3.970291913552122,0.0
778,25,28,True,3,0.3792214885969716,0,1,1,0.3999999999999999,-1.1576135504192826,0.2166140645349726,1.5368350390162542,1,1.5368350390162542,0.6533893895401778,1,-2.8434987004178693,-1.4732249975204468,1.3702737028974226,2,129,2,0,0.3374340646714447,1,0.3999999999999999,1.4950476150907273,1,1.4950476150907273,1,1,1.4950476150907273,0.6772293514815224,143,4.969813299576001,13,28,2,3.768922161787472,4.867534450455582,1.0986122886681098,0.886338509619236
779,25,29,True,1,0.8373602167429304,1,1,0,0.7745966692414834,0.8695718179799998,0.0049440047870104,-0.0322116012370694,0,0.0,0.0,0,0.8393831827498964,0.4831752181053161,0.3562079646445802,3,3,3,1,0.8640480838524142,0,0.7745966692414834,-0.0055237341275856,0,0.0,0,0,0.0,0.0,3,1.3862943611198906,4,33,1,0.0,1.3862943611198906,1.3862943611198906,0.0
786,26,6,True,2,-0.2444751364499684,3,3,0,0.948683298050514,-0.2342790387947547,0.01689883666002,-0.0101960976552136,0,0.0,0.0,0,-1.1925365674335404,-1.287764549255371,0.0952279818218306,279,279,279,3,-0.2478104711198841,0,0.948683298050514,-0.0135314323251293,0,0.0,0,0,0.0,0.0,300,5.707110264748875,34,30,2,0.0,5.634789603169249,5.634789603169249,0.0
787,26,7,True,4,-0.2135038719109193,1,1,0,0.316227766016838,-0.3188000260873079,0.1208127897947704,0.1052961541763885,0,0.0,0.0,0,-1.137064297163874,-1.1417219638824463,0.0046576667185722,1035,1035,1035,1,-0.2159768023778311,0,0.316227766016838,0.1028232237094768,0,0.0,0,0,0.0,0.0,1293,7.165493475060845,33,31,2,0.0,6.943122422819428,6.943122422819428,0.0
790,26,10,True,1,-0.1170263569164277,3,3,0,0.7745966692414834,-0.0978695265627304,0.015096090657665,-0.0191568303536972,0,0.0,0.0,0,-1.0393900496791275,-1.3151185512542725,0.2757285015751447,27,27,27,3,-0.1158765048351935,0,0.7745966692414834,-0.0180069782724631,0,0.0,0,0,0.0,0.0,27,3.332204510175204,30,30,2,0.0,3.332204510175204,3.332204510175204,0.0
791,26,11,True,2,-0.0867853753496968,1,1,0,0.948683298050514,-0.0828878192307522,0.0183580464942472,-0.0038975561189445,0,0.0,0.0,0,-1.0185167631886167,-1.378266215324402,0.3597494521357851,37,37,37,1,-0.0851665074620854,0,0.948683298050514,-0.0022786882313332,0,0.0,0,0,0.0,0.0,52,3.970291913552122,29,31,2,0.0,3.6375861597263857,3.6375861597263857,0.0
792,26,12,True,2,0.0162426146578845,3,3,0,0.948683298050514,-0.0403676634723318,0.0159755563781671,0.0566102781302164,0,0.0,0.0,0,-0.87050271377213,-1.1745712757110596,0.3040685619389296,434,434,434,3,0.0174007042820786,0,0.948683298050514,0.0577683677544104,0,0.0,0,0,0.0,0.0,477,6.169610732491456,26,22,2,0.0,6.075346031088684,6.075346031088684,0.0
793,26,13,True,3,0.0481940837654563,1,1,0,0.3999999999999999,-0.0427654544409357,0.0207478958684899,0.090959538206392,0,0.0,0.0,0,-0.8469634065451159,-0.9682024121284484,0.1212390055833325,313,313,313,1,0.049556468613205,0,0.3999999999999999,0.0923219230541407,0,0.0,0,0,0.0,0.0,468,6.150602768446279,25,23,2,0.0,5.749392985908253,5.749392985908253,0.0
794,26,14,True,1,0.1528517684073866,3,3,0,0.7745966692414834,-0.9455824739209616,0.1933708428233767,1.0984342423283482,0,0.0,0.0,0,-0.6596634218613776,-0.5618123412132263,0.0978510806481512,508,508,508,3,0.1522915827709802,0,0.7745966692414834,1.0978740566919418,0,0.0,0,0,0.0,0.0,508,6.2324480165505225,22,22,3,0.0,6.2324480165505225,6.2324480165505225,0.0
795,26,15,True,2,0.188305218173775,3,3,0,0.948683298050514,-1.356973981683895,0.1578053546421536,1.54527919985767,0,0.0,0.0,0,-0.6294313444690993,-0.5040012001991272,0.1254301442699721,513,513,513,3,0.1885786394156939,0,0.948683298050514,1.545552621099589,0,0.0,0,0,0.0,0.0,514,6.244166900663736,21,23,2,0.0,6.2422232654551655,6.2422232654551655,0.0
796,26,16,True,2,0.2236844645170888,3,3,0,0.948683298050514,-1.1013610168709194,0.1760944701983759,1.3250454813880082,0,0.0,0.0,0,-0.6025669281896009,-0.6653305888175964,0.0627636606279955,733,733,733,3,0.2243786842380947,0,0.948683298050514,1.3257397011090142,0,0.0,0,0,0.0,0.0,893,6.795705775173514,20,24,4,0.0,6.598509028614515,6.598509028614515,0.0
797,26,17,True,3,0.2603986026862148,3,3,0,1.0,-1.2618116322148454,0.1792207473398976,1.5222102349010602,0,0.0,0.0,0,-0.5189138148783932,-0.4833216071128845,0.0355922077655086,747,747,747,3,0.2626860778660815,0,1.0,1.524497710080927,0,0.0,0,0,0.0,0.0,754,6.626717749249025,19,25,2,0.0,6.617402977974478,6.617402977974478,0.0
798,26,18,True,3,0.2969044458042993,1,1,0,0.7999999999999999,-1.114078010692648,0.1807030655088135,1.410982456496947,0,0.0,0.0,0,-0.488972141177572,-0.4959748387336731,0.007002697556101,649,649,649,3,0.2993499804278652,1,0.7999999999999999,1.4134279911205132,1,1.4134279911205132,1,0,0.0,0.0,727,6.590301048196686,18,26,3,0.0,6.476972362889683,6.476972362889683,0.0
799,26,19,True,2,0.3275338347480255,3,3,0,0.632455532033676,-1.0547753468301255,0.2195548587184271,1.3823091815781514,0,0.0,0.0,0,-0.4313643193653015,-0.585560142993927,0.1541958236286254,202,202,202,3,0.3354468646524466,0,0.632455532033676,1.3902222114825724,0,0.0,0,0,0.0,0.0,204,5.3230099791384085,17,27,2,0.0,5.313205979041787,5.313205979041787,0.0
800,26,20,True,2,0.3668816946737972,1,1,0,0.948683298050514,-0.9332441864100064,0.1930518698547399,1.3001258810838037,0,0.0,0.0,0,-0.4007559374331551,-0.4666963219642639,0.0659403845311087,138,138,138,1,0.3728455723030968,0,0.948683298050514,1.306089758713103,0,0.0,0,0,0.0,0.0,226,5.424950017481403,16,28,2,0.0,4.9344739331306915,4.9344739331306915,0.0
801,26,21,True,1,0.3441280237112821,3,3,0,0.7745966692414834,0.3521915007351039,0.015366083490196,-0.0080634770238218,0,0.0,0.0,0,-1.8727934963371864,-0.2705793976783752,1.6022140986588114,62,62,62,3,0.3452864660071446,0,0.7745966692414834,-0.0069050347279593,0,0.0,0,0,0.0,0.0,62,4.143134726391533,13,23,3,0.0,4.143134726391533,4.143134726391533,0.0
802,26,22,True,2,0.3800734731083665,3,3,0,0.948683298050514,0.3761019813323698,0.0179966323557599,0.0039714917759967,0,0.0,0.0,0,-1.9332982792604247,-0.7607818245887756,1.1725164546716496,82,82,82,3,0.3778754785488453,0,0.948683298050514,0.0017734972164755,0,0.0,0,0,0.0,0.0,84,4.442651256490317,14,24,2,0.0,4.418840607796598,4.418840607796598,0.0
803,26,23,True,3,0.4178569949420959,3,3,0,0.7999999999999999,0.4255525347453296,0.0171750698675269,-0.0076955398032337,0,0.0,0.0,0,-1.925071548987215,-1.1607636213302612,0.7643079276569538,213,213,213,3,0.4156426997837844,0,0.7999999999999999,-0.0099098349615452,0,0.0,0,0,0.0,0.0,232,5.4510384535657,15,25,2,0.0,5.365976015021851,5.365976015021851,0.0
804,26,24,True,4,0.4577203247999363,3,3,0,0.3999999999999999,0.4597979392999066,0.0133726826840809,-0.0020776144999702,0,0.0,0.0,0,-1.911522252139661,-1.1361212730407717,0.7754009790988898,949,949,949,3,0.4539622910733313,0,0.3999999999999999,-0.0058356482265752,0,0.0,0,0,0.0,0.0,1779,7.484368643286131,14,26,3,0.0,6.856461984594587,6.856461984594587,0.0
805,26,25,True,3,0.4975317480760921,1,1,0,0.7999999999999999,0.5034330268641232,0.0120298574813341,-0.005901278788031,0,0.0,0.0,0,-1.8778035868320784,-0.9918203949928284,0.8859831918392498,3971,3971,3971,1,0.4936713981417915,0,0.7999999999999999,-0.0097616287223316,0,0.0,0,0,0.0,0.0,5245,8.56522116042682,13,27,3,0.0,8.287025025165063,8.287025025165063,0.0
806,26,26,True,4,0.7806502179386227,3,1,1,-0.3999999999999999,0.788782398403596,0.005767730410537,-0.0081321804649733,0,0.0,0.0,0,0.7271707314680059,0.4205253720283508,0.3066453594396551,1,668,1,1,0.77760022285091,0,0.316227766016838,-0.0111821755526859,0,0.0,0,0,0.0,0.0,682,6.52649485957079,6,27,2,5.8126368795682835,6.505784060128229,0.6931471805599453,0.9732738486491144
807,26,27,True,2,0.3034273199579449,3,0,1,0.7378647873726218,-1.1051608637426429,0.2279353911680807,1.4085881837005878,1,1.4085881837005878,0.5988649074859497,1,-2.838453226984603,-1.2736420631408691,1.564811163843734,108,34,34,3,0.2640796506920785,1,0.7378647873726218,1.3692405144347215,1,1.3692405144347215,1,1,1.3692405144347215,0.620241025271011,142,4.962844630259907,11,26,2,-1.13599982073973,3.5553480614894135,3.5553480614894135,-0.5418643355369568
808,26,28,True,2,0.3413591406236301,0,2,1,0.7378647873726218,-1.036988081566858,0.2110115738250053,1.378347222190488,1,1.378347222190488,0.5860078845273632,1,-2.843005428784939,-1.3591656684875488,1.48383976029739,129,90,90,0,0.3004115897711778,1,0.7378647873726218,1.3373996713380358,1,1.3373996713380358,1,1,1.3373996713380358,0.6058177030280705,219,5.393627546352362,12,27,2,-0.35667494393873245,4.51085950651685,4.51085950651685,-0.15071707963943481
809,26,29,True,2,0.8955020371927442,1,1,0,0.632455532033676,0.9067954298802,0.0080741726070709,-0.0112933926874557,0,0.0,0.0,0,0.8873878599677104,0.8445393443107605,0.0428485156569499,21,21,21,1,0.9062435311235298,0,0.632455532033676,-0.0005518987566701,0,0.0,0,0,0.0,0.0,22,3.1354942159291497,3,32,2,0.0,3.091042453358316,3.091042453358316,0.0
815,27,5,True,1,-0.2562290173797529,3,3,0,0.7745966692414834,-2.416745766388119,0.1256898256024335,2.160516749008366,0,0.0,0.0,0,-1.1550026914758018,-0.9621039032936096,0.1928987881821922,6,6,6,3,-1.577462131407423,0,0.7745966692414834,0.8392836349806958,0,0.0,0,0,0.0,0.0,6,1.9459101490553132,34,28,2,0.0,1.9459101490553132,1.9459101490553132,0.0
816,27,6,True,2,-0.2146567307802828,3,1,1,0.7378647873726218,-2.189720153747364,0.1901365023730866,1.9750634229670807,1,1.9750634229670807,0.8397033197926368,1,-1.1342443809945628,-0.9625903964042664,0.1716539845902964,137,12,12,3,-0.2532107626565717,1,0.7378647873726218,1.936509391090792,1,1.936509391090792,1,1,1.936509391090792,0.8772034989579304,149,5.0106352940962555,33,29,3,-2.3623043276956683,2.5649493574615367,2.5649493574615367,-0.762461394071579
817,27,7,True,4,-0.1818617489564495,1,1,0,0.1999999999999999,-0.1725936564477092,0.0159631900146459,-0.0092680925087403,0,0.0,0.0,0,-1.0952651166077991,-1.087165117263794,0.0080999993440054,999,999,999,1,-0.1847148692327724,0,0.3999999999999999,-0.0121212127850631,0,0.0,0,0,0.0,0.0,1461,7.2875606403097235,32,30,3,0.0,6.907755278982137,6.907755278982137,0.0
818,27,8,True,1,-0.1422503593219758,3,3,0,0.7745966692414834,-0.1267630826144815,0.0161337718632192,-0.0154872767074943,0,0.0,0.0,0,-1.052638671535452,-1.1068376302719116,0.0541989587364595,3,3,3,3,-1.4456483227163517,0,0.7745966692414834,-1.31888524010187,0,0.0,0,0,0.0,0.0,3,1.3862943611198906,31,27,3,0.0,1.3862943611198906,1.3862943611198906,0.0
819,27,9,True,2,-0.1133842020126546,3,1,1,0.7378647873726218,-0.1006692483888287,0.0161791461767682,-0.0127149536238259,0,0.0,0.0,0,-1.029429883835221,-1.1691168546676636,0.1396869708324426,29,12,12,3,-0.1512659139889168,1,0.7378647873726218,-0.0505966656000881,0,0.0,0,0,0.0,0.0,41,3.7376696182833684,30,28,3,-0.8362480242006187,2.5649493574615367,2.5649493574615367,-0.47004392743110657
820,27,10,True,2,-0.0838093577009971,3,3,0,0.948683298050514,-0.0784046357209052,0.0190480334415436,-0.0054047219800919,0,0.0,0.0,0,-1.0193883173534544,-1.2969563007354736,0.2775679833820192,19,19,19,3,-0.0868439853513846,0,0.948683298050514,-0.0084393496304794,0,0.0,0,0,0.0,0.0,28,3.367295829986474,29,29,3,0.0,2.995732273553991,2.995732273553991,0.0
821,27,11,True,2,-0.0508710278177426,3,3,0,0.948683298050514,-0.0418322702116406,0.0161880549593276,-0.009038757606102,0,0.0,0.0,0,-0.9785133971753456,-1.3068122863769531,0.3282988892016074,39,39,39,3,-0.0525064939645549,0,0.948683298050514,-0.0106742237529143,0,0.0,0,0,0.0,0.0,65,4.189654742026425,28,30,3,0.0,3.6888794541139363,3.6888794541139363,0.0
822,27,12,True,2,-0.0194311229909493,1,1,0,0.948683298050514,-0.0382822709310886,0.0209129285865038,0.0188511479401393,0,0.0,0.0,0,-0.9242242467506387,-1.111572265625,0.1873480188743612,31,31,31,1,-0.0185090893167336,0,0.948683298050514,0.019773181614355,0,0.0,0,0,0.0,0.0,43,3.784189633918261,27,31,2,0.0,3.4657359027997265,3.4657359027997265,0.0
823,27,13,True,2,0.0837282578656818,3,3,0,0.948683298050514,0.0229449444257564,0.0180505357698327,0.0607833134399254,0,0.0,0.0,0,-0.8037326576867699,-0.8371497392654419,0.0334170815786719,279,279,279,3,0.0837267332633032,0,0.948683298050514,0.0607817888375468,0,0.0,0,0,0.0,0.0,310,5.739792912179234,24,24,2,0.0,5.634789603169249,5.634789603169249,0.0
824,27,14,True,3,0.1185113159912006,0,3,1,0.7999999999999999,0.0239733522637597,0.025441415554447,0.0945379637274408,1,0.0945379637274408,0.0401930596583637,1,-0.7724658735607356,-0.7882804870605469,0.0158146134998112,78,204,78,3,0.118324583531087,0,1.0,0.0943512312673272,0,0.0,0,0,0.0,0.0,285,5.655991810819852,23,23,3,0.953562126671387,5.3230099791384085,4.3694478524670215,0.4593700170516968
825,27,15,True,3,0.1490864920428829,3,3,0,1.0,0.0558292675819184,0.0242792892933848,0.0932572244609645,0,0.0,0.0,0,-0.7823644904220035,-0.6260995864868164,0.1562649039351871,306,306,306,3,0.1523937720631658,0,1.0,0.0965645044812474,0,0.0,0,0,0.0,0.0,308,5.733341276897746,22,24,2,0.0,5.726847747587197,5.726847747587197,0.0
826,27,16,True,4,0.1850696161273617,0,1,1,0.0,0.1386762838226838,0.0151041998702249,0.0463933323046778,1,0.0463933323046778,0.01972424515561,1,-0.7583418797803945,-0.4260452389717102,0.3322966408086842,17,539,17,0,0.1877387353575153,1,0.0,0.0490624515348314,1,0.0490624515348314,1,1,0.0463933323046778,0.0210153349181839,652,6.481577129276431,21,25,3,3.401197381662156,6.29156913955832,2.8903717578961645,0.7967417761683464
827,27,17,True,1,0.2983519953559049,3,3,0,0.7745966692414834,-1.114078010692648,0.1807030655088135,1.4124300060485528,0,0.0,0.0,0,-0.493230545038555,-0.3152020573616028,0.1780284876769522,27,27,27,3,0.2974912256501688,0,0.7745966692414834,1.411569236342817,0,0.0,0,0,0.0,0.0,27,3.332204510175204,18,28,1,0.0,3.332204510175204,3.332204510175204,0.0
828,27,18,True,2,0.3329500925059121,3,3,0,0.948683298050514,-1.0547753468301255,0.2195548587184271,1.387725439336038,0,0.0,0.0,0,-0.4658434931250302,-0.3554156422615051,0.1104278508635251,531,531,531,3,0.3334998658429088,0,0.948683298050514,1.3882752126730344,0,0.0,0,0,0.0,0.0,757,6.630683385642372,17,27,4,0.0,6.2766434893416445,6.2766434893416445,0.0
829,27,19,True,3,0.3720805811088692,3,3,0,1.0,-1.043774799591931,0.1862652056446524,1.4158553807008003,0,0.0,0.0,0,-0.3673400577140508,-0.3043013215065002,0.0630387362075505,653,653,653,3,0.3727948745434586,0,1.0,1.4165696741353897,0,0.0,0,0,0.0,0.0,658,6.490723534502507,16,28,2,0.0,6.483107351457199,6.483107351457199,0.0
830,27,20,True,4,0.4096852144590493,1,2,1,0.0,-1.1653059600120506,0.2102761219264151,1.5749911744710998,1,1.5749911744710998,0.6696115691620144,1,-0.3348727620019532,-0.1541463583707809,0.1807264036311722,713,108,108,1,0.410687858666607,1,-0.3999999999999999,1.5759938186786575,1,1.5759938186786575,1,1,1.5749911744710998,0.7134423284648733,830,6.7226297948554485,15,27,3,-1.8795350801104407,4.6913478822291435,4.6913478822291435,-0.7244251370429993
831,27,21,True,2,0.529922947359425,3,3,0,0.948683298050514,0.5600430730359306,0.0090428920070815,-0.0301201256765055,0,0.0,0.0,0,0.1410231765030864,0.0933966189622879,0.0476265575407985,1804,1804,1804,3,0.5289051583314116,0,0.948683298050514,-0.0311379147045189,0,0.0,0,0,0.0,0.0,1816,7.504942068396171,12,24,3,0.0,7.498315870766981,7.498315870766981,0.0
832,27,22,True,4,0.5740634941743363,3,3,0,0.316227766016838,0.5888575885190219,0.0105398839286741,-0.0147940943446855,0,0.0,0.0,0,0.2439596139563979,-0.0056294687092304,0.2495890826656283,1769,1769,1769,3,0.573489722109897,0,0.316227766016838,-0.0153678664091249,0,0.0,0,0,0.0,0.0,1812,7.502738210754851,11,25,2,0.0,7.478734825567875,7.478734825567875,0.0
833,27,23,True,3,0.6147704652112956,1,1,0,1.0,0.6251448505547396,0.0112612715380321,-0.0103743853434439,0,0.0,0.0,0,0.2850252726550838,0.3002206683158874,0.0151953956608035,1726,1726,1726,1,0.6137172571081132,0,1.0,-0.0114275934466263,0,0.0,0,0,0.0,0.0,1799,7.495541943884256,10,26,3,0.0,7.454141078146678,7.454141078146678,0.0
834,27,24,True,4,0.5780361979295915,2,2,0,0.316227766016838,0.5834853781170546,0.0111236967765298,-0.005449180187463,0,0.0,0.0,0,-1.6902338322337112,-0.5060985684394836,1.1841352637942275,62,62,62,2,0.5736208708171785,0,0.316227766016838,-0.009864507299876,0,0.0,0,0,0.0,0.0,1143,7.042286171939743,11,27,2,0.0,4.143134726391533,4.143134726391533,0.0
835,27,25,True,2,0.5382755744133265,2,2,0,0.948683298050514,0.5529161805320312,0.0094787575017238,-0.0146406061187046,0,0.0,0.0,0,-1.848823379873709,-0.9497774839401244,0.8990458959335845,956,956,956,2,0.5339417985847875,0,0.948683298050514,-0.0189743819472436,0,0.0,0,0,0.0,0.0,4891,8.495356496807062,12,28,2,0.0,6.863803391452954,6.863803391452954,0.0
836,27,26,True,3,0.8188386033010813,3,3,0,0.7999999999999999,0.828993139501398,0.0063542817293616,-0.0101545362003167,0,0.0,0.0,0,0.7707077472551159,0.368650734424591,0.4020570128305248,701,701,701,3,0.8200110983818232,0,0.7999999999999999,-0.0089820411195747,0,0.0,0,0,0.0,0.0,738,6.6052979209482015,5,28,2,0.0,6.553933404025811,6.553933404025811,0.0
837,27,27,True,4,0.8609201615349913,3,3,0,0.632455532033676,0.8716086715813978,0.0077895046381295,-0.0106885100464064,0,0.0,0.0,0,0.8183174303646924,0.7646642327308655,0.0536531976338269,741,741,741,3,0.8628719011699293,0,0.632455532033676,-0.0087367704114684,0,0.0,0,0,0.0,0.0,821,6.71174039505618,4,29,2,0.0,6.60934924316738,6.60934924316738,0.0
838,27,28,True,4,0.9039634586414802,3,3,0,0.632455532033676,0.9107158298802,0.0078681865031612,-0.0067523712387198,0,0.0,0.0,0,0.8719457540360065,0.8999536633491516,0.0280079093131451,747,747,747,3,0.9062129045886624,0,0.632455532033676,-0.0045029252915376,0,0.0,0,0,0.0,0.0,861,6.759255270663693,3,30,2,0.0,6.617402977974478,6.617402977974478,0.0
839,27,29,True,3,0.9475291207325064,1,1,0,1.0,0.9501198,0.0048564074265481,-0.0025906792674937,0,0.0,0.0,0,0.9325803614311424,1.0771205425262451,0.1445401810951025,650,650,650,1,0.9500401706334348,0,0.7999999999999999,-7.96293665652481e-05,0,0.0,0,0,0.0,0.0,747,6.617402977974478,2,31,3,0.0,6.478509642208569,6.478509642208569,0.0
845,28,5,True,1,-0.2700850605033562,3,3,0,0.7745966692414834,-2.4366329639360047,0.1070726536358531,2.166547903432648,0,0.0,0.0,0,-1.2488883306051992,-1.007086992263794,0.2418013383414052,2,2,2,3,-1.6740786744422202,0,0.7745966692414834,0.7625542894937845,0,0.0,0,0,0.0,0.0,2,1.0986122886681098,35,31,2,0.0,1.0986122886681098,1.0986122886681098,0.0
846,28,6,True,3,-0.2425101628019277,0,1,1,0.632455532033676,-2.5387594606138832,0.0408929389970638,2.2962492978119555,1,2.2962492978119555,0.9762563247450444,1,-1.229214802852546,-1.0816707611083984,0.1475440417441476,16,5,5,0,-0.3534936173162219,1,0.632455532033676,2.1852658432976613,1,2.1852658432976613,1,1,2.1852658432976613,0.9898856430611996,23,3.1780538303479458,34,30,3,-1.0414538748281612,1.791759469228055,1.791759469228055,0.22865110635757446
847,28,7,True,4,-0.15074172962047,1,1,0,0.1999999999999999,-0.1438927298891089,0.0173415041435061,-0.0068489997313611,0,0.0,0.0,0,-1.0436528889413317,-0.94016695022583,0.1034859387155016,733,733,733,1,-0.1512757673870159,0,0.316227766016838,-0.007383037497907,0,0.0,0,0,0.0,0.0,1193,7.085064293952548,31,31,2,0.0,6.598509028614515,6.598509028614515,0.0
848,28,8,True,2,-0.1205153507146786,3,3,0,0.948683298050514,-0.1006692483888287,0.0161791461767682,-0.0198461023258499,0,0.0,0.0,0,-1.0066214706310102,-1.1104384660720823,0.1038169954410723,39,39,39,3,-0.1554248886372168,0,0.948683298050514,-0.0547556402483881,0,0.0,0,0,0.0,0.0,42,3.7612001156935624,30,28,2,0.0,3.6888794541139363,3.6888794541139363,0.0
849,28,9,True,4,-0.0898574477097718,1,1,0,0.3999999999999999,-0.0901089148336335,0.0191524887007948,0.0002514671238617,0,0.0,0.0,0,-0.9777459462223967,-0.9510421752929688,0.0267037709294279,178,178,178,1,-0.0894911937345835,0,0.3999999999999999,0.00061772109905,0,0.0,0,0,0.0,0.0,248,5.517452896464707,29,29,3,0.0,5.187385805840755,5.187385805840755,0.0
850,28,10,True,1,-0.0525327542442844,3,3,0,0.7745966692414834,-0.0418322702116406,0.0161880549593276,-0.0107004840326438,0,0.0,0.0,0,-0.9099787878851794,-0.9230391383171082,0.0130603504319287,347,347,347,3,-0.0507498570140898,0,0.7745966692414834,-0.0089175868024492,0,0.0,0,0,0.0,0.0,347,5.8522024797744745,28,32,2,0.0,5.8522024797744745,5.8522024797744745,0.0
851,28,11,True,3,-0.0212290594284543,1,1,0,0.7999999999999999,-0.0439385602769281,0.0228780197756106,0.0227095008484737,0,0.0,0.0,0,-0.8878577023729765,-0.895959198474884,0.0081014961019075,370,370,370,1,-0.0193682352813787,0,0.7999999999999999,0.0245703249955493,0,0.0,0,0,0.0,0.0,563,6.335054251498059,27,33,2,0.0,5.916202062607435,5.916202062607435,0.0
852,28,12,True,2,0.0127271880145796,3,3,0,0.948683298050514,0.0229449444257564,0.0180505357698327,-0.0102177564111768,0,0.0,0.0,0,-0.8624137940527972,-1.007102131843567,0.1446883377907697,31,31,31,3,0.0149676727601063,0,0.948683298050514,-0.00797727166565,0,0.0,0,0,0.0,0.0,35,3.58351893845611,26,32,2,0.0,3.4657359027997265,3.4657359027997265,0.0
853,28,13,True,1,0.0476671583661471,3,3,0,0.7745966692414834,0.0239733522637597,0.025441415554447,0.0236938061023873,0,0.0,0.0,0,-0.8277940218965809,-0.9077873826026917,0.0799933607061107,32,32,32,3,0.0487959300235547,0,0.7745966692414834,0.024822577759795,0,0.0,0,0,0.0,0.0,32,3.4965075614664802,25,33,2,0.0,3.4965075614664802,3.4965075614664802,0.0
854,28,14,True,2,0.0828411061149296,3,3,0,0.632455532033676,0.0558292675819184,0.0242792892933848,0.0270118385330112,0,0.0,0.0,0,-0.8030370008900867,-0.856390655040741,0.0533536541506542,267,267,267,3,0.0830030920956332,0,0.632455532033676,0.0271738245137148,0,0.0,0,0,0.0,0.0,268,5.594711379601839,24,32,2,0.0,5.5909869805108565,5.5909869805108565,0.0
855,28,15,True,4,0.1162461928018466,1,1,0,0.316227766016838,0.1202056722609383,0.0188141919855433,-0.0039594794590916,0,0.0,0.0,0,-0.7782585847261247,-0.7347888946533203,0.0434696900728044,375,375,375,1,0.1175940374215849,0,0.316227766016838,-0.0026116348393533,0,0.0,0,0,0.0,0.0,617,6.42648845745769,23,31,2,0.0,5.929589143389895,5.929589143389895,0.0
856,28,16,True,2,0.1527780249706106,3,3,0,0.948683298050514,0.1624420226808879,0.0154077980561629,-0.0096639977102773,0,0.0,0.0,0,-0.7347918742195917,-0.664646565914154,0.0701453083054376,1091,1091,1091,3,0.1553808366795253,0,0.948683298050514,-0.0070611860013626,0,0.0,0,0,0.0,0.0,1249,7.1308988302963465,22,26,2,0.0,6.9957661563048505,6.9957661563048505,0.0
857,28,17,True,3,0.1866875474154669,1,1,0,0.3999999999999999,0.193314804859375,0.0202799915652496,-0.006627257443908,0,0.0,0.0,0,-0.7022023970766909,-0.5888911485671997,0.1133112485094911,892,892,892,1,0.1889630920707511,0,0.3999999999999999,-0.0043517127886238,0,0.0,0,0,0.0,0.0,1609,7.383989457978509,21,27,2,0.0,6.794586580876499,6.794586580876499,0.0
858,28,18,True,2,0.2975003616853294,0,2,1,-0.1054092553389459,-0.7792208956950011,0.2028757929063968,1.0767212573803304,1,1.0767212573803304,0.457770825888377,1,-0.5942797054180018,-0.418182909488678,0.1760967959293238,99,0,0,0,0.2966117021941475,1,-0.1054092553389459,1.0758325978891483,1,1.0758325978891483,1,1,1.0758325978891483,0.4873325807264909,1067,6.97354301952014,18,28,2,-4.605170185988092,0.0,0.0,-0.10157941121724434
859,28,19,True,3,0.2627259591806579,2,1,1,0.7999999999999999,0.2691111234461091,0.0161841501431115,-0.0063851642654511,0,0.0,0.0,0,-0.5830826533241681,-0.5770745873451233,0.0060080659790447,861,799,799,1,0.2637139713088266,0,1.0,-0.0053971521372824,0,0.0,0,0,0.0,0.0,1661,7.415776975415394,19,29,2,-0.0746435429957657,6.684611727667927,6.684611727667927,-0.03140878677368164
860,28,20,True,3,0.4498232255990405,3,3,0,1.0,0.4512651265969728,0.0152137335085894,-0.0014419009979322,0,0.0,0.0,0,-0.2924406331158184,-0.2727989554405212,0.0196416776752971,887,887,887,3,0.4499795065303372,0,1.0,-0.0012856200666355,0,0.0,0,0,0.0,0.0,953,6.860663671448287,14,26,2,0.0,6.78897174299217,6.78897174299217,0.0
861,28,21,True,4,0.488647782005176,0,0,0,0.1999999999999999,0.5017132629360195,0.0126295558071685,-0.0130654809308434,0,0.0,0.0,0,-0.2557274051486285,-0.1588128060102462,0.0969145991383822,1673,1673,1673,0,0.4887152568442118,0,0.3999999999999999,-0.0129980060918076,0,0.0,0,0,0.0,0.0,7568,8.931816237309167,13,25,3,0.0,7.422971251049421,7.422971251049421,0.0
862,28,22,True,4,0.4498523517811028,2,2,0,0.1999999999999999,0.4495100845509749,0.014955653432845,0.0003422672301279,0,0.0,0.0,0,-0.3416714355504218,-0.2651019692420959,0.0765694663083259,6847,6847,6847,2,0.4500065740889523,0,0.316227766016838,0.0004964895379774,0,0.0,0,0,0.0,0.0,13312,9.496496280431916,14,26,2,0.0,8.831711917821577,8.831711917821577,0.0
863,28,23,True,2,0.655849297554997,3,3,0,0.948683298050514,0.6672974854456782,0.0115068558628006,-0.0114481878906812,0,0.0,0.0,0,0.4674253063067122,0.3699929118156433,0.0974323944910689,1711,1711,1711,3,0.6553500058091644,0,0.948683298050514,-0.0119474796365138,0,0.0,0,0,0.0,0.0,1722,7.45182223652793,9,27,3,0.0,7.445417556701687,7.445417556701687,0.0
864,28,24,True,3,0.6960840529600041,3,1,1,0.7999999999999999,0.7097131047915413,0.0073556357773308,-0.0136290518315371,0,0.0,0.0,0,0.5091652453911485,0.5278083086013794,0.0186430632102309,91,1918,91,3,0.695366546713029,1,0.7999999999999999,-0.0143465580785122,0,0.0,0,0,0.0,0.0,2014,7.608374474380783,8,28,3,3.0377709189586595,7.5595594960077,4.5217885770490405,0.9034891538321972
865,28,25,True,4,0.736550033038223,3,3,0,0.316227766016838,0.7453765611468809,0.0091425509822469,-0.0088265281086579,0,0.0,0.0,0,0.5046060958159515,0.3110164403915405,0.1935896554244109,735,735,735,3,0.7357401915585131,0,0.316227766016838,-0.0096363695883677,0,0.0,0,0,0.0,0.0,768,6.645090969505644,7,29,2,0.0,6.601230118728877,6.601230118728877,0.0
866,28,26,True,3,0.7785884463612534,1,1,0,0.3999999999999999,0.7813627835251569,0.010304015814868,-0.0027743371639035,0,0.0,0.0,0,0.5446070362912518,0.4718464016914367,0.072760634599815,600,600,600,1,0.7776256948350743,0,0.3999999999999999,-0.0037370886900826,0,0.0,0,0,0.0,0.0,1225,7.111512116496157,6,30,2,0.0,6.398594934535208,6.398594934535208,0.0
867,28,27,True,2,0.9079316670656288,3,3,0,0.948683298050514,0.90477700998,0.006561738949132,0.0031546570856287,0,0.0,0.0,0,0.7984664403840996,0.8395861983299255,0.0411197579458259,3239,3239,3239,3,0.9074002403094698,0,0.948683298050514,0.0026232303294696,0,0.0,0,0,0.0,0.0,3793,8.24117615049496,3,33,2,0.0,8.083328608786376,8.083328608786376,0.0
868,28,28,True,3,0.951579715618053,1,1,0,0.3999999999999999,0.9501396000000002,0.0056297497066921,0.0014401156180527,0,0.0,0.0,0,0.8588241595897721,1.045285940170288,0.186461780580516,1773,1773,1773,1,0.9512416464404252,0,0.3999999999999999,0.0011020464404251,0,0.0,0,0,0.0,0.0,3335,8.112527763478637,2,34,2,0.0,7.480992162869525,7.480992162869525,0.0
869,28,29,True,3,0.994694601576754,1,1,0,1.0,0.996,0.0027529888064467,-0.001305398423246,0,0.0,0.0,0,0.9934221751171962,1.185873031616211,0.1924508564990147,627,627,627,1,0.9955428660948736,0,1.0,-0.0004571339051263,0,0.0,0,0,0.0,0.0,645,6.470799503782602,1,32,2,0.0,6.4425401664681985,6.4425401664681985,0.0
876,29,6,True,1,-0.2700850605033562,0,0,0,0.7745966692414834,-2.4366329639360047,0.1070726536358531,2.166547903432648,0,0.0,0.0,0,-1.249028381868334,-1.0864059925079346,0.1626223893603995,5,5,5,0,-1.6740786744422202,0,0.7745966692414834,0.7625542894937845,0,0.0,0,0,0.0,0.0,5,1.791759469228055,35,31,2,0.0,1.791759469228055,1.791759469228055,0.0
877,29,7,True,2,-0.119124686880006,3,3,0,0.948683298050514,-0.0977252409027433,0.0164503791133647,-0.0213994459772626,0,0.0,0.0,0,-0.9823007547628806,-0.9463478922843932,0.0359528624784872,682,682,682,3,-0.1192639081494375,0,0.948683298050514,-0.0215386672466942,0,0.0,0,0,0.0,0.0,731,6.595780513961311,30,32,2,0.0,6.52649485957079,6.52649485957079,0.0
878,29,8,True,2,-0.0869241565295029,3,3,0,0.948683298050514,-0.0871051320705631,0.0197814408439721,0.0001809755410601,0,0.0,0.0,0,-0.9527350719243218,-0.8297716975212097,0.1229633744031121,693,693,693,3,-0.0869410531839604,0,0.948683298050514,0.0001640788866026,0,0.0,0,0,0.0,0.0,694,6.543911845564792,29,31,2,0.0,6.542471960506805,6.542471960506805,0.0
879,29,9,True,3,-0.0548598597208157,3,3,0,1.0,-0.0388284874485701,0.0164704651584356,-0.0160313722722455,0,0.0,0.0,0,-0.929550896278972,-0.8651164770126343,0.0644344192663378,652,652,652,3,-0.0542568269993511,0,0.7999999999999999,-0.015428339550781,0,0.0,0,0,0.0,0.0,846,6.741700694652055,28,30,3,0.0,6.481577129276431,6.481577129276431,0.0
880,29,10,True,2,-0.0211399445284534,3,3,0,0.948683298050514,-0.0408737885566235,0.0235172582698594,0.0197338440281701,0,0.0,0.0,0,-0.8843026845233268,-0.8116218447685242,0.0726808397548026,519,519,519,3,-0.0202536417361542,0,0.948683298050514,0.0206201468204693,0,0.0,0,0,0.0,0.0,656,6.48768401848461,27,31,3,0.0,6.253828811575473,6.253828811575473,0.0
881,29,11,True,3,0.012244586570596,3,3,0,1.0,0.0229449444257564,0.0180505357698327,-0.0107003578551603,0,0.0,0.0,0,-0.8437226420728694,-0.733888566493988,0.1098340755788813,658,658,658,3,0.0140284480766019,0,1.0,-0.0089164963491544,0,0.0,0,0,0.0,0.0,869,6.76849321164863,26,32,3,0.0,6.490723534502507,6.490723534502507,0.0
882,29,12,True,2,0.0465953759556472,3,3,0,0.948683298050514,0.0311006717041596,0.0223520618944238,0.0154947042514875,0,0.0,0.0,0,-0.7948671788329787,-0.6990902423858643,0.0957769364471144,672,672,672,3,0.0487708276744635,0,0.948683298050514,0.0176701559703038,0,0.0,0,0,0.0,0.0,675,6.516193076042964,25,33,2,0.0,6.511745329644728,6.511745329644728,0.0
883,29,13,True,2,0.0808369095271377,3,3,0,0.948683298050514,0.0574164961492057,0.0246276137025503,0.023420413377932,0,0.0,0.0,0,-0.7693936469807091,-0.6752175688743591,0.0941760781063499,661,661,661,3,0.083002421637654,0,0.948683298050514,0.0255859254884483,0,0.0,0,0,0.0,0.0,663,6.498282149476434,24,32,2,0.0,6.495265555937008,6.495265555937008,0.0
884,29,14,True,2,0.1153961119856421,3,3,0,0.948683298050514,0.1218089334400163,0.0191232836724718,-0.0064128214543742,0,0.0,0.0,0,-0.7442707686437758,-0.5861042141914368,0.158166554452339,677,677,677,3,0.1175940199635787,0,0.948683298050514,-0.0042149134764376,0,0.0,0,0,0.0,0.0,681,6.525029657843462,23,31,2,0.0,6.519147287940395,6.519147287940395,0.0
885,29,15,True,3,0.1502546815261639,3,3,0,1.0,0.1640614784173305,0.0157333152776849,-0.0138067968911665,0,0.0,0.0,0,-0.718861734410174,-0.4844183921813965,0.2344433422287775,702,702,702,3,0.1525730887686045,0,1.0,-0.0114883896487259,0,0.0,0,0,0.0,0.0,1035,6.943122422819428,22,30,3,0.0,6.555356891810665,6.555356891810665,0.0
886,29,16,True,3,0.1868554446051323,3,3,0,1.0,0.187093043696181,0.0217709812660759,-0.0002375990910486,0,0.0,0.0,0,-0.6544730452127072,-0.4366564154624939,0.2178166297502133,729,729,729,3,0.1888899813281995,0,1.0,0.0017969376320185,0,0.0,0,0,0.0,0.0,735,6.601230118728877,21,29,2,0.0,6.593044534142437,6.593044534142437,0.0
887,29,17,True,3,0.2226537609543715,3,3,0,1.0,0.2298291349624392,0.0150382953933165,-0.0071753740080677,0,0.0,0.0,0,-0.626855437746271,-0.4340530037879944,0.1928024339582765,1056,1056,1056,3,0.2246942323837627,0,1.0,-0.0051349025786765,0,0.0,0,0,0.0,0.0,1591,7.3727463664043285,20,28,3,0.0,6.963189985870238,6.963189985870238,0.0
888,29,18,True,4,0.2602419116984198,3,3,0,0.632455532033676,0.2724159648442038,0.0163752491357182,-0.0121740531457839,0,0.0,0.0,0,-0.5477084805039284,-0.4346130490303039,0.1130954314736244,1131,1131,1131,3,0.261841317570997,0,0.632455532033676,-0.0105746472732067,0,0.0,0,0,0.0,0.0,1143,7.042286171939743,19,29,2,0.0,7.0317412587631285,7.0317412587631285,0.0
889,29,19,True,3,0.29749735345395,3,3,0,1.0,0.2960414047484079,0.0210930415596193,0.0014559487055421,0,0.0,0.0,0,-0.5181819117999051,-0.4989984035491943,0.0191835082507108,1191,1191,1191,3,0.2984646356535458,0,1.0,0.0024232309051378,0,0.0,0,0,0.0,0.0,1892,7.545918151209323,18,30,3,0.0,7.083387847625295,7.083387847625295,0.0
890,29,20,True,3,0.3371650673876377,3,3,0,1.0,0.3506726958047534,0.0171154855859118,-0.0135076284171157,0,0.0,0.0,0,-0.4370807115457836,-0.4971895813941955,0.0601088698484119,1189,1189,1189,3,0.3364129320462407,0,1.0,-0.0142597637585127,0,0.0,0,0,0.0,0.0,1210,7.099201743553092,17,29,2,0.0,7.081708586105575,7.081708586105575,0.0
891,29,21,True,4,0.3740690613765443,3,3,0,0.632455532033676,0.3644164283119212,0.0195331903303843,0.009652633064623,0,0.0,0.0,0,-0.4055771702486745,-0.5442364811897278,0.1386593109410532,1855,1855,1855,3,0.3738722273300863,0,0.632455532033676,0.009455799018165,0,0.0,0,0,0.0,0.0,1894,7.546974117516527,16,28,2,0.0,7.526178913346146,7.526178913346146,0.0
892,29,22,True,2,0.4119696793600504,0,0,0,0.948683298050514,0.4200733240491868,0.0136599551842208,-0.0081036446891363,0,0.0,0.0,0,-0.3752720816752534,-0.3744277358055115,0.0008443458697419,7703,7703,7703,0,0.4117273622813022,0,0.948683298050514,-0.0083459617678846,0,0.0,0,0,0.0,0.0,8239,9.016755622903517,15,27,2,0.0,8.949494953477961,8.949494953477961,0.0
893,29,23,True,2,0.6917492492525109,3,3,0,0.948683298050514,0.7078489740957273,0.0073444357605054,-0.0160997248432164,0,0.0,0.0,0,0.5072349779497781,0.2431778460741043,0.2640571318756738,114,114,114,3,0.6932798343234489,0,0.948683298050514,-0.0145691397722784,0,0.0,0,0,0.0,0.0,118,4.77912349311153,8,28,2,0.0,4.74493212836325,4.74493212836325,0.0
894,29,24,True,4,0.7353372989923749,3,3,0,0.3999999999999999,0.747259521445683,0.009150925784699,-0.011922222453308,0,0.0,0.0,0,0.5511241823270776,0.5510943531990051,2.9829128072478284e-05,1708,1708,1708,3,0.7346356209453031,0,0.3999999999999999,-0.0126239005003798,0,0.0,0,0,0.0,0.0,2030,7.616283561580385,7,29,3,0.0,7.443663683115591,7.443663683115591,0.0
895,29,25,True,3,0.7779708089611984,3,3,0,0.3999999999999999,0.7851477239237589,0.0099670525446249,-0.0071769149625604,0,0.0,0.0,0,0.6084422754769567,0.5725351572036743,0.0359071182732824,1750,1750,1750,3,0.7775969330016425,0,0.3999999999999999,-0.0075507909221164,0,0.0,0,0,0.0,0.0,1824,7.509335266016592,6,30,2,0.0,7.467942332285852,7.467942332285852,0.0
896,29,26,True,4,0.8209868460585564,3,3,0,0.1999999999999999,0.8157169360875821,0.0103544052764172,0.0052699099709743,0,0.0,0.0,0,0.6531946654320151,0.6363564133644104,0.0168382520676046,2293,2293,2293,3,0.8200094493034833,0,0.1999999999999999,0.0042925132159011,0,0.0,0,0,0.0,0.0,2832,7.949091499830517,5,31,3,0.0,7.738052297689316,7.738052297689316,0.0
897,29,27,True,2,0.864988529474797,0,0,0,0.948683298050514,0.8696298418601998,0.0068986335828063,-0.0046413123854027,0,0.0,0.0,0,0.7296685725449616,0.7405813932418823,0.0109128206969206,2292,2292,2292,0,0.864015785306321,0,0.948683298050514,-0.0056140565538788,0,0.0,0,0,0.0,0.0,2841,7.952263308657046,4,32,2,0.0,7.737616282857904,7.737616282857904,0.0
898,29,28,True,2,0.9958232306288658,3,3,0,0.948683298050514,1.0,0.0,-0.0041767693711342,0,0.0,0.0,0,0.9843845560911104,1.0967978239059448,0.1124132678148345,1677,1677,1677,3,0.9955741512355608,0,0.948683298050514,-0.0044258487644391,0,0.0,0,0,0.0,0.0,1766,7.4770384723196965,1,34,2,0.0,7.425357887027151,7.425357887027151,0.0
