state,row,col,covered,n_actions_covered,pi_d_star_V,pi_d_star_action,best_config_action,argmax_disagree,rank_correlation,ppo_discounted_return,ppo_discounted_return_stderr,value_gap,is_disagreement,severity_raw,severity,statistically_significant,true_value_pi_beta,critic_pred_pi_beta,critic_abs_error,n_pi_d_star_action,n_best_config_action,pair_min_samples,pi_d_star_action_cross,pi_d_star_V_cross,argmax_disagree_cross,rank_correlation_cross,value_gap_cross,is_disagreement_cross,severity_raw_cross,statistically_significant_cross,is_disagreement_strict,references_agree_on_action,severity_raw_strict,severity_strict
0,0,0,True,2,-1.0108733140913695,3,3,0,0.9486832980505139,-2.5980609754261117,0.0,1.5871876613347422,0,0.0,0.0,0,-2.941119432899005,-3.014535665512085,0.07341623261307983,961,961,961,3,-1.1640552873581527,0,0.9486832980505139,1.434005688067959,0,0.0,0,0,1,0.0,0.0
1,0,1,True,4,-0.9891048893624783,3,3,0,0.19999999999999998,-2.5980609754261117,0.0,1.6089560860636334,0,0.0,0.0,0,-2.940471282830884,-2.9673492908477783,0.026878008016894217,1040,1040,1040,3,-1.1440067510475675,0,0.316227766016838,1.4540542243785441,0,0.0,0,0,1,0.0,0.0
2,0,2,True,4,-0.9664255754044785,3,3,0,0.39999999999999997,-2.5980609754261117,0.0,1.6316354000216333,0,0.0,0.0,0,-2.9395307073398156,-2.930248975753784,0.009281731586031405,1235,1235,1235,3,-1.1231974321688218,0,0.316227766016838,1.4748635432572899,0,0.0,0,0,1,0.0,0.0
3,0,3,True,4,-0.9436559642954541,1,3,1,0.0,-2.5980609754261117,0.0,1.6544050111306576,1,1.6544050111306576,0.5889899895008813,1,-2.9384178189861943,-2.855877161026001,0.08254065796019328,3378,3,3,1,-1.1021403136096508,1,0.316227766016838,1.4959206618164609,1,1.4959206618164609,1,1,1,1.4959206618164609,0.5584261701051856
4,0,4,False,0,-50.0,0,3,1,,-2.5980609754261117,0.0,-47.40193902457389,0,0.0,0.0,0,-2.9999592935451904,-3.136704683303833,0.1367453897586426,0,0,0,0,-50.0,1,,-47.40193902457389,0,0.0,0,0,1,0.0,0.0
5,0,5,False,0,-50.0,0,3,1,,-2.5980609754261117,0.0,-47.40193902457389,0,0.0,0.0,0,-2.9999589261507396,-3.0722248554229736,0.07226592927223408,0,0,0,0,-50.0,1,,-47.40193902457389,0,0.0,0,0,1,0.0,0.0
6,0,6,False,0,-50.0,0,3,1,,-2.5980609754261117,0.0,-47.40193902457389,0,0.0,0.0,0,-2.999957247225436,-2.990739107131958,0.009218140093477878,0,0,0,0,-50.0,1,,-47.40193902457389,0,0.0,0,0,1,0.0,0.0
7,0,7,False,0,-50.0,0,3,1,,-2.5980609754261117,0.0,-47.40193902457389,0,0.0,0.0,0,-2.9999507813293294,-2.872119188308716,0.12783159302061353,0,0,0,0,-50.0,1,,-47.40193902457389,0,0.0,0,0,1,0.0,0.0
8,0,8,False,0,-50.0,0,3,1,,-2.5980609754261117,0.0,-47.40193902457389,0,0.0,0.0,0,-2.999926859333659,-2.7554876804351807,0.24443917889847855,0,0,0,0,-50.0,1,,-47.40193902457389,0,0.0,0,0,1,0.0,0.0
9,0,9,False,0,-50.0,0,2,1,,-2.5980609754261117,0.0,-47.40193902457389,0,0.0,0.0,0,-2.999927856889136,-2.734421491622925,0.2655063652662113,0,0,0,0,-50.0,1,,-47.40193902457389,0,0.0,0,0,1,0.0,0.0
10,0,10,False,0,-50.0,0,1,1,,-2.5980609754261117,0.0,-47.40193902457389,0,0.0,0.0,0,-2.9994495717889267,-2.2975127696990967,0.70193680208983,0,0,0,0,-50.0,1,,-47.40193902457389,0,0.0,0,0,1,0.0,0.0
11,0,11,False,0,-50.0,0,2,1,,-2.5980609754261117,0.0,-47.40193902457389,0,0.0,0.0,0,-2.999281237427351,-2.1336138248443604,0.8656674125829906,0,0,0,0,-50.0,1,,-47.40193902457389,0,0.0,0,0,1,0.0,0.0
12,0,12,False,0,-50.0,0,3,1,,-2.5980609754261117,0.0,-47.40193902457389,0,0.0,0.0,0,-2.9972998426165707,-2.0363590717315674,0.9609407708850033,0,0,0,0,-50.0,1,,-47.40193902457389,0,0.0,0,0,1,0.0,0.0
13,0,13,False,0,-50.0,0,1,1,,-2.5980609754261117,0.0,-47.40193902457389,0,0.0,0.0,0,-2.9973118848628886,-1.985916256904602,1.0113956279582865,0,0,0,0,-50.0,1,,-47.40193902457389,0,0.0,0,0,1,0.0,0.0
14,0,14,False,0,-50.0,0,2,1,,-2.5980609754261117,0.0,-47.40193902457389,0,0.0,0.0,0,-2.997342769142538,-1.7787212133407593,1.2186215558017786,0,0,0,0,-50.0,1,,-47.40193902457389,0,0.0,0,0,1,0.0,0.0
15,0,15,False,0,-50.0,0,2,1,,-2.5980609754261117,0.0,-47.40193902457389,0,0.0,0.0,0,-2.997372074421507,-1.8774693012237549,1.1199027731977522,0,0,0,0,-50.0,1,,-47.40193902457389,0,0.0,0,0,1,0.0,0.0
16,0,16,False,0,-50.0,0,1,1,,-2.5980609754261117,0.0,-47.40193902457389,0,0.0,0.0,0,-2.9973175303735915,-1.3673443794250488,1.6299731509485427,0,0,0,0,-50.0,1,,-47.40193902457389,0,0.0,0,0,1,0.0,0.0
17,0,17,False,0,-50.0,0,2,1,,-2.5980609754261117,0.0,-47.40193902457389,0,0.0,0.0,0,-2.9945524265195655,-1.2299067974090576,1.764645629110508,0,0,0,0,-50.0,1,,-47.40193902457389,0,0.0,0,0,1,0.0,0.0
18,0,18,False,0,-50.0,0,2,1,,-2.5980609754261117,0.0,-47.40193902457389,0,0.0,0.0,0,-2.9369512043647434,-1.2370059490203857,1.6999452553443577,0,0,0,0,-50.0,1,,-47.40193902457389,0,0.0,0,0,1,0.0,0.0
19,0,19,False,0,-50.0,0,2,1,,-2.5980609754261117,0.0,-47.40193902457389,0,0.0,0.0,0,-1.6022247840329251,-1.5019900798797607,0.10023470415316438,0,0,0,0,-50.0,1,,-47.40193902457389,0,0.0,0,0,1,0.0,0.0
20,0,20,False,0,-50.0,0,2,1,,-2.5980609754261117,0.0,-47.40193902457389,0,0.0,0.0,0,-1.5914931640794638,-1.5694692134857178,0.022023950593746067,0,0,0,0,-50.0,1,,-47.40193902457389,0,0.0,0,0,1,0.0,0.0
21,0,21,False,0,-50.0,0,1,1,,-2.0201320268282403,0.24600164807873381,-47.97986797317176,0,0.0,0.0,0,-1.6127358916268382,-1.661329746246338,0.04859385461949972,0,0,0,0,-50.0,1,,-47.97986797317176,0,0.0,0,0,1,0.0,0.0
22,0,22,False,0,-50.0,0,2,1,,-2.000273964554953,0.25091269098611085,-47.99972603544505,0,0.0,0.0,0,-1.7275176648790904,-1.7452419996261597,0.017724334747069248,0,0,0,0,-50.0,1,,-47.99972603544505,0,0.0,0,0,1,0.0,0.0
23,0,23,False,0,-50.0,0,1,1,,-2.5980609754261117,0.0,-47.40193902457389,0,0.0,0.0,0,-2.116717358686661,-1.8870495557785034,0.2296678029081578,0,0,0,0,-50.0,1,,-47.40193902457389,0,0.0,0,0,1,0.0,0.0
24,0,24,False,0,-50.0,0,2,1,,-2.5980609754261117,0.0,-47.40193902457389,0,0.0,0.0,0,-2.1272153491239405,-1.669048547744751,0.4581668013791895,0,0,0,0,-50.0,1,,-47.40193902457389,0,0.0,0,0,1,0.0,0.0
25,0,25,False,0,-50.0,0,2,1,,-2.5980609754261117,0.0,-47.40193902457389,0,0.0,0.0,0,-2.158959428074532,-1.798312783241272,0.36064664483326014,0,0,0,0,-50.0,1,,-47.40193902457389,0,0.0,0,0,1,0.0,0.0
26,0,26,False,0,-50.0,0,1,1,,-2.5980609754261117,0.0,-47.40193902457389,0,0.0,0.0,0,-2.947884621083829,-2.222768783569336,0.725115837514493,0,0,0,0,-50.0,1,,-47.40193902457389,0,0.0,0,0,1,0.0,0.0
27,0,27,False,0,-50.0,0,1,1,,-2.5980609754261117,0.0,-47.40193902457389,0,0.0,0.0,0,-2.9817828797424557,-2.3397653102874756,0.6420175694549801,0,0,0,0,-50.0,1,,-47.40193902457389,0,0.0,0,0,1,0.0,0.0
28,0,28,False,0,-50.0,0,2,1,,-2.5980609754261117,0.0,-47.40193902457389,0,0.0,0.0,0,-2.981985249102091,-2.2035627365112305,0.7784225125908604,0,0,0,0,-50.0,1,,-47.40193902457389,0,0.0,0,0,1,0.0,0.0
29,0,29,False,0,-50.0,0,2,1,,-2.5980609754261117,0.0,-47.40193902457389,0,0.0,0.0,0,-2.98218043372216,-2.456254243850708,0.525926189871452,0,0,0,0,-50.0,1,,-47.40193902457389,0,0.0,0,0,1,0.0,0.0
30,1,0,True,1,-2.9999989435144254,3,3,0,0.7745966692414834,-2.5980609754261117,0.0,-0.4019379680883137,0,0.0,0.0,0,-3.0000090015486665,-3.130660057067871,0.13065105551920464,1,1,1,3,-4.255455946689682,0,0.7745966692414834,-1.65739497126357,0,0.0,0,0,1,0.0,0.0
31,1,1,True,2,-2.9999989435144254,3,3,0,0.9486832980505139,-2.5980609754261117,0.0,-0.4019379680883137,0,0.0,0.0,0,-3.0000091827760147,-3.0883824825286865,0.08837329975267183,3,3,3,1,-3.0328265213820993,1,0.7378647873726218,-0.4347655459559876,0,0.0,0,0,0,0.0,0.0
32,1,2,True,2,-2.999998943514425,1,1,0,0.9486832980505139,-2.5980609754261117,0.0,-0.4019379680883133,0,0.0,0.0,0,-3.0000089748515593,-3.0689899921417236,0.06898101729016437,24,24,24,1,-3.0010017993406817,0,0.9486832980505139,-0.40294082391457,0,0.0,0,0,1,0.0,0.0
33,1,3,True,4,-0.9205399078954664,1,1,0,0.39999999999999997,-2.5980609754261117,0.0,1.6775210675306453,0,0.0,0.0,0,-2.937481770367163,-2.881727933883667,0.05575383648349597,1784,1784,1784,1,-1.0808465537972096,0,0.316227766016838,1.517214421628902,0,0.0,0,0,1,0.0,0.0
34,1,4,True,2,-0.844441249078721,1,3,1,0.7378647873726218,-2.5980609754261117,0.0,1.7536197263473907,1,1.7536197263473907,0.6243117357967898,1,-2.99040017318862,-2.756469488143921,0.23393068504469916,68,115,68,1,-1.0152173268458013,1,0.7378647873726218,1.5828436485803103,1,1.5828436485803103,1,1,1,1.5828436485803103,0.5908744622049145
35,1,5,True,4,-0.8691580833214572,2,3,1,-0.19999999999999998,-2.5980609754261117,0.0,1.7289028921046545,1,1.7289028921046545,0.6155122170313243,1,-2.9920950571853195,-2.753676652908325,0.23841840427699434,168,365,168,2,-1.0372373374606614,1,-0.316227766016838,1.5608236379654503,1,1.5608236379654503,1,1,1,1.5608236379654503,0.582654407153064
36,1,6,True,4,-0.8929603865134261,2,3,1,-0.39999999999999997,-2.5980609754261117,0.0,1.7051005889126856,1,1.7051005889126856,0.6070382833737168,1,-2.9927945811818493,-2.7452800273895264,0.2475145537923229,427,592,427,2,-1.0589423110026652,1,-0.316227766016838,1.5391186644234465,1,1.5391186644234465,1,1,1,1.5391186644234465,0.5745519552271859
37,1,7,True,3,-0.9097882559242538,1,3,1,0.39999999999999997,-2.5980609754261117,0.0,1.6882727195018579,1,1.6882727195018579,0.6010473400672578,1,-2.9932571266511565,-2.8034913539886475,0.18976577266250905,2039,4,4,1,-1.0777605991285863,1,0.39999999999999997,1.5203003762975253,1,1.5203003762975253,1,1,1,1.5203003762975253,0.5675271010124352
38,1,8,False,0,-50.0,0,0,0,,-2.5980609754261117,0.0,-47.40193902457389,0,0.0,0.0,0,-2.999924386454354,-2.793600559234619,0.20632382721973475,0,0,0,0,-50.0,0,,-47.40193902457389,0,0.0,0,0,1,0.0,0.0
39,1,9,False,0,-50.0,0,3,1,,-2.5980609754261117,0.0,-47.40193902457389,0,0.0,0.0,0,-2.999866088983755,-2.6059391498565674,0.39392693912718757,0,0,0,0,-50.0,1,,-47.40193902457389,0,0.0,0,0,1,0.0,0.0
40,1,10,False,0,-50.0,0,2,1,,-2.5980609754261117,0.0,-47.40193902457389,0,0.0,0.0,0,-2.999577255034962,-2.4229416847229004,0.5766355703120616,0,0,0,0,-50.0,1,,-47.40193902457389,0,0.0,0,0,1,0.0,0.0
41,1,11,True,2,-0.9082178213660944,1,3,1,0.7378647873726218,-2.5980609754261117,0.0,1.6898431540600174,1,1.6898431540600174,0.6016064354687459,1,-2.994787836993102,-2.226062774658203,0.7687250623348989,9,2,2,1,-3.627217982595484,1,0.7378647873726218,-1.0291570071693723,0,0.0,0,0,1,0.0,0.0
42,1,12,False,0,-50.0,0,1,1,,-2.5980609754261117,0.0,-47.40193902457389,0,0.0,0.0,0,-2.997179035756359,-2.184748411178589,0.8124306245777699,0,0,0,0,-50.0,1,,-47.40193902457389,0,0.0,0,0,1,0.0,0.0
43,1,13,False,0,-50.0,0,2,1,,-2.5980609754261117,0.0,-47.40193902457389,0,0.0,0.0,0,-2.9972754585158796,-2.1195123195648193,0.8777631389510603,0,0,0,0,-50.0,1,,-47.40193902457389,0,0.0,0,0,1,0.0,0.0
44,1,14,False,0,-50.0,0,1,1,,-2.5980609754261117,0.0,-47.40193902457389,0,0.0,0.0,0,-2.9974419594404274,-1.7011489868164062,1.296292972624021,0,0,0,0,-50.0,1,,-47.40193902457389,0,0.0,0,0,1,0.0,0.0
45,1,15,False,0,-50.0,0,2,1,,-2.5980609754261117,0.0,-47.40193902457389,0,0.0,0.0,0,-2.997532067335084,-1.7603281736373901,1.2372038936976937,0,0,0,0,-50.0,1,,-47.40193902457389,0,0.0,0,0,1,0.0,0.0
46,1,16,False,0,-50.0,0,1,1,,-2.5980609754261117,0.0,-47.40193902457389,0,0.0,0.0,0,-2.9977368397756803,-1.461656093597412,1.5360807461782682,0,0,0,0,-50.0,1,,-47.40193902457389,0,0.0,0,0,1,0.0,0.0
47,1,17,False,0,-50.0,0,2,1,,-2.5980609754261117,0.0,-47.40193902457389,0,0.0,0.0,0,-2.9977628985686717,-1.3670756816864014,1.6306872168822704,0,0,0,0,-50.0,1,,-47.40193902457389,0,0.0,0,0,1,0.0,0.0
48,1,18,False,0,-50.0,0,2,1,,-2.5980609754261117,0.0,-47.40193902457389,0,0.0,0.0,0,-2.9977872359583055,-1.5362273454666138,1.4615598904916918,0,0,0,0,-50.0,1,,-47.40193902457389,0,0.0,0,0,1,0.0,0.0
49,1,19,False,0,-50.0,0,1,1,,-1.8020964822499015,0.20735845921038826,-48.1979035177501,0,0.0,0.0,0,-1.536307489559846,-1.3812588453292847,0.15504864423056142,0,0,0,0,-50.0,1,,-48.1979035177501,0,0.0,0,0,1,0.0,0.0
50,1,20,False,0,-50.0,0,2,1,,-1.8219545445231886,0.20621559921125376,-48.17804545547681,0,0.0,0.0,0,-1.556684715525908,-1.392220139503479,0.16446457602242903,0,0,0,0,-50.0,1,,-48.17804545547681,0,0.0,0,0,1,0.0,0.0
51,1,21,False,0,-50.0,0,2,1,,-1.7567706221812274,0.22241737490066854,-48.24322937781877,0,0.0,0.0,0,-1.5882362682543376,-1.6988444328308105,0.11060816457647293,0,0,0,0,-50.0,1,,-48.24322937781877,0,0.0,0,0,1,0.0,0.0
52,1,22,False,0,-50.0,0,1,1,,-2.5980609754261117,0.0,-47.40193902457389,0,0.0,0.0,0,-1.852401915961498,-1.8418126106262207,0.010589305335277244,0,0,0,0,-50.0,1,,-47.40193902457389,0,0.0,0,0,1,0.0,0.0
53,1,23,False,0,-50.0,0,1,1,,-2.5980609754261117,0.0,-47.40193902457389,0,0.0,0.0,0,-2.106161619704718,-1.8678994178771973,0.23826220182752067,0,0,0,0,-50.0,1,,-47.40193902457389,0,0.0,0,0,1,0.0,0.0
54,1,24,False,0,-50.0,0,1,1,,-2.5980609754261117,0.0,-47.40193902457389,0,0.0,0.0,0,-2.982997074985227,-2.2583529949188232,0.7246440800664038,0,0,0,0,-50.0,1,,-47.40193902457389,0,0.0,0,0,1,0.0,0.0
55,1,25,False,0,-50.0,0,2,1,,-2.5980609754261117,0.0,-47.40193902457389,0,0.0,0.0,0,-2.9838632948027657,-2.1632206439971924,0.8206426508055733,0,0,0,0,-50.0,1,,-47.40193902457389,0,0.0,0,0,1,0.0,0.0
56,1,26,False,0,-50.0,0,1,1,,-2.5980609754261117,0.0,-47.40193902457389,0,0.0,0.0,0,-2.9833446602039846,-2.116405487060547,0.8669391731434377,0,0,0,0,-50.0,1,,-47.40193902457389,0,0.0,0,0,1,0.0,0.0
57,1,27,False,0,-50.0,0,2,1,,-2.5980609754261117,0.0,-47.40193902457389,0,0.0,0.0,0,-2.9833549110458324,-2.1548562049865723,0.8284987060592601,0,0,0,0,-50.0,1,,-47.40193902457389,0,0.0,0,0,1,0.0,0.0
58,1,28,False,0,-50.0,0,1,1,,-1.2519430213451357,0.0069850673430717596,-48.748056978654866,0,0.0,0.0,0,-2.6552664560729036,-3.2076666355133057,0.5524001794404021,0,0,0,0,-50.0,1,,-48.748056978654866,0,0.0,0,0,1,0.0,0.0
59,1,29,False,0,-50.0,0,1,1,,-1.2377608633976778,0.010530606829936272,-48.762239136602325,0,0.0,0.0,0,-2.027427301483758,-3.3994271755218506,1.3719998740380928,0,0,0,0,-50.0,1,,-48.762239136602325,0,0.0,0,0,1,0.0,0.0
60,2,0,False,0,-50.0,0,0,0,,-2.5980609754261117,0.0,-47.40193902457389,0,0.0,0.0,0,-3.000008477066501,-3.145261526107788,0.14525304904128689,0,0,0,0,-50.0,0,,-47.40193902457389,0,0.0,0,0,1,0.0,0.0
61,2,1,True,1,-2.9999989435144254,3,3,0,0.7745966692414834,-2.5980609754261117,0.0,-0.4019379680883137,0,0.0,0.0,0,-3.0000092180969493,-3.090958833694458,0.09094961559750869,15,15,15,3,-3.0010010872519226,0,0.7745966692414834,-0.4029401118258109,0,0.0,0,0,1,0.0,0.0
62,2,2,True,3,-2.999998943514425,0,0,0,0.9486832980505139,-2.5980609754261117,0.0,-0.4019379680883133,0,0.0,0.0,0,-3.000009226500773,-3.0438239574432373,0.04381473094246413,24,24,24,1,-3.0001526221821084,1,0.19999999999999998,-0.40209164675599673,0,0.0,0,0,0,0.0,0.0
63,2,3,True,4,-0.8974787864567646,1,0,1,-0.39999999999999997,-2.5980609754261117,0.0,1.700582188969347,1,1.700582188969347,0.6054296734400653,1,-2.9343281603760976,-2.885619878768921,0.04870828160717666,717,1116,717,1,-1.0593138701855407,1,-0.316227766016838,1.538747105240571,1,1.538747105240571,1,1,1,1.538747105240571,0.5744132524358169
64,2,4,True,2,-0.8209024885996296,3,3,0,0.9486832980505139,-2.5980609754261117,0.0,1.7771584868264823,0,0.0,0.0,0,-2.9857756957865407,-2.747948408126831,0.23782728765970962,354,354,354,3,-0.9929483429590857,0,0.9486832980505139,1.605112632467026,0,0.0,0,0,1,0.0,0.0
65,2,5,True,3,-0.7950151191147465,1,3,1,0.7999999999999999,-2.5980609754261117,0.0,1.8030458563113652,1,1.8030458563113652,0.6419080895147073,1,-2.989546177776133,-2.7269413471221924,0.2626048306539408,935,392,392,1,-0.9698346722125121,1,0.7999999999999999,1.6282263032135997,1,1.6282263032135997,1,1,1,1.6282263032135997,0.6078157764490141
66,2,6,True,2,-0.8181587662548174,2,2,0,0.9486832980505139,-2.5980609754261117,0.0,1.7799022091712944,0,0.0,0.0,0,-2.989666606871475,-2.7255213260650635,0.26414528080641153,398,398,398,2,-0.991764624443541,0,0.9486832980505139,1.6062963509825707,0,0.0,0,0,1,0.0,0.0
67,2,7,True,4,-0.8873069133936018,3,0,1,-0.316227766016838,-2.5980609754261117,0.0,1.71075406203251,1,1.71075406203251,0.6090509943187914,1,-2.9933061400194734,-2.785173177719116,0.20813296230035716,187,2105,187,3,-1.0572783262619767,1,-0.316227766016838,1.540782649164135,1,1.540782649164135,1,1,1,1.540782649164135,0.5751731196041308
68,2,8,True,4,-0.8634519768650171,3,3,0,0.39999999999999997,-2.5980609754261117,0.0,1.7346089985610946,0,0.0,0.0,0,-2.9930333332015393,-2.637291669845581,0.35574166335595825,212,212,212,3,-1.0355102094278745,0,0.316227766016838,1.5625507659982372,0,0.0,0,0,1,0.0,0.0
69,2,9,True,3,-0.8393775733285986,1,3,1,-0.39999999999999997,-2.5980609754261117,0.0,1.758683402097513,1,1.758683402097513,0.6261144711045498,1,-2.992370099475787,-2.63153076171875,0.3608393377570369,960,0,0,1,-1.013469631980574,1,-0.39999999999999997,1.5845913434455376,1,1.5845913434455376,1,1,1,1.5845913434455376,0.591526875514666
70,2,10,True,3,-0.9107050771468062,3,3,0,0.9486832980505139,-2.5980609754261117,0.0,1.6873558982793055,0,0.0,0.0,0,-2.994187468849553,-2.4216792583465576,0.5725082105029955,47,47,47,3,-1.1476579395368571,0,0.9486832980505139,1.4504030358892546,0,0.0,0,0,1,0.0,0.0
71,2,11,True,3,-0.8870887091279259,1,0,1,0.39999999999999997,-2.5980609754261117,0.0,1.7109722662981857,1,1.7109722662981857,0.6091286779133676,1,-2.994117157276494,-2.424781084060669,0.5693360732158252,10,11,10,1,-1.1274303440090039,1,0.19999999999999998,1.4706306314171078,1,1.4706306314171078,1,1,1,1.4706306314171078,0.5489854188820521
72,2,12,False,0,-50.0,0,0,0,,-2.5980609754261117,0.0,-47.40193902457389,0,0.0,0.0,0,-2.9972130056741277,-2.294757127761841,0.7024558779122869,0,0,0,0,-50.0,0,,-47.40193902457389,0,0.0,0,0,1,0.0,0.0
73,2,13,False,0,-50.0,0,2,1,,-2.5980609754261117,0.0,-47.40193902457389,0,0.0,0.0,0,-2.9972524651041077,-2.037571907043457,0.9596805580606507,0,0,0,0,-50.0,1,,-47.40193902457389,0,0.0,0,0,1,0.0,0.0
74,2,14,False,0,-50.0,0,2,1,,-2.5980609754261117,0.0,-47.40193902457389,0,0.0,0.0,0,-2.997373369980088,-2.0291121006011963,0.9682612693788917,0,0,0,0,-50.0,1,,-47.40193902457389,0,0.0,0,0,1,0.0,0.0
75,2,15,False,0,-50.0,0,0,0,,-2.5980609754261117,0.0,-47.40193902457389,0,0.0,0.0,0,-2.997564918818657,-1.5622740983963013,1.4352908204223556,0,0,0,0,-50.0,0,,-47.40193902457389,0,0.0,0,0,1,0.0,0.0
76,2,16,False,0,-50.0,0,2,1,,-2.5980609754261117,0.0,-47.40193902457389,0,0.0,0.0,0,-2.997657390017807,-1.6669121980667114,1.3307451919510958,0,0,0,0,-50.0,1,,-47.40193902457389,0,0.0,0,0,1,0.0,0.0
77,2,17,True,3,-1.1772247486647787,1,1,0,0.7999999999999999,-1.8219545445231886,0.20621559921125376,0.64472979585841,0,0.0,0.0,0,-1.429506664488465,-1.3412060737609863,0.08830059072747876,180,180,180,1,-1.209840045672321,0,0.7999999999999999,0.6121144988508675,0,0.0,0,0,1,0.0,0.0
78,2,18,True,1,-1.1966547306424469,2,2,0,0.7745966692414834,-1.8020964822499015,0.20735845921038826,0.6054417516074546,0,0.0,0.0,0,-1.449328683976875,-1.2063884735107422,0.2429402104661329,16,16,16,2,-2.4991173296416918,0,0.7745966692414834,-0.6970208473917903,0,0.0,0,0,1,0.0,0.0
79,2,19,False,0,-50.0,0,2,1,,-1.8219545445231886,0.20621559921125376,-48.17804545547681,0,0.0,0.0,0,-1.4878776274301833,-1.472656011581421,0.01522161584876236,0,0,0,0,-50.0,1,,-48.17804545547681,0,0.0,0,0,1,0.0,0.0
80,2,20,False,0,-50.0,0,1,1,,-2.222474628589188,0.24917980275635876,-47.77752537141081,0,0.0,0.0,0,-1.6458164013566432,-1.6402918100357056,0.005524591320937633,0,0,0,0,-50.0,1,,-47.77752537141081,0,0.0,0,0,1,0.0,0.0
81,2,21,False,0,-50.0,0,2,1,,-2.3587608540611518,0.24458800869259611,-47.64123914593885,0,0.0,0.0,0,-1.64706610761307,-1.681290864944458,0.03422475733138808,0,0,0,0,-50.0,1,,-47.64123914593885,0,0.0,0,0,1,0.0,0.0
82,2,22,False,0,-50.0,0,1,1,,-2.5980609754261117,0.0,-47.40193902457389,0,0.0,0.0,0,-1.9153762810341621,-1.9024485349655151,0.012927746068646995,0,0,0,0,-50.0,1,,-47.40193902457389,0,0.0,0,0,1,0.0,0.0
83,2,23,False,0,-50.0,0,1,1,,-2.5980609754261117,0.0,-47.40193902457389,0,0.0,0.0,0,-2.0604620978539003,-1.9250630140304565,0.1353990838234438,0,0,0,0,-50.0,1,,-47.40193902457389,0,0.0,0,0,1,0.0,0.0
84,2,24,False,0,-50.0,0,1,1,,-2.5980609754261117,0.0,-47.40193902457389,0,0.0,0.0,0,-2.9827692563160197,-2.041511297225952,0.9412579590900676,0,0,0,0,-50.0,1,,-47.40193902457389,0,0.0,0,0,1,0.0,0.0
85,2,25,False,0,-50.0,0,3,1,,-2.5980609754261117,0.0,-47.40193902457389,0,0.0,0.0,0,-2.984162226206181,-2.055187463760376,0.9289747624458049,0,0,0,0,-50.0,1,,-47.40193902457389,0,0.0,0,0,1,0.0,0.0
86,2,26,False,0,-50.0,0,2,1,,-2.5980609754261117,0.0,-47.40193902457389,0,0.0,0.0,0,-2.9842327636823103,-2.1187169551849365,0.8655158084973738,0,0,0,0,-50.0,1,,-47.40193902457389,0,0.0,0,0,1,0.0,0.0
87,2,27,False,0,-50.0,0,1,1,,-1.2164503839864662,0.007126892503899417,-48.78354961601353,0,0.0,0.0,0,-2.6716230409121264,-3.0458199977874756,0.37419695687534915,0,0,0,0,-50.0,1,,-48.78354961601353,0,0.0,0,0,1,0.0,0.0
88,2,28,False,0,-50.0,0,2,1,,-1.230775796054606,0.0035455394868645126,-48.76922420394539,0,0.0,0.0,0,-2.6736151315232504,-2.7602360248565674,0.08662089333331702,0,0,0,0,-50.0,1,,-48.76922420394539,0,0.0,0,0,1,0.0,0.0
89,2,29,False,0,-50.0,0,1,1,,-1.2199604680784621,0.010636976595895265,-48.78003953192154,0,0.0,0.0,0,-1.5435098849953373,-3.4930107593536377,1.9495008743583004,0,0,0,0,-50.0,1,,-48.78003953192154,0,0.0,0,0,1,0.0,0.0
90,3,0,True,2,-2.99999894351441,1,3,1,0.7378647873726218,-2.5980609754261117,0.0,-0.4019379680882982,0,0.0,0.0,0,-3.0000043471288564,-3.061389207839966,0.06138486071110938,1,2,1,1,-3.000355728138423,1,0.7378647873726218,-0.4022947527123115,0,0.0,0,0,1,0.0,0.0
91,3,1,True,1,-2.9999989435144254,0,0,0,0.7745966692414834,-2.5980609754261117,0.0,-0.4019379680883137,0,0.0,0.0,0,-3.0000083287887747,-2.982675552368164,0.017332776420610596,2,2,2,0,-3.0009737401664576,0,0.7745966692414834,-0.4029127647403459,0,0.0,0,0,1,0.0,0.0
92,3,2,True,2,-2.9999989435144254,0,0,0,0.9486832980505139,-2.5980609754261117,0.0,-0.4019379680883137,0,0.0,0.0,0,-3.0000093543684447,-3.1884191036224365,0.1884097492539918,8,8,8,2,-3.0001084174002437,1,0.7378647873726218,-0.402047441974132,0,0.0,0,0,0,0.0,0.0
93,3,3,True,2,-0.8731708821354508,3,3,0,0.9486832980505139,-2.5980609754261117,0.0,1.7248900932906608,0,0.0,0.0,0,-2.927972873689717,-2.8966379165649414,0.03133495712477563,1072,1072,1072,3,-1.037539592033716,0,0.9486832980505139,1.5605213833923957,0,0.0,0,0,1,0.0,0.0
94,3,4,True,4,-0.8489407771823863,0,0,0,0.19999999999999998,-2.5980609754261117,0.0,1.7491201982437254,0,0.0,0.0,0,-2.9268956107609916,-2.8108339309692383,0.1160616797917533,245,245,245,0,-1.0149552142548184,0,0.7999999999999999,1.5831057611712933,0,0.0,0,0,1,0.0,0.0
95,3,5,True,4,-0.7691102547472961,3,3,0,0.316227766016838,-2.5980609754261117,0.0,1.8289507206788156,0,0.0,0.0,0,-2.9894917529801215,-2.719310998916626,0.2701807540634955,278,278,278,3,-0.9464478494480342,0,0.316227766016838,1.6516131259780775,0,0.0,0,0,1,0.0,0.0
96,3,6,True,3,-0.7436275706302399,1,3,1,0.7999999999999999,-2.5980609754261117,0.0,1.8544334047958717,1,1.8544334047958717,0.660202734078,1,-2.9890041468967006,-2.684727907180786,0.30427623971591444,335,110,110,1,-0.9233909612482629,1,0.7999999999999999,1.6746700141778488,1,1.6746700141778488,1,1,1,1.6746700141778488,0.625153182302975
97,3,7,True,4,-0.7669540198931325,2,3,1,-0.316227766016838,-2.5980609754261117,0.0,1.831106955532979,1,1.831106955532979,0.6518982106910366,1,-2.9907839140177392,-2.6285934448242188,0.3621904691935205,120,213,120,2,-0.9464010536556452,1,-0.316227766016838,1.6516599217704666,1,1.6516599217704666,1,1,1,1.6516599217704666,0.6165635303884022
98,3,8,True,3,-0.7894262648010982,2,3,1,0.19999999999999998,-2.5980609754261117,0.0,1.8086347106250136,1,1.8086347106250136,0.6438977953130887,1,-2.9916143804541897,-2.668879270553589,0.32273510990060084,34,1412,34,1,-0.9680375247108635,1,0.39999999999999997,1.6300234507152482,1,1.6300234507152482,1,0,0,0.0,0.0
99,3,9,True,4,-0.8143015218582121,2,2,0,0.39999999999999997,-2.5980609754261117,0.0,1.7837594535678996,0,0.0,0.0,0,-2.9920433201411827,-2.5803117752075195,0.41173154493366315,1401,1401,1401,2,-0.991181007386509,0,0.7999999999999999,1.6068799680396026,0,0.0,0,0,1,0.0,0.0
100,3,10,True,3,-0.8374142648560193,2,3,1,0.39999999999999997,-2.5980609754261117,0.0,1.7606467105700925,1,1.7606467105700925,0.6268134347977637,1,-2.9923658268538675,-2.472669839859009,0.5196959869948587,77,19,19,2,-1.0135572043717318,1,0.39999999999999997,1.58450377105438,1,1.58450377105438,1,1,1,1.58450377105438,0.5914941848003458
101,3,11,True,2,-0.8657461715136143,2,2,0,0.9486832980505139,-2.5980609754261117,0.0,1.7323148039124974,0,0.0,0.0,0,-2.993064052165946,-2.438234567642212,0.5548294845237343,22,22,22,2,-1.0388733430761732,0,0.9486832980505139,1.5591876323499385,0,0.0,0,0,1,0.0,0.0
102,3,12,True,2,-0.8870887091279259,2,1,1,0.7378647873726218,-2.5980609754261117,0.0,1.7109722662981857,1,1.7109722662981857,0.6091286779133676,1,-2.9929862174441544,-2.4402005672454834,0.552785650198671,3,8,3,2,-1.0946390673697604,1,0.7378647873726218,1.5034219080563513,1,1.5034219080563513,1,1,1,1.5034219080563513,0.5612263802471269
103,3,13,False,0,-50.0,0,1,1,,-2.5980609754261117,0.0,-47.40193902457389,0,0.0,0.0,0,-2.9850821996558596,-1.813513994216919,1.1715682054389407,0,0,0,0,-50.0,1,,-47.40193902457389,0,0.0,0,0,1,0.0,0.0
104,3,14,False,0,-50.0,0,2,1,,-2.5980609754261117,0.0,-47.40193902457389,0,0.0,0.0,0,-2.976211789091364,-1.5107097625732422,1.4655020265181218,0,0,0,0,-50.0,1,,-47.40193902457389,0,0.0,0,0,1,0.0,0.0
105,3,15,False,0,-50.0,0,2,1,,-2.5980609754261117,0.0,-47.40193902457389,0,0.0,0.0,0,-2.895652580616167,-1.3794074058532715,1.5162451747628953,0,0,0,0,-50.0,1,,-47.40193902457389,0,0.0,0,0,1,0.0,0.0
106,3,16,False,0,-50.0,0,2,1,,-2.5980609754261117,0.0,-47.40193902457389,0,0.0,0.0,0,-2.0012730563911005,-1.574373483657837,0.4268995727332636,0,0,0,0,-50.0,1,,-47.40193902457389,0,0.0,0,0,1,0.0,0.0
107,3,17,True,3,-1.155553900612046,1,1,0,1.0,-1.8020964822499015,0.20735845921038826,0.6465425816378554,0,0.0,0.0,0,-1.4083916108630272,-1.424831509590149,0.016439898727121705,719,719,719,1,-1.1554461474233246,0,1.0,0.6466503348265769,0,0.0,0,0,1,0.0,0.0
108,3,18,True,2,-1.175871553963893,1,1,0,0.9486832980505139,-1.8219545445231886,0.20621559921125376,0.6460829905592955,0,0.0,0.0,0,-1.4406441359108844,-1.4722015857696533,0.03155744985876896,763,763,763,1,-1.1750244932878022,0,0.9486832980505139,0.6469300512353864,0,0.0,0,0,1,0.0,0.0
109,3,19,True,2,-1.1957516380390907,2,2,0,0.9486832980505139,-1.8020964822499015,0.20735845921038826,0.6063448442108108,0,0.0,0.0,0,-1.5150861205520305,-1.5297926664352417,0.014706545883211186,75,75,75,2,-1.1956021552230058,0,0.9486832980505139,0.6064943270268957,0,0.0,0,0,1,0.0,0.0
110,3,20,True,2,-1.2848769278766528,1,1,0,0.9486832980505139,-2.5377031942054566,0.06573790501814572,1.252826266328804,0,0.0,0.0,0,-1.6298740603642978,-1.7244915962219238,0.094617535857626,1,1,1,1,-2.978986899803923,0,0.9486832980505139,-0.4412837055984662,0,0.0,0,0,1,0.0,0.0
111,3,21,True,2,-1.535220968989078,1,1,0,0.9486832980505139,-2.4256531214772075,0.11098520630031121,0.8904321524881296,0,0.0,0.0,0,-2.0566071239498105,-1.8531243801116943,0.20348274383811615,1,1,1,2,-13.451656734835996,1,0.7378647873726218,-11.026003613358789,0,0.0,0,0,0,0.0,0.0
112,3,22,False,0,-50.0,0,2,1,,-2.5980609754261117,0.0,-47.40193902457389,0,0.0,0.0,0,-1.9316596457939987,-1.6457805633544922,0.28587908243950655,0,0,0,0,-50.0,1,,-47.40193902457389,0,0.0,0,0,1,0.0,0.0
113,3,23,False,0,-50.0,0,2,1,,-2.5980609754261117,0.0,-47.40193902457389,0,0.0,0.0,0,-1.9691794895081527,-1.8628766536712646,0.10630283583688804,0,0,0,0,-50.0,1,,-47.40193902457389,0,0.0,0,0,1,0.0,0.0
114,3,24,False,0,-50.0,0,3,1,,-2.5980609754261117,0.0,-47.40193902457389,0,0.0,0.0,0,-2.9824171698741995,-2.1304924488067627,0.8519247210674368,0,0,0,0,-50.0,1,,-47.40193902457389,0,0.0,0,0,1,0.0,0.0
115,3,25,False,0,-50.0,0,1,1,,-2.5980609754261117,0.0,-47.40193902457389,0,0.0,0.0,0,-2.9723369930637347,-2.4961788654327393,0.4761581276309954,0,0,0,0,-50.0,1,,-47.40193902457389,0,0.0,0,0,1,0.0,0.0
116,3,26,False,0,-50.0,0,1,1,,-1.4579845991113967,0.2850190940786787,-48.5420154008886,0,0.0,0.0,0,-2.663578344258899,-2.755289077758789,0.09171073349989012,0,0,0,0,-50.0,1,,-48.5420154008886,0,0.0,0,0,1,0.0,0.0
117,3,27,False,0,-50.0,0,2,1,,-1.198434731299461,0.0071988813170701165,-48.801565268700536,0,0.0,0.0,0,-2.6679144985441954,-2.760780096054077,0.09286559750988177,0,0,0,0,-50.0,1,,-48.801565268700536,0,0.0,0,0,1,0.0,0.0
118,3,28,False,0,-50.0,0,1,1,,-1.1838184553397226,0.010852950307004682,-48.816181544660274,0,0.0,0.0,0,-1.9959913344502636,-3.9270312786102295,1.931039944159966,0,0,0,0,-50.0,1,,-48.816181544660274,0,0.0,0,0,1,0.0,0.0
119,3,29,False,0,-50.0,0,1,1,,-1.2054903548783211,0.014254504895930473,-48.79450964512168,0,0.0,0.0,0,-1.4658805390829222,-3.6817209720611572,2.215840432978235,0,0,0,0,-50.0,1,,-48.79450964512168,0,0.0,0,0,1,0.0,0.0
120,4,0,True,1,-2.9999989435144094,0,0,0,0.7745966692414834,-2.5980609754261117,0.0,-0.40193796808829774,0,0.0,0.0,0,-2.999968328273978,-2.992710828781128,0.007257499492850261,3,3,3,0,-3.0003429204703065,0,0.7745966692414834,-0.4022819450441948,0,0.0,0,0,1,0.0,0.0
121,4,1,True,2,-2.9999989435144085,1,3,1,0.7378647873726218,-2.5980609754261117,0.0,-0.40193796808829685,0,0.0,0.0,0,-2.999856910294775,-2.9755728244781494,0.024284085816625556,217,2014,217,3,-2.999999032683733,0,0.9486832980505139,-0.4019380572576212,0,0.0,0,0,0,0.0,0.0
122,4,2,True,4,-2.9999989435144085,1,3,1,0.2581988897471611,-2.5980609754261117,0.0,-0.40193796808829685,0,0.0,0.0,0,-2.999854534507629,-2.911194324493408,0.08866021001422064,13899,24,24,0,-2.9999990266253036,1,0.10540925533894598,-0.4019380511991919,0,0.0,0,0,0,0.0,0.0
123,4,3,True,4,-0.8959623688596153,0,0,0,0.39999999999999997,-2.5980609754261117,0.0,1.7020986065664965,0,0.0,0.0,0,-2.929504940510622,-2.955615520477295,0.026110579966672987,88,88,88,0,-1.058473995553105,0,0.9486832980505139,1.5395869798730066,0,0.0,0,0,1,0.0,0.0
124,4,4,True,2,-0.8957472476862466,3,3,0,0.9486832980505139,-2.5980609754261117,0.0,1.702313727739865,0,0.0,0.0,0,-2.8918492294044915,-2.9517366886138916,0.059887459209400085,752,752,752,3,-1.0045867771472474,0,0.9486832980505139,1.5934741982788643,0,0.0,0,0,1,0.0,0.0
125,4,5,True,4,-0.8736583943458484,1,3,1,0.316227766016838,-2.5980609754261117,0.0,1.7244025810802635,1,1.7244025810802635,0.6139100469912353,1,-2.8895809329328084,-2.917928457260132,0.02834752432732346,1212,1,1,1,-0.9819340593075332,1,0.316227766016838,1.6161269161185785,1,1.6161269161185785,1,1,1,1.6161269161185785,0.6032990834394474
126,4,6,True,2,-0.7197492426500456,1,3,1,0.7378647873726218,-2.5980609754261117,0.0,1.8783117327760661,1,1.8783117327760661,0.6687037335622446,1,-2.9882417325515833,-2.6607353687286377,0.3275063638229456,58,1378,58,1,-0.8994693143385774,1,0.7378647873726218,1.6985916610875345,1,1.6985916610875345,1,1,1,1.6985916610875345,0.6340831168960058
127,4,7,True,4,-0.7445631509702517,2,3,1,-0.19999999999999998,-2.5980609754261117,0.0,1.85349782445586,1,1.85349782445586,0.6598696551457353,1,-2.99053951674135,-2.6905291080474854,0.30001040869386486,1026,2444,1026,2,-0.9227751354299704,1,-0.316227766016838,1.6752858399961412,1,1.6752858399961412,1,1,1,1.6752858399961412,0.625383069663942
128,4,8,True,2,-0.7693887251624633,2,0,1,0.7378647873726218,-2.5980609754261117,0.0,1.8286722502636485,1,1.8286722502636485,0.6510314235250326,1,-2.9914218701338453,-2.6822357177734375,0.3091861523604078,2017,6038,2017,2,-0.9458077422478582,1,0.7378647873726218,1.6522532331782536,1,1.6522532331782536,1,1,1,1.6522532331782536,0.6167850131351729
129,4,9,True,2,-0.6470165960907283,1,3,1,0.7378647873726218,-2.5980609754261117,0.0,1.9510443793353835,1,1.9510443793353835,0.6945975143747596,1,-2.8643273042187776,-2.282670497894287,0.5816568063244905,72,59,59,1,-0.8272891142992375,1,0.7378647873726218,1.7707718611268741,1,1.7707718611268741,1,1,1,1.7707718611268741,0.661027936694437
130,4,10,True,3,-0.6715044156325154,2,3,1,0.39999999999999997,-2.5980609754261117,0.0,1.9265565597935963,1,1.9265565597935963,0.6858795278613122,1,-2.862352945861303,-2.1247575283050537,0.7375954175562494,44,54,44,2,-0.8513308320541605,1,0.39999999999999997,1.746730143371951,1,1.746730143371951,1,1,1,1.746730143371951,0.6520531797361843
131,4,11,True,2,-0.6895937593461379,1,1,0,0.9486832980505139,-2.5980609754261117,0.0,1.9084672160799738,0,0.0,0.0,0,-2.8572135894838278,-2.359365463256836,0.4978481262269918,150,150,150,1,-0.8727252302203148,0,0.9486832980505139,1.725335745205797,0,0.0,0,0,1,0.0,0.0
132,4,12,True,1,-0.9082178213660944,0,0,0,0.7745966692414834,-2.5980609754261117,0.0,1.6898431540600174,0,0.0,0.0,0,-2.9928135848986988,-2.2599551677703857,0.732858417128313,8,8,8,0,-2.388128065169761,0,0.7745966692414834,0.20993291025635052,0,0.0,0,0,1,0.0,0.0
133,4,13,False,0,-50.0,0,0,0,,-2.5980609754261117,0.0,-47.40193902457389,0,0.0,0.0,0,-2.9885984737448794,-2.1888279914855957,0.7997704822592837,0,0,0,0,-50.0,0,,-47.40193902457389,0,0.0,0,0,1,0.0,0.0
134,4,14,True,2,-1.0250990819836665,1,1,0,0.9486832980505139,-1.02396,0.003960000000000008,-0.0011390819836665234,0,0.0,0.0,0,-1.0358795778516479,-1.7517167329788208,0.7158371551271729,31,31,31,1,-1.0243635181230142,0,0.9486832980505139,-0.00040351812301420154,0,0.0,0,0,1,0.0,0.0
135,4,15,False,0,-50.0,0,1,1,,-1.004,0.0040000000000000036,-48.996,0,0.0,0.0,0,-1.099474742321751,-1.4967281818389893,0.39725343951723824,0,0,0,0,-50.0,1,,-48.996,0,0.0,0,0,1,0.0,0.0
136,4,16,False,0,-50.0,0,2,1,,-1.02,0.0,-48.98,0,0.0,0.0,0,-1.48950252176895,-1.5658166408538818,0.07631411908493191,0,0,0,0,-50.0,1,,-48.98,0,0.0,0,0,1,0.0,0.0
137,4,17,True,3,-1.1348577322938833,1,1,0,0.7999999999999999,-1.7387670017394963,0.2416166211993022,0.603909269445613,0,0.0,0.0,0,-1.376400011301679,-1.2856521606445312,0.09074785065714774,782,782,782,1,-1.133833493852558,0,0.7999999999999999,0.6049335078869382,0,0.0,0,0,1,0.0,0.0
138,4,18,True,2,-1.1557363821808746,2,2,0,0.9486832980505139,-1.7189089394662092,0.2408843647589788,0.5631725572853346,0,0.0,0.0,0,-1.4137263854630477,-1.426793098449707,0.01306671298665929,1590,1590,1590,2,-1.1545395878004767,0,0.9486832980505139,0.5643693516657324,0,0.0,0,0,1,0.0,0.0
139,4,19,True,3,-1.2180672382746434,0,3,1,0.39999999999999997,-2.5377031942054566,0.06573790501814572,1.3196359559308133,1,1.3196359559308133,0.46980779349639634,1,-1.534849899005275,-1.4135398864746094,0.12131001253066565,136,4,4,0,-1.2279260125722147,1,0.39999999999999997,1.309777181633242,1,1.309777181633242,1,1,1,1.309777181633242,0.48893893499838215
140,4,20,True,2,-1.267552453077985,2,2,0,0.632455532033676,-2.4014169687334923,0.137049043482094,1.1338645156555074,0,0.0,0.0,0,-1.5716826508334143,-1.4899177551269531,0.08176489570646117,11,11,11,2,-1.7079192446231268,0,0.632455532033676,0.6934977241103655,0,0.0,0,0,1,0.0,0.0
141,4,21,True,1,-1.5204252218784142,1,1,0,0.7745966692414834,-2.3587608540611518,0.24458800869259611,0.8383356321827375,0,0.0,0.0,0,-2.0417800482925332,-1.7628507614135742,0.278929286878959,9,9,9,1,-17.67454834487078,0,0.7745966692414834,-15.315787490809626,0,0.0,0,0,1,0.0,0.0
142,4,22,True,1,-1.535220968989078,2,2,0,0.7745966692414834,-2.4256531214772075,0.11098520630031121,0.8904321524881296,0,0.0,0.0,0,-2.0601662848009332,-1.8715651035308838,0.18860118127004943,1,1,1,2,-18.361880743624845,0,0.7745966692414834,-15.936227622147637,0,0.0,0,0,1,0.0,0.0
143,4,23,False,0,-50.0,0,1,1,,-2.4054269423367343,0.19263403308937727,-47.59457305766327,0,0.0,0.0,0,-2.26095381480681,-2.120030164718628,0.14092365008818186,0,0,0,0,-50.0,1,,-47.59457305766327,0,0.0,0,0,1,0.0,0.0
144,4,24,False,0,-50.0,0,1,1,,-2.5980609754261117,0.0,-47.40193902457389,0,0.0,0.0,0,-2.9826248037811154,-2.5567867755889893,0.42583802819212613,0,0,0,0,-50.0,1,,-47.40193902457389,0,0.0,0,0,1,0.0,0.0
145,4,25,False,0,-50.0,0,2,1,,-2.5980609754261117,0.0,-47.40193902457389,0,0.0,0.0,0,-2.98144337797152,-2.2819719314575195,0.6994714465140004,0,0,0,0,-50.0,1,,-47.40193902457389,0,0.0,0,0,1,0.0,0.0
146,4,26,False,0,-50.0,0,3,1,,-1.165473187211841,0.010962576067681428,-48.83452681278816,0,0.0,0.0,0,-2.648198957924515,-2.9582266807556152,0.31002772283110014,0,0,0,0,-50.0,1,,-48.83452681278816,0,0.0,0,0,1,0.0,0.0
147,4,27,False,0,-50.0,0,1,1,,-1.1505601416453293,0.014690837459309368,-48.84943985835467,0,0.0,0.0,0,-2.3239545212099704,-3.206247568130493,0.8822930469205228,0,0,0,0,-50.0,1,,-48.84943985835467,0,0.0,0,0,1,0.0,0.0
148,4,28,False,0,-50.0,0,1,1,,-1.1618556589118056,0.007345047767646216,-48.838144341088196,0,0.0,0.0,0,-1.9827484795450703,-3.248608112335205,1.2658596327901348,0,0,0,0,-50.0,1,,-48.838144341088196,0,0.0,0,0,1,0.0,0.0
149,4,29,False,0,-50.0,0,1,1,,-1.1838184553397226,0.010852950307004682,-48.816181544660274,0,0.0,0.0,0,-1.4256043842316706,-3.8384244441986084,2.412820059966938,0,0,0,0,-50.0,1,,-48.816181544660274,0,0.0,0,0,1,0.0,0.0
150,5,0,True,2,-2.999998943514409,1,3,1,0.8944271909999159,-2.5980609754261117,0.0,-0.4019379680882973,0,0.0,0.0,0,-2.9998678640892598,-3.028674840927124,0.028806976837864262,2,128,2,3,-3.0000079902425028,0,0.9486832980505139,-0.40194701481639106,0,0.0,0,0,0,0.0,0.0
151,5,1,True,3,-2.9999989435144085,1,0,1,0.632455532033676,-2.5980609754261117,0.0,-0.40193796808829685,0,0.0,0.0,0,-2.999863795179607,-2.9361979961395264,0.06366579904008063,160,269,160,0,-2.999999265780612,0,1.0,-0.40193829035450035,0,0.0,0,0,0,0.0,0.0
152,5,2,True,4,-2.999998943514408,1,0,1,0.2581988897471611,-2.5980609754261117,0.0,-0.4019379680882964,0,0.0,0.0,0,-2.99985218489547,-2.898770809173584,0.1010813757218858,8771,13380,8771,0,-2.999999027054016,0,0.316227766016838,-0.4019380516279045,0,0.0,0,0,0,0.0,0.0
153,5,3,True,4,-0.9180770050144541,0,0,0,0.316227766016838,-2.5980609754261117,0.0,1.6799839704116577,0,0.0,0.0,0,-2.9301500088408092,-3.019770622253418,0.08962061341260874,85,85,85,1,-1.0485919744788195,1,-0.316227766016838,1.5494690009472922,1,1.5494690009472922,1,0,0,0.0,0.0
154,5,4,True,2,-0.9167897745388318,0,0,0,0.9486832980505139,-2.5980609754261117,0.0,1.6812712008872799,0,0.0,0.0,0,-2.8930380084705387,-3.0317206382751465,0.13868262980460777,40,40,40,0,-1.0261413353201099,0,0.9486832980505139,1.5719196401060018,0,0.0,0,0,1,0.0,0.0
155,5,5,True,4,-0.8499555534600642,1,0,1,-0.19999999999999998,-2.5980609754261117,0.0,1.7481054219660475,1,1.7481054219660475,0.6223485707568989,1,-2.8876836234821095,-2.9198269844055176,0.03214336092340808,496,710,496,1,-0.9592845215805798,1,-0.316227766016838,1.6387764538455318,1,1.6387764538455318,1,1,1,1.6387764538455318,0.6117541405359629
156,5,6,True,3,-0.6963123225654994,3,3,0,0.7999999999999999,-2.5980609754261117,0.0,1.9017486528606122,0,0.0,0.0,0,-2.95319895134904,-2.7108376026153564,0.24236134873368353,36,36,36,3,-0.8752550782592533,0,0.7999999999999999,1.7228058971668583,0,0.0,0,0,1,0.0,0.0
157,5,7,True,3,-0.6717082795461563,3,3,0,0.39999999999999997,-2.5980609754261117,0.0,1.9263526958799555,0,0.0,0.0,0,-2.889813519438655,-2.6335809230804443,0.2562325963582106,64,64,64,3,-0.8513984016986519,0,0.39999999999999997,1.74666257372746,0,0.0,0,0,1,0.0,0.0
158,5,8,True,3,-0.6474315337303349,3,3,0,0.7999999999999999,-2.5980609754261117,0.0,1.9506294416957768,0,0.0,0.0,0,-2.8715690240079557,-2.5084807872772217,0.363088236730734,105,105,105,3,-0.8272908737402698,0,0.7999999999999999,1.770770101685842,0,0.0,0,0,1,0.0,0.0
159,5,9,True,4,-0.6214753929769801,3,0,1,-0.6000000000000001,-2.5980609754261117,0.0,1.9765855824491316,1,1.9765855824491316,0.7036905193237262,1,-2.863354406403038,-2.352712869644165,0.510641536758873,11,88,11,3,-0.80291331154582,1,-0.6000000000000001,1.7951476638802917,1,1.7951476638802917,1,1,1,1.7951476638802917,0.670127407356405
160,5,10,True,2,-0.592451728457558,1,1,0,0.632455532033676,-2.5980609754261117,0.0,2.005609246968554,0,0.0,0.0,0,-2.7905089763128963,-2.3941566944122314,0.39635228190066485,15,15,15,1,-0.7776034424035851,0,0.632455532033676,1.8204575330225266,0,0.0,0,0,1,0.0,0.0
161,5,11,True,3,-0.6645699780345402,3,3,0,0.7999999999999999,-2.5980609754261117,0.0,1.9334909973915715,0,0.0,0.0,0,-2.8538792471285808,-2.1681296825408936,0.6857495645876872,18,18,18,3,-0.8500735934819206,0,0.7999999999999999,1.7479873819441911,0,0.0,0,0,1,0.0,0.0
162,5,12,True,2,-0.639592117554217,3,3,0,0.9486832980505139,-2.5980609754261117,0.0,1.9584688578718947,0,0.0,0.0,0,-2.824206462032307,-1.9057986736297607,0.9184077884025461,6,6,6,3,-0.8259841672471883,0,0.9486832980505139,1.7720768081789235,0,0.0,0,0,1,0.0,0.0
163,5,13,True,2,-0.6157496143684538,1,1,0,0.9486832980505139,-2.5980609754261117,0.0,1.982311361057658,0,0.0,0.0,0,-2.7562501529541565,-2.0468008518218994,0.7094493011322571,19,19,19,1,-0.8015928250393392,0,0.9486832980505139,1.7964681503867725,0,0.0,0,0,1,0.0,0.0
164,5,14,True,2,-1.0030132499563238,3,3,0,0.9486832980505139,-1.004,0.0040000000000000036,0.00098675004367621,0,0.0,0.0,0,-1.0131726781275059,-1.5272912979125977,0.5141186197850918,675,675,675,3,-1.0027895461669456,0,0.9486832980505139,0.0012104538330544035,0,0.0,0,0,1,0.0,0.0
166,5,16,True,3,-1.0917125801093956,1,1,0,0.7999999999999999,-1.0864543242395999,0.007646344239599978,-0.00525825586979578,0,0.0,0.0,0,-1.1860646326968085,-1.4592550992965698,0.2731904665997613,867,867,867,1,-1.0905781723976615,0,0.7999999999999999,-0.00412384815806166,0,0.0,0,0,1,0.0,0.0
167,5,17,True,4,-1.1135346438409635,2,3,1,-0.39999999999999997,-1.7040697097093307,0.24932029807217904,0.5905350658683672,1,0.5905350658683672,0.2102382668727559,1,-1.2482203121796906,-1.256529450416565,0.008309138236874292,831,3,3,2,-1.112311185293932,1,0.0,0.5917585244153987,1,0.5917585244153987,1,1,1,0.5905350658683672,0.22044634021249074
168,5,18,True,2,-1.1340955734224762,2,2,0,0.9486832980505139,-1.8219545445231886,0.20621559921125376,0.6878589711007124,0,0.0,0.0,0,-1.7968664890419683,-1.4622161388397217,0.33465035020224665,12,12,12,2,-1.132207802500924,0,0.9486832980505139,0.6897467420222647,0,0.0,0,0,1,0.0,0.0
169,5,19,False,0,-50.0,0,1,1,,-1.6865826869980123,0.17336171082707993,-48.313417313001985,0,0.0,0.0,0,-2.0327780718565243,-1.7313611507415771,0.3014169211149471,0,0,0,0,-50.0,1,,-48.313417313001985,0,0.0,0,0,1,0.0,0.0
170,5,20,False,0,-50.0,0,2,1,,-1.9383531788045931,0.2045720653626521,-48.06164682119541,0,0.0,0.0,0,-1.9548885860522014,-1.6111820936203003,0.3437064924319011,0,0,0,0,-50.0,1,,-48.06164682119541,0,0.0,0,0,1,0.0,0.0
171,5,21,True,1,-1.535220968989078,0,0,0,0.7745966692414834,-2.4256531214772075,0.11098520630031121,0.8904321524881296,0,0.0,0.0,0,-2.054074288790596,-1.6560134887695312,0.3980608000210646,6,6,6,0,-18.361880743624845,0,0.7745966692414834,-15.936227622147637,0,0.0,0,0,1,0.0,0.0
172,5,22,False,0,-50.0,0,2,1,,-2.5377031942054566,0.06573790501814572,-47.462296805794544,0,0.0,0.0,0,-2.0661891195071256,-1.9444489479064941,0.12174017160063144,0,0,0,0,-50.0,1,,-47.462296805794544,0,0.0,0,0,1,0.0,0.0
173,5,23,False,0,-50.0,0,2,1,,-2.4054269423367343,0.19263403308937727,-47.59457305766327,0,0.0,0.0,0,-2.239589790210196,-2.1201765537261963,0.11941323648399971,0,0,0,0,-50.0,1,,-47.59457305766327,0,0.0,0,0,1,0.0,0.0
174,5,24,False,0,-50.0,0,3,1,,-2.5980609754261117,0.0,-47.40193902457389,0,0.0,0.0,0,-2.9824869061424595,-2.4482929706573486,0.5341939354851108,0,0,0,0,-50.0,1,,-47.40193902457389,0,0.0,0,0,1,0.0,0.0
175,5,25,False,0,-50.0,0,2,1,,-2.5980609754261117,0.0,-47.40193902457389,0,0.0,0.0,0,-2.9766125141519097,-2.7514607906341553,0.22515172351775448,0,0,0,0,-50.0,1,,-47.40193902457389,0,0.0,0,0,1,0.0,0.0
176,5,26,False,0,-50.0,0,1,1,,-2.5980609754261117,0.0,-47.40193902457389,0,0.0,0.0,0,-2.9040002708264496,-3.2938380241394043,0.38983775331295467,0,0,0,0,-50.0,1,,-47.40193902457389,0,0.0,0,0,1,0.0,0.0
177,5,27,False,0,-50.0,0,1,1,,-1.413243956043622,0.29620425484562235,-48.58675604395638,0,0.0,0.0,0,-2.314643238487539,-3.0619213581085205,0.7472781196209817,0,0,0,0,-50.0,1,,-48.58675604395638,0,0.0,0,0,1,0.0,0.0
178,5,28,False,0,-50.0,0,1,1,,-1.1469426133452942,0.011073309159274158,-48.853057386654704,0,0.0,0.0,0,-1.3667078692322219,-3.4900054931640625,2.1232976239318404,0,0,0,0,-50.0,1,,-48.853057386654704,0,0.0,0,0,1,0.0,0.0
179,5,29,False,0,-50.0,0,2,1,,-1.1618556589118056,0.007345047767646216,-48.838144341088196,0,0.0,0.0,0,-1.3889453205940774,-3.691687822341919,2.302742501747842,0,0,0,0,-50.0,1,,-48.838144341088196,0,0.0,0,0,1,0.0,0.0
180,6,0,True,2,-2.9999989435144085,1,3,1,0.7378647873726218,-2.5980609754261117,0.0,-0.40193796808829685,0,0.0,0.0,0,-2.999867243778741,-3.0887317657470703,0.0888645219683295,2,29,2,3,-2.9999994932552423,0,0.9486832980505139,-0.4019385178291306,0,0.0,0,0,0,0.0,0.0
181,6,1,True,2,-2.999998943514409,0,0,0,0.8944271909999159,-2.5980609754261117,0.0,-0.4019379680882973,0,0.0,0.0,0,-2.9998656590500747,-2.96478271484375,0.03508294420632474,197,197,197,0,-2.999999269018789,0,0.9486832980505139,-0.4019382935926772,0,0.0,0,0,1,0.0,0.0
182,6,2,True,4,-2.999998943514408,3,0,1,-0.632455532033676,-2.5980609754261117,0.0,-0.4019379680882964,0,0.0,0.0,0,-2.9998452905660082,-2.894899845123291,0.10494544544271722,142,8871,142,0,-2.999999049576748,0,0.316227766016838,-0.4019380741506362,0,0.0,0,0,0,0.0,0.0
183,6,3,True,3,-0.9218529489697561,3,0,1,0.7999999999999999,-2.5980609754261117,0.0,1.6762080264563557,1,1.6762080264563557,0.5967521503269019,1,-2.9289557463400286,-3.0916531085968018,0.16269736225677311,17,78,17,3,-1.0270154958800746,1,0.39999999999999997,1.5710454795460371,1,1.5710454795460371,1,1,1,1.5710454795460371,0.5864702136934575
184,6,4,True,3,-0.8995496038134586,1,1,0,0.19999999999999998,-2.5980609754261117,0.0,1.698511371612653,0,0.0,0.0,0,-2.9206544599052475,-3.013823986053467,0.09316952614821927,209,209,209,1,-1.0048873354798367,0,0.19999999999999998,1.593173639946275,0,0.0,0,0,1,0.0,0.0
185,6,5,True,2,-0.8259720966096353,3,3,0,0.9486832980505139,-2.5980609754261117,0.0,1.7720888788164764,0,0.0,0.0,0,-2.8817012439273735,-2.9373533725738525,0.05565212864647906,637,637,637,3,-0.9363877366033083,0,0.9486832980505139,1.6616732388228033,0,0.0,0,0,1,0.0,0.0
186,6,6,True,3,-0.801197633669011,3,3,0,1.0,-2.5980609754261117,0.0,1.7968633417571007,0,0.0,0.0,0,-2.879113713914999,-2.9473180770874023,0.06820436317240341,831,831,831,3,-0.9125996738863899,0,1.0,1.6854613015397217,0,0.0,0,0,1,0.0,0.0
187,6,7,True,3,-0.7765706312505188,1,3,1,0.7999999999999999,-2.5980609754261117,0.0,1.8214903441755927,1,1.8214903441755927,0.6484745702980774,1,-2.8662391608446414,-2.896411657333374,0.03017249648873266,1805,2,2,1,-0.8885363521518294,1,0.7999999999999999,1.7095246232742825,1,1.7095246232742825,1,1,1,1.7095246232742825,0.6381643842771495
188,6,8,True,2,-0.7497550497188878,3,3,0,0.9486832980505139,-2.5980609754261117,0.0,1.8483059257072239,0,0.0,0.0,0,-2.8952383019018306,-2.8444321155548096,0.050806186347021054,842,842,842,3,-0.8626192843210513,0,0.9486832980505139,1.7354416911050605,0,0.0,0,0,1,0.0,0.0
189,6,9,True,3,-0.7245008360619389,1,3,1,-0.39999999999999997,-2.5980609754261117,0.0,1.8735601393641728,1,1.8735601393641728,0.6670121036802298,1,-2.8918853305303194,-2.8028194904327393,0.08906584009758012,2647,0,0,1,-0.8386389525911324,1,-0.39999999999999997,1.7594220228349793,1,1.7594220228349793,1,1,1,1.7594220228349793,0.6567910497455264
190,6,10,True,2,-0.5643228930645342,1,3,1,0.7378647873726218,-2.5980609754261117,0.0,2.0337380823615776,1,2.0337380823615776,0.7240375625790988,1,-2.7763204771989476,-2.2337958812713623,0.5425245959275853,9,217,9,1,-0.7526507972086798,1,0.7378647873726218,1.845410178217432,1,1.845410178217432,1,1,1,1.845410178217432,0.6888903699235935
191,6,11,True,2,-0.5904513903329041,2,2,0,0.9486832980505139,-2.5980609754261117,0.0,2.0076095850932076,0,0.0,0.0,0,-2.7788019791680285,-2.3412322998046875,0.437569679363341,219,219,219,2,-0.7769267810357533,0,0.9486832980505139,1.8211341943903583,0,0.0,0,0,1,0.0,0.0
192,6,12,True,2,-0.5673396752401314,1,3,1,0.7378647873726218,-2.5980609754261117,0.0,2.0307213001859803,1,2.0307213001859803,0.7229635483625213,1,-2.6928116414589764,-2.0406687259674072,0.6521429154915692,14,6,6,1,-0.7519843426929764,1,0.7378647873726218,1.8460766327331353,1,1.8460766327331353,1,1,1,1.8460766327331353,0.6891391569430211
193,6,13,True,2,-0.5916662778171778,2,0,1,0.7378647873726218,-2.5980609754261117,0.0,2.006394697608934,1,2.006394697608934,0.7143029572134081,1,-2.7325559795143515,-2.0046896934509277,0.7278662860634237,10,15,10,2,-0.7769269692170613,1,0.7378647873726218,1.8211340062090504,1,1.8211340062090504,1,1,1,1.8211340062090504,0.6798280913512834
194,6,14,True,4,-1.0257099095827427,0,0,0,0.316227766016838,-1.02396,0.003960000000000008,-0.0017499095827426814,0,0.0,0.0,0,-1.044425739677601,-1.5852261781692505,0.5408004384916494,834,834,834,0,-1.024949811142187,0,0.316227766016838,-0.0009898111421871025,0,0.0,0,0,1,0.0,0.0
195,6,15,True,4,-1.047787847622048,2,2,0,0.19999999999999998,-1.0398,0.0,-0.00798784762204785,0,0.0,0.0,0,-1.0861888764123182,-1.395033359527588,0.3088444831152697,821,821,821,2,-1.0468795389199395,0,0.316227766016838,-0.007079538919939399,0,0.0,0,0,1,0.0,0.0
196,6,16,True,4,-1.070517857847465,2,2,0,0.39999999999999997,-1.074695460837204,0.015293460837203997,0.004177602989738904,0,0.0,0.0,0,-1.1516865088067565,-1.3449316024780273,0.19324509367127085,881,881,881,2,-1.0691398864624106,0,0.19999999999999998,0.0055555743747932596,0,0.0,0,0,1,0.0,0.0
197,6,17,True,3,-1.0936254276091095,2,2,0,1.0,-1.0902202448372038,0.011412264837204011,-0.0034051827719057126,0,0.0,0.0,0,-1.9654035382033266,-1.5351985692977905,0.43020496890553606,6,6,6,2,-1.0911889591793646,0,1.0,-0.0009687143421608368,0,0.0,0,0,1,0.0,0.0
198,6,18,True,3,-1.1164452314583437,2,2,0,1.0,-1.1018238603995998,0.0038039601995999645,-0.014621371058743948,0,0.0,0.0,0,-1.9805187235008173,-1.4928703308105469,0.4876483926902704,61,61,61,2,-1.1137191250185776,0,0.7999999999999999,-0.01189526461897783,0,0.0,0,0,1,0.0,0.0
199,6,19,False,0,-50.0,0,1,1,,-2.0035671326463205,0.14943605827670353,-47.99643286735368,0,0.0,0.0,0,-2.0281016016587987,-1.581559419631958,0.4465421820268407,0,0,0,0,-50.0,1,,-47.99643286735368,0,0.0,0,0,1,0.0,0.0
200,6,20,False,0,-50.0,0,1,1,,-2.2663390864018464,0.3317218890242653,-47.73366091359815,0,0.0,0.0,0,-1.921772107349284,-1.6367244720458984,0.2850476353033855,0,0,0,0,-50.0,1,,-47.73366091359815,0,0.0,0,0,1,0.0,0.0
201,6,21,False,0,-50.0,0,2,1,,-2.2663390864018464,0.3317218890242653,-47.73366091359815,0,0.0,0.0,0,-1.8413550319103777,-1.861395001411438,0.02003996950106024,0,0,0,0,-50.0,1,,-47.73366091359815,0,0.0,0,0,1,0.0,0.0
202,6,22,False,0,-50.0,0,2,1,,-2.4096301633455006,0.19372759090684566,-47.5903698366545,0,0.0,0.0,0,-2.078576133796387,-1.8205645084381104,0.2580116253582765,0,0,0,0,-50.0,1,,-47.5903698366545,0,0.0,0,0,1,0.0,0.0
203,6,23,False,0,-50.0,0,2,1,,-2.4096301633455006,0.19372759090684566,-47.5903698366545,0,0.0,0.0,0,-2.1029117960085166,-1.8454508781433105,0.2574609178652061,0,0,0,0,-50.0,1,,-47.5903698366545,0,0.0,0,0,1,0.0,0.0
204,6,24,False,0,-50.0,0,2,1,,-2.4096301633455006,0.19372759090684566,-47.5903698366545,0,0.0,0.0,0,-2.1126763963614423,-2.0522735118865967,0.06040288447484565,0,0,0,0,-50.0,1,,-47.5903698366545,0,0.0,0,0,1,0.0,0.0
205,6,25,False,0,-50.0,0,1,1,,-2.5980609754261117,0.0,-47.40193902457389,0,0.0,0.0,0,-2.9727099752872275,-2.707709789276123,0.2650001860111044,0,0,0,0,-50.0,1,,-47.40193902457389,0,0.0,0,0,1,0.0,0.0
206,6,26,False,0,-50.0,0,2,1,,-2.5980609754261117,0.0,-47.40193902457389,0,0.0,0.0,0,-2.9270501268435254,-2.913372278213501,0.013677848630024414,0,0,0,0,-50.0,1,,-47.40193902457389,0,0.0,0,0,1,0.0,0.0
207,6,27,False,0,-50.0,0,1,1,,-1.398028115245222,0.3000082150452223,-48.601971884754775,0,0.0,0.0,0,-1.3072190796111054,-3.148172616958618,1.8409535373475128,0,0,0,0,-50.0,1,,-48.601971884754775,0,0.0,0,0,1,0.0,0.0
208,6,28,False,0,-50.0,0,2,1,,-1.1245338831872318,0.007494181989231974,-48.87546611681277,0,0.0,0.0,0,-1.3256117572657582,-3.3975930213928223,2.0719812641270643,0,0,0,0,-50.0,1,,-48.87546611681277,0,0.0,0,0,1,0.0,0.0
209,6,29,False,0,-50.0,0,1,1,,-1.1432885443553595,0.0074192401693395915,-48.85671145564464,0,0.0,0.0,0,-1.259669839764785,-3.717501401901245,2.45783156213646,0,0,0,0,-50.0,1,,-48.85671145564464,0,0.0,0,0,1,0.0,0.0
210,7,0,True,1,-2.9999989435144094,0,0,0,0.7745966692414834,-2.5980609754261117,0.0,-0.40193796808829774,0,0.0,0.0,0,-2.9998689596439876,-3.109436273574829,0.10956731393084151,1,1,1,0,-2.999999488041247,0,0.7745966692414834,-0.40193851261513514,0,0.0,0,0,1,0.0,0.0
211,7,1,True,2,-2.999998943514408,3,1,1,0.7378647873726218,-2.5980609754261117,0.0,-0.4019379680882964,0,0.0,0.0,0,-2.9997520406576115,-2.868443012237549,0.13130902842006265,1257,95,95,3,-3.0000319298375375,1,0.7378647873726218,-0.40197095441142583,0,0.0,0,0,1,0.0,0.0
212,7,2,True,4,-2.9999989435144085,0,0,0,0.7745966692414834,-2.5980609754261117,0.0,-0.40193796808829685,0,0.0,0.0,0,-2.999832112987701,-2.9160382747650146,0.08379383822268638,6592,6592,6592,0,-2.9999998986782797,0,0.39999999999999997,-0.40193892325216796,0,0.0,0,0,1,0.0,0.0
213,7,3,True,2,-2.9999989435144085,0,2,1,0.8944271909999159,-2.5980609754261117,0.0,-0.40193796808829685,0,0.0,0.0,0,-2.999834380667161,-2.9563839435577393,0.043450437109421536,339,1377,339,0,-2.999999643107462,1,0.7378647873726218,-0.4019386676813501,0,0.0,0,0,1,0.0,0.0
214,7,4,True,3,-0.8757573949639592,3,0,1,0.39999999999999997,-2.5980609754261117,0.0,1.7223035804621525,1,1.7223035804621525,0.6131627751057502,1,-2.9174710153177483,-3.0777533054351807,0.16028229011743234,72,232,72,3,-0.9825026250074287,1,0.39999999999999997,1.615558350418683,1,1.615558350418683,1,1,1,1.615558350418683,0.6030868382486761
215,7,5,True,3,-0.8505473236270875,0,0,0,0.7999999999999999,-2.5980609754261117,0.0,1.7475136517990242,0,0.0,0.0,0,-2.9019539155524043,-2.9482927322387695,0.04633881668636519,115,115,115,0,-0.9598665394664865,0,0.7999999999999999,1.6381944359596252,0,0.0,0,0,1,0.0,0.0
216,7,6,True,4,-0.825082842342315,0,1,1,-0.39999999999999997,-2.5980609754261117,0.0,1.7729781330837966,1,1.7729781330837966,0.6312035837443714,1,-2.8834521402081443,-2.9801394939422607,0.09668735373411641,1814,951,951,0,-0.9357604441911976,1,-0.316227766016838,1.662300531234914,1,1.662300531234914,1,1,1,1.662300531234914,0.6205356626962755
217,7,7,True,4,-0.7516473559097271,1,0,1,-0.39999999999999997,-2.5980609754261117,0.0,1.8464136195163845,1,1.8464136195163845,0.6573475848154042,1,-2.8615665756569513,-2.8842291831970215,0.022662607540070212,1198,1310,1198,1,-0.8648287860132412,1,-0.316227766016838,1.7332321894128704,1,1.7332321894128704,1,1,1,1.7332321894128704,0.6470144026632927
218,7,8,True,4,-0.7752328197652952,0,0,0,0.39999999999999997,-2.5980609754261117,0.0,1.8228281556608166,0,0.0,0.0,0,-2.898217550301763,-2.9335920810699463,0.0353745307681832,604,604,604,0,-0.8863033903769535,0,0.316227766016838,1.7117575850491582,0,0.0,0,0,1,0.0,0.0
219,7,9,True,4,-0.6989880381140546,1,0,1,-0.39999999999999997,-2.5980609754261117,0.0,1.8990729373120572,1,1.8990729373120572,0.6760949960157607,1,-2.889605266341006,-2.8013296127319336,0.08827565360907252,3185,2441,2441,1,-0.8143887492775597,1,-0.316227766016838,1.783672226148552,1,1.783672226148552,1,1,1,1.783672226148552,0.6658436342216488
220,7,10,True,2,-0.536644744884077,3,3,0,0.9486832980505139,-2.5980609754261117,0.0,2.0614162305420347,0,0.0,0.0,0,-2.718183656786779,-2.344834566116333,0.37334909067044597,4,4,4,3,-0.7267792158860402,0,0.9486832980505139,1.8712817595400715,0,0.0,0,0,1,0.0,0.0
221,7,11,True,1,-0.5117623692471003,1,3,1,0.2581988897471611,-2.5980609754261117,0.0,2.086298606179011,1,2.086298606179011,0.7427498018210689,1,-2.6099647771871215,-2.315626382827759,0.2943383943593627,8,0,0,1,-0.701256388172281,1,0.2581988897471611,1.8968045872538308,1,1.8968045872538308,1,1,1,1.8968045872538308,0.7080758680155618
222,7,12,True,2,-0.536644744884077,2,0,1,0.7378647873726218,-2.5980609754261117,0.0,2.0614162305420347,1,2.0614162305420347,0.7338913481373703,1,-2.6667824188146083,-2.2131447792053223,0.45363763960928605,4,8,4,2,-0.7267618621256365,1,0.7378647873726218,1.8712991133004753,1,1.8712991133004753,1,1,1,1.8712991133004753,0.698554691859605
223,7,13,False,0,-50.0,0,3,1,,-2.5980609754261117,0.0,-47.40193902457389,0,0.0,0.0,0,-2.5591779879124763,-1.7001805305480957,0.8589974573643806,0,0,0,0,-50.0,1,,-47.40193902457389,0,0.0,0,0,1,0.0,0.0
224,7,14,False,0,-50.0,0,3,1,,-2.5980609754261117,0.0,-47.40193902457389,0,0.0,0.0,0,-2.485780011959381,-1.300704002380371,1.18507600957901,0,0,0,0,-50.0,1,,-47.40193902457389,0,0.0,0,0,1,0.0,0.0
225,7,15,False,0,-50.0,0,1,1,,-2.5980609754261117,0.0,-47.40193902457389,0,0.0,0.0,0,-2.4017100733408654,-1.4579617977142334,0.943748275626632,0,0,0,0,-50.0,1,,-47.40193902457389,0,0.0,0,0,1,0.0,0.0
226,7,16,False,0,-50.0,0,1,1,,-1.3514521950852223,0.31165219508522235,-48.64854780491478,0,0.0,0.0,0,-1.2681197546278686,-1.381676435470581,0.11355668084271242,0,0,0,0,-50.0,1,,-48.64854780491478,0,0.0,0,0,1,0.0,0.0
227,7,17,True,3,-1.1148131179622713,0,3,1,0.39999999999999997,-1.6865826869980123,0.17336171082707993,0.5717695690357409,1,0.5717695690357409,0.20355750266564454,1,-1.9798993722851788,-1.411646842956543,0.5682525293286358,1026,126,126,0,-1.113237699697496,1,0.39999999999999997,0.5733449873005163,1,0.5733449873005163,1,1,1,0.5717695690357409,0.2134411929517798
228,7,18,True,4,-1.1351895044278986,2,3,1,-0.19999999999999998,-1.9383531788045931,0.2045720653626521,0.8031636743766946,1,0.8031636743766946,0.28593685400851265,1,-1.9915296327733207,-1.3487670421600342,0.6427625906132866,185,1,1,2,-1.1667128967259273,1,-0.19999999999999998,0.7716402820786659,1,0.7716402820786659,1,1,1,0.7716402820786659,0.2880527947898238
229,7,19,True,1,-1.1538376087130673,2,2,0,0.7745966692414834,-1.7517966408397398,0.13691297594866939,0.5979590321266726,0,0.0,0.0,0,-2.0140287629818507,-1.5526336431503296,0.46139511983152115,5,5,5,2,-2.4575668965563056,0,0.7745966692414834,-0.7057702557165657,0,0.0,0,0,1,0.0,0.0
230,7,20,False,0,-50.0,0,1,1,,-2.5980609754261117,0.0,-47.40193902457389,0,0.0,0.0,0,-1.9874144021246511,-1.7908414602279663,0.19657294189668484,0,0,0,0,-50.0,1,,-47.40193902457389,0,0.0,0,0,1,0.0,0.0
231,7,21,False,0,-50.0,0,3,1,,-2.0199681003952508,0.29768353872076353,-47.98003189960475,0,0.0,0.0,0,-1.7981200784632718,-2.026930809020996,0.22881073055772427,0,0,0,0,-50.0,1,,-47.98003189960475,0,0.0,0,0,1,0.0,0.0
232,7,22,False,0,-50.0,0,2,1,,-1.8919901413515867,0.3778879700097482,-48.108009858648416,0,0.0,0.0,0,-1.4422797915225096,-2.2063496112823486,0.764069819759839,0,0,0,0,-50.0,1,,-48.108009858648416,0,0.0,0,0,1,0.0,0.0
233,7,23,False,0,-50.0,0,1,1,,-1.5644907244810435,0.42266456277108977,-48.43550927551895,0,0.0,0.0,0,-1.639350747871294,-2.774475336074829,1.135124588203535,0,0,0,0,-50.0,1,,-48.43550927551895,0,0.0,0,0,1,0.0,0.0
234,7,24,False,0,-50.0,0,2,1,,-1.5226326525009224,0.4434209456707486,-48.477367347499076,0,0.0,0.0,0,-1.8838768315096832,-2.8368310928344727,0.9529542613247894,0,0,0,0,-50.0,1,,-48.477367347499076,0,0.0,0,0,1,0.0,0.0
235,7,25,False,0,-50.0,0,1,1,,-2.5980609754261117,0.0,-47.40193902457389,0,0.0,0.0,0,-2.9870356477263615,-2.9116294384002686,0.07540620932609299,0,0,0,0,-50.0,1,,-47.40193902457389,0,0.0,0,0,1,0.0,0.0
236,7,26,False,0,-50.0,0,1,1,,-2.5980609754261117,0.0,-47.40193902457389,0,0.0,0.0,0,-2.90625781651972,-3.4765632152557373,0.5703053987360174,0,0,0,0,-50.0,1,,-47.40193902457389,0,0.0,0,0,1,0.0,0.0
237,7,27,False,0,-50.0,0,1,1,,-1.3826585790852222,0.3038505990852224,-48.61734142091478,0,0.0,0.0,0,-1.1928496937567818,-3.288912057876587,2.0960623641198053,0,0,0,0,-50.0,1,,-48.61734142091478,0,0.0,0,0,1,0.0,0.0
238,7,28,False,0,-50.0,0,2,1,,-1.1018238603995998,0.0038039601995999645,-48.8981761396004,0,0.0,0.0,0,-1.2124025792503834,-3.7050557136535645,2.492653134403181,0,0,0,0,-50.0,1,,-48.8981761396004,0,0.0,0,0,1,0.0,0.0
239,7,29,False,0,-50.0,0,1,1,,-1.1282248619649433,0.011185160766943624,-48.871775138035055,0,0.0,0.0,0,-1.1821770850931563,-3.642835855484009,2.4606587703908525,0,0,0,0,-50.0,1,,-48.871775138035055,0,0.0,0,0,1,0.0,0.0
240,8,0,True,1,-2.999998943514413,3,1,1,0.2581988897471611,-2.5980609754261117,0.0,-0.4019379680883013,0,0.0,0.0,0,-2.9902619339858463,-2.7600784301757812,0.23018350381006503,6,0,0,3,-3.0460706912262174,1,0.2581988897471611,-0.44800971580010573,0,0.0,0,0,1,0.0,0.0
241,8,1,True,2,-2.9999989435144094,0,0,0,0.9486832980505139,-2.5980609754261117,0.0,-0.40193796808829774,0,0.0,0.0,0,-2.998944638587144,-2.7493362426757812,0.24960839591136263,120,120,120,0,-3.0012303834435072,0,0.9486832980505139,-0.40316940801739554,0,0.0,0,0,1,0.0,0.0
242,8,2,False,0,-50.0,0,1,1,,-2.495420132957408,0.06286313361843764,-47.504579867042594,0,0.0,0.0,0,-2.900913033316133,-2.8476827144622803,0.053230318853852765,0,0,0,0,-50.0,1,,-47.504579867042594,0,0.0,0,0,1,0.0,0.0
243,8,3,True,1,-0.914811970788018,3,3,0,0.7745966692414834,-2.5980609754261117,0.0,1.6832490046380937,0,0.0,0.0,0,-2.9043332352442914,-2.9081642627716064,0.003831027527315012,7,7,7,3,-2.3336453953822573,0,0.7745966692414834,0.26441558004385435,0,0.0,0,0,1,0.0,0.0
244,8,4,True,2,-0.8937494661197679,3,3,0,0.9486832980505139,-2.5980609754261117,0.0,1.704311509306344,0,0.0,0.0,0,-2.903484298050798,-2.9746265411376953,0.07114224308689732,74,74,74,3,-1.038088941644374,0,0.9486832980505139,1.5599720337817378,0,0.0,0,0,1,0.0,0.0
245,8,5,True,4,-0.8712785993524884,3,0,1,0.0,-2.5980609754261117,0.0,1.7267823760736234,1,1.7267823760736234,0.6147572853752603,1,-2.9022296627269117,-3.0214550495147705,0.11922538678785877,24,229,24,3,-0.9816498121728271,1,0.0,1.6164111632532845,1,1.6164111632532845,1,1,1,1.6164111632532845,0.6034051927023574
246,8,6,True,2,-0.8486790229154584,0,0,0,0.9486832980505139,-2.5980609754261117,0.0,1.7493819525106533,0,0.0,0.0,0,-2.8874240485747,-2.9779305458068848,0.09050649723218473,862,862,862,0,-0.9586727613039102,0,0.9486832980505139,1.6393882141222016,0,0.0,0,0,1,0.0,0.0
247,8,7,True,4,-0.7262588822367968,1,0,1,-0.19999999999999998,-2.5980609754261117,0.0,1.871802093189315,1,1.871802093189315,0.6663862160704214,1,-2.853500477426222,-2.8932907581329346,0.03979028070671253,791,750,750,1,-0.84087194800964,1,-0.316227766016838,1.7571890274164716,1,1.7571890274164716,1,1,1,1.7571890274164716,0.6559574740678528
248,8,8,True,4,-0.7975226801502221,1,0,1,0.7999999999999999,-2.5980609754261117,0.0,1.8005382952758895,1,1.8005382952758895,0.6410153647356955,1,-2.8994269492319336,-3.0230820178985596,0.12365506866662601,327,624,327,0,-0.9085964822744054,0,0.9486832980505139,1.6894644931517062,0,0.0,0,0,0,0.0,0.0
249,8,9,True,4,-0.6729661736391214,3,3,0,0.19999999999999998,-2.5980609754261117,0.0,1.9250948017869902,0,0.0,0.0,0,-2.8855507448890614,-2.8046982288360596,0.08085251605300181,936,936,936,3,-0.789866439652405,0,0.316227766016838,1.8081945357737066,0,0.0,0,0,1,0.0,0.0
250,8,10,True,4,-0.6470498645132091,1,1,0,0.316227766016838,-2.5980609754261117,0.0,1.9510111109129027,0,0.0,0.0,0,-2.86791731945564,-2.8326516151428223,0.035265704312817725,4078,4078,4078,1,-0.7650689919137224,0,0.316227766016838,1.8329919835123893,0,0.0,0,0,1,0.0,0.0
251,8,11,True,1,-0.4866286564824774,3,3,0,0.7745966692414834,-2.5980609754261117,0.0,2.1114323189436344,0,0.0,0.0,0,-2.5950862739751157,-2.28281307220459,0.31227320177052587,23,23,23,3,-0.6747749395405164,0,0.7745966692414834,1.9232860358855954,0,0.0,0,0,1,0.0,0.0
252,8,12,True,2,-0.46124106783134305,1,1,0,0.9486832980505139,-2.5980609754261117,0.0,2.1368199075947687,0,0.0,0.0,0,-2.5988409826105854,-2.3989059925079346,0.1999349901026508,32,32,32,1,-0.6503835543388762,0,0.9486832980505139,1.9476774210872354,0,0.0,0,0,1,0.0,0.0
253,8,13,True,1,-0.42500754052348527,1,1,0,0.7745966692414834,-2.5980609754261117,0.0,2.1730534349026263,0,0.0,0.0,0,-2.5799296405388037,-2.125521659851074,0.4544079806877295,3,3,3,1,-1.9090775446810386,0,0.7745966692414834,0.6889834307450731,0,0.0,0,0,1,0.0,0.0
254,8,14,True,2,-0.3970363706165978,1,1,0,0.9486832980505139,-2.5980609754261117,0.0,2.201024604809514,0,0.0,0.0,0,-2.5685968250861295,-2.09587025642395,0.4727265686621793,22,22,22,1,-0.5599798359058413,0,0.9486832980505139,2.0380811395202705,0,0.0,0,0,1,0.0,0.0
255,8,15,False,0,-50.0,0,1,1,,-2.5980609754261117,0.0,-47.40193902457389,0,0.0,0.0,0,-2.4545296130863203,-1.7554562091827393,0.6990734039035811,0,0,0,0,-50.0,1,,-47.40193902457389,0,0.0,0,0,1,0.0,0.0
256,8,16,False,0,-50.0,0,1,1,,-1.02396,0.003960000000000008,-48.97604,0,0.0,0.0,0,-1.0489307442858375,-1.524510145187378,0.4755794009015404,0,0,0,0,-50.0,1,,-48.97604,0,0.0,0,0,1,0.0,0.0
257,8,17,False,0,-50.0,0,1,1,,-2.5980609754261117,0.0,-47.40193902457389,0,0.0,0.0,0,-2.343652424061421,-1.7183146476745605,0.6253377763868606,0,0,0,0,-50.0,1,,-47.40193902457389,0,0.0,0,0,1,0.0,0.0
258,8,18,False,0,-50.0,0,2,1,,-2.5980609754261117,0.0,-47.40193902457389,0,0.0,0.0,0,-2.3391683075854233,-1.478407859802246,0.8607604477831772,0,0,0,0,-50.0,1,,-47.40193902457389,0,0.0,0,0,1,0.0,0.0
259,8,19,False,0,-50.0,0,2,1,,-2.5980609754261117,0.0,-47.40193902457389,0,0.0,0.0,0,-2.2879188103758925,-1.6413145065307617,0.6466043038451308,0,0,0,0,-50.0,1,,-47.40193902457389,0,0.0,0,0,1,0.0,0.0
260,8,20,False,0,-50.0,0,2,1,,-2.5980609754261117,0.0,-47.40193902457389,0,0.0,0.0,0,-1.9790713158112014,-1.701725959777832,0.2773453560333694,0,0,0,0,-50.0,1,,-47.40193902457389,0,0.0,0,0,1,0.0,0.0
261,8,21,False,0,-50.0,0,1,1,,-1.4206530647721904,0.4865781094328368,-48.57934693522781,0,0.0,0.0,0,-1.2674976039643058,-2.3587281703948975,1.0912305664305917,0,0,0,0,-50.0,1,,-48.57934693522781,0,0.0,0,0,1,0.0,0.0
262,8,22,False,0,-50.0,0,2,1,,-1.4625111367523116,0.4700167960871136,-48.53748886324769,0,0.0,0.0,0,-1.2921884540237352,-2.0912060737609863,0.7990176197372512,0,0,0,0,-50.0,1,,-48.53748886324769,0,0.0,0,0,1,0.0,0.0
263,8,23,False,0,-50.0,0,1,1,,-1.5226326525009224,0.4434209456707486,-48.477367347499076,0,0.0,0.0,0,-1.6107421113812,-2.4939043521881104,0.8831622408069104,0,0,0,0,-50.0,1,,-48.477367347499076,0,0.0,0,0,1,0.0,0.0
264,8,24,False,0,-50.0,0,2,1,,-1.5644907244810435,0.42266456277108977,-48.43550927551895,0,0.0,0.0,0,-1.9623538971498669,-2.650035858154297,0.68768196100443,0,0,0,0,-50.0,1,,-48.43550927551895,0,0.0,0,0,1,0.0,0.0
265,8,25,False,0,-50.0,0,1,1,,-2.5980609754261117,0.0,-47.40193902457389,0,0.0,0.0,0,-2.988692569596628,-2.956280469894409,0.03241209970221881,0,0,0,0,-50.0,1,,-47.40193902457389,0,0.0,0,0,1,0.0,0.0
266,8,26,False,0,-50.0,0,1,1,,-2.5980609754261117,0.0,-47.40193902457389,0,0.0,0.0,0,-2.979343321430065,-3.431379795074463,0.45203647364439803,0,0,0,0,-50.0,1,,-47.40193902457389,0,0.0,0,0,1,0.0,0.0
267,8,27,False,0,-50.0,0,1,1,,-1.0709295402395997,0.011527540239599966,-48.9290704597604,0,0.0,0.0,0,-1.0990297261023136,-3.6107177734375,2.5116880473351864,0,0,0,0,-50.0,1,,-48.9290704597604,0,0.0,0,0,1,0.0,0.0
268,8,28,False,0,-50.0,0,1,1,,-1.0939485062288319,0.015140526228831953,-48.906051493771166,0,0.0,0.0,0,-1.1212341367078416,-2.8715806007385254,1.7503464640306838,0,0,0,0,-50.0,1,,-48.906051493771166,0,0.0,0,0,1,0.0,0.0
269,8,29,False,0,-50.0,0,2,1,,-1.1093180423888318,0.011298142188831939,-48.89068195761117,0,0.0,0.0,0,-1.1466787346460074,-3.0051748752593994,1.858496140613392,0,0,0,0,-50.0,1,,-48.89068195761117,0,0.0,0,0,1,0.0,0.0
270,9,0,True,1,-2.9999989435144334,1,1,0,0.7745966692414834,-2.5980609754261117,0.0,-0.4019379680883217,0,0.0,0.0,0,-2.8817205669677266,-2.7378625869750977,0.14385797999262895,2,2,2,1,-4.7237768984779995,0,0.7745966692414834,-2.125715923051888,0,0.0,0,0,1,0.0,0.0
271,9,1,False,0,-50.0,0,1,1,,-2.495420132957408,0.06286313361843764,-47.504579867042594,0,0.0,0.0,0,-2.8605051520514944,-2.8170831203460693,0.043422031705425024,0,0,0,0,-50.0,1,,-47.504579867042594,0,0.0,0,0,1,0.0,0.0
272,9,2,False,0,-50.0,0,1,1,,-2.495420132957408,0.06286313361843764,-47.504579867042594,0,0.0,0.0,0,-2.8600867590895382,-2.7912609577178955,0.06882580137164274,0,0,0,0,-50.0,1,,-47.504579867042594,0,0.0,0,0,1,0.0,0.0
273,9,3,False,0,-50.0,0,3,1,,-2.5980609754261117,0.0,-47.40193902457389,0,0.0,0.0,0,-2.817254947140609,-2.740471601486206,0.07678334565440315,0,0,0,0,-50.0,1,,-47.40193902457389,0,0.0,0,0,1,0.0,0.0
274,9,4,True,1,-0.7238132748495858,3,3,0,0.7745966692414834,-2.5980609754261117,0.0,1.874247700576526,0,0.0,0.0,0,-2.8164004189587826,-2.8093931674957275,0.007007251463055031,4,4,4,3,-2.152598566270945,0,0.7745966692414834,0.44546240915516666,0,0.0,0,0,1,0.0,0.0
275,9,5,True,3,-0.7008214904243819,3,3,0,0.39999999999999997,-2.5980609754261117,0.0,1.8972394850017298,0,0.0,0.0,0,-2.8142734527035467,-2.8812448978424072,0.06697144513886055,33,33,33,3,-0.850171921638584,0,0.39999999999999997,1.7478890537875276,0,0.0,0,0,1,0.0,0.0
276,9,6,True,3,-0.6753574711147474,1,1,0,1.0,-2.5980609754261117,0.0,1.9227035043113643,0,0.0,0.0,0,-2.8119206043325784,-2.885599136352539,0.07367853201996066,663,663,663,1,-0.7914950554215322,0,1.0,1.8065659200045796,0,0.0,0,0,1,0.0,0.0
277,9,7,True,4,-0.7009882914876092,2,2,0,0.19999999999999998,-2.5980609754261117,0.0,1.8970726839385024,0,0.0,0.0,0,-2.8422300055110843,-2.865802764892578,0.023572759381493835,585,585,585,2,-0.8166467639959979,0,0.39999999999999997,1.7814142114301137,0,0.0,0,0,1,0.0,0.0
278,9,8,True,4,-0.7742617357026464,3,1,1,-0.39999999999999997,-2.5980609754261117,0.0,1.8237992397234652,1,1.8237992397234652,0.6492965675450336,1,-2.8982840312207756,-3.0325465202331543,0.1342624890123787,1,254,1,1,-0.8884293601667504,0,0.316227766016838,1.7096316152593611,0,0.0,0,0,0,0.0,0.0
279,9,9,True,3,-0.5938488015250453,1,3,1,0.39999999999999997,-2.5980609754261117,0.0,2.0042121739010663,1,2.0042121739010663,0.713525950007111,1,-2.8336523505455617,-2.8150510787963867,0.01860127174917503,747,1372,747,1,-0.7146363011074736,1,0.39999999999999997,1.883424674318638,1,1.883424674318638,1,1,1,1.883424674318638,0.7030811555769569
280,9,10,True,2,-0.6205767361449415,2,0,1,0.7378647873726218,-2.5980609754261117,0.0,1.9774842392811702,1,1.9774842392811702,0.7040104530004899,1,-2.861430225770347,-2.734520196914673,0.12691002885567393,1188,4078,1188,2,-0.7399933196097144,1,0.7378647873726218,1.8580676558163973,1,1.8580676558163973,1,1,1,1.8580676558163973,0.693615397740376
281,9,11,True,2,-0.48678489379418116,1,0,1,0.7378647873726218,-2.5980609754261117,0.0,2.1112760816319307,1,2.1112760816319307,0.7516421122926864,1,-2.492756874591035,-2.5366055965423584,0.04384872195132328,14,3,3,1,-0.611289870456516,1,0.7378647873726218,1.9867711049695957,1,1.9867711049695957,1,1,1,1.9867711049695957,0.7416603081587376
282,9,12,True,2,-0.4320687742193291,3,3,0,0.9486832980505139,-2.5980609754261117,0.0,2.1659922012067825,0,0.0,0.0,0,-2.594481224203931,-2.216829538345337,0.3776516858585941,18,18,18,3,-0.6240664904673481,0,0.9486832980505139,1.9739944849587636,0,0.0,0,0,1,0.0,0.0
283,9,13,True,3,-0.39899751635761366,1,1,0,0.7999999999999999,-2.5980609754261117,0.0,2.199063459068498,0,0.0,0.0,0,-2.5779183722946173,-2.216827154159546,0.3610912181350714,16,16,16,1,-0.5974099986015037,0,1.0,2.000650976824608,0,0.0,0,0,1,0.0,0.0
284,9,14,True,4,-0.37074380938095963,1,1,0,0.632455532033676,-2.5980609754261117,0.0,2.227317166045152,0,0.0,0.0,0,-2.5637388045508067,-2.0969936847686768,0.46674511978212996,204,204,204,1,-0.5333347890688862,0,0.632455532033676,2.0647261863572255,0,0.0,0,0,1,0.0,0.0
285,9,15,True,1,-0.3397826667977715,1,1,0,0.7745966692414834,-2.5980609754261117,0.0,2.25827830862834,0,0.0,0.0,0,-2.4543041995729493,-1.9224905967712402,0.5318136028017091,5,5,5,1,-1.792973951258299,0,0.7745966692414834,0.8050870241678127,0,0.0,0,0,1,0.0,0.0
286,9,16,False,0,-50.0,0,1,1,,-1.004,0.0040000000000000036,-48.996,0,0.0,0.0,0,-1.0072457755154283,-1.6639991998672485,0.6567534243518203,0,0,0,0,-50.0,1,,-48.996,0,0.0,0,0,1,0.0,0.0
287,9,17,False,0,-50.0,0,1,1,,-2.5980609754261117,0.0,-47.40193902457389,0,0.0,0.0,0,-2.3362601536122307,-1.716245174407959,0.6200149792042717,0,0,0,0,-50.0,1,,-47.40193902457389,0,0.0,0,0,1,0.0,0.0
288,9,18,False,0,-50.0,0,1,1,,-2.5980609754261117,0.0,-47.40193902457389,0,0.0,0.0,0,-2.225915073717414,-1.8626800775527954,0.36323499616461863,0,0,0,0,-50.0,1,,-47.40193902457389,0,0.0,0,0,1,0.0,0.0
289,9,19,False,0,-50.0,0,2,1,,-2.5980609754261117,0.0,-47.40193902457389,0,0.0,0.0,0,-1.681035916661175,-1.6977068185806274,0.01667090191945242,0,0,0,0,-50.0,1,,-47.40193902457389,0,0.0,0,0,1,0.0,0.0
290,9,20,False,0,-50.0,0,3,1,,-1.4206530647721904,0.4865781094328368,-48.57934693522781,0,0.0,0.0,0,-1.790965052883276,-2.071711301803589,0.28074624892031297,0,0,0,0,-50.0,1,,-48.57934693522781,0,0.0,0,0,1,0.0,0.0
291,9,21,False,0,-50.0,0,1,1,,-1.4625111367523116,0.4700167960871136,-48.53748886324769,0,0.0,0.0,0,-1.2458804396661842,-2.033344030380249,0.7874635907140648,0,0,0,0,-50.0,1,,-48.53748886324769,0,0.0,0,0,1,0.0,0.0
292,9,22,False,0,-50.0,0,2,1,,-1.5226326525009224,0.4434209456707486,-48.477367347499076,0,0.0,0.0,0,-1.2706581154165355,-2.2644131183624268,0.9937550029458913,0,0,0,0,-50.0,1,,-48.477367347499076,0,0.0,0,0,1,0.0,0.0
293,9,23,False,0,-50.0,0,2,1,,-1.4625111367523116,0.4700167960871136,-48.53748886324769,0,0.0,0.0,0,-1.3404237295422923,-2.558823347091675,1.2183996175493825,0,0,0,0,-50.0,1,,-48.53748886324769,0,0.0,0,0,1,0.0,0.0
294,9,24,False,0,-50.0,0,2,1,,-1.5226326525009224,0.4434209456707486,-48.477367347499076,0,0.0,0.0,0,-2.223153718458729,-2.719156503677368,0.4960027852186393,0,0,0,0,-50.0,1,,-48.477367347499076,0,0.0,0,0,1,0.0,0.0
295,9,25,False,0,-50.0,0,3,1,,-2.5980609754261117,0.0,-47.40193902457389,0,0.0,0.0,0,-2.988757230397824,-3.133812665939331,0.14505543554150702,0,0,0,0,-50.0,1,,-47.40193902457389,0,0.0,0,0,1,0.0,0.0
296,9,26,False,0,-50.0,0,2,1,,-2.5980609754261117,0.0,-47.40193902457389,0,0.0,0.0,0,-2.98732617591376,-3.362520456314087,0.375194280400327,0,0,0,0,-50.0,1,,-47.40193902457389,0,0.0,0,0,1,0.0,0.0
297,9,27,False,0,-50.0,0,1,1,,-1.0476015959999998,0.007801595999999967,-48.952398404,0,0.0,0.0,0,-1.0611765195434169,-3.4726314544677734,2.4114549349243566,0,0,0,0,-50.0,1,,-48.952398404,0,0.0,0,0,1,0.0,0.0
298,9,28,False,0,-50.0,0,1,1,,-1.0709295402395997,0.011527540239599966,-48.9290704597604,0,0.0,0.0,0,-1.0994996842447744,-2.553701400756836,1.4542017165120615,0,0,0,0,-50.0,1,,-48.9290704597604,0,0.0,0,0,1,0.0,0.0
299,9,29,False,0,-50.0,0,1,1,,-2.3018567205804894,0.29620425484562235,-47.69814327941951,0,0.0,0.0,0,-1.1870615641378532,-1.9510016441345215,0.7639400799966682,0,0,0,0,-50.0,1,,-47.69814327941951,0,0.0,0,0,1,0.0,0.0
300,10,0,True,2,-2.999998943514433,1,1,0,0.9486832980505139,-2.5980609754261117,0.0,-0.4019379680883213,0,0.0,0.0,0,-2.8052887365300236,-2.709581136703491,0.09570759982653243,1,1,1,0,-4.787943981665678,1,0.7378647873726218,-2.189883006239566,0,0.0,0,0,0,0.0,0.0
301,10,1,False,0,-50.0,0,3,1,,-2.495420132957408,0.06286313361843764,-47.504579867042594,0,0.0,0.0,0,-2.846071125153962,-2.825096607208252,0.020974517945710147,0,0,0,0,-50.0,1,,-47.504579867042594,0,0.0,0,0,1,0.0,0.0
302,10,2,False,0,-50.0,0,1,1,,-2.495420132957408,0.06286313361843764,-47.504579867042594,0,0.0,0.0,0,-2.8358588752179354,-2.78385066986084,0.052008205357095605,0,0,0,0,-50.0,1,,-47.504579867042594,0,0.0,0,0,1,0.0,0.0
303,10,3,False,0,-50.0,0,3,1,,-2.495420132957408,0.06286313361843764,-47.504579867042594,0,0.0,0.0,0,-2.807013231391102,-2.7394909858703613,0.06752224552074049,0,0,0,0,-50.0,1,,-47.504579867042594,0,0.0,0,0,1,0.0,0.0
304,10,4,False,0,-50.0,0,1,1,,-2.495420132957408,0.06286313361843764,-47.504579867042594,0,0.0,0.0,0,-2.800089634879344,-2.7139196395874023,0.08616999529194169,0,0,0,0,-50.0,1,,-47.504579867042594,0,0.0,0,0,1,0.0,0.0
305,10,5,False,0,-50.0,0,1,1,,-2.304108385841496,0.13970062106686343,-47.695891614158505,0,0.0,0.0,0,-2.791093835572701,-2.739553689956665,0.051540145616035815,0,0,0,0,-50.0,1,,-47.695891614158505,0,0.0,0,0,1,0.0,0.0
306,10,6,True,4,-0.6489289096713565,1,1,0,0.19999999999999998,-2.5980609754261117,0.0,1.949132065754755,0,0.0,0.0,0,-2.793151856927343,-2.8399085998535156,0.04675674292617282,612,612,612,1,-0.7651125201533095,0,0.316227766016838,1.8329484552728021,0,0.0,0,0,1,0.0,0.0
307,10,7,True,3,-0.7270140110900528,0,0,0,0.7999999999999999,-2.5980609754261117,0.0,1.8710469643360588,0,0.0,0.0,0,-2.8569199238358562,-3.041464328765869,0.1845444049300129,594,594,594,0,-0.840871873599602,0,0.7999999999999999,1.7571891018265098,0,0.0,0,0,1,0.0,0.0
308,10,8,True,2,-0.7517795316900997,2,0,1,0.7378647873726218,-2.5980609754261117,0.0,1.846281443736012,1,1.846281443736012,0.6573005284954764,1,-2.892744142980777,-2.96273136138916,0.06998721840838318,58,416,58,2,-0.864825928367136,1,0.7378647873726218,1.7332350470589757,1,1.7332350470589757,1,1,1,1.7332350470589757,0.6470154694206487
309,10,9,True,4,-0.5671874655860248,1,0,1,-0.39999999999999997,-2.5980609754261117,0.0,2.0308735098400867,1,2.0308735098400867,0.7230177370055506,1,-2.776895813841214,-2.7888071537017822,0.011911339860568138,2011,837,837,1,-0.6889947797349858,1,-0.316227766016838,1.909066195691126,1,1.909066195691126,1,1,1,1.909066195691126,0.7126531181423523
310,10,10,True,2,-0.4865367973985265,3,3,0,0.9486832980505139,-0.5450587580212881,0.02773736122188901,0.058521960622761604,0,0.0,0.0,0,-2.522208993852783,-2.7187082767486572,0.19649928289587404,365,365,365,3,-0.6102839787695518,0,0.9486832980505139,-0.06522522074826365,0,0.0,0,0,1,0.0,0.0
311,10,11,True,3,-0.45944611325952045,3,3,0,1.0,-0.6272995431784482,0.12725714163204616,0.1678534299189277,0,0.0,0.0,0,-2.462629085265802,-2.5904431343078613,0.12781404904205917,320,320,320,3,-0.5834893170792145,0,0.7999999999999999,0.043810226099233684,0,0.0,0,0,1,0.0,0.0
312,10,12,True,3,-0.42924608371690387,1,1,0,0.7999999999999999,-0.4745022846735699,0.03756898541922123,0.04525620095666605,0,0.0,0.0,0,-2.3381905189547987,-2.591259241104126,0.2530687221493273,756,756,756,1,-0.5548825942846941,0,0.7999999999999999,-0.08038030961112419,0,0.0,0,0,1,0.0,0.0
313,10,13,True,2,-0.37272476467491505,3,3,0,0.9486832980505139,-2.5980609754261117,0.0,2.2253362107511965,0,0.0,0.0,0,-2.5632833530533206,-2.1803488731384277,0.3829344799148928,299,299,299,3,-0.5350027696054533,0,0.9486832980505139,2.063058205820658,0,0.0,0,0,1,0.0,0.0
314,10,14,True,4,-0.341827414888584,3,3,0,0.19999999999999998,-2.5980609754261117,0.0,2.256233560537528,0,0.0,0.0,0,-2.5573383589009397,-1.9251154661178589,0.6322228927830809,42,42,42,3,-0.5056786416285085,0,0.19999999999999998,2.092382333797603,0,0.0,0,0,1,0.0,0.0
315,10,15,True,3,-0.3129117853215392,1,2,1,0.39999999999999997,-2.5980609754261117,0.0,2.2851491901045726,1,2.2851491901045726,0.8135432306069968,1,-2.4472447792015344,-2.0087947845458984,0.43844999465563594,98,43,43,1,-0.476900617713364,1,0.7999999999999999,2.1211603577127476,1,2.1211603577127476,1,1,1,2.1211603577127476,0.7918277252071316
317,10,17,False,0,-50.0,0,3,1,,-2.5980609754261117,0.0,-47.40193902457389,0,0.0,0.0,0,-2.3271634384773363,-1.7056264877319336,0.6215369507454027,0,0,0,0,-50.0,1,,-47.40193902457389,0,0.0,0,0,1,0.0,0.0
318,10,18,False,0,-50.0,0,2,1,,-2.5980609754261117,0.0,-47.40193902457389,0,0.0,0.0,0,-2.291521922601761,-1.746255874633789,0.5452660479679721,0,0,0,0,-50.0,1,,-47.40193902457389,0,0.0,0,0,1,0.0,0.0
319,10,19,True,1,-0.1447816561774716,1,1,0,0.7745966692414834,-0.2080999097203982,0.02991328236610907,0.06331825354292661,0,0.0,0.0,0,-1.5474568679937786,-1.892085313796997,0.3446284458032185,2,2,2,1,-1.6819632704597016,0,0.7745966692414834,-1.4738633607393035,0,0.0,0,0,1,0.0,0.0
320,10,20,False,0,-50.0,0,3,1,,-1.5644907244810435,0.42266456277108977,-48.43550927551895,0,0.0,0.0,0,-1.2247079087227055,-2.3761985301971436,1.151490621474438,0,0,0,0,-50.0,1,,-48.43550927551895,0,0.0,0,0,1,0.0,0.0
321,10,21,False,0,-50.0,0,2,1,,-1.5226326525009224,0.4434209456707486,-48.477367347499076,0,0.0,0.0,0,-1.2050739789101224,-2.0538170337677,0.8487430548575778,0,0,0,0,-50.0,1,,-48.477367347499076,0,0.0,0,0,1,0.0,0.0
322,10,22,False,0,-50.0,0,1,1,,-2.5980609754261117,0.0,-47.40193902457389,0,0.0,0.0,0,-2.9226981524268,-2.6732563972473145,0.24944175517948564,0,0,0,0,-50.0,1,,-47.40193902457389,0,0.0,0,0,1,0.0,0.0
323,10,23,False,0,-50.0,0,2,1,,-2.5980609754261117,0.0,-47.40193902457389,0,0.0,0.0,0,-2.920760178593052,-2.699798107147217,0.22096207144583513,0,0,0,0,-50.0,1,,-47.40193902457389,0,0.0,0,0,1,0.0,0.0
324,10,24,False,0,-50.0,0,2,1,,-2.5980609754261117,0.0,-47.40193902457389,0,0.0,0.0,0,-2.8845162804733397,-2.713489055633545,0.17102722483979482,0,0,0,0,-50.0,1,,-47.40193902457389,0,0.0,0,0,1,0.0,0.0
326,10,26,False,0,-50.0,0,2,1,,-1.0,0.0,-49.0,0,0.0,0.0,0,-1.002911114245702,-3.040916681289673,2.038005567043971,0,0,0,0,-50.0,1,,-49.0,0,0.0,0,0,1,0.0,0.0
327,10,27,False,0,-50.0,0,2,1,,-1.02,0.0,-48.98,0,0.0,0.0,0,-1.0277280260776658,-2.906139373779297,1.878411347701631,0,0,0,0,-50.0,1,,-48.98,0,0.0,0,0,1,0.0,0.0
328,10,28,False,0,-50.0,0,2,1,,-1.0398,0.0,-48.9602,0,0.0,0.0,0,-1.0570240018068222,-2.5467193126678467,1.4896953108610245,0,0,0,0,-50.0,1,,-48.9602,0,0.0,0,0,1,0.0,0.0
329,10,29,False,0,-50.0,0,1,1,,-2.5980609754261117,0.0,-47.40193902457389,0,0.0,0.0,0,-1.2110803781239572,-1.7893292903900146,0.5782489122660575,0,0,0,0,-50.0,1,,-47.40193902457389,0,0.0,0,0,1,0.0,0.0
330,11,0,True,1,-2.999998943514433,3,3,0,0.7745966692414834,-2.5980609754261117,0.0,-0.4019379680883213,0,0.0,0.0,0,-2.752552412462196,-2.656207799911499,0.09634461255069704,2,2,2,3,-7.884528023265812,0,0.7745966692414834,-5.2864670478397,0,0.0,0,0,1,0.0,0.0
331,11,1,True,2,-2.999998943514433,1,1,0,0.4472135954999579,-2.5980609754261117,0.0,-0.4019379680883213,0,0.0,0.0,0,-2.7524634848612948,-2.6721200942993164,0.08034339056197837,4,4,4,1,-6.883302592060596,0,0.632455532033676,-4.285241616634484,0,0.0,0,0,1,0.0,0.0
332,11,2,False,0,-50.0,0,3,1,,-2.495420132957408,0.06286313361843764,-47.504579867042594,0,0.0,0.0,0,-2.817058317436695,-2.797064781188965,0.019993536247730148,0,0,0,0,-50.0,1,,-47.504579867042594,0,0.0,0,0,1,0.0,0.0
333,11,3,False,0,-50.0,0,3,1,,-2.495420132957408,0.06286313361843764,-47.504579867042594,0,0.0,0.0,0,-2.8052980201523674,-2.753424644470215,0.051873375682152556,0,0,0,0,-50.0,1,,-47.504579867042594,0,0.0,0,0,1,0.0,0.0
334,11,4,False,0,-50.0,0,0,0,,-2.495420132957408,0.06286313361843764,-47.504579867042594,0,0.0,0.0,0,-2.802681852644913,-2.6942787170410156,0.10840313560389747,0,0,0,0,-50.0,0,,-47.504579867042594,0,0.0,0,0,1,0.0,0.0
335,11,5,False,0,-50.0,0,1,1,,-2.300071311944669,0.10981489749433695,-47.69992868805533,0,0.0,0.0,0,-2.7877528688571376,-2.67818546295166,0.10956740590547742,0,0,0,0,-50.0,1,,-47.69992868805533,0,0.0,0,0,1,0.0,0.0
336,11,6,True,2,-0.6228286700654897,3,3,0,0.9486832980505139,-2.5980609754261117,0.0,1.975232305360622,0,0.0,0.0,0,-2.7767266376062576,-2.892834186553955,0.11610754894769748,337,337,337,3,-0.7399944829746522,0,0.9486832980505139,1.8580664924514596,0,0.0,0,0,1,0.0,0.0
337,11,7,True,4,-0.5950833400594322,3,3,0,0.7999999999999999,-2.5980609754261117,0.0,2.0029776353666797,0,0.0,0.0,0,-2.756578718169592,-2.849594831466675,0.09301611329708281,416,416,416,3,-0.7146363321797569,0,0.316227766016838,1.8834246432463548,0,0.0,0,0,1,0.0,0.0
338,11,8,True,4,-0.5677575493066822,3,3,0,0.316227766016838,-2.5980609754261117,0.0,2.0303034261194295,0,0.0,0.0,0,-2.7519888044575374,-2.8344154357910156,0.08242663133347827,1171,1171,1171,3,-0.6889947805440746,0,0.316227766016838,1.909066194882037,0,0.0,0,0,1,0.0,0.0
339,11,9,True,4,-0.5401048663545402,3,0,1,0.0,-2.5980609754261117,0.0,2.0579561090715712,1,2.0579561090715712,0.7326594992884797,1,-2.7485339653471645,-2.799537181854248,0.051003216507083504,417,2118,417,3,-0.6630655634023411,1,0.0,1.9349954120237705,1,1.9349954120237705,1,1,1,1.9349954120237705,0.7223324770415639
340,11,10,True,4,-0.5131788429114914,0,0,0,0.7999999999999999,-0.9486738314382066,0.41319512374096007,0.4354949885267152,0,0.0,0.0,0,-2.598861944315515,-2.7591042518615723,0.16024230754605728,596,596,596,0,-0.6361446345522538,0,0.7999999999999999,0.3125291968859528,0,0.0,0,0,1,0.0,0.0
341,11,11,True,3,-0.4894317162825304,0,2,1,0.39999999999999997,-0.6176840072226465,0.03269714221029332,0.1282522909401161,1,0.1282522909401161,0.04565950597711119,1,-2.590089022860362,-2.732248544692993,0.14215952183263125,72,314,72,0,-0.6109748927135599,1,0.39999999999999997,0.006709114509086622,1,0.006709114509086622,0,1,1,0.006709114509086622,0.002504507903217965
342,11,12,True,4,-0.3992206645517847,1,1,0,0.39999999999999997,-0.8834572088992643,0.4291917647071335,0.4842365443474796,0,0.0,0.0,0,-2.306412451584051,-2.5947425365448,0.28833008496074886,1054,1054,1054,1,-0.527408730843452,0,0.316227766016838,0.3560484780558123,0,0.0,0,0,1,0.0,0.0
343,11,13,True,2,-0.39996049392762,0,0,0,0.9486832980505139,-2.5980609754261117,0.0,2.198100481498492,0,0.0,0.0,0,-2.5680946935227396,-2.684460401535034,0.11636570801229462,28,28,28,0,-0.561629798829267,0,0.9486832980505139,2.0364311765968446,0,0.0,0,0,1,0.0,0.0
344,11,14,True,2,-0.252892122488632,1,3,1,0.7378647873726218,-2.5980609754261117,0.0,2.34516885293748,1,2.34516885293748,0.8349110216520934,1,-2.279791276339985,-2.358398914337158,0.07860763799717319,89,51,51,1,-0.3830239373105243,1,0.7378647873726218,2.2150370381155873,1,2.2150370381155873,1,1,1,2.2150370381155873,0.8268718264336566
345,11,15,True,2,-0.2815200005644191,2,0,1,0.7378647873726218,-2.5980609754261117,0.0,2.3165409748616925,1,2.3165409748616925,0.8247191197333685,1,-2.3880875010349496,-2.153404474258423,0.23468302677652675,49,92,49,2,-0.4130010109211136,1,0.7378647873726218,2.185059964504998,1,2.185059964504998,1,1,1,2.185059964504998,0.815681405153563
346,11,16,True,2,-0.18615102277772666,1,3,1,0.7378647873726218,-1.1474079719666748,0.38112196540537935,0.9612569491889481,1,0.9612569491889481,0.3422201435569359,1,-1.6300594461925486,-1.7335350513458252,0.10347560515327658,1,16,1,1,-0.3397876496737805,1,0.7378647873726218,0.8076203222928943,1,0.8076203222928943,1,1,1,0.8076203222928943,0.3014841194381943
347,11,17,True,2,-0.17677750689335636,3,3,0,0.9486832980505139,-1.158785776409952,0.37512296803866524,0.9820082695165957,0,0.0,0.0,0,-1.6399487178400949,-1.9815990924835205,0.3416503746434256,5,5,5,1,-0.35180902133671454,1,0.7378647873726218,0.8069767550732375,1,0.8069767550732375,1,0,0,0.0,0.0
348,11,18,True,2,-0.1387873801185843,1,2,1,0.7378647873726218,-1.2493875596954065,0.34503701533512204,1.110600179576822,1,1.110600179576822,0.39538830196215413,1,-1.5743750004546633,-1.8245341777801514,0.2501591773254881,36,4,4,1,-0.3552567325231937,1,0.7378647873726218,0.8941308271722128,1,0.8941308271722128,1,1,1,0.8941308271722128,0.33377843232973664
349,11,19,True,2,-0.11594106752325642,1,1,0,0.9486832980505139,-0.18535933546755598,0.034470109431377884,0.06941826794429956,0,0.0,0.0,0,-1.5227116625327441,-1.8068530559539795,0.28414139342123534,6,6,6,1,-0.36167741039797563,0,0.9486832980505139,-0.17631807493041965,0,0.0,0,0,1,0.0,0.0
350,11,20,True,2,-0.12083168301914333,1,2,1,0.7378647873726218,-0.2080999097203982,0.02991328236610907,0.08726822670125488,1,0.08726822670125488,0.031068638926211093,1,-1.511965247283287,-2.071059465408325,0.5590942181250382,30,10,10,1,-0.3871050066481465,1,0.7378647873726218,-0.1790050969277483,0,0.0,0,0,1,0.0,0.0
351,11,21,False,0,-50.0,0,1,1,,-0.18535933546755598,0.034470109431377884,-49.81464066453245,0,0.0,0.0,0,-1.1646137032758845,-2.353623390197754,1.1890096869218694,0,0,0,0,-50.0,1,,-49.81464066453245,0,0.0,0,0,1,0.0,0.0
352,11,22,False,0,-50.0,0,3,1,,-2.5980609754261117,0.0,-47.40193902457389,0,0.0,0.0,0,-2.9219634862242194,-2.640268325805664,0.28169516041855536,0,0,0,0,-50.0,1,,-47.40193902457389,0,0.0,0,0,1,0.0,0.0
353,11,23,False,0,-50.0,0,2,1,,-2.5980609754261117,0.0,-47.40193902457389,0,0.0,0.0,0,-2.912934000197726,-2.716977119445801,0.1959568807519254,0,0,0,0,-50.0,1,,-47.40193902457389,0,0.0,0,0,1,0.0,0.0
354,11,24,False,0,-50.0,0,1,1,,-2.5980609754261117,0.0,-47.40193902457389,0,0.0,0.0,0,-2.8898265318755274,-2.509381055831909,0.3804454760436182,0,0,0,0,-50.0,1,,-47.40193902457389,0,0.0,0,0,1,0.0,0.0
355,11,25,False,0,-50.0,0,1,1,,-2.5980609754261117,0.0,-47.40193902457389,0,0.0,0.0,0,-2.8711992063027485,-2.463205337524414,0.40799386877833443,0,0,0,0,-50.0,1,,-47.40193902457389,0,0.0,0,0,1,0.0,0.0
356,11,26,False,0,-50.0,0,1,1,,-2.154156171092059,0.23898427949537138,-47.84584382890794,0,0.0,0.0,0,-1.6104838206822092,-1.6424038410186768,0.03192002033646757,0,0,0,0,-50.0,1,,-47.84584382890794,0,0.0,0,0,1,0.0,0.0
357,11,27,False,0,-50.0,0,1,1,,-1.6756832904582848,0.3969472933059172,-48.32431670954171,0,0.0,0.0,0,-1.0095948768713219,-1.8860639333724976,0.8764690565011757,0,0,0,0,-50.0,1,,-48.32431670954171,0,0.0,0,0,1,0.0,0.0
358,11,28,False,0,-50.0,0,1,1,,-1.5141825572965986,0.26394587314434487,-48.4858174427034,0,0.0,0.0,0,-1.0423815927137334,-1.8122029304504395,0.769821337736706,0,0,0,0,-50.0,1,,-48.4858174427034,0,0.0,0,0,1,0.0,0.0
359,11,29,False,0,-50.0,0,1,1,,-2.298176746736323,0.29988422868978826,-47.701823253263676,0,0.0,0.0,0,-1.1868890358112327,-1.5273106098175049,0.34042157400627215,0,0,0,0,-50.0,1,,-47.701823253263676,0,0.0,0,0,1,0.0,0.0
360,12,0,False,0,-50.0,0,1,1,,-2.5980609754261117,0.0,-47.40193902457389,0,0.0,0.0,0,-2.626387307344663,-2.6092519760131836,0.017135331331479264,0,0,0,0,-50.0,1,,-47.40193902457389,0,0.0,0,0,1,0.0,0.0
361,12,1,True,1,-2.999998943514433,3,3,0,0.7745966692414834,-2.5980609754261117,0.0,-0.4019379680883213,0,0.0,0.0,0,-2.7496034328322536,-2.612556219100952,0.13704721373130146,66,66,66,3,-6.8986481603912635,0,0.7745966692414834,-4.300587184965152,0,0.0,0,0,1,0.0,0.0
362,12,2,True,2,-2.999998943514433,0,2,1,0.8944271909999159,-2.5980609754261117,0.0,-0.4019379680883213,0,0.0,0.0,0,-2.753443373738811,-2.6682755947113037,0.08516777902750716,34,68,34,0,-5.776734793303554,1,0.7378647873726218,-3.178673817877442,0,0.0,0,0,1,0.0,0.0
363,12,3,False,0,-50.0,0,3,1,,-2.300071311944669,0.10981489749433695,-47.69992868805533,0,0.0,0.0,0,-2.616210865817137,-2.713271379470825,0.0970605136536884,0,0,0,0,-50.0,1,,-47.69992868805533,0,0.0,0,0,1,0.0,0.0
364,12,4,False,0,-50.0,0,1,1,,-2.300071311944669,0.10981489749433695,-47.69992868805533,0,0.0,0.0,0,-2.611985532915489,-2.7604639530181885,0.14847842010269963,0,0,0,0,-50.0,1,,-47.69992868805533,0,0.0,0,0,1,0.0,0.0
365,12,5,False,0,-50.0,0,3,1,,-2.300071311944669,0.10981489749433695,-47.69992868805533,0,0.0,0.0,0,-2.78361997368482,-2.6579432487487793,0.12567672493604087,0,0,0,0,-50.0,1,,-47.69992868805533,0,0.0,0,0,1,0.0,0.0
366,12,6,False,0,-50.0,0,3,1,,-2.300071311944669,0.10981489749433695,-47.69992868805533,0,0.0,0.0,0,-2.7883057961887507,-2.655548095703125,0.13275770048562574,0,0,0,0,-50.0,1,,-47.69992868805533,0,0.0,0,0,1,0.0,0.0
367,12,7,False,0,-50.0,0,3,1,,-2.241043643880505,0.1192661020559249,-47.7589563561195,0,0.0,0.0,0,-2.7861491021201443,-2.6578915119171143,0.12825759020303007,0,0,0,0,-50.0,1,,-47.7589563561195,0,0.0,0,0,1,0.0,0.0
368,12,8,True,2,-0.5913906986154274,3,1,1,0.7378647873726218,-2.241043643880505,0.1192661020559249,1.6496529452650774,1,1.6496529452650774,0.5872981914191271,1,-2.7836588679899066,-2.7129530906677246,0.07070577732218197,1,2,1,3,-2.1519023828405475,1,0.7378647873726218,0.08914126103995734,1,0.08914126103995734,0,1,1,0.08914126103995734,0.03327637238491295
369,12,9,True,2,-0.5670613124100804,3,3,0,0.9486832980505139,-1.492595564710057,0.4541837656556953,0.9255342522999767,0,0.0,0.0,0,-2.622673398859323,-2.7347631454467773,0.11208974658745419,18,18,18,3,-0.7280142640627608,0,0.9486832980505139,0.7645813006472962,0,0.0,0,0,1,0.0,0.0
370,12,10,True,3,-0.5424861748289219,3,3,0,0.7999999999999999,-0.9736193419576074,0.4064369749525501,0.43113316712868544,0,0.0,0.0,0,-2.6047834117856605,-2.8037784099578857,0.1989949981722252,139,139,139,3,-0.6647206923490595,0,0.7999999999999999,0.30889864960854785,0,0.0,0,0,1,0.0,0.0
371,12,11,True,2,-0.5167452581810628,0,0,0,0.9486832980505139,-0.9736193419576074,0.4064369749525501,0.4568740837765446,0,0.0,0.0,0,-2.5973859622821007,-2.7938475608825684,0.19646159860046764,578,578,578,0,-0.6375087797349605,0,0.9486832980505139,0.3361105622226469,0,0.0,0,0,1,0.0,0.0
372,12,12,True,3,-0.3704658926953404,3,3,0,0.7999999999999999,-0.49476327517617114,0.11280527383190159,0.12429738248083072,0,0.0,0.0,0,-2.2916642167255015,-2.6001977920532227,0.3085335753277212,652,652,652,3,-0.4996654703337754,0,0.7999999999999999,-0.004902195157604261,0,0.0,0,0,1,0.0,0.0
373,12,13,True,2,-0.3405872108709921,1,1,0,0.9486832980505139,-0.46826880382594915,0.11955223677622626,0.12768159295495707,0,0.0,0.0,0,-2.2664774819564726,-2.629572629928589,0.3630951479721163,589,589,589,1,-0.4716119721145269,0,0.9486832980505139,-0.0033431682885777247,0,0.0,0,0,1,0.0,0.0
374,12,14,True,2,-0.22044731663003314,3,0,1,0.7378647873726218,-2.5980609754261117,0.0,2.3776136587960783,1,2.3776136587960783,0.8464618001697153,1,-2.211005599668071,-2.2604897022247314,0.04948410255666058,175,79,79,3,-0.35363633894988356,1,0.7378647873726218,2.244424636476228,1,2.244424636476228,1,1,1,2.244424636476228,0.837842197002103
375,12,15,True,3,-0.18990596573364088,3,3,0,1.0,-0.6966049272553831,0.47547726002023855,0.5066989615217423,0,0.0,0.0,0,-2.157742457135291,-2.380725145339966,0.22298268820467504,216,216,216,3,-0.3239437594577437,0,0.7999999999999999,0.37266116779763947,0,0.0,0,0,1,0.0,0.0
376,12,16,True,3,-0.15772830651341305,1,1,0,1.0,-0.2080999097203982,0.02991328236610907,0.050371603206985166,0,0.0,0.0,0,-1.5826088797862852,-1.9730334281921387,0.3904245484058535,407,407,407,1,-0.2931156233319909,0,1.0,-0.08501571361159271,0,0.0,0,0,1,0.0,0.0
377,12,17,True,2,-0.18981808293473515,2,0,1,0.7378647873726218,-1.1369698771751344,0.386146892220321,0.9471517942403993,1,0.9471517942403993,0.3371985224852152,1,-1.6281447147046217,-2.1391289234161377,0.510984208711516,147,147,147,2,-0.32312246748485474,1,0.7378647873726218,0.8138474096902797,1,0.8138474096902797,1,1,1,0.8138474096902797,0.3038086869470151
378,12,18,True,3,-0.10030700316442602,3,3,0,0.7999999999999999,-0.18535933546755598,0.034470109431377884,0.08505233230312996,0,0.0,0.0,0,-1.5416728222163718,-2.013256788253784,0.47158396603741237,36,36,36,3,-0.32646928854513996,0,0.7999999999999999,-0.14110995307758398,0,0.0,0,0,1,0.0,0.0
379,12,19,True,3,-0.06381040488843519,1,1,0,1.0,-0.13362125872940664,0.04125743957435675,0.06981085384097145,0,0.0,0.0,0,-1.4878991358217875,-1.9395508766174316,0.4516517407956442,650,650,650,1,-0.29649626495463444,0,0.7999999999999999,-0.1628750062252278,0,0.0,0,0,1,0.0,0.0
380,12,20,True,4,-0.0909149722689949,3,2,1,0.6000000000000001,-0.17438330602052027,0.02637263998300975,0.08346833375152536,1,0.08346833375152536,0.029715826952415092,1,-1.488129276182691,-2.1243703365325928,0.6362410603499018,3,113,3,2,-0.3592593971189881,0,0.19999999999999998,-0.1848760910984678,0,0.0,0,0,0,0.0,0.0
381,12,21,True,2,-0.06153027569651228,1,1,0,0.9486832980505139,-0.13362125872940664,0.04125743957435675,0.07209098303289435,0,0.0,0.0,0,-1.139883663424484,-2.247028350830078,1.1071446874055941,22,22,22,1,-1.5866837775169726,0,0.9486832980505139,-1.453062518787566,0,0.0,0,0,1,0.0,0.0
382,12,22,True,2,-0.10538803177484456,2,2,0,0.9486832980505139,-0.17438330602052027,0.02637263998300975,0.06899527424567571,0,0.0,0.0,0,-1.2474836003291239,-2.415138006210327,1.1676544058812033,3,3,3,2,-1.6023541247630015,0,0.9486832980505139,-1.4279708187424813,0,0.0,0,0,1,0.0,0.0
383,12,23,False,0,-50.0,0,1,1,,-2.5980609754261117,0.0,-47.40193902457389,0,0.0,0.0,0,-2.906538785501869,-2.631744384765625,0.27479440073624417,0,0,0,0,-50.0,1,,-47.40193902457389,0,0.0,0,0,1,0.0,0.0
384,12,24,False,0,-50.0,0,2,1,,-2.5980609754261117,0.0,-47.40193902457389,0,0.0,0.0,0,-2.9035884666700187,-2.605602979660034,0.2979854870099845,0,0,0,0,-50.0,1,,-47.40193902457389,0,0.0,0,0,1,0.0,0.0
385,12,25,False,0,-50.0,0,1,1,,-2.5980609754261117,0.0,-47.40193902457389,0,0.0,0.0,0,-2.9086759233666233,-2.5168447494506836,0.3918311739159397,0,0,0,0,-50.0,1,,-47.40193902457389,0,0.0,0,0,1,0.0,0.0
386,12,26,False,0,-50.0,0,1,1,,-1.5043960553675884,0.48613430225927384,-48.495603944632414,0,0.0,0.0,0,-0.9605127626748142,-1.4798587560653687,0.5193459933905544,0,0,0,0,-50.0,1,,-48.495603944632414,0,0.0,0,0,1,0.0,0.0
387,12,27,False,0,-50.0,0,2,1,,-1.6829847073115745,0.4177779265451129,-48.317015292688424,0,0.0,0.0,0,-0.985887606224736,-1.5465426445007324,0.5606550382759964,0,0,0,0,-50.0,1,,-48.317015292688424,0,0.0,0,0,1,0.0,0.0
388,12,28,False,0,-50.0,0,2,1,,-1.5043960553675884,0.48613430225927384,-48.495603944632414,0,0.0,0.0,0,-1.0176256300300568,-1.2772151231765747,0.2595894931465179,0,0,0,0,-50.0,1,,-48.495603944632414,0,0.0,0,0,1,0.0,0.0
389,12,29,False,0,-50.0,0,1,1,,-2.298176746736323,0.29988422868978826,-47.701823253263676,0,0.0,0.0,0,-1.2874070602130407,-1.172450065612793,0.11495699460024777,0,0,0,0,-50.0,1,,-47.701823253263676,0,0.0,0,0,1,0.0,0.0
390,13,0,False,0,-50.0,0,3,1,,-2.5980609754261117,0.0,-47.40193902457389,0,0.0,0.0,0,-2.548124274148237,-2.5029373168945312,0.045186957253705806,0,0,0,0,-50.0,1,,-47.40193902457389,0,0.0,0,0,1,0.0,0.0
391,13,1,False,0,-50.0,0,3,1,,-2.5980609754261117,0.0,-47.40193902457389,0,0.0,0.0,0,-2.5408354578013994,-2.6219050884246826,0.0810696306232832,0,0,0,0,-50.0,1,,-47.40193902457389,0,0.0,0,0,1,0.0,0.0
392,13,2,False,0,-50.0,0,1,1,,-2.5980609754261117,0.0,-47.40193902457389,0,0.0,0.0,0,-2.529068240374172,-2.523693799972534,0.0053744404016380365,0,0,0,0,-50.0,1,,-47.40193902457389,0,0.0,0,0,1,0.0,0.0
393,13,3,False,0,-50.0,0,0,0,,-2.3631360539056603,0.12445838586062415,-47.63686394609434,0,0.0,0.0,0,-2.6139073424107413,-2.629263162612915,0.015355820202173742,0,0,0,0,-50.0,0,,-47.63686394609434,0,0.0,0,0,1,0.0,0.0
394,13,4,False,0,-50.0,0,1,1,,-2.241043643880505,0.1192661020559249,-47.7589563561195,0,0.0,0.0,0,-2.6068800575086857,-2.7113373279571533,0.10445727044846764,0,0,0,0,-50.0,1,,-47.7589563561195,0,0.0,0,0,1,0.0,0.0
395,13,5,False,0,-50.0,0,3,1,,-2.300071311944669,0.10981489749433695,-47.69992868805533,0,0.0,0.0,0,-2.5840979694057844,-2.625061511993408,0.0409635425876238,0,0,0,0,-50.0,1,,-47.69992868805533,0,0.0,0,0,1,0.0,0.0
396,13,6,False,0,-50.0,0,1,1,,-2.241043643880505,0.1192661020559249,-47.7589563561195,0,0.0,0.0,0,-2.573898564179416,-2.6357362270355225,0.06183766285610659,0,0,0,0,-50.0,1,,-47.7589563561195,0,0.0,0,0,1,0.0,0.0
397,13,7,False,0,-50.0,0,3,1,,-2.304108385841496,0.13970062106686343,-47.695891614158505,0,0.0,0.0,0,-2.8216663034782314,-2.670301914215088,0.15136438926314355,0,0,0,0,-50.0,1,,-47.695891614158505,0,0.0,0,0,1,0.0,0.0
398,13,8,True,1,-1.5534286786621339,1,1,0,0.7745966692414834,-2.304108385841496,0.13970062106686343,0.750679707179362,0,0.0,0.0,0,-2.825461310128389,-2.6558852195739746,0.16957609055441436,2,2,2,1,-6.644999459991265,0,0.7745966692414834,-4.340891074149769,0,0.0,0,0,1,0.0,0.0
399,13,9,False,0,-50.0,0,3,1,,-2.317366514931916,0.23335048504757752,-47.68263348506808,0,0.0,0.0,0,-2.8742858996783616,-2.8037455081939697,0.07054039148439184,0,0,0,0,-50.0,1,,-47.68263348506808,0,0.0,0,0,1,0.0,0.0
400,13,10,False,0,-50.0,0,3,1,,-2.1459069813019314,0.2445137008433761,-47.854093018698066,0,0.0,0.0,0,-2.8729120227417786,-2.7389659881591797,0.1339460345825989,0,0,0,0,-50.0,1,,-47.854093018698066,0,0.0,0,0,1,0.0,0.0
401,13,11,False,0,-50.0,0,1,1,,-2.317366514931916,0.23335048504757752,-47.68263348506808,0,0.0,0.0,0,-2.871326462628471,-2.845977544784546,0.025348917843925012,0,0,0,0,-50.0,1,,-47.68263348506808,0,0.0,0,0,1,0.0,0.0
402,13,12,False,0,-50.0,0,1,1,,-2.1459069813019314,0.2445137008433761,-47.854093018698066,0,0.0,0.0,0,-2.8517716122710604,-2.702054500579834,0.14971711169122637,0,0,0,0,-50.0,1,,-47.854093018698066,0,0.0,0,0,1,0.0,0.0
403,13,13,True,2,-0.311116385422238,3,3,0,0.9486832980505139,-0.34407864078337563,0.043878024421274635,0.032962255361137616,0,0.0,0.0,0,-2.2517838288558374,-2.6157004833221436,0.36391665446630617,1493,1493,1493,3,-0.44324374458541826,0,0.9486832980505139,-0.09916510380204263,0,0.0,0,0,1,0.0,0.0
404,13,14,True,4,-0.25276862266022737,3,3,0,0.19999999999999998,-0.34407864078337563,0.043878024421274635,0.09131001812314826,0,0.0,0.0,0,-2.2050883812085766,-2.5875978469848633,0.38250946577628664,3880,3880,3880,3,-0.3838316896856435,0,0.316227766016838,-0.039753048902267885,0,0.0,0,0,1,0.0,0.0
405,13,15,True,2,-0.22120626378019403,0,0,0,0.9486832980505139,-0.3224515051792645,0.04675101894617115,0.10124524139907048,0,0.0,0.0,0,-2.1821722115732536,-2.5074782371520996,0.325306025578846,6533,6533,6533,0,-0.3536573719549168,0,0.9486832980505139,-0.03120586677565229,0,0.0,0,0,1,0.0,0.0
406,13,16,True,2,-0.12546142349964068,3,3,0,0.9486832980505139,-0.2241557725093098,0.04320823750586544,0.09869434900966911,0,0.0,0.0,0,-1.5234090915989258,-2.0966341495513916,0.5732250579524658,1214,1214,1214,1,-0.2606508216060448,1,0.7378647873726218,-0.03649504909673501,0,0.0,0,0,0,0.0,0.0
407,13,17,True,4,-0.09330031341292538,3,3,0,0.316227766016838,-0.2014151982564676,0.04840346620472769,0.1081148848435422,0,0.0,0.0,0,-1.5301906743687703,-2.15171217918396,0.6215215048151896,1788,1788,1788,2,-0.290293006568027,1,-0.316227766016838,-0.08887780831155939,0,0.0,0,0,0,0.0,0.0
408,13,18,True,4,-0.06034783000091857,3,3,0,0.19999999999999998,-0.13362125872940664,0.04125743957435675,0.07327342872848808,0,0.0,0.0,0,-1.509660603322494,-2.09610652923584,0.5864459259133459,1983,1983,1983,3,-0.29222274170400425,0,0.9486832980505139,-0.1586014829745976,0,0.0,0,0,1,0.0,0.0
409,13,19,True,4,-0.027325714507198874,3,3,0,0.39999999999999997,-0.5927122564905405,0.5029354009038023,0.5653865419833416,0,0.0,0.0,0,-1.4664929658186305,-1.984726905822754,0.5182339400041234,236,236,236,3,-0.26270593947812976,0,0.39999999999999997,0.33000631701241073,0,0.0,0,0,1,0.0,0.0
410,13,20,True,3,0.006599142195252235,1,1,0,0.7999999999999999,-0.47073867271110864,0.40437348544339147,0.4773378149063609,0,0.0,0.0,0,-1.0376460297281958,-1.9957022666931152,0.9580562369649195,479,479,479,1,-0.23110365499453428,0,1.0,0.23963501771657436,0,0.0,0,0,1,0.0,0.0
411,13,21,True,2,-0.02834689411343548,2,2,0,0.9486832980505139,-0.5927122564905405,0.5029354009038023,0.564365362377105,0,0.0,0.0,0,-1.0952905440570788,-2.138338327407837,1.043047783350758,28,28,28,2,-0.2955324519250814,0,0.9486832980505139,0.2971798045654591,0,0.0,0,0,1,0.0,0.0
412,13,22,True,2,-0.13433415078654387,0,0,0,0.9486832980505139,-0.2080999097203982,0.02991328236610907,0.07376575893385434,0,0.0,0.0,0,-1.2675854156972373,-2.8851234912872314,1.6175380755899942,14,14,14,0,-1.617451568729915,0,0.9486832980505139,-1.4093516590095168,0,0.0,0,0,1,0.0,0.0
413,13,23,False,0,-50.0,0,0,0,,-2.5980609754261117,0.0,-47.40193902457389,0,0.0,0.0,0,-2.9078903063269363,-2.6620798110961914,0.24581049523074494,0,0,0,0,-50.0,0,,-47.40193902457389,0,0.0,0,0,1,0.0,0.0
414,13,24,False,0,-50.0,0,2,1,,-2.5980609754261117,0.0,-47.40193902457389,0,0.0,0.0,0,-2.908995698806518,-2.5979840755462646,0.31101162326025333,0,0,0,0,-50.0,1,,-47.40193902457389,0,0.0,0,0,1,0.0,0.0
415,13,25,False,0,-50.0,0,2,1,,-2.5980609754261117,0.0,-47.40193902457389,0,0.0,0.0,0,-2.9098792454500804,-2.4364845752716064,0.4733946701784739,0,0,0,0,-50.0,1,,-47.40193902457389,0,0.0,0,0,1,0.0,0.0
416,13,26,False,0,-50.0,0,1,1,,-1.8542719424022707,0.2836970418123647,-48.14572805759773,0,0.0,0.0,0,-0.8866364734848852,-1.1320557594299316,0.24541928594504647,0,0,0,0,-50.0,1,,-48.14572805759773,0,0.0,0,0,1,0.0,0.0
417,13,27,False,0,-50.0,0,1,1,,-2.298176746736323,0.29988422868978826,-47.701823253263676,0,0.0,0.0,0,-0.8721539041303562,-0.7311575412750244,0.1409963628553318,0,0,0,0,-50.0,1,,-47.701823253263676,0,0.0,0,0,1,0.0,0.0
418,13,28,False,0,-50.0,0,1,1,,-2.5980609754261117,0.0,-47.40193902457389,0,0.0,0.0,0,-1.5215073834742228,-0.949795126914978,0.5717122565592447,0,0,0,0,-50.0,1,,-47.40193902457389,0,0.0,0,0,1,0.0,0.0
419,13,29,False,0,-50.0,0,2,1,,-2.5980609754261117,0.0,-47.40193902457389,0,0.0,0.0,0,-1.50912791491898,-0.9428197741508484,0.5663081407681316,0,0,0,0,-50.0,1,,-47.40193902457389,0,0.0,0,0,1,0.0,0.0
420,14,0,False,0,-50.0,0,3,1,,-2.5980609754261117,0.0,-47.40193902457389,0,0.0,0.0,0,-2.5550965222188533,-2.5117948055267334,0.04330171669211991,0,0,0,0,-50.0,1,,-47.40193902457389,0,0.0,0,0,1,0.0,0.0
421,14,1,False,0,-50.0,0,0,0,,-2.5980609754261117,0.0,-47.40193902457389,0,0.0,0.0,0,-2.5464842197351527,-2.5033578872680664,0.043126332467086304,0,0,0,0,-50.0,0,,-47.40193902457389,0,0.0,0,0,1,0.0,0.0
422,14,2,False,0,-50.0,0,1,1,,-2.5980609754261117,0.0,-47.40193902457389,0,0.0,0.0,0,-2.374191779079465,-2.4910800457000732,0.11688826662060814,0,0,0,0,-50.0,1,,-47.40193902457389,0,0.0,0,0,1,0.0,0.0
423,14,3,False,0,-50.0,0,1,1,,-2.5980609754261117,0.0,-47.40193902457389,0,0.0,0.0,0,-2.3103154309811385,-2.4120423793792725,0.10172694839813401,0,0,0,0,-50.0,1,,-47.40193902457389,0,0.0,0,0,1,0.0,0.0
424,14,4,False,0,-50.0,0,3,1,,-2.300071311944669,0.10981489749433695,-47.69992868805533,0,0.0,0.0,0,-2.5979851354696883,-2.668914556503296,0.07092942103360755,0,0,0,0,-50.0,1,,-47.69992868805533,0,0.0,0,0,1,0.0,0.0
425,14,5,False,0,-50.0,0,0,0,,-2.300071311944669,0.10981489749433695,-47.69992868805533,0,0.0,0.0,0,-2.589608796442442,-2.6186740398406982,0.029065243398256335,0,0,0,0,-50.0,0,,-47.69992868805533,0,0.0,0,0,1,0.0,0.0
426,14,6,False,0,-50.0,0,1,1,,-2.241043643880505,0.1192661020559249,-47.7589563561195,0,0.0,0.0,0,-2.567782557430274,-2.5898866653442383,0.02210410791396411,0,0,0,0,-50.0,1,,-47.7589563561195,0,0.0,0,0,1,0.0,0.0
427,14,7,False,0,-50.0,0,1,1,,-2.241043643880505,0.1192661020559249,-47.7589563561195,0,0.0,0.0,0,-2.787191434093066,-2.6032893657684326,0.1839020683246333,0,0,0,0,-50.0,1,,-47.7589563561195,0,0.0,0,0,1,0.0,0.0
428,14,8,True,1,-1.538816847810794,1,1,0,0.7745966692414834,-2.241043643880505,0.1192661020559249,0.7022267960697108,0,0.0,0.0,0,-2.828625929763044,-2.61222243309021,0.2164034966728341,3,3,3,1,-5.63448118220839,0,0.7745966692414834,-3.393437538327885,0,0.0,0,0,1,0.0,0.0
429,14,9,False,0,-50.0,0,3,1,,-2.5980609754261117,0.0,-47.40193902457389,0,0.0,0.0,0,-2.9238833280938397,-2.7128305435180664,0.21105278457577326,0,0,0,0,-50.0,1,,-47.40193902457389,0,0.0,0,0,1,0.0,0.0
430,14,10,False,0,-50.0,0,1,1,,-2.5980609754261117,0.0,-47.40193902457389,0,0.0,0.0,0,-2.9464085085348244,-2.708022356033325,0.2383861525014992,0,0,0,0,-50.0,1,,-47.40193902457389,0,0.0,0,0,1,0.0,0.0
431,14,11,False,0,-50.0,0,0,0,,-2.1459069813019314,0.2445137008433761,-47.854093018698066,0,0.0,0.0,0,-2.8727276220644344,-2.849541425704956,0.023186196359478384,0,0,0,0,-50.0,0,,-47.854093018698066,0,0.0,0,0,1,0.0,0.0
432,14,12,True,1,-1.1103814474617513,3,3,0,0.7745966692414834,-1.1264589884730851,0.21477732445084524,0.01607754101133385,0,0.0,0.0,0,-2.8459539598336896,-2.7601888179779053,0.08576514185578432,12,12,12,3,-2.855829819459507,0,0.7745966692414834,-1.7293708309864217,0,0.0,0,0,1,0.0,0.0
433,14,13,True,2,-1.091294392052832,1,1,0,0.9486832980505139,-1.7680090133514894,0.3942773007858144,0.6767146212986574,0,0.0,0.0,0,-2.840303134111913,-2.7980902194976807,0.04221291461423249,170,170,170,3,-1.580088717877435,1,0.7378647873726218,0.18792029547405442,1,0.18792029547405442,0,0,0,0.0,0.0
434,14,14,True,3,-1.1290905413774248,2,1,1,0.39999999999999997,-1.4158538014358861,0.35442652056527213,0.2867632600584613,1,0.2867632600584613,0.10209150020383528,0,-2.8577730707263136,-2.9216411113739014,0.06386804064758778,2,295,2,1,-1.5613349681264226,0,1.0,-0.14548116669053646,0,0.0,0,0,0,0.0,0.0
435,14,15,True,2,-1.1503058430058426,2,1,1,0.7378647873726218,-2.4883747365102544,0.10968623891585735,1.3380688935044118,1,1.3380688935044118,0.47637016222406625,1,-2.866843133053212,-2.7859508991241455,0.0808922339290663,49,128,49,1,-1.575575560203841,0,0.9486832980505139,0.9127991763064134,0,0.0,0,0,0,0.0,0.0
436,14,16,True,2,-0.11268576207476975,3,3,0,0.9486832980505139,-0.5927122564905405,0.5029354009038023,0.4800264944157707,0,0.0,0.0,0,-1.281880779571441,-2.416471004486084,1.134590224914643,116,116,116,3,-0.22905853145647806,0,0.9486832980505139,0.36365372503406246,0,0.0,0,0,1,0.0,0.0
437,14,17,True,2,-0.07954158994712489,1,1,0,0.9486832980505139,-0.47073867271110864,0.40437348544339147,0.39119708276398374,0,0.0,0.0,0,-1.1440344190368044,-2.3976778984069824,1.253643479370178,240,240,240,1,-0.19794597468155367,0,0.9486832980505139,0.27279269802955497,0,0.0,0,0,1,0.0,0.0
438,14,18,True,2,0.01607157595321568,1,1,0,0.9486832980505139,-0.0037213089355771834,0.047976656792127516,0.019792884888792866,0,0.0,0.0,0,-0.8092777745422234,-1.7665762901306152,0.9572985155883919,162,162,162,1,-0.13718452066397888,0,0.9486832980505139,-0.1334632117284017,0,0.0,0,0,1,0.0,0.0
439,14,19,True,4,0.009546269332556761,3,2,1,0.7378647873726218,-0.5332686629156302,0.5181629911524754,0.542814932248187,1,0.542814932248187,0.19324927033875614,0,-0.9398787300178773,-1.8986191749572754,0.9587404449393981,300,204,204,2,-0.16889421661070617,0,0.316227766016838,0.3643744463049241,0,0.0,0,0,0,0.0,0.0
440,14,20,True,4,0.041768987874874854,3,2,1,0.0,-0.039721850143850504,0.04619234912308793,0.08149083801872536,1,0.08149083801872536,0.02901181240757041,0,-1.0008277465343283,-1.7542309761047363,0.7534032295704081,88,472,88,3,-0.1982718420378816,1,0.6000000000000001,-0.15854999189403107,0,0.0,0,0,1,0.0,0.0
441,14,21,True,2,0.07550950295814095,3,1,1,0.21081851067789195,-1.542234897537313,0.41189576865806415,1.617744400495454,1,1.617744400495454,0.575938328917257,1,-1.0681734852074956,-1.5018919706344604,0.4337184854269649,2,115,2,1,-0.16758358353831757,0,0.632455532033676,1.3746513139989955,0,0.0,0,0,0,0.0,0.0
442,14,22,True,1,0.10657525483594818,1,1,0,0.7745966692414834,-1.595671524081308,0.4324975949254917,1.7022467789172562,0,0.0,0.0,0,-0.46607685244890557,-1.0995862483978271,0.6335093959489215,4,4,4,1,-1.3429179695038127,0,0.7745966692414834,0.25275355457749527,0,0.0,0,0,1,0.0,0.0
443,14,23,False,0,-50.0,0,2,1,,-1.8542719424022707,0.2836970418123647,-48.14572805759773,0,0.0,0.0,0,-0.5375989510741707,-0.8678940534591675,0.3302951023849968,0,0,0,0,-50.0,1,,-48.14572805759773,0,0.0,0,0,1,0.0,0.0
444,14,24,False,0,-50.0,0,2,1,,-1.6756832904582848,0.3969472933059172,-48.32431670954171,0,0.0,0.0,0,-0.6995297976955606,-1.195826530456543,0.4962967327609824,0,0,0,0,-50.0,1,,-48.32431670954171,0,0.0,0,0,1,0.0,0.0
445,14,25,False,0,-50.0,0,1,1,,-1.8542719424022707,0.2836970418123647,-48.14572805759773,0,0.0,0.0,0,-0.8187965657083012,-1.4132760763168335,0.5944795106085323,0,0,0,0,-50.0,1,,-48.14572805759773,0,0.0,0,0,1,0.0,0.0
446,14,26,False,0,-50.0,0,2,1,,-1.6756832904582848,0.3969472933059172,-48.32431670954171,0,0.0,0.0,0,-0.8556919216273057,-1.0398942232131958,0.18420230158589013,0,0,0,0,-50.0,1,,-48.32431670954171,0,0.0,0,0,1,0.0,0.0
447,14,27,False,0,-50.0,0,1,1,,-2.5980609754261117,0.0,-47.40193902457389,0,0.0,0.0,0,-0.8282538576595226,-0.8078934550285339,0.020360402630988705,0,0,0,0,-50.0,1,,-47.40193902457389,0,0.0,0,0,1,0.0,0.0
448,14,28,False,0,-50.0,0,3,1,,-2.5980609754261117,0.0,-47.40193902457389,0,0.0,0.0,0,-1.5056014730928118,-1.0211642980575562,0.48443717503525563,0,0,0,0,-50.0,1,,-47.40193902457389,0,0.0,0,0,1,0.0,0.0
449,14,29,False,0,-50.0,0,1,1,,-2.5980609754261117,0.0,-47.40193902457389,0,0.0,0.0,0,-1.3996506719744468,-0.7592867016792297,0.6403639702952171,0,0,0,0,-50.0,1,,-47.40193902457389,0,0.0,0,0,1,0.0,0.0
450,15,0,False,0,-50.0,0,3,1,,-2.5980609754261117,0.0,-47.40193902457389,0,0.0,0.0,0,-2.6857492973044774,-2.456042766571045,0.2297065307334325,0,0,0,0,-50.0,1,,-47.40193902457389,0,0.0,0,0,1,0.0,0.0
451,15,1,False,0,-50.0,0,1,1,,-2.5980609754261117,0.0,-47.40193902457389,0,0.0,0.0,0,-2.722550521221932,-2.599626302719116,0.12292421850281565,0,0,0,0,-50.0,1,,-47.40193902457389,0,0.0,0,0,1,0.0,0.0
452,15,2,False,0,-50.0,0,3,1,,-2.5980609754261117,0.0,-47.40193902457389,0,0.0,0.0,0,-2.303807843797578,-2.3577358722686768,0.05392802847109879,0,0,0,0,-50.0,1,,-47.40193902457389,0,0.0,0,0,1,0.0,0.0
453,15,3,False,0,-50.0,0,3,1,,-2.5980609754261117,0.0,-47.40193902457389,0,0.0,0.0,0,-2.302518079343053,-2.430549383163452,0.12803130382039907,0,0,0,0,-50.0,1,,-47.40193902457389,0,0.0,0,0,1,0.0,0.0
454,15,4,False,0,-50.0,0,3,1,,-2.5980609754261117,0.0,-47.40193902457389,0,0.0,0.0,0,-2.284611966086663,-2.3727853298187256,0.08817336373206253,0,0,0,0,-50.0,1,,-47.40193902457389,0,0.0,0,0,1,0.0,0.0
455,15,5,False,0,-50.0,0,1,1,,-2.2980527603808896,0.3000082150452223,-47.70194723961911,0,0.0,0.0,0,-2.276244017651666,-2.4768896102905273,0.20064559263886128,0,0,0,0,-50.0,1,,-47.70194723961911,0,0.0,0,0,1,0.0,0.0
456,15,6,False,0,-50.0,0,3,1,,-2.304108385841496,0.13970062106686343,-47.695891614158505,0,0.0,0.0,0,-2.5605251345899154,-2.632359504699707,0.07183437010979166,0,0,0,0,-50.0,1,,-47.695891614158505,0,0.0,0,0,1,0.0,0.0
457,15,7,False,0,-50.0,0,1,1,,-2.241043643880505,0.1192661020559249,-47.7589563561195,0,0.0,0.0,0,-2.7773648328495493,-2.60859751701355,0.16876731583599947,0,0,0,0,-50.0,1,,-47.7589563561195,0,0.0,0,0,1,0.0,0.0
458,15,8,True,2,-1.5240574227084305,3,3,0,0.9486832980505139,-2.241043643880505,0.1192661020559249,0.7169862211720743,0,0.0,0.0,0,-2.8269855700344233,-2.620699405670166,0.20628616436425729,4,4,4,0,-5.6359384443879135,1,0.7378647873726218,-3.3948948005074087,0,0.0,0,0,0,0.0,0.0
459,15,9,True,2,-1.5041794091025538,1,1,0,0.9486832980505139,-2.241043643880505,0.1192661020559249,0.736864234777951,0,0.0,0.0,0,-2.824378014398873,-2.6354289054870605,0.1889491089118125,2,2,2,2,-6.754882916255042,1,0.7378647873726218,-4.513839272374537,0,0.0,0,0,0,0.0,0.0
460,15,10,False,0,-50.0,0,3,1,,-2.5980609754261117,0.0,-47.40193902457389,0,0.0,0.0,0,-2.9497616327801066,-2.8863980770111084,0.06336355576899821,0,0,0,0,-50.0,1,,-47.40193902457389,0,0.0,0,0,1,0.0,0.0
461,15,11,True,2,-2.9999989435144365,1,1,0,0.4472135954999579,-2.5980609754261117,0.0,-0.4019379680883248,0,0.0,0.0,0,-2.950920043117626,-2.9016988277435303,0.04922121537409563,5,5,5,1,-28.541594373517302,0,0.632455532033676,-25.94353339809119,0,0.0,0,0,1,0.0,0.0
462,15,12,True,2,-1.1362132186611735,3,3,0,0.9486832980505139,-1.7680090133514894,0.3942773007858144,0.6317957946903159,0,0.0,0.0,0,-2.8590298663498417,-2.934497356414795,0.07546749006495324,99,99,99,3,-1.5773422056048254,0,0.9486832980505139,0.190666807746664,0,0.0,0,0,1,0.0,0.0
463,15,13,True,4,-1.114348438983453,0,0,0,0.19999999999999998,-1.1264589884730851,0.21477732445084524,0.012110549489632083,0,0.0,0.0,0,-2.8496705040720984,-2.7640464305877686,0.08562407348432988,300,300,300,3,-1.56137980224452,1,-0.7999999999999999,-0.4349208137714349,0,0.0,0,0,0,0.0,0.0
464,15,14,True,4,-1.1348089691614593,2,1,1,-0.19999999999999998,-1.8278523561116296,0.434452919921899,0.6930433869501702,1,0.6930433869501702,0.24673258026731068,0,-2.8558899657114774,-2.7699904441833496,0.08589952152812774,255,808,255,1,-1.5447329912997891,0,0.19999999999999998,0.2831193648118404,0,0.0,0,0,0,0.0,0.0
465,15,15,True,4,-1.1698975518320762,0,1,1,-0.39999999999999997,-2.4403239885363144,0.10818822707293077,1.2704264367042382,1,1.2704264367042382,0.4522885560559853,1,-2.867861353637261,-2.863481044769287,0.004380308867973692,121,1057,121,1,-1.560405710633494,0,0.632455532033676,0.8799182779028203,0,0.0,0,0,0,0.0,0.0
466,15,16,True,2,-0.012571234196139864,1,1,0,0.9486832980505139,-0.5388962444756269,0.5172504252426597,0.5263250102794871,0,0.0,0.0,0,-0.9366836059243491,-2.2346489429473877,1.2979653370230386,49,49,49,1,-0.13471514381308147,0,0.9486832980505139,0.4041811006625454,0,0.0,0,0,1,0.0,0.0
467,15,17,True,2,-0.047334669389189024,2,2,0,0.9486832980505139,-0.039721850143850504,0.04619234912308793,-0.00761281924533852,0,0.0,0.0,0,-1.088258275583506,-2.491023063659668,1.402764788076162,103,103,103,2,-0.1665066342137799,0,0.9486832980505139,-0.12678478406992938,0,0.0,0,0,1,0.0,0.0
468,15,18,True,3,0.048712963902661145,1,1,0,0.7999999999999999,0.039466444286555304,0.05852449122994807,0.009246519616105842,0,0.0,0.0,0,-0.7339184934362397,-1.852276086807251,1.1183575933710113,165,165,165,1,-0.10506552555828218,0,0.7999999999999999,-0.1445319698448375,0,0.0,0,0,1,0.0,0.0
469,15,19,False,0,-50.0,0,1,1,,0.08769331940767577,0.044814431289321215,-50.08769331940768,0,0.0,0.0,0,-0.6135695811243563,-1.4756574630737305,0.8620878819493741,0,0,0,0,-50.0,1,,-50.08769331940768,0,0.0,0,0,1,0.0,0.0
470,15,20,True,2,0.04796887837875893,1,1,0,0.9486832980505139,0.05089271436551983,0.04760630395691219,-0.002923835986760895,0,0.0,0.0,0,-0.8529984770484054,-1.3775510787963867,0.5245526017479814,99,99,99,1,-0.0698499310087312,0,0.9486832980505139,-0.12074264537425103,0,0.0,0,0,1,0.0,0.0
471,15,21,True,3,0.0447544085991118,0,1,1,0.19999999999999998,-1.5251810458983521,0.4257602125648569,1.569935454497464,1,1.569935454497464,0.5589177140061841,1,-1.0707442432611654,-1.772032380104065,0.7012881368428996,2,329,2,2,-0.10405835873337405,1,0.7999999999999999,1.421122687164978,1,1.421122687164978,1,0,0,0.0,0.0
472,15,22,True,1,0.1379548021872686,3,3,0,0.7745966692414834,-1.8542719424022707,0.2836970418123647,1.9922267445895392,0,0.0,0.0,0,-0.4173717326264173,-0.591693103313446,0.17432137068702874,6,6,6,3,-0.04153213875623243,0,0.7745966692414834,1.8127398036460383,0,0.0,0,0,1,0.0,0.0
473,15,23,True,2,0.16965131466334984,1,1,0,0.9486832980505139,-1.6756832904582848,0.3969472933059172,1.8453346051216346,0,0.0,0.0,0,-0.34450104842090085,-0.3334357738494873,0.011065274571413541,4,4,4,1,0.025946952615255738,0,0.9486832980505139,1.7016302430735406,0,0.0,0,0,1,0.0,0.0
474,15,24,False,0,-50.0,0,0,0,,-1.8542719424022707,0.2836970418123647,-48.14572805759773,0,0.0,0.0,0,-0.7475021126993255,-1.2177410125732422,0.47023889987391665,0,0,0,0,-50.0,0,,-48.14572805759773,0,0.0,0,0,1,0.0,0.0
475,15,25,False,0,-50.0,0,2,1,,-1.6756832904582848,0.3969472933059172,-48.32431670954171,0,0.0,0.0,0,-0.7907089513355208,-1.5310091972351074,0.7403002458995867,0,0,0,0,-50.0,1,,-48.32431670954171,0,0.0,0,0,1,0.0,0.0
476,15,26,False,0,-50.0,0,1,1,,-2.5980609754261117,0.0,-47.40193902457389,0,0.0,0.0,0,-0.7679969046783741,-0.7839480638504028,0.015951159172028717,0,0,0,0,-50.0,1,,-47.40193902457389,0,0.0,0,0,1,0.0,0.0
477,15,27,False,0,-50.0,0,3,1,,-2.5980609754261117,0.0,-47.40193902457389,0,0.0,0.0,0,-0.7992236375963804,-0.758683979511261,0.04053965808511939,0,0,0,0,-50.0,1,,-47.40193902457389,0,0.0,0,0,1,0.0,0.0
478,15,28,False,0,-50.0,0,2,1,,-2.5980609754261117,0.0,-47.40193902457389,0,0.0,0.0,0,-0.8523344678579725,-0.8294298052787781,0.022904662579194435,0,0,0,0,-50.0,1,,-47.40193902457389,0,0.0,0,0,1,0.0,0.0
479,15,29,False,0,-50.0,0,1,1,,-2.5980609754261117,0.0,-47.40193902457389,0,0.0,0.0,0,-1.3018157906932497,-0.6578888297080994,0.6439269609851503,0,0,0,0,-50.0,1,,-47.40193902457389,0,0.0,0,0,1,0.0,0.0
480,16,0,False,0,-50.0,0,3,1,,-2.5980609754261117,0.0,-47.40193902457389,0,0.0,0.0,0,-2.7057767254397413,-2.1756160259246826,0.5301606995150587,0,0,0,0,-50.0,1,,-47.40193902457389,0,0.0,0,0,1,0.0,0.0
481,16,1,False,0,-50.0,0,0,0,,-2.5980609754261117,0.0,-47.40193902457389,0,0.0,0.0,0,-2.724596214864406,-2.502232551574707,0.2223636632896988,0,0,0,0,-50.0,0,,-47.40193902457389,0,0.0,0,0,1,0.0,0.0
482,16,2,False,0,-50.0,0,3,1,,-2.5980609754261117,0.0,-47.40193902457389,0,0.0,0.0,0,-2.0299434829240703,-2.3541855812072754,0.32424209828320505,0,0,0,0,-50.0,1,,-47.40193902457389,0,0.0,0,0,1,0.0,0.0
483,16,3,False,0,-50.0,0,1,1,,-2.5980609754261117,0.0,-47.40193902457389,0,0.0,0.0,0,-2.0115616645875747,-2.3559279441833496,0.3443662795957749,0,0,0,0,-50.0,1,,-47.40193902457389,0,0.0,0,0,1,0.0,0.0
484,16,4,False,0,-50.0,0,1,1,,-2.5980609754261117,0.0,-47.40193902457389,0,0.0,0.0,0,-2.008932416780774,-2.4240753650665283,0.41514294828575427,0,0,0,0,-50.0,1,,-47.40193902457389,0,0.0,0,0,1,0.0,0.0
485,16,5,False,0,-50.0,0,1,1,,-2.5980609754261117,0.0,-47.40193902457389,0,0.0,0.0,0,-2.022621597585626,-2.606978178024292,0.5843565804386661,0,0,0,0,-50.0,1,,-47.40193902457389,0,0.0,0,0,1,0.0,0.0
487,16,7,False,0,-50.0,0,3,1,,-2.241043643880505,0.1192661020559249,-47.7589563561195,0,0.0,0.0,0,-2.8105489484143735,-2.4958884716033936,0.31466047681097997,0,0,0,0,-50.0,1,,-47.7589563561195,0,0.0,0,0,1,0.0,0.0
488,16,8,False,0,-50.0,0,3,1,,-2.241043643880505,0.1192661020559249,-47.7589563561195,0,0.0,0.0,0,-2.814052053065086,-2.5007107257843018,0.3133413272807841,0,0,0,0,-50.0,1,,-47.7589563561195,0,0.0,0,0,1,0.0,0.0
489,16,9,True,1,-1.4890701108819253,1,1,0,0.7745966692414834,-2.241043643880505,0.1192661020559249,0.7519735329985795,0,0.0,0.0,0,-2.8121218362490583,-2.5964438915252686,0.21567794472378976,2,2,2,1,-6.427835832551935,0,0.7745966692414834,-4.18679218867143,0,0.0,0,0,1,0.0,0.0
490,16,10,True,1,-2.9999989435144365,3,3,0,0.7745966692414834,-2.5980609754261117,0.0,-0.4019379680883248,0,0.0,0.0,0,-2.94484899066303,-3.014685869216919,0.06983687855388876,1,1,1,3,-27.30018524796047,0,0.7745966692414834,-24.70212427253436,0,0.0,0,0,1,0.0,0.0
491,16,11,True,1,-2.9999989435144365,0,0,0,0.7745966692414834,-2.5980609754261117,0.0,-0.4019379680883248,0,0.0,0.0,0,-2.9505999236954374,-2.9554808139801025,0.004880890284665096,4,4,4,0,-28.240551954166744,0,0.7745966692414834,-25.642490978740632,0,0.0,0,0,1,0.0,0.0
492,16,12,True,4,-1.1567578879195528,0,1,1,-0.632455532033676,-2.026179168955391,0.35760739207137515,0.8694212810358382,1,0.8694212810358382,0.30952543527366,1,-2.87681582688507,-2.8298239707946777,0.04699185609039214,32,172,32,0,-1.5931398998774844,1,-0.632455532033676,0.4330392690779066,1,0.4330392690779066,0,1,1,0.4330392690779066,0.16165326591765064
493,16,13,True,2,-1.1760411044338868,3,1,1,0.7378647873726218,-2.304108385841496,0.13970062106686343,1.1280672814076091,1,1.1280672814076091,0.40160682043538765,1,-2.828795400513641,-2.7353196144104004,0.09347578610324048,184,67,67,1,-1.5109727572678024,0,0.9486832980505139,0.7931356285736935,0,0.0,0,0,0,0.0,0.0
494,16,14,True,4,-1.1553760976404843,0,0,0,0.19999999999999998,-1.8342863124340685,0.33215428230874394,0.6789102147935842,0,0.0,0.0,0,-2.855638145735998,-2.837672710418701,0.017965435317296663,676,676,676,2,-1.5279428437875389,1,-0.39999999999999997,0.3063434686465296,1,0.3063434686465296,0,0,0,0.0,0.0
495,16,15,True,2,-1.1753157904584595,2,0,1,0.7378647873726218,-2.4883747365102544,0.10968623891585735,1.313058946051795,1,1.313058946051795,0.4674662912925661,1,-2.86631220020491,-2.9084057807922363,0.04209358058732615,327,1073,327,2,-1.5442753293388927,1,0.7378647873726218,0.9440994071713618,1,0.9440994071713618,1,1,1,0.9440994071713618,0.35243166940758835
496,16,16,True,2,0.018957719154616654,3,3,0,0.9486832980505139,0.007704961143387345,0.03727923236700452,0.011252758011229309,0,0.0,0.0,0,-0.7827521857812638,-2.158836603164673,1.376084417383409,57,57,57,1,-0.10256697242428928,1,0.7378647873726218,-0.11027193356767662,0,0.0,0,0,0,0.0,0.0
497,16,17,True,3,0.05217080977680569,3,1,1,0.7999999999999999,0.05089271436551983,0.04760630395691219,0.0012780954112858595,1,0.0012780954112858595,0.00045501881208635396,0,-0.7546030984213831,-2.0733680725097656,1.3187649740883827,3,98,3,1,-0.07095492084203038,0,1.0,-0.12184763520755021,0,0.0,0,0,0,0.0,0.0
498,16,18,True,2,0.08300081727904388,1,1,0,0.9486832980505139,0.07603504976277775,0.055389970766413166,0.006965767516266125,0,0.0,0.0,0,-0.7047577545038606,-1.699852705001831,0.9950949504979705,205,205,205,1,-0.07258472853585993,0,0.9486832980505139,-0.14861977829863768,0,0.0,0,0,1,0.0,0.0
499,16,19,True,1,0.12074745687592989,1,1,0,0.7745966692414834,-0.4361156095676212,0.5415140301006877,0.5568630664435511,0,0.0,0.0,0,-0.5866579080902327,-1.2377519607543945,0.6510940526641619,5,5,5,1,-1.3398844113299253,0,0.7745966692414834,-0.9037688017623041,0,0.0,0,0,1,0.0,0.0
500,16,20,True,3,0.08116885393183315,1,1,0,0.7999999999999999,0.08769331940767577,0.044814431289321215,-0.006524465475842622,0,0.0,0.0,0,-0.7654645972188449,-1.365360975265503,0.5998963780466581,128,128,128,1,-0.036928108157409774,0,0.7999999999999999,-0.12462142756508554,0,0.0,0,0,1,0.0,0.0
501,16,21,True,3,0.011784200298571476,0,0,0,0.7999999999999999,-1.639081671995429,0.33872791188610535,1.6508658722940006,0,0.0,0.0,0,-1.1249625563637302,-1.6363329887390137,0.5113704323752835,321,321,321,0,-0.13616752892541736,0,0.7999999999999999,1.5029141430700117,0,0.0,0,0,1,0.0,0.0
502,16,22,True,1,-0.019610950597725003,2,2,0,0.7745966692414834,-1.639081671995429,0.33872791188610535,1.619470721397704,0,0.0,0.0,0,-1.1453353560056057,-1.768799901008606,0.6234645450030003,292,292,292,2,-0.1671027973140167,0,0.7745966692414834,1.4719788746814124,0,0.0,0,0,1,0.0,0.0
503,16,23,True,1,0.2016679939321188,3,3,0,0.7745966692414834,-1.6829847073115745,0.4177779265451129,1.8846527012436933,0,0.0,0.0,0,-0.28184287567625765,-0.545845627784729,0.26400275210847135,4,4,4,3,0.06081408560744453,0,0.7745966692414834,1.743798792919019,0,0.0,0,0,1,0.0,0.0
504,16,24,True,2,0.23400807400158236,1,1,0,0.9486832980505139,-1.5043960553675884,0.48613430225927384,1.7384041293691708,0,0.0,0.0,0,-0.20435010775818888,-0.3554643392562866,0.15111423149809775,4,4,4,1,0.09518056379213588,0,0.9486832980505139,1.5995766191597243,0,0.0,0,0,1,0.0,0.0
505,16,25,True,1,0.2016679939321188,1,1,0,0.7745966692414834,-1.8542719424022707,0.2836970418123647,2.0559399363343895,0,0.0,0.0,0,-0.24532887357323296,-0.42891329526901245,0.1835844216957795,1,1,1,1,0.06347900471403183,0,0.7745966692414834,1.9177509471163026,0,0.0,0,0,1,0.0,0.0
506,16,26,False,0,-50.0,0,3,1,,-2.5980609754261117,0.0,-47.40193902457389,0,0.0,0.0,0,-0.7398235199153702,-0.8267131447792053,0.08688962486383511,0,0,0,0,-50.0,1,,-47.40193902457389,0,0.0,0,0,1,0.0,0.0
507,16,27,False,0,-50.0,0,1,1,,-2.5980609754261117,0.0,-47.40193902457389,0,0.0,0.0,0,-0.6610176436698665,-0.5853309631347656,0.07568668053510086,0,0,0,0,-50.0,1,,-47.40193902457389,0,0.0,0,0,1,0.0,0.0
508,16,28,False,0,-50.0,0,1,1,,-2.5980609754261117,0.0,-47.40193902457389,0,0.0,0.0,0,-1.305898083453856,-1.1025969982147217,0.20330108523913437,0,0,0,0,-50.0,1,,-47.40193902457389,0,0.0,0,0,1,0.0,0.0
509,16,29,False,0,-50.0,0,1,1,,-2.5980609754261117,0.0,-47.40193902457389,0,0.0,0.0,0,-1.5421293976490051,-0.7109857201576233,0.8311436774913818,0,0,0,0,-50.0,1,,-47.40193902457389,0,0.0,0,0,1,0.0,0.0
510,17,0,False,0,-50.0,0,3,1,,-2.5980609754261117,0.0,-47.40193902457389,0,0.0,0.0,0,-2.0942221365683085,-2.2040648460388184,0.10984270947050989,0,0,0,0,-50.0,1,,-47.40193902457389,0,0.0,0,0,1,0.0,0.0
511,17,1,False,0,-50.0,0,3,1,,-2.5980609754261117,0.0,-47.40193902457389,0,0.0,0.0,0,-2.0528481940117302,-2.1218364238739014,0.06898822986217112,0,0,0,0,-50.0,1,,-47.40193902457389,0,0.0,0,0,1,0.0,0.0
512,17,2,False,0,-50.0,0,0,0,,-2.5980609754261117,0.0,-47.40193902457389,0,0.0,0.0,0,-2.041320324240619,-2.291991710662842,0.25067138642222275,0,0,0,0,-50.0,0,,-47.40193902457389,0,0.0,0,0,1,0.0,0.0
513,17,3,False,0,-50.0,0,3,1,,-2.5980609754261117,0.0,-47.40193902457389,0,0.0,0.0,0,-1.984535447152137,-2.3603720664978027,0.3758366193456657,0,0,0,0,-50.0,1,,-47.40193902457389,0,0.0,0,0,1,0.0,0.0
514,17,4,False,0,-50.0,0,3,1,,-2.5980609754261117,0.0,-47.40193902457389,0,0.0,0.0,0,-1.9636600531000232,-2.609189987182617,0.645529934082594,0,0,0,0,-50.0,1,,-47.40193902457389,0,0.0,0,0,1,0.0,0.0
515,17,5,False,0,-50.0,0,3,1,,-2.5980609754261117,0.0,-47.40193902457389,0,0.0,0.0,0,-1.9416309133974436,-2.660252332687378,0.7186214192899343,0,0,0,0,-50.0,1,,-47.40193902457389,0,0.0,0,0,1,0.0,0.0
516,17,6,False,0,-50.0,0,1,1,,-2.5980609754261117,0.0,-47.40193902457389,0,0.0,0.0,0,-1.8890374726390076,-2.6689157485961914,0.7798782759571838,0,0,0,0,-50.0,1,,-47.40193902457389,0,0.0,0,0,1,0.0,0.0
517,17,7,False,0,-50.0,0,3,1,,-2.304108385841496,0.13970062106686343,-47.695891614158505,0,0.0,0.0,0,-2.8119281394898064,-2.2719826698303223,0.5399454696594841,0,0,0,0,-50.0,1,,-47.695891614158505,0,0.0,0,0,1,0.0,0.0
518,17,8,True,1,-1.4583921153110135,1,1,0,0.7745966692414834,-2.304108385841496,0.13970062106686343,0.8457162705304824,0,0.0,0.0,0,-2.809873881866661,-2.446254253387451,0.3636196284792099,2,2,2,1,-5.336959854023376,0,0.7745966692414834,-3.03285146818188,0,0.0,0,0,1,0.0,0.0
519,17,9,True,1,-1.473808193487351,2,1,1,0.2581988897471611,-2.241043643880505,0.1192661020559249,0.7672354503931538,1,0.7672354503931538,0.27314593272594906,1,-2.8081774946187643,-2.5256457328796387,0.28253176173912564,2,0,0,2,-5.278802668418205,1,0.2581988897471611,-3.0377590245377,0,0.0,0,0,1,0.0,0.0
520,17,10,True,2,-1.2176256885069754,3,3,0,0.9486832980505139,-2.026179168955391,0.35760739207137515,0.8085534804484156,0,0.0,0.0,0,-2.907581817215032,-2.9586756229400635,0.051093805725031416,2,2,2,3,-2.3248737841709346,0,0.9486832980505139,-0.29869461521554364,0,0.0,0,0,1,0.0,0.0
521,17,11,True,2,-1.199621908260129,3,3,0,0.9486832980505139,-2.026179168955391,0.35760739207137515,0.826557260695262,0,0.0,0.0,0,-2.8818191448556485,-2.961899518966675,0.08008037411102631,22,22,22,3,-1.642492980581438,0,0.9486832980505139,0.3836861883739531,0,0.0,0,0,1,0.0,0.0
522,17,12,True,2,-1.176669720577015,0,0,0,0.9486832980505139,-2.026179168955391,0.35760739207137515,0.849509448378376,0,0.0,0.0,0,-2.878817442636677,-2.909484386444092,0.03066694380741497,166,166,166,0,-1.609226264684058,0,0.9486832980505139,0.4169529042713329,0,0.0,0,0,1,0.0,0.0
523,17,13,True,2,-1.2016416201268534,0,3,1,0.7378647873726218,-1.299278175500653,0.4304366185574286,0.09763655537379967,1,0.09763655537379967,0.03475990059121916,0,-2.758396820908364,-2.691683769226074,0.06671305168228958,14,54,14,3,-1.4942539125299534,0,0.9486832980505139,-0.19497573702930038,0,0.0,0,0,0,0.0,0.0
524,17,14,True,2,-1.2545345116803213,2,3,1,0.7378647873726218,-1.9053313855833447,0.34630707979338615,0.6507968739030234,1,0.6507968739030234,0.23169226480121913,0,-2.7398698465717173,-2.6717257499694824,0.06814409660223486,3,67,3,3,-1.4773592881434265,0,0.9486832980505139,0.42797209743991815,0,0.0,0,0,0,0.0,0.0
525,17,15,True,2,-1.2732225782891484,2,1,1,0.7378647873726218,-1.2213124062339233,0.46738788248811886,-0.05191017205522508,0,0.0,0.0,0,-2.7357611091205496,-2.6256370544433594,0.11012405467719022,15,56,15,1,-1.460275423472794,0,0.9486832980505139,-0.2389630172388706,0,0.0,0,0,0,0.0,0.0
526,17,16,True,1,0.03943364056112794,3,3,0,0.7745966692414834,0.05089271436551983,0.04760630395691219,-0.011459073804391887,0,0.0,0.0,0,-0.762737216473077,-2.1571240425109863,1.3943868260379093,14,14,14,3,-0.07091248239866134,0,0.7745966692414834,-0.12180519676418117,0,0.0,0,0,1,0.0,0.0
527,17,17,True,2,0.08446312162004437,3,1,1,0.7378647873726218,0.07603504976277775,0.055389970766413166,0.008428071857266614,1,0.008428071857266614,0.003000504665620901,0,-0.7312185078158151,-2.1464953422546387,1.4152768344388236,62,153,62,1,-0.03807128796333764,0,0.9486832980505139,-0.11410633772611539,0,0.0,0,0,0,0.0,0.0
528,17,18,True,4,0.11794655038777704,3,3,0,0.39999999999999997,-0.4540483436070093,0.5380328946105977,0.5719948939947863,0,0.0,0.0,0,-0.6663547876598174,-1.4438637495040894,0.777508961844272,133,133,133,3,-0.0397835112816704,0,0.7999999999999999,0.4142648323253389,0,0.0,0,0,1,0.0,0.0
529,17,19,True,2,0.15227015778320974,1,1,0,0.9486832980505139,0.16905809451731088,0.03890379329519944,-0.016787936734101144,0,0.0,0.0,0,-0.5582109049173222,-1.0286121368408203,0.47040123192349814,124,124,124,1,-0.006617671819922382,0,0.9486832980505139,-0.17567576633723325,0,0.0,0,0,1,0.0,0.0
530,17,20,True,2,0.1154920177633444,3,3,0,0.9486832980505139,-0.4300168678528443,0.5428278558660428,0.5455088856161887,0,0.0,0.0,0,-0.7356699889854608,-0.9627475142478943,0.22707752526243352,97,97,97,3,-0.003681551745729608,0,0.9486832980505139,0.4263353161071147,0,0.0,0,0,1,0.0,0.0
531,17,21,True,3,0.15094732350351536,1,1,0,0.7999999999999999,0.17515683623208772,0.03305665415764387,-0.024209512728572358,0,0.0,0.0,0,-0.6922719924294278,-0.7247316837310791,0.03245969130165127,134,134,134,1,0.029936834007731256,0,0.7999999999999999,-0.14522000222435646,0,0.0,0,0,1,0.0,0.0
532,17,22,True,2,0.11936912611429819,1,1,0,0.9486832980505139,-0.4300168678528443,0.5428278558660428,0.5493859939671425,0,0.0,0.0,0,-0.7389577278405826,-0.8498684167861938,0.11091068894561129,72,72,72,1,-0.0010970775967966402,0,0.9486832980505139,0.4289197902560477,0,0.0,0,0,1,0.0,0.0
533,17,23,True,2,0.2996715362383261,1,1,0,0.9486832980505139,0.3317808577669007,0.02660595564230453,-0.0321093215285746,0,0.0,0.0,0,-0.0983812461651671,-0.5225428342819214,0.4241615881167543,6,6,6,1,0.16685291589295728,0,0.9486832980505139,-0.1649279418739434,0,0.0,0,0,1,0.0,0.0
534,17,24,True,2,0.2666748215464951,2,3,1,0.10540925533894598,-1.5867616814298298,0.5031057769377306,1.853436502976325,1,1.853436502976325,0.6598478238907859,1,-0.1698203825934636,-0.3791086673736572,0.20928828478019362,5,0,0,2,0.13076559197687573,1,0.10540925533894598,1.7175272734067055,1,1.7175272734067055,1,1,1,1.7175272734067055,0.6411517681526515
535,17,25,True,1,0.23400807400158236,2,2,0,0.7745966692414834,-1.5043960553675884,0.48613430225927384,1.7384041293691708,0,0.0,0.0,0,-0.22181933136503093,-0.4819163680076599,0.26009703664262895,1,1,1,2,0.09607543000473041,0,0.7745966692414834,1.6004714853723188,0,0.0,0,0,1,0.0,0.0
536,17,26,False,0,-50.0,0,1,1,,-2.436525231805672,0.16153574362044,-47.563474768194325,0,0.0,0.0,0,-0.48004910427003533,-0.8335149884223938,0.35346588415235847,0,0,0,0,-50.0,1,,-47.563474768194325,0,0.0,0,0,1,0.0,0.0
537,17,27,False,0,-50.0,0,3,1,,-2.5980609754261117,0.0,-47.40193902457389,0,0.0,0.0,0,-0.5795564758118026,-0.694482147693634,0.11492567188183145,0,0,0,0,-50.0,1,,-47.40193902457389,0,0.0,0,0,1,0.0,0.0
538,17,28,False,0,-50.0,0,1,1,,-2.5980609754261117,0.0,-47.40193902457389,0,0.0,0.0,0,-1.2697592551215116,-0.7431034445762634,0.5266558105452481,0,0,0,0,-50.0,1,,-47.40193902457389,0,0.0,0,0,1,0.0,0.0
539,17,29,False,0,-50.0,0,1,1,,-2.5980609754261117,0.0,-47.40193902457389,0,0.0,0.0,0,-1.6666709844838634,-0.7629054188728333,0.9037655656110302,0,0,0,0,-50.0,1,,-47.40193902457389,0,0.0,0,0,1,0.0,0.0
540,18,0,False,0,-50.0,0,3,1,,-2.5980609754261117,0.0,-47.40193902457389,0,0.0,0.0,0,-2.613088017368577,-2.176845073699951,0.4362429436686259,0,0,0,0,-50.0,1,,-47.40193902457389,0,0.0,0,0,1,0.0,0.0
541,18,1,False,0,-50.0,0,1,1,,-2.5980609754261117,0.0,-47.40193902457389,0,0.0,0.0,0,-2.622790752608898,-2.288296937942505,0.33449381466639316,0,0,0,0,-50.0,1,,-47.40193902457389,0,0.0,0,0,1,0.0,0.0
542,18,2,False,0,-50.0,0,1,1,,-2.5980609754261117,0.0,-47.40193902457389,0,0.0,0.0,0,-2.627688041120274,-2.4907162189483643,0.13697182217190962,0,0,0,0,-50.0,1,,-47.40193902457389,0,0.0,0,0,1,0.0,0.0
543,18,3,False,0,-50.0,0,2,1,,-2.5980609754261117,0.0,-47.40193902457389,0,0.0,0.0,0,-2.6361102875164524,-2.5735249519348145,0.06258533558163792,0,0,0,0,-50.0,1,,-47.40193902457389,0,0.0,0,0,1,0.0,0.0
544,18,4,False,0,-50.0,0,1,1,,-2.5980609754261117,0.0,-47.40193902457389,0,0.0,0.0,0,-2.079967639919715,-2.462135076522827,0.38216743660311225,0,0,0,0,-50.0,1,,-47.40193902457389,0,0.0,0,0,1,0.0,0.0
545,18,5,False,0,-50.0,0,1,1,,-2.5980609754261117,0.0,-47.40193902457389,0,0.0,0.0,0,-2.3898072813568776,-2.5233397483825684,0.13353246702569077,0,0,0,0,-50.0,1,,-47.40193902457389,0,0.0,0,0,1,0.0,0.0
546,18,6,False,0,-50.0,0,3,1,,-2.5980609754261117,0.0,-47.40193902457389,0,0.0,0.0,0,-2.166350506761339,-2.59738826751709,0.43103776075575073,0,0,0,0,-50.0,1,,-47.40193902457389,0,0.0,0,0,1,0.0,0.0
547,18,7,False,0,-50.0,0,1,1,,-2.5980609754261117,0.0,-47.40193902457389,0,0.0,0.0,0,-2.2669389352698985,-2.6214511394500732,0.3545122041801747,0,0,0,0,-50.0,1,,-47.40193902457389,0,0.0,0,0,1,0.0,0.0
548,18,8,True,1,-1.442820319173299,3,3,0,0.7745966692414834,-2.241043643880505,0.1192661020559249,0.7982233247072059,0,0.0,0.0,0,-2.807628379776011,-2.3167760372161865,0.49085234255982435,2,2,2,3,-4.156942103841729,0,0.7745966692414834,-1.915898459961224,0,0.0,0,0,1,0.0,0.0
549,18,9,True,1,-1.4270912321655063,3,3,0,0.7745966692414834,-2.241043643880505,0.1192661020559249,0.8139524117149985,0,0.0,0.0,0,-2.8050550977192517,-2.4685373306274414,0.33651776709181025,2,2,2,3,-2.8986819878620036,0,0.7745966692414834,-0.6576383439814988,0,0.0,0,0,1,0.0,0.0
550,18,10,True,1,-1.4112032654909683,3,3,0,0.7745966692414834,-2.241043643880505,0.1192661020559249,0.8298403783895365,0,0.0,0.0,0,-2.7997822730388067,-2.4139039516448975,0.3858783213939092,2,2,2,3,-2.799240977940538,0,0.7745966692414834,-0.5581973340600332,0,0.0,0,0,1,0.0,0.0
551,18,11,True,1,-1.3951548143045662,3,3,0,0.7745966692414834,-2.241043643880505,0.1192661020559249,0.8458888295759386,0,0.0,0.0,0,-2.7974107698381774,-2.4870336055755615,0.31037716426261586,2,2,2,3,-2.794361092364619,0,0.7745966692414834,-0.5533174484841141,0,0.0,0,0,1,0.0,0.0
552,18,12,True,1,-1.3789442575506248,3,3,0,0.7745966692414834,-2.241043643880505,0.1192661020559249,0.86209938632988,0,0.0,0.0,0,-2.7950956285193467,-2.537752628326416,0.25734300019293066,2,2,2,3,-2.791983624448313,0,0.7745966692414834,-0.5509399805678084,0,0.0,0,0,1,0.0,0.0
553,18,13,True,1,-1.3625699577991688,1,1,0,0.7745966692414834,-2.241043643880505,0.1192661020559249,0.878473686081336,0,0.0,0.0,0,-2.7927410760781037,-2.710829734802246,0.08191134127585764,2,2,2,1,-2.7896478274661183,0,0.7745966692414834,-0.5486041835856135,0,0.0,0,0,1,0.0,0.0
554,18,14,True,2,-1.3075854476467954,3,1,1,0.7378647873726218,-2.241043643880505,0.1192661020559249,0.9334581962337094,1,0.9334581962337094,0.33232342110923624,1,-2.786030979205359,-2.7082252502441406,0.07780572896121818,3,28,3,3,-1.4957574969199818,1,0.7378647873726218,0.745286146960523,1,0.745286146960523,1,1,1,0.745286146960523,0.27821481399571624
555,18,15,True,3,-1.2904903518357047,0,1,1,0.39999999999999997,-2.241043643880505,0.1192661020559249,0.9505532920448001,1,0.9505532920448001,0.33840950053631047,1,-2.7313984763884376,-2.499680995941162,0.23171748044727547,1,62,1,1,-1.4429998882111283,0,0.7999999999999999,0.7980437556693765,0,0.0,0,0,0,0.0,0.0
556,18,16,True,2,0.08372191631841429,3,3,0,0.9486832980505139,0.08769331940767577,0.044814431289321215,-0.0039714030892614854,0,0.0,0.0,0,-1.3947067135606719,-1.8610929250717163,0.4663862115110444,25,25,25,3,-0.07194472453914655,0,0.9486832980505139,-0.15963804394682232,0,0.0,0,0,1,0.0,0.0
557,18,17,True,4,0.11757920495766756,3,3,0,0.39999999999999997,-0.4540483436070093,0.5380328946105977,0.5716275485646769,0,0.0,0.0,0,-0.7226412775256886,-1.7596807479858398,1.0370394704601513,97,97,97,3,-0.0039043710935399182,0,0.39999999999999997,0.4501439725134694,0,0.0,0,0,1,0.0,0.0
558,18,18,True,2,0.15700020270607631,3,1,1,0.7378647873726218,0.16905809451731088,0.03890379329519944,-0.012057891811234567,0,0.0,0.0,0,-0.5371964669578613,-1.3665971755981445,0.8294007086402833,1,96,1,1,0.031575384548688704,0,0.9486832980505139,-0.13748270996862216,0,0.0,0,0,0,0.0,0.0
559,18,19,True,2,0.1888890929651758,1,1,0,0.9486832980505139,-0.13739371664487696,0.40089246197152484,0.32628280961005274,0,0.0,0.0,0,-0.5085088859820104,-1.0007727146148682,0.4922638286328578,105,105,105,1,0.06300070613405154,0,0.9486832980505139,0.2003944227789285,0,0.0,0,0,1,0.0,0.0
560,18,20,True,3,0.15550807419406154,3,3,0,0.7999999999999999,0.17515683623208772,0.03305665415764387,-0.01964876203802618,0,0.0,0.0,0,-0.6551550736254296,-0.8809977173805237,0.2258426437550941,41,41,41,3,0.03248125819998443,0,0.7999999999999999,-0.1426755780321033,0,0.0,0,0,1,0.0,0.0
561,18,21,True,2,0.18989824652066767,1,1,0,0.9486832980505139,0.22063311628804386,0.04328176161187181,-0.03073486976737619,0,0.0,0.0,0,-0.6635895626989463,-0.670533299446106,0.006943736747159646,624,624,624,1,0.06477113671009274,0,0.9486832980505139,-0.15586197957795112,0,0.0,0,0,1,0.0,0.0
562,18,22,True,2,0.15228667310196414,2,2,0,0.9486832980505139,0.20017409166932915,0.012049708383710195,-0.047887418567365,0,0.0,0.0,0,-0.7249724706189498,-0.7331972122192383,0.008224741600288521,88,88,88,2,0.030812220696209057,0,0.9486832980505139,-0.16936187097312008,0,0.0,0,0,1,0.0,0.0
563,18,23,True,2,0.33300155107855944,3,3,0,0.9486832980505139,0.35208029219601933,0.030959633672509423,-0.019078741117459885,0,0.0,0.0,0,-0.04254331542219497,-0.4883357882499695,0.4457924728277745,6,6,6,3,0.2024103173953898,0,0.9486832980505139,-0.14966997480062952,0,0.0,0,0,1,0.0,0.0
564,18,24,True,1,0.3918340772738199,1,1,0,0.7745966692414834,0.3930885625919997,0.039115763565475165,-0.0012544853181797877,0,0.0,0.0,0,0.009812138076259459,-0.27215757966041565,0.2819697177366751,4,4,4,1,0.2383416838831202,0,0.7745966692414834,-0.15474687870887952,0,0.0,0,0,1,0.0,0.0
565,18,25,False,0,-50.0,0,1,1,,-2.436525231805672,0.16153574362044,-47.563474768194325,0,0.0,0.0,0,-0.38343604907691137,-0.676337480545044,0.2929014314681326,0,0,0,0,-50.0,1,,-47.563474768194325,0,0.0,0,0,1,0.0,0.0
566,18,26,False,0,-50.0,0,2,1,,-2.436525231805672,0.16153574362044,-47.563474768194325,0,0.0,0.0,0,-0.4370767143276046,-0.49299153685569763,0.055914822528093044,0,0,0,0,-50.0,1,,-47.563474768194325,0,0.0,0,0,1,0.0,0.0
567,18,27,False,0,-50.0,0,1,1,,-2.436525231805672,0.16153574362044,-47.563474768194325,0,0.0,0.0,0,-0.6204681766314506,-1.0390983819961548,0.4186302053647042,0,0,0,0,-50.0,1,,-47.563474768194325,0,0.0,0,0,1,0.0,0.0
568,18,28,False,0,-50.0,0,1,1,,-2.5980609754261117,0.0,-47.40193902457389,0,0.0,0.0,0,-1.2555942054086193,-0.6892706751823425,0.5663235302262768,0,0,0,0,-50.0,1,,-47.40193902457389,0,0.0,0,0,1,0.0,0.0
569,18,29,False,0,-50.0,0,1,1,,-2.5980609754261117,0.0,-47.40193902457389,0,0.0,0.0,0,-1.8745125215393166,-1.19856858253479,0.6759439390045265,0,0,0,0,-50.0,1,,-47.40193902457389,0,0.0,0,0,1,0.0,0.0
570,19,0,False,0,-50.0,0,0,0,,-2.5980609754261117,0.0,-47.40193902457389,0,0.0,0.0,0,-2.6172710294446593,-2.0460774898529053,0.571193539591754,0,0,0,0,-50.0,0,,-47.40193902457389,0,0.0,0,0,1,0.0,0.0
571,19,1,False,0,-50.0,0,3,1,,-2.5980609754261117,0.0,-47.40193902457389,0,0.0,0.0,0,-2.5683182683354735,-2.3569693565368652,0.21134891179860826,0,0,0,0,-50.0,1,,-47.40193902457389,0,0.0,0,0,1,0.0,0.0
572,19,2,False,0,-50.0,0,0,0,,-2.5980609754261117,0.0,-47.40193902457389,0,0.0,0.0,0,-2.5619787858065193,-2.436040163040161,0.12593862276635814,0,0,0,0,-50.0,0,,-47.40193902457389,0,0.0,0,0,1,0.0,0.0
573,19,3,False,0,-50.0,0,1,1,,-2.5980609754261117,0.0,-47.40193902457389,0,0.0,0.0,0,-2.3485318696944595,-2.332744836807251,0.015787032887208508,0,0,0,0,-50.0,1,,-47.40193902457389,0,0.0,0,0,1,0.0,0.0
574,19,4,False,0,-50.0,0,1,1,,-2.5980609754261117,0.0,-47.40193902457389,0,0.0,0.0,0,-2.157106183566167,-2.444572687149048,0.28746650358288095,0,0,0,0,-50.0,1,,-47.40193902457389,0,0.0,0,0,1,0.0,0.0
575,19,5,False,0,-50.0,0,3,1,,-2.5980609754261117,0.0,-47.40193902457389,0,0.0,0.0,0,-2.702866413934791,-2.52897310256958,0.17389331136521102,0,0,0,0,-50.0,1,,-47.40193902457389,0,0.0,0,0,1,0.0,0.0
576,19,6,False,0,-50.0,0,2,1,,-2.5980609754261117,0.0,-47.40193902457389,0,0.0,0.0,0,-2.7080075396881194,-2.4944732189178467,0.21353432077027268,0,0,0,0,-50.0,1,,-47.40193902457389,0,0.0,0,0,1,0.0,0.0
577,19,7,False,0,-50.0,0,1,1,,-2.5980609754261117,0.0,-47.40193902457389,0,0.0,0.0,0,-2.2882473812926833,-2.777628183364868,0.4893808020721848,0,0,0,0,-50.0,1,,-47.40193902457389,0,0.0,0,0,1,0.0,0.0
578,19,8,False,0,-50.0,0,3,1,,-2.191676520275676,0.15731561506304817,-47.80832347972432,0,0.0,0.0,0,-2.8205983869336784,-2.294525146484375,0.5260732404493034,0,0,0,0,-50.0,1,,-47.80832347972432,0,0.0,0,0,1,0.0,0.0
579,19,9,False,0,-50.0,0,3,1,,-2.3631360539056603,0.12445838586062415,-47.63686394609434,0,0.0,0.0,0,-2.820637652427334,-2.3349244594573975,0.48571319296993654,0,0,0,0,-50.0,1,,-47.63686394609434,0,0.0,0,0,1,0.0,0.0
580,19,10,False,0,-50.0,0,1,1,,-2.191676520275676,0.15731561506304817,-47.80832347972432,0,0.0,0.0,0,-2.818670095506918,-2.5065155029296875,0.31215459257723044,0,0,0,0,-50.0,1,,-47.80832347972432,0,0.0,0,0,1,0.0,0.0
581,19,11,False,0,-50.0,0,1,1,,-2.3631360539056603,0.12445838586062415,-47.63686394609434,0,0.0,0.0,0,-2.8114366167117213,-2.61767578125,0.1937608354617213,0,0,0,0,-50.0,1,,-47.63686394609434,0,0.0,0,0,1,0.0,0.0
582,19,12,False,0,-50.0,0,1,1,,-2.3631360539056603,0.12445838586062415,-47.63686394609434,0,0.0,0.0,0,-2.7909228058499176,-2.4747073650360107,0.31621544081390685,0,0,0,0,-50.0,1,,-47.63686394609434,0,0.0,0,0,1,0.0,0.0
583,19,13,True,1,-1.3460302610805264,3,3,0,0.7745966692414834,-2.241043643880505,0.1192661020559249,0.8950133827999784,0,0.0,0.0,0,-2.7910441475605445,-2.682576894760132,0.1084672528004127,7,7,7,3,-2.822257658730513,0,0.7745966692414834,-0.581214014850008,0,0.0,0,0,1,0.0,0.0
584,19,14,True,2,-1.3265390359912173,0,0,0,0.9486832980505139,-2.241043643880505,0.1192661020559249,0.9145046078892876,0,0.0,0.0,0,-2.789005234590908,-2.576352596282959,0.212652638307949,28,28,28,0,-1.5461239398822233,0,0.9486832980505139,0.6949197039982815,0,0.0,0,0,1,0.0,0.0
585,19,15,True,2,-1.3068181774756265,3,3,0,0.9486832980505139,-1.299278175500653,0.4304366185574286,-0.007540001974973398,0,0.0,0.0,0,-2.717634541529592,-2.4042444229125977,0.3133901186169945,59,59,59,3,-1.4241046423130574,0,0.9486832980505139,-0.12482646681240439,0,0.0,0,0,1,0.0,0.0
586,19,16,True,2,-1.2893822441971314,1,3,1,0.7378647873726218,-1.9053313855833447,0.34630707979338615,0.6159491413862133,1,0.6159491413862133,0.21928601272200285,0,-2.7115606476989322,-2.5857760906219482,0.125784557076984,222,146,146,3,-1.4063851654767519,0,0.9486832980505139,0.49894622010659284,0,0.0,0,0,0,0.0,0.0
587,19,17,True,2,-1.3077266698137282,2,2,0,0.9486832980505139,-1.2213124062339233,0.46738788248811886,-0.08641426357980486,0,0.0,0.0,0,-2.7484280417813243,-2.4936106204986572,0.25481742128266704,44,44,44,2,-1.424055732724239,0,0.9486832980505139,-0.20274332649031557,0,0.0,0,0,1,0.0,0.0
588,19,18,True,2,0.18725786134585937,1,1,0,0.9486832980505139,0.22063311628804386,0.04328176161187181,-0.03337525494218449,0,0.0,0.0,0,-0.5056176792766359,-1.1610043048858643,0.6553866256092283,93,93,93,1,0.0647898001516309,0,0.9486832980505139,-0.15584331613641295,0,0.0,0,0,1,0.0,0.0
589,19,19,True,3,0.22580563996684633,1,1,0,0.7999999999999999,0.27202167419811724,0.02521667578601825,-0.04621603423127091,0,0.0,0.0,0,-0.4333541029206187,-0.9804200530052185,0.5470659500845998,208,208,208,1,0.10000446803556096,0,0.7999999999999999,-0.17201720616255628,0,0.0,0,0,1,0.0,0.0
590,19,20,True,2,0.26309474891753304,1,1,0,0.9486832980505139,0.2984630491892316,0.026339896085881484,-0.03536830027169857,0,0.0,0.0,0,-0.5077929518325629,-0.9484067559242249,0.44061380409166195,221,221,221,1,0.13581143745692986,0,0.9486832980505139,-0.16265161173230175,0,0.0,0,0,1,0.0,0.0
591,19,21,True,2,0.22772021708473816,2,2,0,0.9486832980505139,0.2784347189144296,0.019083107780564174,-0.05071450182969145,0,0.0,0.0,0,-0.6244808434885679,-0.7843872308731079,0.15990638738454,309,309,309,2,0.10097044659101348,0,0.9486832980505139,-0.17746427232341613,0,0.0,0,0,1,0.0,0.0
592,19,22,False,0,-50.0,0,1,1,,0.3586235476967972,0.025121044165159007,-50.358623547696794,0,0.0,0.0,0,-0.07865169566839238,-0.7106237411499023,0.63197204548151,0,0,0,0,-50.0,1,,-50.358623547696794,0,0.0,0,0,1,0.0,0.0
593,19,23,True,1,0.3822189122709922,1,1,0,0.7745966692414834,0.39963181809277754,0.03268710918235356,-0.01741290582178534,0,0.0,0.0,0,-0.007174824613109722,-0.4036022424697876,0.3964274178566779,2,2,2,1,-1.1017891038505272,0,0.7745966692414834,-1.5014209219433048,0,0.0,0,0,1,0.0,0.0
594,19,24,True,1,0.4260950268719875,1,1,0,0.7745966692414834,0.4409214999291999,0.03406175114671325,-0.014826473057212353,0,0.0,0.0,0,0.07085826775315668,-0.4623594582080841,0.5332177259612407,5,5,5,1,0.2746755284470323,0,0.7745966692414834,-0.16624597148216758,0,0.0,0,0,1,0.0,0.0
595,19,25,False,0,-50.0,0,3,1,,-2.436525231805672,0.16153574362044,-47.563474768194325,0,0.0,0.0,0,-0.33767159962726667,-0.36388295888900757,0.026211359261740896,0,0,0,0,-50.0,1,,-47.563474768194325,0,0.0,0,0,1,0.0,0.0
596,19,26,False,0,-50.0,0,3,1,,-2.436525231805672,0.16153574362044,-47.563474768194325,0,0.0,0.0,0,-0.4271432778252233,-0.6457182765007019,0.21857499867547858,0,0,0,0,-50.0,1,,-47.563474768194325,0,0.0,0,0,1,0.0,0.0
597,19,27,False,0,-50.0,0,2,1,,-2.436525231805672,0.16153574362044,-47.563474768194325,0,0.0,0.0,0,-0.5060159462998688,-0.7275946140289307,0.22157866772906187,0,0,0,0,-50.0,1,,-47.563474768194325,0,0.0,0,0,1,0.0,0.0
598,19,28,False,0,-50.0,0,3,1,,-2.5980609754261117,0.0,-47.40193902457389,0,0.0,0.0,0,-1.5656230256167727,-1.1460129022598267,0.41961012335694603,0,0,0,0,-50.0,1,,-47.40193902457389,0,0.0,0,0,1,0.0,0.0
599,19,29,False,0,-50.0,0,1,1,,-2.5980609754261117,0.0,-47.40193902457389,0,0.0,0.0,0,-1.8691349667057815,-0.8242376446723938,1.0448973220333877,0,0,0,0,-50.0,1,,-47.40193902457389,0,0.0,0,0,1,0.0,0.0
600,20,0,False,0,-50.0,0,3,1,,-2.5980609754261117,0.0,-47.40193902457389,0,0.0,0.0,0,-2.579186400667914,-1.9606499671936035,0.6185364334743104,0,0,0,0,-50.0,1,,-47.40193902457389,0,0.0,0,0,1,0.0,0.0
601,20,1,False,0,-50.0,0,0,0,,-2.5980609754261117,0.0,-47.40193902457389,0,0.0,0.0,0,-2.5733320474542376,-2.2648637294769287,0.3084683179773089,0,0,0,0,-50.0,0,,-47.40193902457389,0,0.0,0,0,1,0.0,0.0
602,20,2,False,0,-50.0,0,1,1,,-2.5980609754261117,0.0,-47.40193902457389,0,0.0,0.0,0,-2.830063261168905,-2.330479383468628,0.49958387770027723,0,0,0,0,-50.0,1,,-47.40193902457389,0,0.0,0,0,1,0.0,0.0
603,20,3,False,0,-50.0,0,3,1,,-2.5980609754261117,0.0,-47.40193902457389,0,0.0,0.0,0,-2.2782552022209677,-2.2949395179748535,0.016684315753885848,0,0,0,0,-50.0,1,,-47.40193902457389,0,0.0,0,0,1,0.0,0.0
604,20,4,False,0,-50.0,0,1,1,,-2.5980609754261117,0.0,-47.40193902457389,0,0.0,0.0,0,-2.227981668117621,-2.5533604621887207,0.3253787940710997,0,0,0,0,-50.0,1,,-47.40193902457389,0,0.0,0,0,1,0.0,0.0
605,20,5,False,0,-50.0,0,0,0,,-2.5980609754261117,0.0,-47.40193902457389,0,0.0,0.0,0,-2.7060804118188124,-2.390739679336548,0.3153407324822646,0,0,0,0,-50.0,0,,-47.40193902457389,0,0.0,0,0,1,0.0,0.0
606,20,6,False,0,-50.0,0,3,1,,-2.5980609754261117,0.0,-47.40193902457389,0,0.0,0.0,0,-2.304849396953877,-2.5821971893310547,0.2773477923771779,0,0,0,0,-50.0,1,,-47.40193902457389,0,0.0,0,0,1,0.0,0.0
607,20,7,False,0,-50.0,0,0,0,,-2.5980609754261117,0.0,-47.40193902457389,0,0.0,0.0,0,-2.29678340038432,-2.732851505279541,0.4360681048952211,0,0,0,0,-50.0,0,,-47.40193902457389,0,0.0,0,0,1,0.0,0.0
608,20,8,False,0,-50.0,0,3,1,,-2.3631360539056603,0.12445838586062415,-47.63686394609434,0,0.0,0.0,0,-2.8224728893009776,-2.180691719055176,0.6417811702458018,0,0,0,0,-50.0,1,,-47.63686394609434,0,0.0,0,0,1,0.0,0.0
609,20,9,False,0,-50.0,0,3,1,,-2.191676520275676,0.15731561506304817,-47.80832347972432,0,0.0,0.0,0,-2.8205333017700402,-2.329493761062622,0.4910395407074182,0,0,0,0,-50.0,1,,-47.80832347972432,0,0.0,0,0,1,0.0,0.0
610,20,10,False,0,-50.0,0,3,1,,-2.3631360539056603,0.12445838586062415,-47.63686394609434,0,0.0,0.0,0,-2.818503259637711,-2.6067657470703125,0.2117375125673986,0,0,0,0,-50.0,1,,-47.63686394609434,0,0.0,0,0,1,0.0,0.0
611,20,11,False,0,-50.0,0,0,0,,-2.191676520275676,0.15731561506304817,-47.80832347972432,0,0.0,0.0,0,-2.814029937021585,-2.4825260639190674,0.3315038731025175,0,0,0,0,-50.0,0,,-47.80832347972432,0,0.0,0,0,1,0.0,0.0
612,20,12,False,0,-50.0,0,3,1,,-2.300071311944669,0.10981489749433695,-47.69992868805533,0,0.0,0.0,0,-2.7832645279495116,-2.4709153175354004,0.31234921041411123,0,0,0,0,-50.0,1,,-47.69992868805533,0,0.0,0,0,1,0.0,0.0
613,20,13,False,0,-50.0,0,3,1,,-2.300071311944669,0.10981489749433695,-47.69992868805533,0,0.0,0.0,0,-2.7825056866908895,-2.705096960067749,0.07740872662314047,0,0,0,0,-50.0,1,,-47.69992868805533,0,0.0,0,0,1,0.0,0.0
614,20,14,True,1,-1.4155020594720555,1,1,0,0.7745966692414834,-2.300071311944669,0.10981489749433695,0.8845692524726136,0,0.0,0.0,0,-2.7711459278953154,-2.616799831390381,0.15434609650493458,4,4,4,1,-2.787111786565331,0,0.7745966692414834,-0.4870404746206618,0,0.0,0,0,1,0.0,0.0
615,20,15,True,2,-1.3298188717827093,3,3,0,0.9486832980505139,-2.241043643880505,0.1192661020559249,0.9112247720977955,0,0.0,0.0,0,-2.7426879613875697,-2.386859655380249,0.3558283060073206,47,47,47,3,-1.4774335125725608,0,0.9486832980505139,0.763610131307944,0,0.0,0,0,1,0.0,0.0
616,20,16,True,4,-1.309850748399821,0,0,0,0.39999999999999997,-1.2213124062339233,0.46738788248811886,-0.08853834216589762,0,0.0,0.0,0,-2.7384036043754993,-2.6077961921691895,0.1306074122063099,291,291,291,0,-1.4254103597954986,0,0.39999999999999997,-0.20409795356157523,0,0.0,0,0,1,0.0,0.0
617,20,17,True,3,-1.3268812383012378,0,2,1,0.39999999999999997,-1.9053313855833447,0.34630707979338615,0.5784501472821069,1,0.5784501472821069,0.20593587657331167,0,-2.757882170609919,-2.635457754135132,0.12242441647478719,42,354,42,0,-1.4411215623859965,1,0.39999999999999997,0.46420982319734816,1,0.46420982319734816,0,1,1,0.46420982319734816,0.17328921266354286
618,20,18,True,2,0.22398242838350305,3,3,0,0.9486832980505139,0.27202167419811724,0.02521667578601825,-0.04803924581461419,0,0.0,0.0,0,-0.4761152736652551,-1.0576229095458984,0.5815076358806434,102,102,102,3,0.0991550251450124,0,0.9486832980505139,-0.17286664905310484,0,0.0,0,0,1,0.0,0.0
619,20,19,True,4,0.26112974116472837,3,3,0,0.39999999999999997,0.2920500044729193,0.03208936194084037,-0.03092026330819092,0,0.0,0.0,0,-0.4013384021923922,-0.8920316100120544,0.49069320781966225,221,221,221,3,0.13485665235160568,0,0.39999999999999997,-0.1571933521213136,0,0.0,0,0,1,0.0,0.0
620,20,20,True,4,0.2998629362960903,3,3,0,0.39999999999999997,0.3253030348211306,0.03241349690993976,-0.02544009852504031,0,0.0,0.0,0,-0.3337360555526597,-0.6946454644203186,0.3609094088676589,283,283,283,3,0.17099618099883618,0,0.39999999999999997,-0.15430685382229442,0,0.0,0,0,1,0.0,0.0
621,20,21,True,3,0.3387500234504903,1,1,0,1.0,0.35208029219601933,0.030959633672509423,-0.013330268745529006,0,0.0,0.0,0,-0.19480900678626903,-0.6413889527320862,0.4465799459458172,273,273,273,1,0.2075511769547952,0,0.7999999999999999,-0.14452911524122414,0,0.0,0,0,1,0.0,0.0
622,20,22,True,2,0.37542182627682197,1,1,0,0.9486832980505139,-0.17430592707022946,0.6059753835134868,0.5497277533470515,0,0.0,0.0,0,-0.07282227193730108,-0.3763759732246399,0.30355370128733883,14,14,14,1,-1.0079089886636858,0,0.9486832980505139,-0.8336030615934564,0,0.0,0,0,1,0.0,0.0
623,20,23,True,2,0.4163827389903434,3,3,0,0.9486832980505139,0.4409214999291999,0.03406175114671325,-0.024538760938856485,0,0.0,0.0,0,0.060162426102317014,-0.3371465504169464,0.39730897651926345,16,16,16,3,0.24051264732740815,0,0.9486832980505139,-0.20040885260179173,0,0.0,0,0,1,0.0,0.0
624,20,24,True,1,0.4607020466681164,1,1,0,0.7745966692414834,0.46900217266516686,0.041081919330705,-0.008300125997050434,0,0.0,0.0,0,0.10746379233445119,-0.08396726846694946,0.19143106080140065,24,24,24,1,0.31141701677619105,0,0.7745966692414834,-0.15758515588897581,0,0.0,0,0,1,0.0,0.0
625,20,25,True,1,0.5015719195197776,1,1,0,0.7745966692414834,0.5107861441987551,0.03475334266576192,-0.009214224678977478,0,0.0,0.0,0,0.10111113873453031,-0.07020625472068787,0.17131739345521818,4,4,4,1,-2.1377689860018685,0,0.7745966692414834,-2.6485551302006236,0,0.0,0,0,1,0.0,0.0
626,20,26,False,0,-50.0,0,1,1,,-1.7502421791814033,0.5949440695110266,-48.249757820818594,0,0.0,0.0,0,-0.4077289969748623,-0.5274049639701843,0.11967596699532201,0,0,0,0,-50.0,1,,-48.249757820818594,0,0.0,0,0,1,0.0,0.0
627,20,27,False,0,-50.0,0,3,1,,-2.3579010579796567,0.24015991744645518,-47.64209894202034,0,0.0,0.0,0,-0.8514922712456569,-1.311885118484497,0.4603928472388402,0,0,0,0,-50.0,1,,-47.64209894202034,0,0.0,0,0,1,0.0,0.0
628,20,28,False,0,-50.0,0,1,1,,-2.3579010579796567,0.24015991744645518,-47.64209894202034,0,0.0,0.0,0,-0.8278159946480386,-0.9232639670372009,0.09544797238916236,0,0,0,0,-50.0,1,,-47.64209894202034,0,0.0,0,0,1,0.0,0.0
629,20,29,False,0,-50.0,0,1,1,,-2.5980609754261117,0.0,-47.40193902457389,0,0.0,0.0,0,-2.0103555610405692,-0.8360706567764282,1.174284904264141,0,0,0,0,-50.0,1,,-47.40193902457389,0,0.0,0,0,1,0.0,0.0
630,21,0,False,0,-50.0,0,1,1,,-2.5980609754261117,0.0,-47.40193902457389,0,0.0,0.0,0,-2.6208534518920894,-2.0145697593688965,0.6062836925231929,0,0,0,0,-50.0,1,,-47.40193902457389,0,0.0,0,0,1,0.0,0.0
631,21,1,False,0,-50.0,0,3,1,,-2.5980609754261117,0.0,-47.40193902457389,0,0.0,0.0,0,-2.8298021515245098,-2.133666753768921,0.6961353977555889,0,0,0,0,-50.0,1,,-47.40193902457389,0,0.0,0,0,1,0.0,0.0
632,21,2,False,0,-50.0,0,3,1,,-2.5980609754261117,0.0,-47.40193902457389,0,0.0,0.0,0,-2.8278839712588084,-2.516550064086914,0.31133390717189435,0,0,0,0,-50.0,1,,-47.40193902457389,0,0.0,0,0,1,0.0,0.0
633,21,3,False,0,-50.0,0,2,1,,-2.5980609754261117,0.0,-47.40193902457389,0,0.0,0.0,0,-2.8333363637886593,-2.326354503631592,0.5069818601570675,0,0,0,0,-50.0,1,,-47.40193902457389,0,0.0,0,0,1,0.0,0.0
634,21,4,False,0,-50.0,0,1,1,,-2.5980609754261117,0.0,-47.40193902457389,0,0.0,0.0,0,-2.2914306645464686,-2.394422769546509,0.10299210500004019,0,0,0,0,-50.0,1,,-47.40193902457389,0,0.0,0,0,1,0.0,0.0
635,21,5,False,0,-50.0,0,3,1,,-2.5980609754261117,0.0,-47.40193902457389,0,0.0,0.0,0,-2.3429241970223758,-2.454637289047241,0.11171309202486546,0,0,0,0,-50.0,1,,-47.40193902457389,0,0.0,0,0,1,0.0,0.0
636,21,6,False,0,-50.0,0,0,0,,-2.5980609754261117,0.0,-47.40193902457389,0,0.0,0.0,0,-2.314260494988374,-2.6308419704437256,0.31658147545535176,0,0,0,0,-50.0,0,,-47.40193902457389,0,0.0,0,0,1,0.0,0.0
637,21,7,False,0,-50.0,0,3,1,,-2.5980609754261117,0.0,-47.40193902457389,0,0.0,0.0,0,-2.9999621804227927,-2.7321090698242188,0.267853110598574,0,0,0,0,-50.0,1,,-47.40193902457389,0,0.0,0,0,1,0.0,0.0
638,21,8,False,0,-50.0,0,1,1,,-2.5980609754261117,0.0,-47.40193902457389,0,0.0,0.0,0,-2.9999617717349842,-2.820924758911133,0.17903701282385143,0,0,0,0,-50.0,1,,-47.40193902457389,0,0.0,0,0,1,0.0,0.0
639,21,9,False,0,-50.0,0,1,1,,-2.5980609754261117,0.0,-47.40193902457389,0,0.0,0.0,0,-2.9999626246376727,-2.6929750442504883,0.30698758038718443,0,0,0,0,-50.0,1,,-47.40193902457389,0,0.0,0,0,1,0.0,0.0
640,21,10,False,0,-50.0,0,3,1,,-2.5980609754261117,0.0,-47.40193902457389,0,0.0,0.0,0,-2.999960391267548,-2.88102650642395,0.11893388484359768,0,0,0,0,-50.0,1,,-47.40193902457389,0,0.0,0,0,1,0.0,0.0
641,21,11,False,0,-50.0,0,1,1,,-2.5980609754261117,0.0,-47.40193902457389,0,0.0,0.0,0,-2.999959825592901,-2.7708144187927246,0.2291454068001766,0,0,0,0,-50.0,1,,-47.40193902457389,0,0.0,0,0,1,0.0,0.0
642,21,12,True,1,-1.4313470382067828,3,3,0,0.7745966692414834,-2.300071311944669,0.10981489749433695,0.8687242737378864,0,0.0,0.0,0,-2.727258665829149,-2.2403697967529297,0.4868888690762194,1,1,1,3,-2.7978524655615047,0,0.7745966692414834,-0.4977811536168355,0,0.0,0,0,1,0.0,0.0
643,21,13,True,1,-1.4155020594720555,3,3,0,0.7745966692414834,-2.300071311944669,0.10981489749433695,0.8845692524726136,0,0.0,0.0,0,-2.7727739407450334,-2.4847042560577393,0.2880696846872941,1,1,1,3,-1.5921211351228985,0,0.7745966692414834,0.7079501768217706,0,0.0,0,0,1,0.0,0.0
644,21,14,True,2,-1.3994970304470786,3,0,1,0.7378647873726218,-2.300071311944669,0.10981489749433695,0.9005742814975906,1,0.9005742814975906,0.32061631404363455,1,-2.7719475316779323,-2.821735382080078,0.04978785040214584,5,2,2,3,-1.5441597492892907,1,0.7378647873726218,0.7559115626553785,1,0.7559115626553785,1,1,1,0.7559115626553785,0.2821812744796892
645,21,15,True,2,-1.3833303344622534,3,3,0,0.316227766016838,-1.6349904337978132,0.42579483097179155,0.2516600993355598,0,0.0,0.0,0,-2.7673749580716462,-2.8347654342651367,0.06739047619349048,20,20,20,3,-1.4933724058778026,0,0.316227766016838,0.14161802792001055,0,0.0,0,0,1,0.0,0.0
646,21,16,True,3,-1.3633895949703085,3,3,0,0.7999999999999999,-2.304108385841496,0.13970062106686343,0.9407187908711874,0,0.0,0.0,0,-2.764475274811181,-2.8140487670898438,0.04957349227866281,214,214,214,3,-1.475547385194585,0,0.7999999999999999,0.8285610006469109,0,0.0,0,0,1,0.0,0.0
647,21,17,True,2,-1.345491358277226,0,0,0,0.9486832980505139,-1.6980551757588045,0.45354535954345004,0.3525638174815784,0,0.0,0.0,0,-2.7615582350691077,-2.652539014816284,0.10901922025282351,1050,1050,1050,0,-1.4584185886781085,0,0.9486832980505139,0.23963658708069602,0,0.0,0,0,1,0.0,0.0
648,21,18,True,4,0.19174260477022026,0,1,1,-0.316227766016838,-1.6238017690562523,0.45652787048332333,1.8155443738264725,1,1.8155443738264725,0.6463577264841751,1,-1.3737747421290034,-1.2247813940048218,0.14899334812418163,2,80,2,0,0.06474389203788163,1,-0.316227766016838,1.6885456610941338,1,1.6885456610941338,1,1,1,1.6885456610941338,0.6303329519010391
649,21,19,True,1,0.3090589140505634,3,3,0,0.7745966692414834,0.3317808577669007,0.02660595564230453,-0.02272194371633729,0,0.0,0.0,0,-0.5258875092173685,-1.05185067653656,0.5259631673191916,2,2,2,3,0.20411299744679656,0,0.7745966692414834,-0.12766786032010413,0,0.0,0,0,1,0.0,0.0
650,21,20,True,2,0.34248375088890015,3,3,0,0.9486832980505139,0.35208029219601933,0.030959633672509423,-0.009596541307119177,0,0.0,0.0,0,-0.2213051626386809,-0.8587273955345154,0.6374222328958344,8,8,8,3,0.24006278169560993,0,0.9486832980505139,-0.1120175105004094,0,0.0,0,0,1,0.0,0.0
651,21,21,True,3,0.37624621234176553,3,1,1,0.7999999999999999,-0.17430592707022946,0.6059753835134868,0.550552139411995,1,0.550552139411995,0.19600381806770853,0,-0.16474554441501477,-0.510814905166626,0.3460693607516112,41,225,41,1,0.2764159184437554,0,1.0,0.45072184551398486,0,0.0,0,0,0,0.0,0.0
652,21,22,True,2,0.41213970089150914,1,1,0,0.9486832980505139,0.43431215093851516,0.040671100137397956,-0.02217245004700602,0,0.0,0.0,0,-0.01666720233043836,-0.3157879114151001,0.29912070908466176,143,143,143,1,0.30510496006127136,0,0.9486832980505139,-0.1292071908772438,0,0.0,0,0,1,0.0,0.0
653,21,23,True,2,0.3822189122709922,0,0,0,0.9486832980505139,0.39963181809277754,0.03268710918235356,-0.01741290582178534,0,0.0,0.0,0,-0.004535011298441772,-0.752202033996582,0.7476670226981402,16,16,16,2,0.26865076822457934,1,0.7378647873726218,-0.1309810498681982,0,0.0,0,0,0,0.0,0.0
654,21,24,True,2,0.49840801475176105,3,3,0,0.9486832980505139,0.5244782732046444,0.021061213659872603,-0.0260702584528833,0,0.0,0.0,0,0.14636292404143697,-0.3243348300457001,0.47069775408713704,120,120,120,1,0.41668129055890774,1,0.7378647873726218,-0.10779698264573662,0,0.0,0,0,0,0.0,0.0
655,21,25,True,2,0.5369413321709348,1,1,0,0.9486832980505139,0.5531290973409234,0.028223919693942345,-0.016187765169988655,0,0.0,0.0,0,0.18333139711514707,-0.10590624809265137,0.28923764520779843,104,104,104,1,0.3925999921735418,0,0.9486832980505139,-0.1605291051673816,0,0.0,0,0,1,0.0,0.0
656,21,26,False,0,-50.0,0,3,1,,-2.3579010579796567,0.24015991744645518,-47.64209894202034,0,0.0,0.0,0,-0.6390491206365672,-0.9797593355178833,0.34071021488131614,0,0,0,0,-50.0,1,,-47.64209894202034,0,0.0,0,0,1,0.0,0.0
657,21,27,False,0,-50.0,0,2,1,,-2.3579010579796567,0.24015991744645518,-47.64209894202034,0,0.0,0.0,0,-0.7024680288640389,-0.9954413175582886,0.29297328869424966,0,0,0,0,-50.0,1,,-47.64209894202034,0,0.0,0,0,1,0.0,0.0
658,21,28,False,0,-50.0,0,2,1,,-2.3579010579796567,0.24015991744645518,-47.64209894202034,0,0.0,0.0,0,-0.7655748608288593,-1.1252845525741577,0.35970969174529843,0,0,0,0,-50.0,1,,-47.64209894202034,0,0.0,0,0,1,0.0,0.0
659,21,29,False,0,-50.0,0,1,1,,-2.5980609754261117,0.0,-47.40193902457389,0,0.0,0.0,0,-2.6009680071890924,-1.2393803596496582,1.3615876475394342,0,0,0,0,-50.0,1,,-47.40193902457389,0,0.0,0,0,1,0.0,0.0
660,22,0,False,0,-50.0,0,1,1,,-2.5980609754261117,0.0,-47.40193902457389,0,0.0,0.0,0,-2.7115884624777142,-1.8819785118103027,0.8296099506674115,0,0,0,0,-50.0,1,,-47.40193902457389,0,0.0,0,0,1,0.0,0.0
661,22,1,False,0,-50.0,0,0,0,,-2.5980609754261117,0.0,-47.40193902457389,0,0.0,0.0,0,-2.8316420937448616,-2.1934964656829834,0.6381456280618782,0,0,0,0,-50.0,0,,-47.40193902457389,0,0.0,0,0,1,0.0,0.0
662,22,2,False,0,-50.0,0,3,1,,-2.5980609754261117,0.0,-47.40193902457389,0,0.0,0.0,0,-2.6470601903080775,-2.175302505493164,0.4717576848149134,0,0,0,0,-50.0,1,,-47.40193902457389,0,0.0,0,0,1,0.0,0.0
663,22,3,False,0,-50.0,0,1,1,,-2.5980609754261117,0.0,-47.40193902457389,0,0.0,0.0,0,-2.4910852399241223,-2.1797423362731934,0.311342903650929,0,0,0,0,-50.0,1,,-47.40193902457389,0,0.0,0,0,1,0.0,0.0
664,22,4,False,0,-50.0,0,0,0,,-2.5980609754261117,0.0,-47.40193902457389,0,0.0,0.0,0,-2.41923295973839,-2.3703901767730713,0.048842782965318854,0,0,0,0,-50.0,0,,-47.40193902457389,0,0.0,0,0,1,0.0,0.0
665,22,5,False,0,-50.0,0,3,1,,-2.5980609754261117,0.0,-47.40193902457389,0,0.0,0.0,0,-2.9667583337388024,-2.724200963973999,0.24255736976480335,0,0,0,0,-50.0,1,,-47.40193902457389,0,0.0,0,0,1,0.0,0.0
666,22,6,False,0,-50.0,0,1,1,,-2.5980609754261117,0.0,-47.40193902457389,0,0.0,0.0,0,-2.9988256080081213,-2.584413766860962,0.41441184114715934,0,0,0,0,-50.0,1,,-47.40193902457389,0,0.0,0,0,1,0.0,0.0
667,22,7,False,0,-50.0,0,1,1,,-2.5980609754261117,0.0,-47.40193902457389,0,0.0,0.0,0,-2.999919841144115,-2.6870570182800293,0.31286282286408573,0,0,0,0,-50.0,1,,-47.40193902457389,0,0.0,0,0,1,0.0,0.0
668,22,8,False,0,-50.0,0,0,0,,-2.5980609754261117,0.0,-47.40193902457389,0,0.0,0.0,0,-2.9999597145201133,-2.7845845222473145,0.2153751922727989,0,0,0,0,-50.0,0,,-47.40193902457389,0,0.0,0,0,1,0.0,0.0
669,22,9,False,0,-50.0,0,3,1,,-2.5980609754261117,0.0,-47.40193902457389,0,0.0,0.0,0,-2.9999624486349,-2.8577630519866943,0.14219939664820558,0,0,0,0,-50.0,1,,-47.40193902457389,0,0.0,0,0,1,0.0,0.0
670,22,10,False,0,-50.0,0,0,0,,-2.5980609754261117,0.0,-47.40193902457389,0,0.0,0.0,0,-2.999960636293384,-2.852524518966675,0.14743611732670914,0,0,0,0,-50.0,0,,-47.40193902457389,0,0.0,0,0,1,0.0,0.0
671,22,11,False,0,-50.0,0,1,1,,-2.5980609754261117,0.0,-47.40193902457389,0,0.0,0.0,0,-2.999958541743615,-2.7632386684417725,0.23671987330184274,0,0,0,0,-50.0,1,,-47.40193902457389,0,0.0,0,0,1,0.0,0.0
672,22,12,True,3,-0.05178556392555164,1,1,0,0.7999999999999999,-1.3561026652385606,0.2996994333433567,1.304317101313009,0,0.0,0.0,0,-1.1281906172655352,-1.7005815505981445,0.5723909333326094,22,22,22,1,-0.12608838586113175,0,0.7999999999999999,1.230014279377429,0,0.0,0,0,1,0.0,0.0
673,22,13,False,0,-50.0,0,3,1,,-1.3561026652385606,0.2996994333433567,-48.64389733476144,0,0.0,0.0,0,-1.0525851255398087,-1.6725480556488037,0.6199629301089951,0,0,0,0,-50.0,1,,-48.64389733476144,0,0.0,0,0,1,0.0,0.0
674,22,14,False,0,-50.0,0,1,1,,-1.3561026652385606,0.2996994333433567,-48.64389733476144,0,0.0,0.0,0,-1.0408948602000305,-2.0076963901519775,0.966801529951947,0,0,0,0,-50.0,1,,-48.64389733476144,0,0.0,0,0,1,0.0,0.0
675,22,15,False,0,-50.0,0,3,1,,-1.9485148255309057,0.3318452096702252,-48.05148517446909,0,0.0,0.0,0,-1.9064748163301617,-1.7911064624786377,0.115368353851524,0,0,0,0,-50.0,1,,-48.05148517446909,0,0.0,0,0,1,0.0,0.0
676,22,16,True,1,-0.0498376433835538,1,1,0,0.7745966692414834,-2.3349036175509803,0.1669288867114145,2.2850659741674266,0,0.0,0.0,0,-1.926290465595779,-1.857076644897461,0.06921382069831816,5,5,5,1,-1.3690666216338727,0,0.7745966692414834,0.9658369959171076,0,0.0,0,0,1,0.0,0.0
677,22,17,True,2,0.10758389667771828,3,3,0,0.9486832980505139,-2.1471893939043802,0.2290707178274034,2.2547732905820985,0,0.0,0.0,0,-1.443531839494967,-1.5666592121124268,0.12312737261745976,21,21,21,3,-0.038488963685815294,0,0.9486832980505139,2.108700430218565,0,0.0,0,0,1,0.0,0.0
678,22,18,True,2,0.15295089605377793,0,0,0,0.9486832980505139,-1.3927475606324808,0.5247823688975761,1.5456984566862588,0,0.0,0.0,0,-1.4025872928969352,-1.2484205961227417,0.15416669677419348,82,82,82,0,0.029812327493388927,0,0.9486832980505139,1.4225598881258699,0,0.0,0,0,1,0.0,0.0
679,22,19,True,2,0.24353299628827946,0,3,1,0.7378647873726218,-1.9524922223916767,0.22362758733787477,2.196025218679956,1,2.196025218679956,0.7818139221000148,1,-1.3064444034589464,-1.1993509531021118,0.1070934503568346,2,2,2,0,0.16856209032021524,1,0.7378647873726218,2.121054312711892,1,2.121054312711892,1,1,1,2.121054312711892,0.7917881386801198
680,22,20,True,1,0.21109766699594892,2,2,0,0.7745966692414834,-1.6419758706369418,0.4029818633225582,1.8530735376328908,0,0.0,0.0,0,-1.406429923188051,-1.4189425706863403,0.012512647498289287,3,3,3,2,0.1334056338367931,0,0.7745966692414834,1.7753815044737349,0,0.0,0,0,1,0.0,0.0
681,22,21,True,2,0.4104129543263759,3,3,0,0.9486832980505139,0.43431215093851516,0.040671100137397956,-0.02389919661213924,0,0.0,0.0,0,-0.15755984974786405,-0.6408097743988037,0.48324992465093963,243,243,243,3,0.31426276298732336,0,0.9486832980505139,-0.1200493879511918,0,0.0,0,0,1,0.0,0.0
682,22,22,True,3,0.4541012115907156,3,3,0,1.0,0.46239282367448215,0.0476912683213897,-0.008291612083766553,0,0.0,0.0,0,0.024698823239551373,-0.46771201491355896,0.4924108381531103,286,286,286,3,0.37844423372717034,0,0.7999999999999999,-0.0839485899473118,0,0.0,0,0,1,0.0,0.0
683,22,23,True,3,0.4964307849543217,3,3,0,0.39999999999999997,0.4973664885600829,0.048172998304434014,-0.0009357036057612289,0,0.0,0.0,0,0.1104957372669229,-0.5405444502830505,0.6510401875499734,269,269,269,3,0.41905365852794985,0,0.39999999999999997,-0.07831283003213307,0,0.0,0,0,1,0.0,0.0
684,22,24,True,3,0.5354615007761189,3,3,0,0.7999999999999999,0.5531290973409234,0.028223919693942345,-0.017667596564804544,0,0.0,0.0,0,0.16178812300084552,-0.24174600839614868,0.40353413139699423,194,194,194,3,0.457487313836821,0,0.39999999999999997,-0.0956417835041024,0,0.0,0,0,1,0.0,0.0
685,22,25,True,2,0.575218881589259,1,1,0,0.9486832980505139,0.5890192902433569,0.028509009791860943,-0.013800408654097818,0,0.0,0.0,0,0.23228567689391968,-0.08682011067867279,0.31910578757259245,254,254,254,1,0.4973847259944962,0,0.9486832980505139,-0.09163456424886068,0,0.0,0,0,1,0.0,0.0
686,22,26,False,0,-50.0,0,1,1,,0.6323630893205541,0.0217059006140093,-50.632363089320556,0,0.0,0.0,0,0.3084918470720355,-0.6506133675575256,0.9591052146295611,0,0,0,0,-50.0,1,,-50.632363089320556,0,0.0,0,0,1,0.0,0.0
687,22,27,True,1,0.5178383532477177,1,3,1,0.2581988897471611,-2.5980609754261117,0.0,3.1158993286738292,1,3.1158993286738292,1.0,1,-2.6169264545444504,-0.7807826399803162,1.8361438145641342,1,0,0,1,-0.8239347409387954,1,0.2581988897471611,1.7741262344873163,1,1.7741262344873163,1,1,1,1.7741262344873163,0.6622801219985026
688,22,28,False,0,-50.0,0,3,1,,-2.5980609754261117,0.0,-47.40193902457389,0,0.0,0.0,0,-2.622107600498724,-0.8924912214279175,1.7296163790708063,0,0,0,0,-50.0,1,,-47.40193902457389,0,0.0,0,0,1,0.0,0.0
689,22,29,False,0,-50.0,0,2,1,,-2.5980609754261117,0.0,-47.40193902457389,0,0.0,0.0,0,-2.619898118162673,-1.0775763988494873,1.5423217193131857,0,0,0,0,-50.0,1,,-47.40193902457389,0,0.0,0,0,1,0.0,0.0
690,23,0,False,0,-50.0,0,3,1,,-2.5980609754261117,0.0,-47.40193902457389,0,0.0,0.0,0,-2.922180993097127,-1.700310468673706,1.2218705244234211,0,0,0,0,-50.0,1,,-47.40193902457389,0,0.0,0,0,1,0.0,0.0
691,23,1,False,0,-50.0,0,3,1,,-2.5980609754261117,0.0,-47.40193902457389,0,0.0,0.0,0,-2.9828412432884415,-1.6458542346954346,1.336987008593007,0,0,0,0,-50.0,1,,-47.40193902457389,0,0.0,0,0,1,0.0,0.0
692,23,2,False,0,-50.0,0,1,1,,-2.5980609754261117,0.0,-47.40193902457389,0,0.0,0.0,0,-2.984313225657358,-1.532494306564331,1.4518189190930268,0,0,0,0,-50.0,1,,-47.40193902457389,0,0.0,0,0,1,0.0,0.0
693,23,3,False,0,-50.0,0,3,1,,-2.5980609754261117,0.0,-47.40193902457389,0,0.0,0.0,0,-2.9562983080705534,-2.2545828819274902,0.7017154261430631,0,0,0,0,-50.0,1,,-47.40193902457389,0,0.0,0,0,1,0.0,0.0
694,23,4,False,0,-50.0,0,1,1,,-2.5980609754261117,0.0,-47.40193902457389,0,0.0,0.0,0,-2.9684067708528996,-2.3572421073913574,0.6111646634615422,0,0,0,0,-50.0,1,,-47.40193902457389,0,0.0,0,0,1,0.0,0.0
695,23,5,False,0,-50.0,0,0,0,,-2.5980609754261117,0.0,-47.40193902457389,0,0.0,0.0,0,-2.967185386620298,-2.474555015563965,0.49263037105633334,0,0,0,0,-50.0,0,,-47.40193902457389,0,0.0,0,0,1,0.0,0.0
696,23,6,False,0,-50.0,0,0,0,,-2.5980609754261117,0.0,-47.40193902457389,0,0.0,0.0,0,-2.998838499299083,-2.5586154460906982,0.44022305320838484,0,0,0,0,-50.0,0,,-47.40193902457389,0,0.0,0,0,1,0.0,0.0
697,23,7,False,0,-50.0,0,1,1,,-2.5980609754261117,0.0,-47.40193902457389,0,0.0,0.0,0,-2.9999208621934144,-2.7078871726989746,0.29203368949443975,0,0,0,0,-50.0,1,,-47.40193902457389,0,0.0,0,0,1,0.0,0.0
698,23,8,False,0,-50.0,0,3,1,,-2.5980609754261117,0.0,-47.40193902457389,0,0.0,0.0,0,-2.9605368234921685,-1.6969342231750488,1.2636026003171197,0,0,0,0,-50.0,1,,-47.40193902457389,0,0.0,0,0,1,0.0,0.0
699,23,9,False,0,-50.0,0,3,1,,-2.5980609754261117,0.0,-47.40193902457389,0,0.0,0.0,0,-2.9988131019444633,-2.0873289108276367,0.9114841911168265,0,0,0,0,-50.0,1,,-47.40193902457389,0,0.0,0,0,1,0.0,0.0
700,23,10,False,0,-50.0,0,3,1,,-2.5980609754261117,0.0,-47.40193902457389,0,0.0,0.0,0,-2.999921854816869,-2.398448944091797,0.601472910725072,0,0,0,0,-50.0,1,,-47.40193902457389,0,0.0,0,0,1,0.0,0.0
701,23,11,False,0,-50.0,0,0,0,,-2.5980609754261117,0.0,-47.40193902457389,0,0.0,0.0,0,-2.9999563513081053,-2.6444504261016846,0.35550592520642077,0,0,0,0,-50.0,0,,-47.40193902457389,0,0.0,0,0,1,0.0,0.0
702,23,12,True,4,-0.02058752827455457,1,1,0,0.19999999999999998,-1.3561026652385606,0.2996994333433567,1.335515136964006,0,0.0,0.0,0,-0.9128224626442386,-1.4333163499832153,0.5204938873389767,142,142,142,1,-0.022495399659687127,0,0.316227766016838,1.3336072655788735,0,0.0,0,0,1,0.0,0.0
703,23,13,False,0,-50.0,0,3,1,,-1.3561026652385606,0.2996994333433567,-48.64389733476144,0,0.0,0.0,0,-0.9041192286721436,-1.6800222396850586,0.775903011012915,0,0,0,0,-50.0,1,,-48.64389733476144,0,0.0,0,0,1,0.0,0.0
704,23,14,True,1,0.052282795083477954,1,1,0,0.7745966692414834,-1.3561026652385606,0.2996994333433567,1.4083854603220385,0,0.0,0.0,0,-0.8584861602126075,-1.6081795692443848,0.7496934090317773,1,1,1,1,-2.5611906406598823,0,0.7745966692414834,-1.2050879754213217,0,0.0,0,0,1,0.0,0.0
705,23,15,True,1,-0.07904717100297184,3,3,0,0.7745966692414834,-2.3349036175509803,0.1669288867114145,2.2558564465480084,0,0.0,0.0,0,-1.9805936260051495,-1.3183741569519043,0.6622194690532452,2,2,2,3,-0.10448784325920658,0,0.7745966692414834,2.2304157742917736,0,0.0,0,0,1,0.0,0.0
706,23,16,True,2,-0.020038024297076823,3,3,0,0.9486832980505139,-2.1410598698273624,0.3421173748269323,2.1210218455302856,0,0.0,0.0,0,-1.9694560774270018,-1.663582682609558,0.3058733948174437,4,4,4,3,-0.07286881888857276,0,0.9486832980505139,2.0681910509387897,0,0.0,0,0,1,0.0,0.0
707,23,17,True,2,0.08456760927886066,3,1,1,0.7378647873726218,-2.3349036175509803,0.1669288867114145,2.419471226829841,1,2.419471226829841,0.8613636460846339,1,-1.9754234157387307,-1.4760231971740723,0.49940021856465844,1,17,1,3,-0.005017573153127888,1,0.7378647873726218,2.3298860443978526,1,2.3298860443978526,1,1,1,2.3298860443978526,0.8697448827097258
708,23,18,True,1,0.1157248571801095,3,3,0,0.7745966692414834,-1.9524922223916767,0.22362758733787477,2.0682170795717862,0,0.0,0.0,0,-1.4982811853861904,-1.6083091497421265,0.11002796435593609,1,1,1,3,0.030215216744292495,0,0.7745966692414834,1.9827074391359691,0,0.0,0,0,1,0.0,0.0
709,23,19,True,1,0.14719682475712853,3,3,0,0.7745966692414834,-1.6419758706369418,0.4029818633225582,1.7891726953940703,0,0.0,0.0,0,-1.4535348738238723,-1.5555591583251953,0.10202428450132306,1,1,1,3,0.06425743756591858,0,0.7745966692414834,1.7062333082028605,0,0.0,0,0,1,0.0,0.0
710,23,20,True,1,0.1789866909965417,0,0,0,0.7745966692414834,-1.9524922223916767,0.22362758733787477,2.1314789133882184,0,0.0,0.0,0,-1.4324969171313695,-1.3578294515609741,0.07466746557039539,1,1,1,0,0.09863922226806919,0,0.7745966692414834,2.0511314446597457,0,0.0,0,0,1,0.0,0.0
711,23,21,True,1,0.18846312411919833,3,3,0,0.7745966692414834,-2.5980609754261117,0.0,2.78652409954531,0,0.0,0.0,0,-2.7584300360205884,-0.5775386691093445,2.180891366911244,18,18,18,3,-0.6835087439899842,0,0.7745966692414834,1.9145522314361276,0,0.0,0,0,1,0.0,0.0
712,23,22,True,3,0.21082379447061306,3,1,1,0.39999999999999997,-2.5980609754261117,0.0,2.808884769896725,1,2.808884769896725,1.0,1,-2.868521699432334,-0.35354387760162354,2.5149778218307106,1,22,1,2,-0.7103003243933098,1,0.39999999999999997,1.887760651032802,1,1.887760651032802,1,0,0,0.0,0.0
713,23,23,True,1,0.2432563573737988,1,1,0,0.7745966692414834,-2.5980609754261117,0.0,2.8413173327999104,0,0.0,0.0,0,-2.7652360412695467,-0.1805405616760254,2.5846954795935213,17,17,17,1,-0.751059293783498,0,0.7745966692414834,1.8470016816426136,0,0.0,0,0,1,0.0,0.0
714,23,24,True,2,0.5802492500311429,3,3,0,0.9486832980505139,-0.025589555057048054,0.6431178550922659,0.605838805088191,0,0.0,0.0,0,-0.15703903024287655,-0.39282524585723877,0.23578621561436222,8,8,8,3,0.46864395126905245,0,0.9486832980505139,0.4942335063261005,0,0.0,0,0,1,0.0,0.0
715,23,25,True,3,0.6164133831925158,3,1,1,0.7999999999999999,0.6182518421628334,0.03581714777173007,-0.0018384589703175358,0,0.0,0.0,0,0.28591794780155433,0.22276723384857178,0.06315071395298255,20,276,20,1,0.5394865336635282,0,0.7999999999999999,-0.07876530849930519,0,0.0,0,0,0,0.0,0.0
716,23,26,True,2,0.6527946216948334,1,1,0,0.9486832980505139,0.6618909195422475,0.02908785816943264,-0.00909629784741417,0,0.0,0.0,0,0.3479866048832605,0.10364843904972076,0.24433816583353973,26,26,26,1,-0.6696245577854615,0,0.9486832980505139,-1.331515477327709,0,0.0,0,0,1,0.0,0.0
717,23,27,True,2,0.553372073310268,1,3,1,0.7378647873726218,-2.5980609754261117,0.0,3.1514330487363797,1,3.1514330487363797,1.0,1,-2.6073410674865225,-0.4227909445762634,2.184550122910259,2,13,2,1,0.5289107602923016,1,0.7378647873726218,3.1269717357184135,1,3.1269717357184135,1,1,1,3.1269717357184135,1.0
718,23,28,True,2,0.5178383532477177,2,1,1,0.10540925533894598,-2.5980609754261117,0.0,3.1158993286738292,1,3.1158993286738292,1.0,1,-2.6628152590583363,-0.8081671595573425,1.8546480995009937,13,0,0,2,0.48975609292594235,1,0.10540925533894598,3.087817068352054,1,3.087817068352054,1,1,1,3.087817068352054,1.0
719,23,29,True,2,0.4826599703857928,2,1,1,0.7378647873726218,-2.5980609754261117,0.0,3.0807209458119047,1,3.0807209458119047,1.0,1,-2.7203623258341896,-0.8909648060798645,1.829397519754325,7,4,4,2,0.4510358621589127,1,0.7378647873726218,3.0490968375850245,1,3.0490968375850245,1,1,1,3.0490968375850245,1.0
720,24,0,False,0,-50.0,0,3,1,,-2.5980609754261117,0.0,-47.40193902457389,0,0.0,0.0,0,-2.9836644042759373,-1.2300397157669067,1.7536246885090305,0,0,0,0,-50.0,1,,-47.40193902457389,0,0.0,0,0,1,0.0,0.0
721,24,1,False,0,-50.0,0,3,1,,-2.5980609754261117,0.0,-47.40193902457389,0,0.0,0.0,0,-2.9845511946258405,-1.3762391805648804,1.6083120140609601,0,0,0,0,-50.0,1,,-47.40193902457389,0,0.0,0,0,1,0.0,0.0
722,24,2,False,0,-50.0,0,0,0,,-2.5980609754261117,0.0,-47.40193902457389,0,0.0,0.0,0,-2.9844870383824462,-1.6056989431381226,1.3787880952443237,0,0,0,0,-50.0,0,,-47.40193902457389,0,0.0,0,0,1,0.0,0.0
723,24,3,False,0,-50.0,0,0,0,,-2.5980609754261117,0.0,-47.40193902457389,0,0.0,0.0,0,-2.9567710167216092,-2.189314365386963,0.7674566513346464,0,0,0,0,-50.0,0,,-47.40193902457389,0,0.0,0,0,1,0.0,0.0
724,24,4,False,0,-50.0,0,3,1,,-2.5980609754261117,0.0,-47.40193902457389,0,0.0,0.0,0,-2.9781897143881118,-2.419473886489868,0.5587158278982436,0,0,0,0,-50.0,1,,-47.40193902457389,0,0.0,0,0,1,0.0,0.0
725,24,5,False,0,-50.0,0,3,1,,-2.5980609754261117,0.0,-47.40193902457389,0,0.0,0.0,0,-2.9992257884664415,-2.404674768447876,0.5945510200185655,0,0,0,0,-50.0,1,,-47.40193902457389,0,0.0,0,0,1,0.0,0.0
726,24,6,False,0,-50.0,0,3,1,,-2.5980609754261117,0.0,-47.40193902457389,0,0.0,0.0,0,-2.9998987577568603,-2.4993977546691895,0.5005010030876709,0,0,0,0,-50.0,1,,-47.40193902457389,0,0.0,0,0,1,0.0,0.0
727,24,7,False,0,-50.0,0,0,0,,-2.5980609754261117,0.0,-47.40193902457389,0,0.0,0.0,0,-2.999920684751319,-2.621119499206543,0.37880118554477615,0,0,0,0,-50.0,0,,-47.40193902457389,0,0.0,0,0,1,0.0,0.0
728,24,8,False,0,-50.0,0,1,1,,-1.3561026652385606,0.2996994333433567,-48.64389733476144,0,0.0,0.0,0,-1.8515096920244918,-1.5632623434066772,0.28824734861781454,0,0,0,0,-50.0,1,,-48.64389733476144,0,0.0,0,0,1,0.0,0.0
729,24,9,False,0,-50.0,0,1,1,,-1.3561026652385606,0.2996994333433567,-48.64389733476144,0,0.0,0.0,0,-0.9916186882360429,-1.4288535118103027,0.4372348235742598,0,0,0,0,-50.0,1,,-48.64389733476144,0,0.0,0,0,1,0.0,0.0
730,24,10,True,2,-0.051549971072767826,3,3,0,0.9486832980505139,-1.3561026652385606,0.2996994333433567,1.3045526941657928,0,0.0,0.0,0,-0.9204696039085156,-1.133786678314209,0.21331707440569336,723,723,723,3,-0.05448055508291264,0,0.9486832980505139,1.301622110155648,0,0.0,0,0,1,0.0,0.0
731,24,11,True,2,-0.018168881502140927,3,1,1,0.7378647873726218,-1.3561026652385606,0.2996994333433567,1.3379337837364196,1,1.3379337837364196,0.476322061365875,1,-0.8967048286230803,-1.3442296981811523,0.447524869558072,288,450,288,1,-0.019606362012301322,0,0.9486832980505139,1.3364963032262593,0,0.0,0,0,0,0.0,0.0
732,24,12,True,3,0.013245492982707753,3,3,0,0.7999999999999999,-1.3561026652385606,0.2996994333433567,1.3693481582212683,0,0.0,0.0,0,-0.8613460563246627,-1.5172127485275269,0.6558666922028642,421,421,421,3,0.012818793528288722,0,0.7999999999999999,1.3689214587668492,0,0.0,0,0,1,0.0,0.0
733,24,13,True,3,0.047544222943274206,1,1,0,0.7999999999999999,-1.3561026652385606,0.2996994333433567,1.403646888181835,0,0.0,0.0,0,-0.8097108150856005,-1.1765801906585693,0.36686937557296884,471,471,471,1,0.04754960086251192,0,0.7999999999999999,1.4036522661010724,0,0.0,0,0,1,0.0,0.0
734,24,14,True,2,0.08311393375043,3,3,0,0.9486832980505139,-1.5486477095350173,0.3921425992497495,1.6317616432854474,0,0.0,0.0,0,-0.8117254820278857,-1.288730502128601,0.4770050201007153,19,19,19,3,0.007861127705650764,0,0.9486832980505139,1.5565088372406681,0,0.0,0,0,1,0.0,0.0
735,24,15,True,2,0.11598664052215216,1,1,0,0.9486832980505139,-1.5486477095350173,0.3921425992497495,1.6646343500571694,0,0.0,0.0,0,-0.7795119367500905,-1.1305161714553833,0.35100423470529285,53,53,53,1,0.11014083564351967,0,0.9486832980505139,1.658788545178537,0,0.0,0,0,1,0.0,0.0
736,24,16,True,1,0.04196933133161619,3,3,0,0.7745966692414834,-2.3349036175509803,0.1669288867114145,2.3768729488825966,0,0.0,0.0,0,-1.9380178917550748,-1.0346394777297974,0.9033784140252774,18,18,18,3,-0.056381193992243575,0,0.7745966692414834,2.2785224235587367,0,0.0,0,0,1,0.0,0.0
737,24,17,True,2,0.06752587471162118,3,3,0,0.9486832980505139,-2.1410598698273624,0.3421173748269323,2.2085857445389836,0,0.0,0.0,0,-2.0146870023057963,-1.2153137922286987,0.7993732100770976,22,22,22,3,-0.03068564378511722,0,0.9486832980505139,2.110374226042245,0,0.0,0,0,1,0.0,0.0
738,24,18,True,2,0.10461688635866254,3,1,1,0.7378647873726218,-2.3349036175509803,0.1669288867114145,2.439520503909643,1,2.439520503909643,0.8685014529803361,1,-2.0228098602831652,-1.1481928825378418,0.8746169777453234,2,26,2,3,0.0017400441009144164,1,0.7378647873726218,2.3366436616518946,1,2.3366436616518946,1,1,1,2.3366436616518946,0.8722674966547924
739,24,19,True,2,0.1359766522102124,1,1,0,0.9486832980505139,-2.1410598698273624,0.3421173748269323,2.277036522037575,0,0.0,0.0,0,-2.013400458408039,-1.0372540950775146,0.9761463633305243,4,4,4,1,0.06794740551159317,0,0.9486832980505139,2.209007275338956,0,0.0,0,0,1,0.0,0.0
740,24,20,True,2,0.23913357117998207,3,3,0,0.9486832980505139,-2.1423585732545236,0.19900759969743337,2.381492144434506,0,0.0,0.0,0,-1.9482166299080943,-0.824996292591095,1.1232203373169993,19,19,19,3,0.20992407375470334,0,0.9486832980505139,2.352282647009227,0,0.0,0,0,1,0.0,0.0
741,24,21,True,3,0.2718520914236665,1,1,0,1.0,-1.9485148255309057,0.3318452096702252,2.220366916954572,0,0.0,0.0,0,-1.9327448737966835,-0.6890051960945129,1.2437396777021705,18,18,18,1,0.245964286990106,0,1.0,2.194479112521012,0,0.0,0,0,1,0.0,0.0
742,24,22,True,2,0.17636269598984095,3,3,0,0.9486832980505139,-2.5980609754261117,0.0,2.7744236714159527,0,0.0,0.0,0,-2.87535982160323,-1.0082170963287354,1.8671427252744945,87,87,87,0,-0.7356986478628588,1,0.7378647873726218,1.862362327563253,1,1.862362327563253,1,0,0,0.0,0.0
743,24,23,True,3,0.21082379447061306,0,1,1,0.19999999999999998,-2.5980609754261117,0.0,2.808884769896725,1,2.808884769896725,1.0,1,-2.8748211372263497,-0.609688937664032,2.2651321995623177,2,378,2,2,-0.7605673830494469,1,0.39999999999999997,1.8374935923766649,1,1.8374935923766649,1,0,0,0.0,0.0
744,24,24,True,1,0.6174782083912755,3,3,0,0.7745966692414834,0.6323630893205541,0.0217059006140093,-0.014884880929278532,0,0.0,0.0,0,0.2971622489772378,-0.7170811891555786,1.0142434381328165,22,22,22,3,0.574831792283495,0,0.7745966692414834,-0.05753129703705906,0,0.0,0,0,1,0.0,0.0
745,24,25,True,3,0.6557584003630855,3,3,0,0.39999999999999997,0.6618909195422475,0.02908785816943264,-0.0061325191791620215,0,0.0,0.0,0,0.3332026768182189,-0.04364669695496559,0.3768493737731845,229,229,229,3,0.6138689944924329,0,0.39999999999999997,-0.04802192504981462,0,0.0,0,0,1,0.0,0.0
746,24,26,True,3,0.697667763391842,1,1,0,1.0,0.6988797167093411,0.02938167491861883,-0.001211953317499126,0,0.0,0.0,0,0.40141983651486324,0.4659496545791626,0.06452981806429936,232,232,232,1,0.6563978796740992,0,0.7999999999999999,-0.04248183703524189,0,0.0,0,0,1,0.0,0.0
747,24,27,True,2,0.6606910864284758,2,1,1,0.7378647873726218,-1.6909554095449395,0.6367596426741241,2.3516464959734154,1,2.3516464959734154,0.8372171479501023,1,-2.2441786042068785,-0.07537181675434113,2.1688067874525374,4,13,4,2,0.605068130508747,1,0.7378647873726218,2.2960235400536866,1,2.2960235400536866,1,1,1,2.2960235400536866,0.8571040327677769
748,24,28,True,2,0.4133550383095145,3,3,0,0.9486832980505139,-2.5980609754261117,0.0,3.011416013735626,0,0.0,0.0,0,-2.8169828200483518,-1.5013000965118408,1.315682723536511,5,5,5,3,0.37487948853221026,0,0.9486832980505139,2.972940463958322,0,0.0,0,0,1,0.0,0.0
749,24,29,True,2,0.4478333713524871,0,2,1,0.7378647873726218,-2.5980609754261117,0.0,3.045894346778599,1,3.045894346778599,1.0,1,-2.781098785230749,-1.2866568565368652,1.4944419286938837,4,6,4,0,0.4127452478834262,1,0.7378647873726218,3.010806223309538,1,3.010806223309538,1,1,1,3.010806223309538,1.0
750,25,0,False,0,-50.0,0,3,1,,-2.5980609754261117,0.0,-47.40193902457389,0,0.0,0.0,0,-2.9453749101037947,-1.2473418712615967,1.698033038842198,0,0,0,0,-50.0,1,,-47.40193902457389,0,0.0,0,0,1,0.0,0.0
751,25,1,False,0,-50.0,0,0,0,,-2.5980609754261117,0.0,-47.40193902457389,0,0.0,0.0,0,-2.983458075404663,-1.3216434717178345,1.6618146036868287,0,0,0,0,-50.0,0,,-47.40193902457389,0,0.0,0,0,1,0.0,0.0
752,25,2,False,0,-50.0,0,3,1,,-1.3561026652385606,0.2996994333433567,-48.64389733476144,0,0.0,0.0,0,-1.5145994828661171,-1.1122663021087646,0.40233318075735247,0,0,0,0,-50.0,1,,-48.64389733476144,0,0.0,0,0,1,0.0,0.0
753,25,3,False,0,-50.0,0,3,1,,-1.3561026652385606,0.2996994333433567,-48.64389733476144,0,0.0,0.0,0,-1.5012094439856862,-1.1750755310058594,0.32613391297982686,0,0,0,0,-50.0,1,,-48.64389733476144,0,0.0,0,0,1,0.0,0.0
754,25,4,False,0,-50.0,0,3,1,,-1.3561026652385606,0.2996994333433567,-48.64389733476144,0,0.0,0.0,0,-1.4844621593943876,-1.2025803327560425,0.28188182663834516,0,0,0,0,-50.0,1,,-48.64389733476144,0,0.0,0,0,1,0.0,0.0
755,25,5,True,1,-0.3038541281782606,3,3,0,0.7745966692414834,-1.3561026652385606,0.2996994333433567,1.0522485370603,0,0.0,0.0,0,-1.4674383341430013,-1.2393289804458618,0.22810935369713947,1,1,1,3,-1.6357017914909924,0,0.7745966692414834,-0.2795991262524318,0,0.0,0,0,1,0.0,0.0
756,25,6,True,2,-0.276620332170518,1,1,0,0.9486832980505139,-1.3561026652385606,0.2996994333433567,1.0794823330680425,0,0.0,0.0,0,-1.4502177712768114,-1.2464566230773926,0.20376114819941882,27,27,27,1,-0.3136604453313548,0,0.9486832980505139,1.0424422199072059,0,0.0,0,0,1,0.0,0.0
757,25,7,True,3,-0.30536513834345763,2,2,0,1.0,-1.3561026652385606,0.2996994333433567,1.050737526895103,0,0.0,0.0,0,-1.4942680980054557,-1.37015700340271,0.12411109460274572,113,113,113,2,-0.3426784259380914,0,0.9486832980505139,1.0134242393004693,0,0.0,0,0,1,0.0,0.0
758,25,8,False,0,-50.0,0,1,1,,-1.3561026652385606,0.2996994333433567,-48.64389733476144,0,0.0,0.0,0,-1.3855481468677955,-1.3971139192581177,0.011565772390322193,0,0,0,0,-50.0,1,,-48.64389733476144,0,0.0,0,0,1,0.0,0.0
759,25,9,True,1,-0.11397595648342053,3,3,0,0.7745966692414834,-1.3561026652385606,0.2996994333433567,1.24212670875514,0,0.0,0.0,0,-0.9678655188750662,-1.3018686771392822,0.334003158264216,1,1,1,3,-2.713849719519211,0,0.7745966692414834,-1.3577470542806505,0,0.0,0,0,1,0.0,0.0
760,25,10,True,1,-0.08482419914542705,0,0,0,0.7745966692414834,-1.3561026652385606,0.2996994333433567,1.2712784660931336,0,0.0,0.0,0,-0.9444042582757628,-1.2140988111495972,0.26969455287383437,25,25,25,0,-0.1547168320623648,0,0.7745966692414834,1.2013858331761957,0,0.0,0,0,1,0.0,0.0
761,25,11,True,2,0.013859621948097924,3,3,0,0.9486832980505139,-1.3561026652385606,0.2996994333433567,1.3699622871866586,0,0.0,0.0,0,-0.8811425013748397,-1.1058388948440552,0.22469639346921544,434,434,434,3,0.013005759263969508,0,0.9486832980505139,1.36910842450253,0,0.0,0,0,1,0.0,0.0
762,25,12,True,2,0.04776172081648237,3,1,1,0.7378647873726218,-1.3561026652385606,0.2996994333433567,1.403864386055043,1,1.403864386055043,0.49979422477578506,1,-0.8549189827382755,-0.9626465439796448,0.10772756124136929,164,320,164,3,0.0467892237403303,1,0.7378647873726218,1.4028918889788908,1,1.4028918889788908,1,1,1,1.4028918889788908,0.5236985921986218
763,25,13,True,3,0.08142986106153978,3,3,0,0.7999999999999999,-1.3561026652385606,0.2996994333433567,1.4375325263001004,0,0.0,0.0,0,-0.7625780840623478,-1.108265995979309,0.34568791191696124,580,580,580,3,0.08176754625169799,0,1.0,1.4378702114902586,0,0.0,0,0,1,0.0,0.0
764,25,14,True,3,0.11752159085819505,1,1,0,0.7999999999999999,-1.3561026652385606,0.2996994333433567,1.4736242560967556,0,0.0,0.0,0,-0.7115920706232228,-0.8335581421852112,0.12196607156198835,444,444,444,1,0.11729065091241947,0,0.7999999999999999,1.47339331615098,0,0.0,0,0,1,0.0,0.0
765,25,15,True,2,0.15070148001177236,3,3,0,0.9486832980505139,-1.3561026652385606,0.2996994333433567,1.506804145250333,0,0.0,0.0,0,-0.7344588037296124,-0.8218945860862732,0.08743578235666083,457,457,457,3,0.146867923962272,0,0.9486832980505139,1.5029705892008325,0,0.0,0,0,1,0.0,0.0
766,25,16,True,3,0.18614995802906215,1,1,0,1.0,-1.3561026652385606,0.2996994333433567,1.5422526232676228,0,0.0,0.0,0,-0.7020945865023235,-0.6792500019073486,0.02284458459497485,383,383,383,1,0.18222438006438704,0,1.0,1.5383270453029476,0,0.0,0,0,1,0.0,0.0
767,25,17,False,0,-50.0,0,3,1,,-2.3349036175509803,0.1669288867114145,-47.66509638244902,0,0.0,0.0,0,-2.023222224069603,-0.7083831429481506,1.3148390811214523,0,0,0,0,-50.0,1,,-47.66509638244902,0,0.0,0,0,1,0.0,0.0
768,25,18,True,2,0.1359766522102124,3,3,0,0.9486832980505139,-2.1410598698273624,0.3421173748269323,2.277036522037575,0,0.0,0.0,0,-2.012549981935038,-0.9241238236427307,1.0884261582923074,17,17,17,3,-1.2026823799653739,0,0.9486832980505139,0.9383774898619885,0,0.0,0,0,1,0.0,0.0
769,25,19,True,2,0.1676531833733941,3,3,0,0.9486832980505139,-2.3349036175509803,0.1669288867114145,2.5025568009243746,0,0.0,0.0,0,-1.9921640327614942,-0.9597153067588806,1.0324487260026136,21,21,21,3,0.1032388128280335,0,0.9486832980505139,2.438142430379014,0,0.0,0,0,1,0.0,0.0
770,25,20,True,2,0.2067422361387345,0,0,0,0.9486832980505139,-2.1410598698273624,0.3421173748269323,2.347802105966097,0,0.0,0.0,0,-1.9651752952651518,-0.6690563559532166,1.2961189393119352,18,18,18,0,0.17337520374367538,0,0.9486832980505139,2.3144350735710377,0,0.0,0,0,1,0.0,0.0
771,25,21,True,1,0.309032228064217,1,0,1,0.2581988897471611,-2.1423585732545236,0.19900759969743337,2.4513908013187407,1,2.4513908013187407,0.8727274353119411,1,-1.8875274439926937,-0.47615936398506165,1.411368080007632,21,0,0,1,0.3075052049963681,1,0.2581988897471611,2.449863778250892,1,2.449863778250892,1,1,1,2.449863778250892,0.9145324895150875
772,25,22,True,1,0.14056971215863626,3,3,0,0.7745966692414834,-2.5980609754261117,0.0,2.738630687584748,0,0.0,0.0,0,-2.878234996874936,-1.197024941444397,1.681210055430539,102,102,102,3,-0.8093196679929642,0,0.7745966692414834,1.7887413074331475,0,0.0,0,0,1,0.0,0.0
773,25,23,True,2,0.17463011660313896,0,0,0,0.9486832980505139,-2.5980609754261117,0.0,2.7726910920292505,0,0.0,0.0,0,-2.8769041478124864,-0.9065276384353638,1.9703765093771226,373,373,373,0,-0.7853974148451941,0,0.9486832980505139,1.8126635605809176,0,0.0,0,0,1,0.0,0.0
774,25,24,True,2,0.4228274381610748,3,3,0,0.9486832980505139,-0.6380504023768275,0.45798468735836095,1.0608778405379025,0,0.0,0.0,0,-1.9246604045598934,-1.434125542640686,0.49053486191920737,1022,1022,1022,3,0.41858524045543866,0,0.9486832980505139,1.056635642832266,0,0.0,0,0,1,0.0,0.0
775,25,25,True,2,0.459536260023874,1,1,0,0.9486832980505139,-0.6380504023768275,0.45798468735836095,1.0975866624007016,0,0.0,0.0,0,-1.91372127071537,-1.2248928546905518,0.6888284160248181,582,582,582,1,0.45496009210901384,0,0.9486832980505139,1.0930104944858414,0,0.0,0,0,1,0.0,0.0
776,25,26,True,2,0.7400130284020163,1,1,0,0.9486832980505139,0.7435502760701127,0.022370321533887273,-0.003537247668096377,0,0.0,0.0,0,0.6764484328305562,0.16652998328208923,0.509918449548467,244,244,244,1,0.7347009485509256,0,0.9486832980505139,-0.0088493275191871,0,0.0,0,0,1,0.0,0.0
777,25,27,True,2,0.27503241898576364,1,1,0,0.9486832980505139,-2.3413814026170745,0.25667957280903714,2.6164138216028383,0,0.0,0.0,0,-2.817187049251517,-0.7535020709037781,2.063684978347739,52,52,52,1,0.23861796565109142,0,0.9486832980505139,2.579999368268166,0,0.0,0,0,1,0.0,0.0
778,25,28,True,3,0.3792214885969716,0,1,1,0.19999999999999998,-2.3413814026170745,0.25667957280903714,2.720602891214046,1,2.720602891214046,0.9685704876081745,1,-2.8434987004178693,-1.4732248783111572,1.3702738221067121,2,129,2,0,0.33743406467144477,1,0.19999999999999998,2.678815467288519,1,2.678815467288519,1,1,1,2.678815467288519,1.0
779,25,29,True,1,0.8373602167429304,1,1,0,0.7745966692414834,0.873433608,0.007762391999999973,-0.036073391257069654,0,0.0,0.0,0,0.8393831827498964,0.4831750690937042,0.3562081136561922,3,3,3,1,0.8640480838524142,0,0.7745966692414834,-0.009385524147585866,0,0.0,0,0,1,0.0,0.0
780,26,0,False,0,-50.0,0,3,1,,-1.5486477095350173,0.3921425992497495,-48.45135229046498,0,0.0,0.0,0,-1.487941571470987,-1.1312665939331055,0.35667497753788147,0,0,0,0,-50.0,1,,-48.45135229046498,0,0.0,0,0,1,0.0,0.0
781,26,1,False,0,-50.0,0,3,1,,-1.5486477095350173,0.3921425992497495,-48.45135229046498,0,0.0,0.0,0,-1.431431722117607,-1.0116784572601318,0.4197532648574751,0,0,0,0,-50.0,1,,-48.45135229046498,0,0.0,0,0,1,0.0,0.0
782,26,2,False,0,-50.0,0,1,1,,-1.5486477095350173,0.3921425992497495,-48.45135229046498,0,0.0,0.0,0,-1.4127590047427598,-1.0956168174743652,0.3171421872683946,0,0,0,0,-50.0,1,,-48.45135229046498,0,0.0,0,0,1,0.0,0.0
783,26,3,False,0,-50.0,0,3,1,,-2.5980609754261117,0.0,-47.40193902457389,0,0.0,0.0,0,-2.9319777757129337,-0.9869830012321472,1.9449947744807865,0,0,0,0,-50.0,1,,-47.40193902457389,0,0.0,0,0,1,0.0,0.0
784,26,4,False,0,-50.0,0,3,1,,-2.5980609754261117,0.0,-47.40193902457389,0,0.0,0.0,0,-2.9782331339268264,-1.2262649536132812,1.7519681803135452,0,0,0,0,-50.0,1,,-47.40193902457389,0,0.0,0,0,1,0.0,0.0
785,26,5,False,0,-50.0,0,0,0,,-2.5980609754261117,0.0,-47.40193902457389,0,0.0,0.0,0,-2.979253464363406,-1.2619367837905884,1.7173166805728175,0,0,0,0,-50.0,0,,-47.40193902457389,0,0.0,0,0,1,0.0,0.0
786,26,6,True,2,-0.24447513644996843,3,3,0,0.9486832980505139,-1.3561026652385606,0.2996994333433567,1.1116275287885922,0,0.0,0.0,0,-1.1925365674335404,-1.287764310836792,0.09522774340325157,279,279,279,3,-0.2478104711198841,0,0.9486832980505139,1.1082921941186765,0,0.0,0,0,1,0.0,0.0
787,26,7,True,4,-0.21350387191091935,1,1,0,0.316227766016838,-1.3561026652385606,0.2996994333433567,1.1425987933276414,0,0.0,0.0,0,-1.137064297163874,-1.1417218446731567,0.004657547509282711,1035,1035,1035,1,-0.2159768023778311,0,0.316227766016838,1.1401258628607296,0,0.0,0,0,1,0.0,0.0
788,26,8,False,0,-50.0,0,1,1,,-1.3561026652385606,0.2996994333433567,-48.64389733476144,0,0.0,0.0,0,-1.1708447820416645,-1.247460961341858,0.07661617930019338,0,0,0,0,-50.0,1,,-48.64389733476144,0,0.0,0,0,1,0.0,0.0
789,26,9,False,0,-50.0,0,0,0,,-1.3561026652385606,0.2996994333433567,-48.64389733476144,0,0.0,0.0,0,-0.989825807504518,-1.3441886901855469,0.3543628826810289,0,0,0,0,-50.0,0,,-48.64389733476144,0,0.0,0,0,1,0.0,0.0
790,26,10,True,1,-0.11702635691642771,3,3,0,0.7745966692414834,-1.3561026652385606,0.2996994333433567,1.239076308322133,0,0.0,0.0,0,-1.0393900496791277,-1.315118432044983,0.2757283823658552,27,27,27,3,-0.11587650483519359,0,0.7745966692414834,1.240226160403367,0,0.0,0,0,1,0.0,0.0
791,26,11,True,2,-0.08678537534969681,1,1,0,0.9486832980505139,-1.3561026652385606,0.2996994333433567,1.2693172898888638,0,0.0,0.0,0,-1.0185167631886167,-1.3782662153244019,0.35974945213578513,37,37,37,1,-0.08516650746208544,0,0.9486832980505139,1.270936157776475,0,0.0,0,0,1,0.0,0.0
792,26,12,True,2,0.01624261465788458,3,3,0,0.9486832980505139,-1.3561026652385606,0.2996994333433567,1.3723452798964453,0,0.0,0.0,0,-0.87050271377213,-1.1745710372924805,0.3040683235203505,434,434,434,3,0.017400704282078603,0,0.9486832980505139,1.3735033695206391,0,0.0,0,0,1,0.0,0.0
793,26,13,True,3,0.048194083765456315,1,1,0,0.7999999999999999,-1.3561026652385606,0.2996994333433567,1.404296749004017,0,0.0,0.0,0,-0.8469634065451159,-0.9682024121284485,0.12123900558333256,313,313,313,1,0.04955646861320506,0,0.7999999999999999,1.4056591338517657,0,0.0,0,0,1,0.0,0.0
794,26,14,True,1,0.1528517684073866,3,3,0,0.7745966692414834,-1.3561026652385606,0.2996994333433567,1.5089544336459473,0,0.0,0.0,0,-0.6596634218613776,-0.5618122816085815,0.09785114025279606,508,508,508,3,0.15229158277098026,0,0.7745966692414834,1.508394248009541,0,0.0,0,0,1,0.0,0.0
795,26,15,True,2,0.18830521817377502,3,3,0,0.9486832980505139,-1.3561026652385606,0.2996994333433567,1.5444078834123356,0,0.0,0.0,0,-0.6294313444690993,-0.5040011405944824,0.1254302038746169,513,513,513,3,0.1885786394156939,0,0.9486832980505139,1.5446813046542545,0,0.0,0,0,1,0.0,0.0
796,26,16,True,2,0.22368446451708882,3,3,0,0.9486832980505139,-0.8927490253163752,0.370543735901822,1.116433489833464,0,0.0,0.0,0,-0.6025669281896009,-0.6653305888175964,0.06276366062799554,733,733,733,3,0.22437868423809473,0,0.9486832980505139,1.11712770955447,0,0.0,0,0,1,0.0,0.0
797,26,17,True,3,0.26039860268621484,3,3,0,0.7999999999999999,-0.8927490253163752,0.370543735901822,1.15314762800259,0,0.0,0.0,0,-0.5189138148783932,-0.4833214581012726,0.03559235677712058,747,747,747,3,0.26268607786608156,0,0.7999999999999999,1.1554351031824568,0,0.0,0,0,1,0.0,0.0
798,26,18,True,3,0.2969044458042993,1,1,0,0.7999999999999999,-0.8927490253163752,0.370543735901822,1.1896534711206745,0,0.0,0.0,0,-0.48897214117757204,-0.49597489833831787,0.007002757160745832,649,649,649,3,0.29934998042786526,1,0.7999999999999999,1.1920990057442404,1,1.1920990057442404,1,0,0,0.0,0.0
799,26,19,True,2,0.32753383474802555,3,3,0,0.9486832980505139,-0.8927490253163752,0.370543735901822,1.2202828600644007,0,0.0,0.0,0,-0.43136431936530156,-0.5855600833892822,0.15419576402398066,202,202,202,3,0.33544686465244666,0,0.9486832980505139,1.228195889968822,0,0.0,0,0,1,0.0,0.0
800,26,20,True,2,0.3668816946737972,1,1,0,0.9486832980505139,-0.6380504023768275,0.45798468735836095,1.0049320970506248,0,0.0,0.0,0,-0.40075593743315513,-0.4666963219642639,0.06594038453110879,138,138,138,1,0.3728455723030968,0,0.9486832980505139,1.0108959746799244,0,0.0,0,0,1,0.0,0.0
801,26,21,True,1,0.3441280237112821,3,3,0,0.7745966692414834,-0.8927490253163752,0.370543735901822,1.2368770490276573,0,0.0,0.0,0,-1.8727934963371866,-0.27057939767837524,1.6022140986588114,62,62,62,3,0.3452864660071446,0,0.7745966692414834,1.2380354913235199,0,0.0,0,0,1,0.0,0.0
802,26,22,True,2,0.3800734731083665,3,3,0,0.9486832980505139,-0.6380504023768275,0.45798468735836095,1.018123875485194,0,0.0,0.0,0,-1.9332982792604252,-0.7607815265655518,1.1725167526948734,82,82,82,3,0.3778754785488453,0,0.9486832980505139,1.0159258809256728,0,0.0,0,0,1,0.0,0.0
803,26,23,True,3,0.41785699494209594,3,3,0,0.39999999999999997,-0.6380504023768275,0.45798468735836095,1.0559073973189235,0,0.0,0.0,0,-1.925071548987215,-1.1607633829116821,0.7643081660755329,213,213,213,3,0.41564269978378443,0,0.39999999999999997,1.053693102160612,0,0.0,0,0,1,0.0,0.0
804,26,24,True,4,0.45772032479993635,3,3,0,0.39999999999999997,-0.6380504023768275,0.45798468735836095,1.0957707271767638,0,0.0,0.0,0,-1.9115222521396613,-1.1361212730407715,0.7754009790988898,949,949,949,3,0.4539622910733313,0,0.39999999999999997,1.0920126934501588,0,0.0,0,0,1,0.0,0.0
805,26,25,True,3,0.49753174807609213,1,1,0,0.7999999999999999,-0.6380504023768275,0.45798468735836095,1.1355821504529198,0,0.0,0.0,0,-1.8778035868320782,-0.9918203949928284,0.8859831918392498,3971,3971,3971,1,0.4936713981417915,0,0.7999999999999999,1.1317218005186191,0,0.0,0,0,1,0.0,0.0
806,26,26,True,4,0.7806502179386227,3,1,1,-0.19999999999999998,0.781363915222336,0.022596284377663922,-0.0007136972837132882,0,0.0,0.0,0,0.7271707314680059,0.42052534222602844,0.3066453892419775,1,668,1,1,0.77760022285091,0,0.632455532033676,-0.0037636923714259307,0,0.0,0,0,0,0.0,0.0
807,26,27,True,2,0.3034273199579449,3,0,1,0.7378647873726218,-2.3413814026170745,0.25667957280903714,2.6448087225750196,1,2.6448087225750196,0.9415867645835333,1,-2.838453226984603,-1.27364182472229,1.564811402262313,108,34,34,3,0.2640796506920785,1,0.7378647873726218,2.605461053309153,1,2.605461053309153,1,1,1,2.605461053309153,0.9726168469328665
808,26,28,True,2,0.3413591406236301,0,2,1,0.7378647873726218,-2.3413814026170745,0.25667957280903714,2.6827405432407048,1,2.6827405432407048,0.9550909926929262,1,-2.843005428784939,-1.3591655492782593,1.4838398795066796,129,90,90,0,0.3004115897711778,1,0.7378647873726218,2.641792992388252,1,2.641792992388252,1,1,1,2.641792992388252,0.9861795351892078
809,26,29,True,2,0.8955020371927442,1,1,0,0.632455532033676,0.9125591999999999,0.007840800000000026,-0.017057162807255666,0,0.0,0.0,0,0.8873878599677104,0.84453946352005,0.042848396447660364,21,21,21,1,0.9062435311235298,0,0.632455532033676,-0.00631566887647006,0,0.0,0,0,1,0.0,0.0
810,27,0,False,0,-50.0,0,1,1,,-1.72475942706746,0.2936967798847882,-48.27524057293254,0,0.0,0.0,0,-1.5095070709017433,-1.1506693363189697,0.35883773458277357,0,0,0,0,-50.0,1,,-48.27524057293254,0,0.0,0,0,1,0.0,0.0
811,27,1,False,0,-50.0,0,3,1,,-1.512877989477168,0.36917026105363326,-48.48712201052283,0,0.0,0.0,0,-1.3185351099944234,-0.8267965912818909,0.4917385187125325,0,0,0,0,-50.0,1,,-48.48712201052283,0,0.0,0,0,1,0.0,0.0
812,27,2,False,0,-50.0,0,3,1,,-1.512877989477168,0.36917026105363326,-48.48712201052283,0,0.0,0.0,0,-1.2996677253087177,-1.052427053451538,0.24724067185717957,0,0,0,0,-50.0,1,,-48.48712201052283,0,0.0,0,0,1,0.0,0.0
813,27,3,False,0,-50.0,0,3,1,,-1.3561026652385606,0.2996994333433567,-48.64389733476144,0,0.0,0.0,0,-1.2451651442604734,-1.0711508989334106,0.17401424532706278,0,0,0,0,-50.0,1,,-48.64389733476144,0,0.0,0,0,1,0.0,0.0
814,27,4,False,0,-50.0,0,3,1,,-1.3561026652385606,0.2996994333433567,-48.64389733476144,0,0.0,0.0,0,-1.1767842169141005,-0.926734209060669,0.25005000785343157,0,0,0,0,-50.0,1,,-48.64389733476144,0,0.0,0,0,1,0.0,0.0
815,27,5,True,1,-0.2562290173797529,3,3,0,0.7745966692414834,-1.3561026652385606,0.2996994333433567,1.0998736478588076,0,0.0,0.0,0,-1.1550026914758018,-0.9621039628982544,0.19289872857754742,6,6,6,3,-1.577462131407423,0,0.7745966692414834,-0.22135946616886248,0,0.0,0,0,1,0.0,0.0
816,27,6,True,2,-0.21465673078028286,3,3,0,0.9486832980505139,-1.3561026652385606,0.2996994333433567,1.1414459344582777,0,0.0,0.0,0,-1.1342443809945628,-0.9625903367996216,0.17165404419494124,137,137,137,3,-0.2532107626565717,0,0.9486832980505139,1.1028919025819888,0,0.0,0,0,1,0.0,0.0
817,27,7,True,4,-0.18186174895644955,1,1,0,0.39999999999999997,-1.3561026652385606,0.2996994333433567,1.174240916282111,0,0.0,0.0,0,-1.0952651166077993,-1.0871652364730835,0.008099880134715853,999,999,999,1,-0.1847148692327724,0,0.19999999999999998,1.1713877960057881,0,0.0,0,0,1,0.0,0.0
818,27,8,True,1,-0.14225035932197588,3,3,0,0.7745966692414834,-1.3561026652385606,0.2996994333433567,1.2138523059165847,0,0.0,0.0,0,-1.052638671535452,-1.1068376302719116,0.054198958736459524,3,3,3,3,-1.4456483227163515,0,0.7745966692414834,-0.08954565747779086,0,0.0,0,0,1,0.0,0.0
819,27,9,True,2,-0.11338420201265469,3,1,1,0.7378647873726218,-1.3561026652385606,0.2996994333433567,1.2427184632259058,1,1.2427184632259058,0.44242415229856413,1,-1.029429883835221,-1.1691168546676636,0.13968697083244264,29,12,12,3,-0.15126591398891687,1,0.7378647873726218,1.2048367512496436,1,1.2048367512496436,1,1,1,1.2048367512496436,0.44976474339577116
820,27,10,True,2,-0.08380935770099712,3,3,0,0.9486832980505139,-1.3561026652385606,0.2996994333433567,1.2722933075375635,0,0.0,0.0,0,-1.0193883173534544,-1.2969565391540527,0.27756822180059837,19,19,19,3,-0.08684398535138467,0,0.9486832980505139,1.269258679887176,0,0.0,0,0,1,0.0,0.0
821,27,11,True,2,-0.05087102781774269,3,3,0,0.9486832980505139,-1.3561026652385606,0.2996994333433567,1.305231637420818,0,0.0,0.0,0,-0.9785133971753457,-1.3068125247955322,0.32829912762018654,39,39,39,3,-0.05250649396455492,0,0.9486832980505139,1.3035961712740056,0,0.0,0,0,1,0.0,0.0
822,27,12,True,2,-0.019431122990949377,1,1,0,0.9486832980505139,-1.3561026652385606,0.2996994333433567,1.3366715422476112,0,0.0,0.0,0,-0.9242242467506387,-1.111572265625,0.18734801887436126,31,31,31,1,-0.018509089316733614,0,0.9486832980505139,1.337593575921827,0,0.0,0,0,1,0.0,0.0
823,27,13,True,2,0.08372825786568189,3,3,0,0.9486832980505139,-1.3561026652385606,0.2996994333433567,1.4398309231042425,0,0.0,0.0,0,-0.8037326576867699,-0.8371497392654419,0.03341708157867196,279,279,279,3,0.08372673326330327,0,0.9486832980505139,1.439829398501864,0,0.0,0,0,1,0.0,0.0
824,27,14,True,3,0.11851131599120063,0,3,1,0.7999999999999999,-1.3561026652385606,0.2996994333433567,1.4746139812297612,1,1.4746139812297612,0.5249820131581897,1,-0.7724658735607356,-0.7882805466651917,0.015814673104456056,78,204,78,3,0.11832458353108702,0,1.0,1.4744272487696477,0,0.0,0,0,0,0.0,0.0
825,27,15,True,3,0.14908649204288296,3,3,0,1.0,-1.3561026652385606,0.2996994333433567,1.5051891572814435,0,0.0,0.0,0,-0.7823644904220035,-0.6260995864868164,0.1562649039351871,306,306,306,3,0.15239377206316582,0,1.0,1.5084964373017264,0,0.0,0,0,1,0.0,0.0
826,27,16,True,4,0.18506961612736175,0,1,1,-0.6000000000000001,-1.3561026652385606,0.2996994333433567,1.5411722813659223,1,1.5411722813659223,0.5486776452643827,1,-0.7583418797803945,-0.4260452091693878,0.33229667061100665,17,539,17,0,0.18773873535751537,1,-0.6000000000000001,1.5438414005960759,1,1.5438414005960759,1,1,1,1.5411722813659223,0.5753185690412217
827,27,17,True,1,0.29835199535590495,3,3,0,0.7745966692414834,-0.8927490253163752,0.370543735901822,1.19110102067228,0,0.0,0.0,0,-0.49323054503855507,-0.3152020573616028,0.17802848767695229,27,27,27,3,0.29749122565016883,0,0.7745966692414834,1.1902402509665442,0,0.0,0,0,1,0.0,0.0
828,27,18,True,2,0.3329500925059121,3,3,0,0.9486832980505139,-0.8927490253163752,0.370543735901822,1.2256991178222874,0,0.0,0.0,0,-0.46584349312503026,-0.35541558265686035,0.11042791046816991,531,531,531,3,0.3334998658429088,0,0.9486832980505139,1.2262488911592841,0,0.0,0,0,1,0.0,0.0
829,27,19,True,3,0.37208058110886927,3,3,0,0.7999999999999999,-0.6380504023768275,0.45798468735836095,1.0101309834856969,0,0.0,0.0,0,-0.3673400577140508,-0.304300993680954,0.06303906403309684,653,653,653,3,0.37279487454345867,0,0.7999999999999999,1.0108452769202863,0,0.0,0,0,1,0.0,0.0
830,27,20,True,4,0.4096852144590493,1,1,0,0.39999999999999997,-0.6380504023768275,0.45798468735836095,1.047735616835877,0,0.0,0.0,0,-0.3348727620019532,-0.1541461944580078,0.1807265675439454,713,713,713,1,0.41068785866660706,0,0.19999999999999998,1.0487382610434346,0,0.0,0,0,1,0.0,0.0
831,27,21,True,2,0.529922947359425,3,3,0,0.9486832980505139,-0.6380504023768275,0.45798468735836095,1.1679733497362526,0,0.0,0.0,0,0.14102317650308646,0.0933966189622879,0.04762655754079856,1804,1804,1804,3,0.5289051583314116,0,0.9486832980505139,1.1669555607082391,0,0.0,0,0,1,0.0,0.0
832,27,22,True,4,0.5740634941743363,3,3,0,0.316227766016838,-0.6380504023768275,0.45798468735836095,1.212113896551164,0,0.0,0.0,0,0.2439596139563979,-0.0056293196976184845,0.24958893365401638,1769,1769,1769,3,0.573489722109897,0,0.316227766016838,1.2115401244867245,0,0.0,0,0,1,0.0,0.0
833,27,23,True,3,0.6147704652112956,1,1,0,1.0,-0.6380504023768275,0.45798468735836095,1.2528208675881232,0,0.0,0.0,0,0.28502527265508387,0.300220787525177,0.01519551487009313,1726,1726,1726,1,0.6137172571081132,0,1.0,1.2517676594849407,0,0.0,0,0,1,0.0,0.0
834,27,24,True,4,0.5780361979295915,2,2,0,0.316227766016838,-0.6380504023768275,0.45798468735836095,1.216086600306419,0,0.0,0.0,0,-1.6902338322337112,-0.5060982704162598,1.1841355618174514,62,62,62,2,0.5736208708171785,0,0.316227766016838,1.211671273194006,0,0.0,0,0,1,0.0,0.0
835,27,25,True,2,0.5382755744133265,2,2,0,0.9486832980505139,-0.6380504023768275,0.45798468735836095,1.176325976790154,0,0.0,0.0,0,-1.848823379873709,-0.9497776031494141,0.899045776724295,956,956,956,2,0.5339417985847875,0,0.9486832980505139,1.171992200961615,0,0.0,0,0,1,0.0,0.0
836,27,26,True,3,0.8188386033010813,3,3,0,0.39999999999999997,0.812102987542336,0.03028105245766395,0.006735615758745261,0,0.0,0.0,0,0.7707077472551159,0.3686506152153015,0.4020571320398144,701,701,701,3,0.8200110983818232,0,0.39999999999999997,0.00790811083948717,0,0.0,0,0,1,0.0,0.0
837,27,27,True,4,0.8609201615349913,3,3,0,0.632455532033676,0.8431525555423359,0.03804344445766392,0.017767605992655366,0,0.0,0.0,0,0.8183174303646924,0.7646644711494446,0.05365295921524782,741,741,741,3,0.8628719011699293,0,0.632455532033676,0.019719345627593365,0,0.0,0,0,1,0.0,0.0
838,27,28,True,4,0.9039634586414802,3,3,0,0.632455532033676,0.9047968080000001,0.015603191999999998,-0.0008333493585198637,0,0.0,0.0,0,0.8719457540360065,0.8999536037445068,0.028007849708500343,747,747,747,3,0.9062129045886624,0,0.632455532033676,0.0014160965886623744,0,0.0,0,0,1,0.0,0.0
839,27,29,True,3,0.9475291207325063,1,1,0,1.0,0.9442392,0.015760800000000016,0.003289920732506335,0,0.0,0.0,0,0.9325803614311425,1.0771206617355347,0.14454030030439213,650,650,650,1,0.9500401706334348,0,0.7999999999999999,0.0058009706334348765,0,0.0,0,0,1,0.0,0.0
840,28,0,False,0,-50.0,0,1,1,,-2.1561133385784452,0.17107766918391626,-47.84388666142156,0,0.0,0.0,0,-1.493140598905097,-1.1724048852920532,0.32073571361304376,0,0,0,0,-50.0,1,,-47.84388666142156,0,0.0,0,0,1,0.0,0.0
841,28,1,False,0,-50.0,0,0,0,,-1.5486477095350173,0.3921425992497495,-48.45135229046498,0,0.0,0.0,0,-1.33670204712478,-1.0491160154342651,0.2875860316905148,0,0,0,0,-50.0,0,,-48.45135229046498,0,0.0,0,0,1,0.0,0.0
842,28,2,False,0,-50.0,0,3,1,,-2.1561133385784452,0.17107766918391626,-47.84388666142156,0,0.0,0.0,0,-1.3174705806002636,-0.8778946995735168,0.4395758810267467,0,0,0,0,-50.0,1,,-47.84388666142156,0,0.0,0,0,1,0.0,0.0
843,28,3,False,0,-50.0,0,1,1,,-1.72475942706746,0.2936967798847882,-48.27524057293254,0,0.0,0.0,0,-1.2985755151039768,-0.9839579463005066,0.31461756880347025,0,0,0,0,-50.0,1,,-48.27524057293254,0,0.0,0,0,1,0.0,0.0
844,28,4,False,0,-50.0,0,3,1,,-2.1561133385784452,0.17107766918391626,-47.84388666142156,0,0.0,0.0,0,-1.2683435507345002,-0.9368782043457031,0.3314653463887971,0,0,0,0,-50.0,1,,-47.84388666142156,0,0.0,0,0,1,0.0,0.0
845,28,5,True,1,-0.27008506050335623,3,3,0,0.7745966692414834,-1.72475942706746,0.2936967798847882,1.4546743665641038,0,0.0,0.0,0,-1.2488883306051992,-1.0070871114730835,0.24180121913211572,2,2,2,3,-1.6740786744422202,0,0.7745966692414834,0.050680752625239744,0,0.0,0,0,1,0.0,0.0
846,28,6,True,3,-0.24251016280192778,0,1,1,0.316227766016838,-2.1561133385784452,0.17107766918391626,1.9136031757765175,1,1.9136031757765175,0.6812679524218701,1,-1.229214802852546,-1.0816707611083984,0.1475440417441476,16,5,5,0,-0.3534936173162219,1,0.316227766016838,1.8026197212622233,1,1.8026197212622233,1,1,1,1.8026197212622233,0.6729167213174352
847,28,7,True,4,-0.15074172962047,1,1,0,0.19999999999999998,-1.3561026652385606,0.2996994333433567,1.2053609356180905,0,0.0,0.0,0,-1.0436528889413317,-0.9401669502258301,0.1034859387155016,733,733,733,1,-0.1512757673870159,0,0.316227766016838,1.2048268978515446,0,0.0,0,0,1,0.0,0.0
848,28,8,True,2,-0.12051535071467864,3,3,0,0.9486832980505139,-1.3561026652385606,0.2996994333433567,1.235587314523882,0,0.0,0.0,0,-1.0066214706310102,-1.110438346862793,0.10381687623178282,39,39,39,3,-0.15542488863721682,0,0.9486832980505139,1.200677776601344,0,0.0,0,0,1,0.0,0.0
849,28,9,True,4,-0.0898574477097718,1,1,0,0.19999999999999998,-1.3561026652385606,0.2996994333433567,1.2662452175287888,0,0.0,0.0,0,-0.9777459462223967,-0.9510421752929688,0.026703770929427995,178,178,178,1,-0.08949119373458356,0,0.19999999999999998,1.2666114715039771,0,0.0,0,0,1,0.0,0.0
850,28,10,True,1,-0.052532754244284434,3,3,0,0.7745966692414834,-1.3561026652385606,0.2996994333433567,1.3035699109942762,0,0.0,0.0,0,-0.9099787878851794,-0.9230391383171082,0.013060350431928769,347,347,347,3,-0.05074985701408985,0,0.7745966692414834,1.3053528082244708,0,0.0,0,0,1,0.0,0.0
851,28,11,True,3,-0.021229059428454333,1,1,0,0.7999999999999999,-1.3561026652385606,0.2996994333433567,1.3348736058101063,0,0.0,0.0,0,-0.8878577023729765,-0.8959593176841736,0.00810161531119713,370,370,370,1,-0.019368235281378744,0,0.7999999999999999,1.336734429957182,0,0.0,0,0,1,0.0,0.0
852,28,12,True,2,0.012727188014579621,3,3,0,0.9486832980505139,-1.3561026652385606,0.2996994333433567,1.3688298532531402,0,0.0,0.0,0,-0.8624137940527972,-1.0071022510528564,0.14468845700005928,31,31,31,3,0.014967672760106398,0,0.9486832980505139,1.371070337998667,0,0.0,0,0,1,0.0,0.0
853,28,13,True,1,0.04766715836614714,3,3,0,0.7745966692414834,-1.3561026652385606,0.2996994333433567,1.4037698236047078,0,0.0,0.0,0,-0.8277940218965809,-0.9077874422073364,0.07999342031075551,32,32,32,3,0.04879593002355478,0,0.7745966692414834,1.4048985952621154,0,0.0,0,0,1,0.0,0.0
854,28,14,True,2,0.08284110611492967,3,3,0,0.632455532033676,-1.3561026652385606,0.2996994333433567,1.4389437713534903,0,0.0,0.0,0,-0.8030370008900867,-0.8563907146453857,0.05335371375529907,267,267,267,3,0.08300309209563328,0,0.632455532033676,1.4391057573341939,0,0.0,0,0,1,0.0,0.0
855,28,15,True,4,0.11624619280184666,1,1,0,0.316227766016838,-1.3561026652385606,0.2996994333433567,1.4723488580404072,0,0.0,0.0,0,-0.7782585847261247,-0.7347889542579651,0.04346963046815966,375,375,375,1,0.11759403742158499,0,0.316227766016838,1.4736967026601455,0,0.0,0,0,1,0.0,0.0
856,28,16,True,2,0.15277802497061066,3,3,0,0.9486832980505139,-1.3561026652385606,0.2996994333433567,1.5088806902091711,0,0.0,0.0,0,-0.7347918742195917,-0.664646565914154,0.07014530830543764,1091,1091,1091,3,0.15538083667952537,0,0.9486832980505139,1.511483501918086,0,0.0,0,0,1,0.0,0.0
857,28,17,True,3,0.18668754741546698,1,1,0,0.39999999999999997,-1.3561026652385606,0.2996994333433567,1.5427902126540276,0,0.0,0.0,0,-0.7022023970766909,-0.5888912081718445,0.11331118890484637,892,892,892,1,0.18896309207075113,0,0.39999999999999997,1.5450657573093118,0,0.0,0,0,1,0.0,0.0
858,28,18,True,2,0.29750036168532945,0,0,0,0.9486832980505139,-0.8927490253163752,0.370543735901822,1.1902493870017046,0,0.0,0.0,0,-0.5942797054180018,-0.41818276047706604,0.17609694494093575,99,99,99,0,0.29661170219414756,0,0.9486832980505139,1.1893607275105227,0,0.0,0,0,1,0.0,0.0
859,28,19,True,3,0.26272595918065794,2,1,1,0.7999999999999999,-0.8927490253163752,0.370543735901822,1.1554749844970331,1,1.1554749844970331,0.4113643239767065,1,-0.5830826533241681,-0.5770743489265442,0.006008304397623898,861,799,799,1,0.2637139713088266,0,1.0,1.1564629966252018,0,0.0,0,0,0,0.0,0.0
860,28,20,True,3,0.44982322559904053,3,3,0,0.7999999999999999,-0.6380504023768275,0.45798468735836095,1.087873627975868,0,0.0,0.0,0,-0.2924406331158184,-0.27279892563819885,0.019641707477619563,887,887,887,3,0.44997950653033725,0,0.7999999999999999,1.0880299089071648,0,0.0,0,0,1,0.0,0.0
861,28,21,True,4,0.488647782005176,0,0,0,0.19999999999999998,-0.6380504023768275,0.45798468735836095,1.1266981843820036,0,0.0,0.0,0,-0.2557274051486285,-0.15881286561489105,0.09691453953373746,1673,1673,1673,0,0.4887152568442118,0,0.39999999999999997,1.1267656592210393,0,0.0,0,0,1,0.0,0.0
862,28,22,True,4,0.44985235178110283,2,2,0,0.19999999999999998,-0.6380504023768275,0.45798468735836095,1.0879027541579305,0,0.0,0.0,0,-0.34167143555042184,-0.26510190963745117,0.07656952591297067,6847,6847,6847,2,0.45000657408895234,0,0.316227766016838,1.08805697646578,0,0.0,0,0,1,0.0,0.0
863,28,23,True,2,0.655849297554997,3,3,0,0.9486832980505139,-0.6380504023768275,0.45798468735836095,1.2938996999318246,0,0.0,0.0,0,0.46742530630671225,0.3699929416179657,0.09743236468874655,1711,1711,1711,3,0.6553500058091644,0,0.9486832980505139,1.2934004081859918,0,0.0,0,0,1,0.0,0.0
864,28,24,True,3,0.6960840529600041,3,1,1,0.7999999999999999,-0.6380504023768275,0.45798468735836095,1.3341344553368315,1,1.3341344553368315,0.47496945037937033,1,0.5091652453911485,0.5278084874153137,0.01864324202416523,91,1918,91,3,0.695366546713029,1,0.7999999999999999,1.3334169490898566,1,1.3334169490898566,1,1,1,1.3334169490898566,0.497763644182454
865,28,25,True,4,0.736550033038223,3,3,0,0.316227766016838,-0.6380504023768275,0.45798468735836095,1.3746004354150505,0,0.0,0.0,0,0.5046060958159515,0.3110164999961853,0.1935895958197662,735,735,735,3,0.7357401915585131,0,0.316227766016838,1.3737905939353405,0,0.0,0,0,1,0.0,0.0
866,28,26,True,3,0.7785884463612534,1,1,0,0.39999999999999997,-0.6380504023768275,0.45798468735836095,1.416638848738081,0,0.0,0.0,0,0.5446070362912518,0.47184649109840393,0.07276054519284791,600,600,600,1,0.7776256948350743,0,0.39999999999999997,1.4156760972119018,0,0.0,0,0,1,0.0,0.0
867,28,27,True,2,0.9079316670656289,3,3,0,0.9486832980505139,-0.6380504023768275,0.45798468735836095,1.5459820694424564,0,0.0,0.0,0,0.7984664403840996,0.8395861983299255,0.0411197579458259,3239,3239,3239,3,0.9074002403094698,0,0.9486832980505139,1.5454506426862973,0,0.0,0,0,1,0.0,0.0
868,28,28,True,3,0.951579715618053,1,1,0,0.39999999999999997,-0.6380504023768275,0.45798468735836095,1.5896301179948806,0,0.0,0.0,0,0.8588241595897721,1.0452860593795776,0.18646189978980554,1773,1773,1773,1,0.9512416464404253,0,0.39999999999999997,1.5892920488172528,0,0.0,0,0,1,0.0,0.0
869,28,29,True,3,0.994694601576754,1,1,0,1.0,0.992,0.008000000000000007,0.002694601576754052,0,0.0,0.0,0,0.9934221751171962,1.1858729124069214,0.19245073728972517,627,627,627,1,0.9955428660948737,0,1.0,0.0035428660948737534,0,0.0,0,0,1,0.0,0.0
870,29,0,False,0,-50.0,0,3,1,,-1.72475942706746,0.2936967798847882,-48.27524057293254,0,0.0,0.0,0,-1.3890191922550563,-1.1294217109680176,0.25959748128703874,0,0,0,0,-50.0,1,,-48.27524057293254,0,0.0,0,0,1,0.0,0.0
871,29,1,False,0,-50.0,0,3,1,,-2.1561133385784452,0.17107766918391626,-47.84388666142156,0,0.0,0.0,0,-1.3551561914773569,-0.9511272311210632,0.40402896035629365,0,0,0,0,-50.0,1,,-47.84388666142156,0,0.0,0,0,1,0.0,0.0
872,29,2,False,0,-50.0,0,0,0,,-1.72475942706746,0.2936967798847882,-48.27524057293254,0,0.0,0.0,0,-1.336258220253188,-0.9823058247566223,0.35395239549656576,0,0,0,0,-50.0,0,,-48.27524057293254,0,0.0,0,0,1,0.0,0.0
873,29,3,False,0,-50.0,0,3,1,,-2.1561133385784452,0.17107766918391626,-47.84388666142156,0,0.0,0.0,0,-1.3071797903426547,-1.1464056968688965,0.16077409347375826,0,0,0,0,-50.0,1,,-47.84388666142156,0,0.0,0,0,1,0.0,0.0
874,29,4,False,0,-50.0,0,0,0,,-1.72475942706746,0.2936967798847882,-48.27524057293254,0,0.0,0.0,0,-1.2877097254615912,-1.0181615352630615,0.2695481901985297,0,0,0,0,-50.0,0,,-48.27524057293254,0,0.0,0,0,1,0.0,0.0
875,29,5,False,0,-50.0,0,3,1,,-2.1561133385784452,0.17107766918391626,-47.84388666142156,0,0.0,0.0,0,-1.2679522986275562,-1.2113127708435059,0.05663952778405035,0,0,0,0,-50.0,1,,-47.84388666142156,0,0.0,0,0,1,0.0,0.0
876,29,6,True,1,-0.27008506050335623,0,0,0,0.7745966692414834,-1.72475942706746,0.2936967798847882,1.4546743665641038,0,0.0,0.0,0,-1.249028381868334,-1.0864061117172241,0.16262227015110997,5,5,5,0,-1.6740786744422202,0,0.7745966692414834,0.050680752625239744,0,0.0,0,0,1,0.0,0.0
877,29,7,True,2,-0.11912468688000603,3,3,0,0.9486832980505139,-1.3561026652385606,0.2996994333433567,1.2369779783585546,0,0.0,0.0,0,-0.9823007547628806,-0.9463478922843933,0.03595286247848728,682,682,682,3,-0.11926390814943758,0,0.9486832980505139,1.236838757089123,0,0.0,0,0,1,0.0,0.0
878,29,8,True,2,-0.08692415652950293,3,3,0,0.9486832980505139,-1.3561026652385606,0.2996994333433567,1.2691785087090577,0,0.0,0.0,0,-0.9527350719243218,-0.8297717571258545,0.12296331479846734,693,693,693,3,-0.08694105318396043,0,0.9486832980505139,1.2691616120546,0,0.0,0,0,1,0.0,0.0
879,29,9,True,3,-0.05485985972081572,3,3,0,1.0,-1.3561026652385606,0.2996994333433567,1.301242805517745,0,0.0,0.0,0,-0.9295508962789721,-0.8651162981987,0.06443459808027219,652,652,652,3,-0.054256826999351165,0,0.7999999999999999,1.3018458382392095,0,0.0,0,0,1,0.0,0.0
880,29,10,True,2,-0.021139944528453455,3,3,0,0.9486832980505139,-1.3561026652385606,0.2996994333433567,1.3349627207101071,0,0.0,0.0,0,-0.8843026845233268,-0.811621904373169,0.07268078015015789,519,519,519,3,-0.020253641736154255,0,0.9486832980505139,1.3358490235024063,0,0.0,0,0,1,0.0,0.0
881,29,11,True,3,0.012244586570596086,3,3,0,1.0,-1.3561026652385606,0.2996994333433567,1.3683472518091566,0,0.0,0.0,0,-0.8437226420728694,-0.7338884472846985,0.10983419478817091,658,658,658,3,0.01402844807660194,0,1.0,1.3701311133151626,0,0.0,0,0,1,0.0,0.0
882,29,12,True,2,0.04659537595564722,3,3,0,0.9486832980505139,-1.3561026652385606,0.2996994333433567,1.4026980411942078,0,0.0,0.0,0,-0.7948671788329787,-0.699090301990509,0.09577687684246972,672,672,672,3,0.048770827674463536,0,0.9486832980505139,1.4048734929130242,0,0.0,0,0,1,0.0,0.0
883,29,13,True,2,0.08083690952713776,3,3,0,0.9486832980505139,-1.3561026652385606,0.2996994333433567,1.4369395747656983,0,0.0,0.0,0,-0.7693936469807091,-0.6752175688743591,0.09417607810634998,661,661,661,3,0.08300242163765405,0,0.9486832980505139,1.4391050868762147,0,0.0,0,0,1,0.0,0.0
884,29,14,True,2,0.11539611198564219,3,3,0,0.9486832980505139,-1.3561026652385606,0.2996994333433567,1.4714987772242027,0,0.0,0.0,0,-0.7442707686437758,-0.5861042141914368,0.15816655445233907,677,677,677,3,0.1175940199635787,0,0.9486832980505139,1.4736966852021394,0,0.0,0,0,1,0.0,0.0
885,29,15,True,3,0.1502546815261639,3,3,0,1.0,-1.3561026652385606,0.2996994333433567,1.5063573467647244,0,0.0,0.0,0,-0.718861734410174,-0.4844183623790741,0.23444337203109988,702,702,702,3,0.15257308876860454,0,1.0,1.5086757540071651,0,0.0,0,0,1,0.0,0.0
886,29,16,True,3,0.18685544460513234,3,3,0,1.0,-1.3561026652385606,0.2996994333433567,1.5429581098436929,0,0.0,0.0,0,-0.6544730452127072,-0.436656653881073,0.21781639133163422,729,729,729,3,0.18888998132819956,0,1.0,1.5449926465667603,0,0.0,0,0,1,0.0,0.0
887,29,17,True,3,0.22265376095437153,3,3,0,1.0,-0.8927490253163752,0.370543735901822,1.1154027862707467,0,0.0,0.0,0,-0.626855437746271,-0.4340529143810272,0.19280252336524373,1056,1056,1056,3,0.2246942323837627,0,1.0,1.1174432577001379,0,0.0,0,0,1,0.0,0.0
888,29,18,True,4,0.2602419116984198,3,3,0,0.316227766016838,-0.8927490253163752,0.370543735901822,1.152990937014795,0,0.0,0.0,0,-0.5477084805039284,-0.43461304903030396,0.11309543147362444,1131,1131,1131,3,0.26184131757099705,0,0.316227766016838,1.1545903428873723,0,0.0,0,0,1,0.0,0.0
889,29,19,True,3,0.29749735345395006,3,3,0,1.0,-0.8927490253163752,0.370543735901822,1.1902463787703252,0,0.0,0.0,0,-0.5181819117999051,-0.49899858236312866,0.019183329436776475,1191,1191,1191,3,0.2984646356535458,0,1.0,1.191213660969921,0,0.0,0,0,1,0.0,0.0
890,29,20,True,3,0.3371650673876377,3,3,0,0.7999999999999999,-0.8927490253163752,0.370543735901822,1.2299140927040129,0,0.0,0.0,0,-0.43708071154578365,-0.4971897602081299,0.06010904866234623,1189,1189,1189,3,0.3364129320462407,0,0.7999999999999999,1.2291619573626158,0,0.0,0,0,1,0.0,0.0
891,29,21,True,4,0.3740690613765443,3,3,0,0.316227766016838,-0.6380504023768275,0.45798468735836095,1.012119463753372,0,0.0,0.0,0,-0.4055771702486745,-0.5442364811897278,0.13865931094105327,1855,1855,1855,3,0.3738722273300863,0,0.316227766016838,1.011922629706914,0,0.0,0,0,1,0.0,0.0
892,29,22,True,2,0.41196967936005047,0,0,0,0.9486832980505139,-0.6380504023768275,0.45798468735836095,1.050020081736878,0,0.0,0.0,0,-0.37527208167525344,-0.37442779541015625,0.0008442862650971938,7703,7703,7703,0,0.4117273622813022,0,0.9486832980505139,1.0497777646581297,0,0.0,0,0,1,0.0,0.0
893,29,23,True,2,0.6917492492525109,3,3,0,0.9486832980505139,-0.6380504023768275,0.45798468735836095,1.3297996516293384,0,0.0,0.0,0,0.5072349779497781,0.2431778460741043,0.2640571318756738,114,114,114,3,0.6932798343234489,0,0.9486832980505139,1.3313302367002764,0,0.0,0,0,1,0.0,0.0
894,29,24,True,4,0.7353372989923749,3,3,0,0.39999999999999997,-0.6380504023768275,0.45798468735836095,1.3733877013692024,0,0.0,0.0,0,0.5511241823270776,0.5510943531990051,2.9829128072478284e-05,1708,1708,1708,3,0.7346356209453031,0,0.39999999999999997,1.3726860233221307,0,0.0,0,0,1,0.0,0.0
895,29,25,True,3,0.7779708089611984,3,3,0,0.39999999999999997,-0.6380504023768275,0.45798468735836095,1.416021211338026,0,0.0,0.0,0,0.6084422754769567,0.5725352168083191,0.03590705866863764,1750,1750,1750,3,0.7775969330016425,0,0.39999999999999997,1.41564733537847,0,0.0,0,0,1,0.0,0.0
896,29,26,True,4,0.8209868460585564,3,3,0,0.39999999999999997,-0.6380504023768275,0.45798468735836095,1.459037248435384,0,0.0,0.0,0,0.6531946654320151,0.6363563537597656,0.016838311672249473,2293,2293,2293,3,0.8200094493034833,0,0.39999999999999997,1.4580598516803107,0,0.0,0,0,1,0.0,0.0
897,29,27,True,2,0.864988529474797,0,0,0,0.9486832980505139,-0.6380504023768275,0.45798468735836095,1.5030389318516244,0,0.0,0.0,0,0.7296685725449616,0.7405813336372375,0.010912761092275902,2292,2292,2292,0,0.864015785306321,0,0.9486832980505139,1.5020661876831485,0,0.0,0,0,1,0.0,0.0
898,29,28,True,2,0.9958232306288658,3,1,1,0.10540925533894598,-0.6380504023768275,0.45798468735836095,1.6338736330056933,1,1.6338736330056933,0.5816805482788695,1,0.9843845560911103,1.0967977046966553,0.11241314860554497,1677,0,0,3,0.9955741512355608,1,0.10540925533894598,1.6336245536123883,1,1.6336245536123883,1,1,1,1.6336245536123883,0.6098309396674991
