state,row,col,covered,n_actions_covered,pi_d_star_V,pi_d_star_action,best_config_action,argmax_disagree,rank_correlation,ppo_discounted_return,ppo_discounted_return_stderr,value_gap,is_disagreement,severity_raw,severity,statistically_significant,true_value_pi_beta,critic_pred_pi_beta,critic_abs_error
0,0,0,True,3,-0.14919523199341608,3,3,0,0.316227766016838,-0.1955464796003343,0.01830194958918206,0.04635124760691822,0,0.0,0.0,0,-0.6583917841081031,-0.6400913000106812,0.01830048409742191
1,0,1,True,3,-0.13986545094064606,3,3,0,1.0,-0.1942592755967786,0.020337937377615748,0.054393824656132544,0,0.0,0.0,0,-0.654656812301944,-0.6249808669090271,0.029675945392916847
2,0,2,True,3,-0.13022038007877512,3,3,0,1.0,-0.19585282771665463,0.023027080756894195,0.06563244763787951,0,0.0,0.0,0,-0.6507640823934605,-0.5981927514076233,0.05257133098583722
3,0,3,True,4,-0.1205004621774223,1,1,0,0.7999999999999999,-0.17968297132285488,0.02020939098930693,0.05918250914543258,0,0.0,0.0,0,-0.6468213996900594,-0.59195476770401,0.05486663198604935
4,0,4,False,0,-50.0,0,3,1,,-0.6563103542610327,0.030553264903026737,-49.34368964573897,0,0.0,0.0,0,-0.9510520535953552,-0.6250796318054199,0.32597242178993524
5,0,5,False,0,-50.0,0,3,1,,-0.6173901351095719,0.032880655916819546,-49.382609864890426,0,0.0,0.0,0,-0.9505167914257591,-0.6139947772026062,0.33652201422315287
6,0,6,False,0,-50.0,0,3,1,,-0.6571307585377646,0.03131246389749925,-49.34286924146224,0,0.0,0.0,0,-0.9499582341848739,-0.5882732272148132,0.3616850069700607
7,0,7,False,0,-50.0,0,3,1,,-0.6556430210351237,0.03133097370374149,-49.344356978964875,0,0.0,0.0,0,-0.9493924105210642,-0.5619483590126038,0.3874440515084604
8,0,8,False,0,-50.0,0,1,1,,-0.6443939095120386,0.03180119950334206,-49.35560609048796,0,0.0,0.0,0,-0.9488198708375699,-0.42476779222488403,0.5240520786126859
9,0,9,False,0,-50.0,0,3,1,,-0.7436471742376961,0.024101526691498117,-49.256352825762306,0,0.0,0.0,0,-0.9498635000101965,-0.5957595109939575,0.35410398901623896
10,0,10,False,0,-50.0,0,3,1,,-0.8494171845226252,0.008645677892578902,-49.15058281547738,0,0.0,0.0,0,-0.9693904583128203,-0.4033832252025604,0.5660072331102599
11,0,11,False,0,-50.0,0,3,1,,-0.8637215033477675,0.0022988217942701656,-49.13627849665223,0,0.0,0.0,0,-0.9979827126910755,-0.4792155623435974,0.5187671503474781
12,0,12,True,2,-0.9999989913057296,1,1,0,0.9486832980505139,-0.8635585061861437,0.0024618189558938477,-0.13644048511958584,0,0.0,0.0,0,-0.998749913994299,-0.3140861392021179,0.6846637747921811
13,0,13,True,2,-0.9999989913057297,1,1,0,0.9486832980505139,-0.8660203251420378,1.2490984923352586e-17,-0.13397866616369192,0,0.0,0.0,0,-0.9994451719727506,-0.30096015334129333,0.6984850186314573
14,0,14,True,2,-0.9999989913057308,1,3,1,0.8944271909999159,-0.8660203251420378,1.2490984923352586e-17,-0.13397866616369303,0,0.0,0.0,0,-0.9997803120841644,-0.4522630572319031,0.5475172548522613
15,0,15,True,3,-0.9999989913057309,2,3,1,-0.6000000000000001,-0.8660203251420378,1.2490984923352586e-17,-0.13397866616369314,0,0.0,0.0,0,-0.9997872254058287,-0.5152255296707153,0.4845616957351133
16,0,16,True,2,-0.9999989913057289,1,1,0,0.9486832980505139,-0.8660203251420378,1.2490984923352586e-17,-0.13397866616369114,0,0.0,0.0,0,-0.9977852855838001,-0.1733897626399994,0.8243955229438007
17,0,17,True,1,-0.9999989913057306,3,3,0,0.7745966692414834,-0.8660203251420378,1.2490984923352586e-17,-0.1339786661636928,0,0.0,0.0,0,-0.9949664673455912,-0.23123136162757874,0.7637351057180125
18,0,18,True,1,-0.9999989913057304,3,1,1,0.2581988897471611,-0.8641729607551556,0.0018473643868821704,-0.13582603055057485,0,0.0,0.0,0,-0.9948326245647072,-0.1975308656692505,0.7973017588954567
19,0,19,True,2,-0.9999989913057304,1,3,1,0.8944271909999159,-0.856118177724283,0.0062809498286142944,-0.14388081358144744,0,0.0,0.0,0,-0.9947717991073046,-0.015697292983531952,0.9790745061237727
20,0,20,True,1,-0.9999989913057303,1,3,1,0.2581988897471611,-0.856118177724283,0.0062809498286142944,-0.14388081358144733,0,0.0,0.0,0,-0.9993302343215454,-0.07685256749391556,0.9224776668276299
21,0,21,False,0,-50.0,0,3,1,,-0.8660203251420378,1.2490984923352586e-17,-49.13397967485796,0,0.0,0.0,0,-0.9999740369541531,-0.035489149391651154,0.964484887562502
22,0,22,False,0,-50.0,0,3,1,,-0.8660203251420378,1.2490984923352586e-17,-49.13397967485796,0,0.0,0.0,0,-0.9999997037612184,-0.05450848489999771,0.9454912188612207
23,0,23,False,0,-50.0,0,1,1,,-0.8710445629492114,0.0028637913753287174,-49.12895543705079,0,0.0,0.0,0,-1.0000000486316258,0.04533431679010391,1.0453343654217297
25,0,25,False,0,-50.0,0,1,1,,-0.9346849085067432,0.007534589894018049,-49.065315091493254,0,0.0,0.0,0,-0.9999953595347757,-0.027267642319202423,0.9727277172155733
26,0,26,False,0,-50.0,0,3,1,,-0.8693698170134867,0.002353410496073344,-49.130630182986515,0,0.0,0.0,0,-0.9999951907195367,0.21496281027793884,1.2149580009974756
27,0,27,False,0,-50.0,0,3,1,,-0.8660203251420378,1.2490984923352586e-17,-49.13397967485796,0,0.0,0.0,0,-0.9999950943896847,0.22264787554740906,1.2226429699370938
28,0,28,False,0,-50.0,0,1,1,,-0.8660203251420378,1.2490984923352586e-17,-49.13397967485796,0,0.0,0.0,0,-0.9999949828375526,0.0005823299288749695,1.0005773127664277
29,0,29,False,0,-50.0,0,3,1,,-0.8660203251420378,1.2490984923352586e-17,-49.13397967485796,0,0.0,0.0,0,-0.9999949447575822,-0.08014372736215591,0.9198512173954263
30,1,0,False,0,-50.0,0,3,1,,-0.9648303353497848,0.0066324050309687806,-49.03516966465021,0,0.0,0.0,0,-0.999999861262596,-0.7216452360153198,0.27835462524727617
31,1,1,False,0,-50.0,0,1,1,,-0.9614808434783356,0.006822392994401873,-49.038519156521666,0,0.0,0.0,0,-0.9999999355189311,-0.6516333222389221,0.34836661328000895
32,1,2,False,0,-50.0,0,2,1,,-0.9665050812855093,0.006527186319851988,-49.03349491871449,0,0.0,0.0,0,-0.9999999102796614,-0.6833283305168152,0.3166715797628462
33,1,3,True,4,-0.11057031618202365,1,1,0,0.39999999999999997,-0.15717134532657656,0.018361627378894085,0.04660102914455291,0,0.0,0.0,0,-0.6404924696698217,-0.5844153761863708,0.0560770934834508
34,1,4,True,3,-0.07061068727771917,3,3,0,1.0,-0.14595768530836434,0.022980208671556413,0.07534699803064517,0,0.0,0.0,0,-0.5549039749984941,-0.5718774199485779,0.016973444950083794
35,1,5,True,2,-0.06078704813553993,3,3,0,0.9486832980505139,-0.14625416409578115,0.026404686770706183,0.08546711596024123,0,0.0,0.0,0,-0.5042573417023475,-0.5307928919792175,0.026535550276870046
36,1,6,True,1,-0.050276468505809635,3,3,0,0.7745966692414834,-0.13497612666191472,0.026674984866915316,0.08469965815610508,0,0.0,0.0,0,-0.49740213333779704,-0.5272975564002991,0.029895423062502036
37,1,7,True,3,-0.03944593036753197,1,1,0,1.0,-0.06855160521053194,0.01239731835229663,0.029105674842999973,0,0.0,0.0,0,-0.49168772897838414,-0.5317800641059875,0.04009233512760341
38,1,8,False,0,-50.0,0,3,1,,-0.6372390666263366,0.03342353420304704,-49.362760933373664,0,0.0,0.0,0,-0.9470348237629901,-0.48952940106391907,0.457505422699071
39,1,9,False,0,-50.0,0,3,1,,-0.6342699971839671,0.03324803040601685,-49.365730002816036,0,0.0,0.0,0,-0.9464066839137223,-0.5205623507499695,0.4258443331637528
40,1,10,True,1,-0.07160963698860864,3,3,0,0.7745966692414834,-0.6148661768433523,0.035126215615842976,0.5432565398547436,0,0.0,0.0,0,-0.945799658110508,-0.44472962617874146,0.5010700319317666
41,1,11,True,2,-0.06223195742665003,1,1,0,0.9486832980505139,-0.6414037876583543,0.033176336467255554,0.5791718302317043,0,0.0,0.0,0,-0.9445517198504225,-0.3623524010181427,0.5821993188322798
42,1,12,True,2,-0.9999989913057294,1,1,0,0.9486832980505139,-0.855324104587757,0.010696220554280654,-0.14467488671797246,0,0.0,0.0,0,-0.9981780544037129,-0.2747661769390106,0.7234118774647023
43,1,13,True,3,-0.9999989913057296,2,0,1,0.19999999999999998,-0.852232007376578,0.009007872238088773,-0.14776698392915155,0,0.0,0.0,0,-0.9991773926385719,-0.44993066787719727,0.5492467247613746
44,1,14,True,2,-0.9999989913057293,3,3,0,0.9486832980505139,-0.8660203251420378,1.2490984923352586e-17,-0.13397866616369158,0,0.0,0.0,0,-0.9997841815402128,-0.3218069076538086,0.6779772738864042
45,1,15,True,3,-0.9999989913057292,1,1,0,1.0,-0.8660203251420378,1.2490984923352586e-17,-0.13397866616369147,0,0.0,0.0,0,-0.9997740367481146,-0.3140559494495392,0.6857180872985754
46,1,16,True,2,-0.9999989913057289,1,1,0,0.4472135954999579,-0.8660203251420378,1.2490984923352586e-17,-0.13397866616369114,0,0.0,0.0,0,-0.9997631807900634,-0.16580811142921448,0.833955069360849
47,1,17,True,3,-0.9999989913057288,3,3,0,1.0,-0.8660203251420378,1.2490984923352586e-17,-0.13397866616369103,0,0.0,0.0,0,-0.9998869856878384,-0.30891385674476624,0.6909731289430722
48,1,18,True,3,-0.9999989913057287,0,2,1,0.2581988897471611,-0.8660203251420378,1.2490984923352586e-17,-0.13397866616369092,0,0.0,0.0,0,-0.9998891771694021,-0.38661807775497437,0.6132710994144277
49,1,19,True,2,-0.9999989913057303,3,1,1,0.21081851067789195,-0.7797111226779925,0.02089319072849139,-0.22028786862773786,0,0.0,0.0,0,-0.9811418747180853,-0.0319647416472435,0.9491771330708418
50,1,20,True,1,-0.9999989913057303,3,1,1,0.2581988897471611,-0.8409860138378331,0.010238304754928634,-0.15901297746789722,0,0.0,0.0,0,-0.9994501646216882,-0.13904830813407898,0.8604018564876093
51,1,21,True,2,-0.9999989913057303,1,0,1,-0.21081851067789195,-0.8660203251420378,1.2490984923352586e-17,-0.13397866616369258,0,0.0,0.0,0,-0.9999530949396327,0.00954020768404007,1.0094933026236728
52,1,22,False,0,-50.0,0,1,1,,-0.8660203251420378,1.2490984923352586e-17,-49.13397967485796,0,0.0,0.0,0,-1.0000003312291232,-0.094512440264225,0.9054878909648982
53,1,23,False,0,-50.0,0,1,1,,-0.8660203251420378,1.2490984923352586e-17,-49.13397967485796,0,0.0,0.0,0,-1.0000002259093999,-0.03388277441263199,0.9661174514967679
54,1,24,False,0,-50.0,0,1,1,,-0.8660203251420378,1.2490984923352586e-17,-49.13397967485796,0,0.0,0.0,0,-0.9999967465170969,0.17771044373512268,1.1777071902522196
55,1,25,False,0,-50.0,0,1,1,,-0.8660203251420378,1.2490984923352586e-17,-49.13397967485796,0,0.0,0.0,0,-0.9999959414812045,0.14500269293785095,1.1449986344190555
56,1,26,False,0,-50.0,0,1,1,,-0.8660203251420378,1.2490984923352586e-17,-49.13397967485796,0,0.0,0.0,0,-0.9999957094737448,0.18624389171600342,1.1862396011897482
57,1,27,False,0,-50.0,0,1,1,,-0.8660203251420378,1.2490984923352586e-17,-49.13397967485796,0,0.0,0.0,0,-0.9999955078383276,-0.02942272275686264,0.9705727850814649
58,1,28,False,0,-50.0,0,1,1,,-0.8660203251420378,1.2490984923352586e-17,-49.13397967485796,0,0.0,0.0,0,-1.0000006339461087,0.3416532278060913,1.3416538617522
59,1,29,False,0,-50.0,0,1,1,,-0.8660203251420378,1.2490984923352586e-17,-49.13397967485796,0,0.0,0.0,0,-1.0000007512865121,0.3527050316333771,1.3527057829198892
60,2,0,False,0,-50.0,0,0,0,,-0.9698545731569583,0.006294590532058341,-49.03014542684304,0,0.0,0.0,0,-0.9999998824190653,-0.7587162852287292,0.2412835971903361
61,2,1,False,0,-50.0,0,3,1,,-0.9648303353497848,0.006632405030968781,-49.03516966465021,0,0.0,0.0,0,-0.9999998972478745,-0.6568432450294495,0.34315665221842506
62,2,2,False,0,-50.0,0,0,0,,-0.9698545731569583,0.006294590532058341,-49.03014542684304,0,0.0,0.0,0,-0.9999998680184842,-0.5931771993637085,0.4068226686547757
63,2,3,True,4,-0.1005982445109704,1,1,0,0.19999999999999998,-0.17012742457975272,0.02394650386655939,0.06952918006878232,0,0.0,0.0,0,-0.6342396553910409,-0.6305562853813171,0.003683370009723741
64,2,4,True,3,-0.06249732802324579,3,3,0,0.7999999999999999,-0.13799089259608383,0.024043427361844324,0.07549356457283804,0,0.0,0.0,0,-0.5874585068946582,-0.5369592308998108,0.05049927599484738
65,2,5,True,2,-0.051577360094411495,1,1,0,0.9486832980505139,-0.13429356326072955,0.025976003867190938,0.08271620316631806,0,0.0,0.0,0,-0.5802196227788678,-0.5499200224876404,0.03029960029122747
66,2,6,True,3,-0.061768748979284194,2,2,0,0.7999999999999999,-0.1378602323076615,0.024054968112788344,0.07609148332837731,0,0.0,0.0,0,-0.5855725353185728,-0.599087655544281,0.013515120225708221
67,2,7,True,1,-0.029536926657846053,3,3,0,0.7745966692414834,-0.07951703992737559,0.019137930602824236,0.04998011326952954,0,0.0,0.0,0,-0.4850422298251066,-0.4909098148345947,0.005867585009488141
68,2,8,True,1,-0.018451038367247437,3,3,0,0.7745966692414834,-0.05609213459851363,0.016322688026434135,0.03764109623126619,0,0.0,0.0,0,-0.47922812627270084,-0.5112529993057251,0.03202487303302426
69,2,9,True,3,-0.0071792160267207935,1,1,0,1.0,-0.03953528298676031,0.013275642081289143,0.032356066960039516,0,0.0,0.0,0,-0.47334438164806464,-0.5129793286323547,0.0396349469842901
70,2,10,True,1,-0.004378944886984239,3,3,0,0.7745966692414834,-0.6269752572229141,0.03408963199170969,0.6225963123359299,0,0.0,0.0,0,-0.8949692318260641,-0.502613365650177,0.39235586617588714
71,2,11,True,4,0.005677833148303471,1,0,1,-0.39999999999999997,-0.6171719868859171,0.03538025629622843,0.6228498200342206,1,0.6228498200342206,0.6977580579716991,1,-0.8938184708962957,-0.33908677101135254,0.5547316998849432
72,2,12,True,1,-0.9999989913057293,3,3,0,0.7745966692414834,-0.8660203251420378,1.2490984923352586e-17,-0.13397866616369158,0,0.0,0.0,0,-0.9997490046450277,-0.44953227043151855,0.5502167342135091
73,2,13,True,2,-0.9999989913057293,3,3,0,0.9486832980505139,-0.8660203251420378,1.2490984923352586e-17,-0.13397866616369158,0,0.0,0.0,0,-0.9997890595982284,-0.47426527738571167,0.5255237822125167
74,2,14,True,3,-0.9999989913057293,0,0,0,0.7745966692414834,-0.8660203251420378,1.2490984923352586e-17,-0.13397866616369158,0,0.0,0.0,0,-0.9997877880849432,-0.4388028383255005,0.5609849497594427
75,2,15,True,1,-0.999998991305729,3,3,0,0.7745966692414834,-0.8660203251420378,1.2490984923352586e-17,-0.13397866616369125,0,0.0,0.0,0,-0.9997711493947575,-0.340906023979187,0.6588651254155705
76,2,16,True,3,-0.9999989913057289,0,0,0,-0.10540925533894598,-0.8660203251420378,1.2490984923352586e-17,-0.13397866616369114,0,0.0,0.0,0,-0.9997686127587576,-0.35655707120895386,0.6432115415498038
77,2,17,True,2,-0.9999989913057307,3,1,1,0.7378647873726218,-0.5668548608697044,0.0416946616193443,-0.4331441304360263,0,0.0,0.0,0,-0.7285407971139668,-0.1478426158428192,0.5806981812711476
78,2,18,True,1,-0.9999989913057306,3,1,1,0.2581988897471611,-0.7192344766334239,0.029938086942869747,-0.2807645146723067,0,0.0,0.0,0,-0.966426468003318,-0.18271851539611816,0.7837079526071998
79,2,19,True,2,-0.9999989913057304,0,1,1,-0.10540925533894598,-0.7762256801857816,0.021001378195593164,-0.2237733111199488,0,0.0,0.0,0,-0.9727841758735501,-0.20446282625198364,0.7683213496215665
80,2,20,True,2,-0.9999989913057303,3,3,0,0.9486832980505139,-0.8660203251420378,1.2490984923352586e-17,-0.13397866616369258,0,0.0,0.0,0,-0.9999789406738391,-0.1298694908618927,0.8701094498119464
81,2,21,True,2,-0.9999989913057302,0,1,1,-0.4472135954999579,-0.8660203251420378,1.2490984923352586e-17,-0.13397866616369247,0,0.0,0.0,0,-0.9999679500563544,-0.23616501688957214,0.7638029331667823
82,2,22,False,0,-50.0,0,1,1,,-0.8660203251420378,1.2490984923352586e-17,-49.13397967485796,0,0.0,0.0,0,-1.0000005361611555,-0.14540666341781616,0.8545938727433393
83,2,23,False,0,-50.0,0,1,1,,-0.8660203251420378,1.2490984923352586e-17,-49.13397967485796,0,0.0,0.0,0,-1.0000004358700023,-0.08654437214136124,0.9134560637286411
84,2,24,False,0,-50.0,0,0,0,,-0.8660203251420378,1.2490984923352586e-17,-49.13397967485796,0,0.0,0.0,0,-0.9999981546191562,0.10176854580640793,1.1017667004255642
85,2,25,False,0,-50.0,0,3,1,,-0.8660203251420378,1.2490984923352586e-17,-49.13397967485796,0,0.0,0.0,0,-0.9999957812993544,0.006765678524971008,1.0067614598243253
86,2,26,False,0,-50.0,0,1,1,,-0.8660203251420378,1.2490984923352586e-17,-49.13397967485796,0,0.0,0.0,0,-0.999995696538019,-0.035835690796375275,0.9641600057416437
87,2,27,False,0,-50.0,0,1,1,,-0.8660203251420378,1.2490984923352586e-17,-49.13397967485796,0,0.0,0.0,0,-1.0000001584103644,0.2692367136478424,1.2692368720582068
88,2,28,False,0,-50.0,0,1,1,,-0.8660203251420378,1.2490984923352586e-17,-49.13397967485796,0,0.0,0.0,0,-1.0000002568746984,0.07722624391317368,1.077226500787872
89,2,29,False,0,-50.0,0,3,1,,-0.8660203251420378,1.2490984923352586e-17,-49.13397967485796,0,0.0,0.0,0,-1.0000007430990348,0.3052893579006195,1.3052901009996543
90,3,0,False,0,-50.0,0,3,1,,-1.0,0.0,-49.0,0,0.0,0.0,0,-0.9999999747110426,-0.8138203024864197,0.18617967222462295
92,3,2,False,0,-50.0,0,0,0,,-0.9614808434783356,0.006822392994401874,-49.038519156521666,0,0.0,0.0,0,-0.9999997901617488,-0.7557011246681213,0.24429866549362744
93,3,3,True,3,-0.09054508309022867,3,3,0,0.19999999999999998,-0.1382028180068133,0.01884626903855379,0.047657734916584635,0,0.0,0.0,0,-0.6269368354096164,-0.626750648021698,0.00018618738791842393
94,3,4,True,4,-0.08003926671275924,0,0,0,0.7999999999999999,-0.1491658412279216,0.022966711867245485,0.06912657451516235,0,0.0,0.0,0,-0.6063343237987391,-0.5613827109336853,0.04495161286505378
95,3,5,True,2,-0.040785506470093436,3,3,0,0.316227766016838,-0.0780315055675116,0.016013841655406667,0.03724599909741816,0,0.0,0.0,0,-0.5674864417813945,-0.5043124556541443,0.06317398612725023
96,3,6,True,2,-0.03011387964808427,3,3,0,0.9486832980505139,-0.08226488820379999,0.019147552056423916,0.052151008555715715,0,0.0,0.0,0,-0.5624079285130568,-0.5667696595191956,0.0043617310061387915
97,3,7,True,3,-0.0185717396093979,3,3,0,0.7999999999999999,-0.05609213459851363,0.016322688026434135,0.03752039498911573,0,0.0,0.0,0,-0.49478268041243373,-0.5076467990875244,0.012864118675090686
98,3,8,True,2,-0.007567816864286176,3,3,0,0.9486832980505139,-0.038915471827727664,0.013291015009925994,0.03134765496344149,0,0.0,0.0,0,-0.4873227263032924,-0.5113561749458313,0.024033448642538924
99,3,9,True,2,0.0039248652068965325,3,3,0,0.316227766016838,-0.06274855893760342,0.02401408788339977,0.06667342414449995,0,0.0,0.0,0,-0.46676626537975235,-0.4543457329273224,0.012420532452429967
100,3,10,True,3,0.015557851749200068,3,3,0,1.0,-0.056086769742917465,0.024737816578251505,0.07164462149211753,0,0.0,0.0,0,-0.46019392251431634,-0.4946437478065491,0.03444982529223273
101,3,11,True,2,0.02686450903492986,3,3,0,0.316227766016838,-0.04125393891066935,0.025177232036696858,0.06811844794559921,0,0.0,0.0,0,-0.45408067371363586,-0.44705313444137573,0.00702753927226013
102,3,12,True,3,0.038761882973876546,1,1,0,1.0,-0.018816321817411122,0.02221498028125676,0.05757820479128767,0,0.0,0.0,0,-0.43603374242824994,-0.48051682114601135,0.044483078717761415
103,3,13,True,2,0.07405437790312966,3,3,0,0.9486832980505139,0.02552742748706268,0.01908756535493919,0.04852695041606698,0,0.0,0.0,0,-0.4086464649065113,-0.3933848738670349,0.015261591039476385
104,3,14,True,3,0.0860792923671301,3,3,0,1.0,0.05150932796906134,0.014114672987538789,0.03456996439806877,0,0.0,0.0,0,-0.37488739057236947,-0.36743587255477905,0.007451518017590419
105,3,15,True,3,0.0984215744372217,3,3,0,1.0,0.05020642560830545,0.01950934033658137,0.048215148828916254,0,0.0,0.0,0,-0.36706211474918726,-0.33409571647644043,0.03296639827274683
106,3,16,True,3,0.11073333436100885,1,1,0,1.0,0.06281828964322674,0.019707575904309164,0.047915044717782115,0,0.0,0.0,0,-0.3598788045077449,-0.31962695717811584,0.040251847329629054
107,3,17,True,1,-0.9999989913057307,0,0,0,0.7745966692414834,-0.5528176102597484,0.042029122323191524,-0.44718138104598226,0,0.0,0.0,0,-0.537315612441952,-0.20341947674751282,0.3338961356944392
108,3,18,False,0,-50.0,0,1,1,,0.07417795974864823,0.027383200508341733,-50.074177959748646,0,0.0,0.0,0,-0.7276221283463762,-0.16701337695121765,0.5606087513951585
109,3,19,False,0,-50.0,0,3,1,,-0.44055676280625644,0.0464824743975315,-49.55944323719374,0,0.0,0.0,0,-0.9920817097331801,-0.1961943507194519,0.7958873590137282
110,3,20,True,3,-0.9999989913057302,3,0,1,-0.19999999999999998,-0.8660203251420378,1.2490984923352586e-17,-0.13397866616369247,0,0.0,0.0,0,-0.9999876016677345,-0.17748484015464783,0.8225027615130867
111,3,21,False,0,-50.0,0,1,1,,-0.8660203251420378,1.2490984923352586e-17,-49.13397967485796,0,0.0,0.0,0,-1.0000004934644793,-0.24973443150520325,0.750266061959276
112,3,22,False,0,-50.0,0,3,1,,-0.8660203251420378,1.2490984923352586e-17,-49.13397967485796,0,0.0,0.0,0,-1.0000006443310068,-0.2362859547138214,0.7637146896171854
113,3,23,False,0,-50.0,0,1,1,,-0.8660203251420378,1.2490984923352586e-17,-49.13397967485796,0,0.0,0.0,0,-1.000000606978083,-0.249746173620224,0.7502544333578589
114,3,24,False,0,-50.0,0,3,1,,-0.8676950710777621,0.0016747459357245211,-49.13230492892224,0,0.0,0.0,0,-1.0000002145512328,0.0339810848236084,1.0339812993748412
115,3,25,False,0,-50.0,0,3,1,,-0.8660203251420378,1.2490984923352586e-17,-49.13397967485796,0,0.0,0.0,0,-1.000000301943832,0.2024167776107788,1.2024170795546107
116,3,26,False,0,-50.0,0,3,1,,-0.8660203251420378,1.2490984923352586e-17,-49.13397967485796,0,0.0,0.0,0,-1.000000278653503,0.2566985785961151,1.256698857249618
117,3,27,False,0,-50.0,0,0,0,,-0.8660203251420378,1.2490984923352586e-17,-49.13397967485796,0,0.0,0.0,0,-1.0000001805257863,0.07146159559488297,1.0714617761206693
118,3,28,False,0,-50.0,0,3,1,,-0.8660203251420378,1.2490984923352586e-17,-49.13397967485796,0,0.0,0.0,0,-1.0000005212969496,0.26780450344085693,1.2678050247378065
119,3,29,False,0,-50.0,0,0,0,,-0.8660203251420378,1.2490984923352586e-17,-49.13397967485796,0,0.0,0.0,0,-1.0000005652283102,0.2865673005580902,1.2865678657864004
120,4,0,False,0,-50.0,0,0,0,,-1.0,1.974998128830896e-18,-49.0,0,0.0,0.0,0,-0.9999998588843948,-0.8251606225967407,0.17483923628765408
121,4,1,False,0,-50.0,0,3,1,,-0.8743940548206602,0.0036488080782489307,-49.12560594517934,0,0.0,0.0,0,-0.9999998473969106,-0.8355591297149658,0.1644407176819448
122,4,2,False,0,-50.0,0,2,1,,-0.8743940548206602,0.0036488080782489307,-49.12560594517934,0,0.0,0.0,0,-0.9999998596421147,-0.8382572531700134,0.16174260647210126
123,4,3,True,4,-0.10024314828715454,0,0,0,0.39999999999999997,-0.17054248081666384,0.02394729344379794,0.0702993325295093,0,0.0,0.0,0,-0.7540346191209741,-0.7362136840820312,0.017820935038942887
124,4,4,True,2,-0.36023926990335997,1,0,1,-0.10540925533894598,-0.1390020465012068,0.01882058861932572,-0.22123722340215318,0,0.0,0.0,0,-0.9678732519267323,-0.6506583094596863,0.31721494246704607
125,4,5,True,4,-0.36742453987742885,2,2,0,0.39999999999999997,-0.15921021169631716,0.021554722809727565,-0.20821432818111169,0,0.0,0.0,0,-0.9782934136497581,-0.7434723973274231,0.23482101632233499
126,4,6,True,2,-0.05102217226607234,3,3,0,0.9486832980505139,-0.09517354050065105,0.021145445325521366,0.04415136823457871,0,0.0,0.0,0,-0.6242874043841083,-0.5648267865180969,0.05946061786601142
127,4,7,True,3,-0.029694169992425877,3,3,0,0.7999999999999999,-0.08090610665325643,0.01913405969792148,0.05121193666083055,0,0.0,0.0,0,-0.5076747027140286,-0.5289687514305115,0.021294048716482883
128,4,8,True,3,-0.018616349719820943,0,0,0,0.7999999999999999,-0.05634331532818519,0.016311787368856457,0.03772696560836425,0,0.0,0.0,0,-0.4989137488747882,-0.5260427594184875,0.027129010543699372
129,4,9,True,2,-0.524656697102266,1,3,1,0.7378647873726218,-0.8660203251420378,1.2490984923352586e-17,0.3413636280397717,1,0.3413636280397717,0.382418384820466,1,-0.9997106327914795,-0.5375686883926392,0.4621419443988404
130,4,10,True,1,-0.5383695757127787,3,3,0,0.7745966692414834,-0.8660203251420378,1.2490984923352586e-17,0.3276507494292591,0,0.0,0.0,0,-0.9997279038406024,-0.4301338791847229,0.5695940246558795
131,4,11,True,1,-0.53363766240256,1,1,0,0.7745966692414834,-0.8660203251420378,1.2490984923352586e-17,0.3323826627394777,0,0.0,0.0,0,-0.9997254103175831,-0.5342176556587219,0.4655077546588612
132,4,12,True,4,0.05034807521592149,3,3,0,0.39999999999999997,0.004045323177124801,0.018658979150059533,0.04630275203879669,0,0.0,0.0,0,-0.42861763999281066,-0.43918001651763916,0.010562376524828498
133,4,13,True,3,0.062142085856445574,0,0,0,0.7999999999999999,0.039895184211632656,0.004498437531011549,0.022246901644812918,0,0.0,0.0,0,-0.4221664105763174,-0.45205414295196533,0.029887732375647957
134,4,14,True,3,0.1486878185339229,1,1,0,1.0,0.11055473287845152,0.01470340155242646,0.03813308565547138,0,0.0,0.0,0,-0.2783178612016014,-0.47278907895088196,0.19447121774928056
135,4,15,True,2,0.13579364266480567,1,1,0,0.9486832980505139,0.09872091153050018,0.014653557415774981,0.037072731134305495,0,0.0,0.0,0,-0.3327118315441032,-0.33788973093032837,0.005177899386225149
136,4,16,True,4,0.12314024047833362,2,2,0,0.39999999999999997,0.09052977323321346,0.01456100750418596,0.032610467245120164,0,0.0,0.0,0,-0.3525225627888036,-0.33424222469329834,0.018280338095505277
137,4,17,False,0,-50.0,0,1,1,,0.13112154787409452,0.021012509447294065,-50.131121547874095,0,0.0,0.0,0,-0.3162696919544403,-0.16304144263267517,0.15322824932176515
138,4,18,False,0,-50.0,0,2,1,,0.08272548286346167,0.030082433108532345,-50.08272548286346,0,0.0,0.0,0,-0.488632127332373,-0.23794645071029663,0.25068567662207636
139,4,19,False,0,-50.0,0,3,1,,-0.8660203251420378,1.2490984923352586e-17,-49.13397967485796,0,0.0,0.0,0,-0.9997879980004695,-0.22320908308029175,0.7765789149201777
140,4,20,True,2,-0.9999989913057304,3,3,0,0.9486832980505139,-0.8660203251420378,1.2490984923352586e-17,-0.1339786661636927,0,0.0,0.0,0,-0.9999946776215909,-0.20781150460243225,0.7921831730191586
141,4,21,True,2,-0.9999989913057303,1,1,0,0.8944271909999159,-0.8660203251420378,1.2490984923352586e-17,-0.13397866616369258,0,0.0,0.0,0,-1.0000005203976636,-0.07105880230665207,0.9289417180910116
142,4,22,True,1,-0.9999989913057303,1,1,0,0.7745966692414834,-0.8660203251420378,1.2490984923352586e-17,-0.13397866616369258,0,0.0,0.0,0,-1.0000006407509217,-0.20498669147491455,0.7950139492760071
143,4,23,True,2,-0.9999989913057304,1,1,0,0.9486832980505139,-0.8660203251420378,1.2490984923352586e-17,-0.1339786661636927,0,0.0,0.0,0,-1.0000008833452654,-0.30371418595314026,0.6962866973921251
144,4,24,False,0,-50.0,0,3,1,,-0.8660203251420378,1.2490984923352586e-17,-49.13397967485796,0,0.0,0.0,0,-1.0000001598470125,0.09830596297979355,1.098306122826806
145,4,25,False,0,-50.0,0,3,1,,-0.8660203251420378,1.2490984923352586e-17,-49.13397967485796,0,0.0,0.0,0,-1.0000001932483364,-0.017817310988903046,0.9821828822594334
146,4,26,False,0,-50.0,0,3,1,,-0.9095637194708754,0.007060231488220026,-49.090436280529126,0,0.0,0.0,0,-1.0000003234831933,0.0985030010342598,1.0985033245174531
147,4,27,False,0,-50.0,0,1,1,,-0.9112384654065998,0.007127795051449638,-49.0887615345934,0,0.0,0.0,0,-1.000000378379493,0.2865363657474518,1.2865367441269449
148,4,28,False,0,-50.0,0,1,1,,-0.8676950710777621,0.0016747459357245227,-49.13230492892224,0,0.0,0.0,0,-1.0000004655505381,0.32646623253822327,1.3264666980887614
149,4,29,False,0,-50.0,0,0,0,,-0.8660203251420378,1.2490984923352586e-17,-49.13397967485796,0,0.0,0.0,0,-1.0000005209939804,0.2665138840675354,1.2665144050615158
150,5,0,False,0,-50.0,0,0,0,,-0.9949757621928264,0.0028637913753287165,-49.00502423780718,0,0.0,0.0,0,-0.9999999364213891,-0.8324456214904785,0.16755431493091055
151,5,1,False,0,-50.0,0,0,0,,-0.8777435466921094,0.004259374602061723,-49.12225645330789,0,0.0,0.0,0,-0.9999999647073337,-0.7639427185058594,0.23605724620147428
152,5,2,False,0,-50.0,0,0,0,,-0.8743940548206602,0.0036488080782489307,-49.12560594517934,0,0.0,0.0,0,-0.9999995789845973,-0.8206871747970581,0.17931240418753924
153,5,3,True,4,-0.11021938496392346,0,0,0,0.316227766016838,-0.16103361103606795,0.018898031828559102,0.05081422607214449,0,0.0,0.0,0,-0.8497460044380336,-0.7929185032844543,0.05682750115357926
154,5,4,True,1,-0.36729594368094765,0,0,0,0.7745966692414834,-0.15879515545940603,0.021551083101993034,-0.2085007882215416,0,0.0,0.0,0,-0.9682281070533465,-0.7391508221626282,0.22907728489071832
155,5,5,True,4,-0.38042133040233583,0,0,0,0.316227766016838,-0.1656208544007359,0.021166840996350026,-0.21480047600159993,0,0.0,0.0,0,-0.9891447100097384,-0.727896511554718,0.26124819845502034
156,5,6,True,1,-0.44507497620111625,3,3,0,0.7745966692414834,-0.8660203251420378,1.2490984923352586e-17,0.4209453489409215,0,0.0,0.0,0,-0.9895264103428508,-0.5279939770698547,0.4615324332729961
157,5,7,True,3,-0.45062422621385745,2,3,1,0.39999999999999997,-0.8660203251420378,1.2490984923352586e-17,0.4153960989281803,1,0.4153960989281803,0.4653545139681058,1,-0.999400069823854,-0.5279534459114075,0.4714466239124465
158,5,8,True,3,-0.4561179837264709,2,3,1,0.39999999999999997,-0.8660203251420378,1.2490984923352586e-17,0.40990234141556686,1,0.40990234141556686,0.45920003908560847,1,-0.9996888000293078,-0.49410974979400635,0.5055790502353015
159,5,9,True,2,-0.5169407784607711,3,2,1,0.10540925533894598,-0.8660203251420378,1.2490984923352586e-17,0.3490795466812666,1,0.3490795466812666,0.39106227333673993,1,-0.9996940731798247,-0.41932225227355957,0.5803718209062652
160,5,10,True,3,-0.5132646785980919,1,1,0,0.7999999999999999,-0.8660203251420378,1.2490984923352586e-17,0.35275564654394587,0,0.0,0.0,0,-0.9996904583653599,-0.6155509352684021,0.38413952309695776
161,5,11,True,1,-0.5289269321780795,3,3,0,0.7745966692414834,-0.8660203251420378,1.2490984923352586e-17,0.33709339296395824,0,0.0,0.0,0,-0.9997220495128332,-0.41752010583877563,0.5822019436740575
162,5,12,True,3,-0.5233755665936747,1,3,1,0.39999999999999997,-0.8660203251420378,1.2490984923352586e-17,0.34264475854836307,1,0.34264475854836307,0.3838535929668437,1,-0.9997188722649523,-0.4110027849674225,0.5887160872975298
163,5,13,True,3,-0.518561178835771,1,1,0,0.7999999999999999,-0.8660203251420378,1.2490984923352586e-17,0.34745914630626673,0,0.0,0.0,0,-0.9997156666131902,-0.5111013650894165,0.4886143015237737
164,5,14,True,2,0.16126575977044794,1,1,0,0.9486832980505139,0.10897918001329505,0.02055970068875037,0.05228657975715288,0,0.0,0.0,0,-0.26949646464978166,-0.3313586115837097,0.06186214693392805
165,5,15,True,3,0.14843727969107787,2,2,0,0.7999999999999999,0.11087252061052535,0.014741935437729656,0.03756475908055251,0,0.0,0.0,0,-0.3056773126681208,-0.3584635853767395,0.05278627270861869
166,5,16,True,2,0.1883820810828754,1,1,0,0.9486832980505139,0.1313118808295149,0.021044540291871323,0.057070200253360515,0,0.0,0.0,0,-0.2325803443518243,-0.31793132424354553,0.08535097989172125
167,5,17,True,1,0.20079848239358988,3,3,0,0.7745966692414834,0.16201901490558748,0.015528367416583639,0.0387794674880024,0,0.0,0.0,0,-0.22589919157168722,-0.19721966981887817,0.02867952175280905
168,5,18,True,2,0.21412816437057172,1,1,0,0.9486832980505139,0.15829873652665039,0.021444693161486835,0.055829427843921337,0,0.0,0.0,0,-0.2147357359382112,-0.28547510504722595,0.07073936910901477
169,5,19,True,3,0.285030694906508,3,3,0,1.0,0.21325429656771017,0.027251093575526946,0.07177639833879784,0,0.0,0.0,0,-0.1608748996635731,-0.10473892837762833,0.056135971285944775
170,5,20,True,3,0.29931300334258926,1,1,0,1.0,0.2104442534938696,0.031533625715033,0.08886874984871965,0,0.0,0.0,0,-0.13967594257689717,-0.11656372994184494,0.023112212635052226
171,5,21,True,1,-0.9999989913057303,3,3,0,0.7745966692414834,-0.8660203251420378,1.2490984923352586e-17,-0.13397866616369258,0,0.0,0.0,0,-1.0000007036772063,-0.26761379837989807,0.7323869052973082
172,5,22,True,2,-0.9999989913057303,1,0,1,-0.21081851067789195,-0.8660203251420378,1.2490984923352586e-17,-0.13397866616369258,0,0.0,0.0,0,-1.000000758332976,-0.14713585376739502,0.852864904565581
173,5,23,True,3,-0.9999989913057303,1,0,1,-0.21081851067789195,-0.8660203251420378,1.2490984923352586e-17,-0.13397866616369258,0,0.0,0.0,0,-1.000001060738978,-0.2467373013496399,0.7532637593893381
174,5,24,False,0,-50.0,0,3,1,,-0.9095637194708754,0.007060231488220024,-49.090436280529126,0,0.0,0.0,0,-1.0000001146326025,0.007285326719284058,1.0072854413518866
175,5,25,False,0,-50.0,0,1,1,,-0.9129132113423244,0.0071897878263731075,-49.08708678865768,0,0.0,0.0,0,-1.0000000730321301,0.06519147008657455,1.0651915431187047
176,5,26,False,0,-50.0,0,3,1,,-0.9129132113423244,0.0071897878263731075,-49.08708678865768,0,0.0,0.0,0,-1.000000002807264,0.18614953756332397,1.186149540370588
177,5,27,False,0,-50.0,0,1,1,,-0.9145879572780491,0.007246352789205923,-49.08541204272195,0,0.0,0.0,0,-0.9999999815781934,0.24520066380500793,1.2452006453832012
178,5,28,False,0,-50.0,0,3,1,,-0.8660203251420378,1.2490984923352586e-17,-49.13397967485796,0,0.0,0.0,0,-1.000000386184783,0.324211984872818,1.324212371057601
179,5,29,False,0,-50.0,0,0,0,,-0.8660203251420378,1.2490984923352586e-17,-49.13397967485796,0,0.0,0.0,0,-1.000000489395942,0.13668125867843628,1.1366817480743783
180,6,0,False,0,-50.0,0,0,0,,-0.9899515243856527,0.003970332437467085,-49.01004847561435,0,0.0,0.0,0,-0.999999933709104,-0.890105128288269,0.10989480542083496
181,6,1,False,0,-50.0,0,0,0,,-0.8777435466921094,0.004259374602061724,-49.12225645330789,0,0.0,0.0,0,-0.9999999989883943,-0.7846020460128784,0.2153979529755159
182,6,2,False,0,-50.0,0,0,0,,-0.8727193088849358,0.0032852784028697766,-49.12728069111506,0,0.0,0.0,0,-0.9999992651057036,-0.8810638189315796,0.118935446174124
183,6,3,True,2,-0.1370191537767319,0,3,1,0.21081851067789195,-0.545974402150671,0.026961546525181387,0.40895524837393904,1,0.40895524837393904,0.4581390420680474,1,-0.9740815851491638,-0.7019159197807312,0.27216566536843256
184,6,4,True,4,-0.16446775735088384,2,2,0,0.19999999999999998,-0.5389348528918371,0.02939655745828168,0.37446709554095325,0,0.0,0.0,0,-0.9772330627656115,-0.8990042209625244,0.07822884180308709
185,6,5,True,2,-0.6215554536345284,1,0,1,-0.10540925533894598,-0.19744432966977535,0.02273825069151837,-0.42411112396475303,0,0.0,0.0,0,-0.9994459766033911,-0.7233418822288513,0.27610409437453975
186,6,6,True,3,-0.6330197400373492,2,1,1,0.19999999999999998,-0.5499967020639188,0.029255019910440702,-0.08302303797343036,0,0.0,0.0,0,-0.9997574211519527,-0.7508584856987,0.2488989354532527
187,6,7,True,4,-0.6370869928421473,2,2,0,0.39999999999999997,-0.5546006021006511,0.028723734690791574,-0.08248639074149622,0,0.0,0.0,0,-0.9997641883148787,-0.8018632531166077,0.197900935198271
188,6,8,True,2,-0.5403555764835692,3,3,0,0.9486832980505139,-0.8660203251420378,1.2490984923352586e-17,0.3256647486584685,0,0.0,0.0,0,-0.9995201281080273,-0.7103106379508972,0.28920949015713004
189,6,9,True,3,-0.5354805603517543,1,2,1,0.39999999999999997,-0.8660203251420378,1.2490984923352586e-17,0.33053976479028346,1,0.33053976479028346,0.37029276872845324,1,-0.9994933262088975,-0.729401171207428,0.27009215500146955
190,6,10,True,2,-0.5077443090193484,1,1,0,0.632455532033676,-0.8660203251420378,1.2490984923352586e-17,0.35827601612268933,0,0.0,0.0,0,-0.9996861452352495,-0.5157756805419922,0.48391046469325727
191,6,11,True,3,-0.5131171617000958,2,2,0,0.9486832980505139,-0.8660203251420378,1.2490984923352586e-17,0.35290316344194195,0,0.0,0.0,0,-0.9996894601192647,-0.541607677936554,0.4580817821827108
192,6,12,True,2,-0.5076738062467988,1,3,1,0.7378647873726218,-0.8660203251420378,1.2490984923352586e-17,0.35834651889523894,1,0.35834651889523894,0.4014437558824743,1,-0.9997033499531284,-0.5343406796455383,0.46536267030759004
193,6,13,True,3,-0.5131729819592863,2,2,0,1.0,-0.8660203251420378,1.2490984923352586e-17,0.35284734318275146,0,0.0,0.0,0,-0.9997121634344842,-0.4208984673023224,0.5788136961321618
194,6,14,True,3,0.17458728818729286,3,3,0,0.19999999999999998,0.10723629926524705,0.02507045525049412,0.0673509889220458,0,0.0,0.0,0,-0.24089841535797948,-0.3429866433143616,0.10208822795638209
195,6,15,True,3,0.18789164373899436,3,3,0,0.7999999999999999,0.13101390021629794,0.021034710589883744,0.05687774352269642,0,0.0,0.0,0,-0.23181905513651094,-0.32410210371017456,0.09228304857366362
196,6,16,True,3,0.2011856332909342,3,3,0,0.7999999999999999,0.1624909378188161,0.015562075246034255,0.038694695472118096,0,0.0,0.0,0,-0.22305595419780913,-0.2530120611190796,0.02995610692127046
197,6,17,True,2,0.21508934928096418,1,3,1,0.7378647873726218,0.15919580958285598,0.021461499359797995,0.0558935396981082,1,0.0558935396981082,0.06261568432463109,1,-0.21401833493677103,-0.2962520122528076,0.08223367731603659
198,6,18,True,4,0.2278343082500714,1,1,0,0.19999999999999998,0.17718695731770898,0.020489956461180417,0.05064735093236242,0,0.0,0.0,0,-0.2055742119601498,-0.20572501420974731,0.00015080224959751476
199,6,19,True,3,0.270679887343212,0,0,0,0.19999999999999998,0.23306272922610338,0.01452074721888663,0.03761715811710864,0,0.0,0.0,0,-0.17289363208706632,-0.2144375741481781,0.04154394206111178
200,6,20,True,2,0.31383300682659476,3,3,0,0.632455532033676,0.2713218289492666,0.016632607345887424,0.042511177877328166,0,0.0,0.0,0,-0.12934921686188258,-0.03574562817811966,0.09360358868376292
201,6,21,True,3,0.32850367542002745,1,1,0,1.0,0.2706705497085061,0.02325346163836791,0.05783312571152133,0,0.0,0.0,0,-0.09715315744393188,-0.13736844062805176,0.04021528318411988
202,6,22,True,1,-0.9999989913057302,3,3,0,0.7745966692414834,-0.8660203251420378,1.2490984923352586e-17,-0.13397866616369247,0,0.0,0.0,0,-1.00000090500067,-0.31288596987724304,0.6871149351234269
203,6,23,True,2,-0.9999989913057302,1,3,1,0.7378647873726218,-0.8660203251420378,1.2490984923352586e-17,-0.13397866616369247,0,0.0,0.0,0,-1.0000010101165577,-0.2975849211215973,0.7024160889949604
204,6,24,True,2,-0.9999989913057302,2,2,0,0.8944271909999159,-0.8660203251420378,1.2490984923352586e-17,-0.13397866616369247,0,0.0,0.0,0,-1.0000009834705246,-0.4201672077178955,0.5798337757526291
205,6,25,False,0,-50.0,0,3,1,,-0.9129132113423244,0.0071897878263731075,-49.08708678865768,0,0.0,0.0,0,-1.0000001022167473,0.12491274625062943,1.1249128484673767
206,6,26,False,0,-50.0,0,3,1,,-0.9145879572780491,0.007246352789205923,-49.08541204272195,0,0.0,0.0,0,-1.0000000391352024,0.10233836621046066,1.102338405345663
207,6,27,False,0,-50.0,0,3,1,,-0.9129132113423244,0.0071897878263731075,-49.08708678865768,0,0.0,0.0,0,-0.9999999763340531,0.25344493985176086,1.2534449161858139
208,6,28,False,0,-50.0,0,3,1,,-0.9145879572780491,0.007246352789205925,-49.08541204272195,0,0.0,0.0,0,-1.000000162351253,0.18910107016563416,1.1891012325168873
209,6,29,False,0,-50.0,0,1,1,,-0.9145879572780491,0.007246352789205923,-49.08541204272195,0,0.0,0.0,0,-1.0000001999723578,0.3070937693119049,1.3070939692842627
210,7,0,False,0,-50.0,0,0,0,,-0.9949757621928264,0.002863791375328716,-49.00502423780718,0,0.0,0.0,0,-0.9999999241281765,-0.9115117788314819,0.08848814529669458
211,7,1,False,0,-50.0,0,3,1,,-0.8727193088849358,0.0032852784028697766,-49.12728069111506,0,0.0,0.0,0,-0.9999981598010335,-1.0315306186676025,0.03153245886656908
212,7,2,False,0,-50.0,0,0,0,,-0.8727193088849358,0.0032852784028697766,-49.12728069111506,0,0.0,0.0,0,-0.9999981983446228,-0.7193158268928528,0.28068237145177
213,7,3,False,0,-50.0,0,2,1,,-0.8727193088849358,0.0032852784028697766,-49.12728069111506,0,0.0,0.0,0,-0.9999981853024498,-0.8412942290306091,0.15870395627184064
214,7,4,True,1,-0.6184021466597054,3,2,1,0.2581988897471611,-0.4776233018780275,0.027870567076607945,-0.1407788447816779,0,0.0,0.0,0,-0.9988564131986806,-0.7052227854728699,0.2936336277258107
215,7,5,True,2,-0.6222181249677922,2,0,1,0.21081851067789195,-0.18881297810413544,0.017177974060432782,-0.4334051468636567,0,0.0,0.0,0,-0.9994412447600854,-0.760040819644928,0.23940042511515747
216,7,6,True,4,-0.6370702842698478,0,0,0,0.39999999999999997,-0.5619908185859389,0.02867540731049402,-0.07507946568390889,0,0.0,0.0,0,-0.9997612685730458,-0.8140208721160889,0.18574039645695695
217,7,7,True,4,-0.6411211558650658,0,0,0,0.19999999999999998,-0.5535751870123781,0.02900718686525064,-0.08754596885268773,0,0.0,0.0,0,-0.999768518641505,-0.7778770327568054,0.22189148588469954
218,7,8,True,3,-0.5455209049786076,0,0,0,0.7999999999999999,-0.8660203251420378,1.2490984923352586e-17,0.32049942016343014,0,0.0,0.0,0,-0.9995308253578261,-0.7469120621681213,0.2526187631897048
219,7,9,True,3,-0.5297450857713044,1,0,1,0.39999999999999997,-0.8660203251420378,1.2490984923352586e-17,0.33627523937073334,1,0.33627523937073334,0.37671803124933007,1,-0.99946867101966,-0.7068676948547363,0.29260097616492364
220,7,10,True,2,-0.5021250971522591,3,3,0,0.316227766016838,-0.8660203251420378,1.2490984923352586e-17,0.3638952279897787,0,0.0,0.0,0,-0.9996779629931724,-0.4554041624069214,0.544273800586251
221,7,11,True,2,-0.49654481025963737,1,3,1,0.7378647873726218,-0.8660203251420378,1.2490984923352586e-17,0.3694755148824004,1,0.3694755148824004,0.4139112020908555,1,-0.9996741570298648,-0.6041157841682434,0.39555837286162143
222,7,12,True,3,-0.5021346299188519,2,2,0,0.7999999999999999,-0.8660203251420378,1.2490984923352586e-17,0.3638856952231858,0,0.0,0.0,0,-0.9996915806100265,-0.4562239646911621,0.5434676159188644
223,7,13,True,2,-0.46176042417788327,3,3,0,0.9486832980505139,-0.8660203251420378,1.2490984923352586e-17,0.4042599009641545,0,0.0,0.0,0,-0.999798023739096,-0.5104015469551086,0.48939647678398734
224,7,14,True,3,-0.45584224933096285,3,3,0,0.7999999999999999,-0.8660203251420378,1.2490984923352586e-17,0.4101780758110749,0,0.0,0.0,0,-0.9997929010389169,-0.29227152466773987,0.7075213763711771
225,7,15,True,3,-0.44965190443631653,3,3,0,1.0,-0.8660203251420378,1.2490984923352586e-17,0.4163684207057212,0,0.0,0.0,0,-0.9997903567974609,-0.39169061183929443,0.6080997449581664
226,7,16,True,3,-0.44335619463482057,1,1,0,0.7999999999999999,-0.8660203251420378,1.2490984923352586e-17,0.4226641305072172,0,0.0,0.0,0,-0.9997874120746602,-0.42663446068763733,0.5731529513870228
227,7,17,True,2,0.22828513136310438,3,3,0,0.632455532033676,0.17855908481694224,0.020520464899155294,0.04972604654616214,0,0.0,0.0,0,-0.20470169839843294,-0.26052460074424744,0.055822902345814496
228,7,18,True,3,0.24201351776285804,3,3,0,0.7999999999999999,0.1726573872529936,0.026450457474108444,0.06935613050986444,0,0.0,0.0,0,-0.19574524672883192,-0.19897156953811646,0.003226322809284532
229,7,19,True,3,0.2564470194307167,0,0,0,1.0,0.20117804659791658,0.02101184930644517,0.055268972832800106,0,0.0,0.0,0,-0.18639626752936356,-0.22894400358200073,0.042547736052637175
230,7,20,True,3,0.3199842440990898,1,0,1,-0.6000000000000001,0.21060652915096173,0.031538913968877536,0.10937771494812809,1,0.10937771494812809,0.12253223732712135,1,-0.15564651682112038,-0.170813649892807,0.015167133071686628
231,7,21,True,2,0.343462719457174,3,3,0,0.9486832980505139,0.2369172812677664,0.036140316982551116,0.10654543818940759,0,0.0,0.0,0,-0.08591110314820388,-0.06844153255224228,0.017469570595961603
232,7,22,True,3,0.3583996529285838,1,1,0,0.7999999999999999,0.3018471744135918,0.023837461657017747,0.056552478514991955,0,0.0,0.0,0,-0.07553569561453341,-0.11605764180421829,0.04052194618968488
233,7,23,True,2,0.3773995065191986,1,3,1,0.21081851067789195,0.2853319909275613,0.03347744233724115,0.09206751559163734,1,0.09206751559163734,0.10314019337433616,1,-0.055237062655414754,0.022880829870700836,0.07811789252611559
234,7,24,True,1,0.3867814023777276,1,1,0,0.7745966692414834,0.3337952976468238,0.023310848334195684,0.052986104730903816,0,0.0,0.0,0,-0.045444653746738894,0.026494987308979034,0.07193964105571793
235,7,25,False,0,-50.0,0,0,0,,-0.9129132113423244,0.0071897878263731075,-49.08708678865768,0,0.0,0.0,0,-1.0000001415780082,-0.04020198434591293,0.9597981572320953
236,7,26,False,0,-50.0,0,1,1,,-0.8727193088849358,0.0032852784028697766,-49.12728069111506,0,0.0,0.0,0,-0.9999993792365446,0.1251051425933838,1.1251045218299285
237,7,27,False,0,-50.0,0,3,1,,-0.8810930385635585,0.0047630574075680065,-49.118906961436444,0,0.0,0.0,0,-0.9999995177569936,0.22060120105743408,1.2206007188144277
238,7,28,False,0,-50.0,0,2,1,,-0.8877920223064566,0.00556089204866515,-49.112207977693544,0,0.0,0.0,0,-0.9999994344165376,0.05331110209226608,1.0533105365088038
239,7,29,False,0,-50.0,0,0,0,,-0.9145879572780491,0.007246352789205925,-49.08541204272195,0,0.0,0.0,0,-1.0000002105375778,0.2562505602836609,1.2562507708212387
240,8,0,False,0,-50.0,0,3,1,,-0.8727193088849358,0.0032852784028697766,-49.12728069111506,0,0.0,0.0,0,-0.999998058494215,-1.1466426849365234,0.14664462644230847
241,8,1,False,0,-50.0,0,0,0,,-0.8727193088849358,0.0032852784028697766,-49.12728069111506,0,0.0,0.0,0,-0.999998164145629,-0.8155031204223633,0.18449504372326575
242,8,2,False,0,-50.0,0,3,1,,-0.7446418255337663,0.019742957278883307,-49.25535817446623,0,0.0,0.0,0,-0.9997698451691897,-1.068581461906433,0.06881161673724345
243,8,3,True,1,-0.6518910013860298,3,2,1,0.2581988897471611,-0.7698566638722769,0.018691393715808375,0.11796566248624707,1,0.11796566248624707,0.13215303098141107,1,-0.9997618020297712,-0.7692127823829651,0.23054901964680607
244,8,4,True,1,-0.6483747491023738,3,3,0,0.7745966692414834,-0.5766687148121536,0.02983122281714784,-0.07170603429022016,0,0.0,0.0,0,-0.9997589369233212,-0.7552013993263245,0.24455753759699672
245,8,5,True,3,-0.644561200516395,3,3,0,0.19999999999999998,-0.5429923066360921,0.029781592997088102,-0.10156889388030288,0,0.0,0.0,0,-0.9997561493284177,-0.6959783434867859,0.30377780584163183
246,8,6,True,2,-0.6411045883746725,0,0,0,0.632455532033676,-0.5672979350233496,0.028378234744272684,-0.07380665335132297,0,0.0,0.0,0,-0.9997619868713409,-0.7315372228622437,0.2682247640090972
247,8,7,True,4,-0.6450560714468386,0,0,0,0.316227766016838,-0.5762344912928341,0.028857635529873752,-0.06882158015400452,0,0.0,0.0,0,-0.999770680563573,-0.840965986251831,0.15880469431174193
248,8,8,True,3,-0.551279916656359,0,0,0,0.7999999999999999,-0.8660203251420378,1.2490984923352586e-17,0.31474040848567875,0,0.0,0.0,0,-0.9995389822551144,-0.8103194236755371,0.18921955857957728
249,8,9,True,1,-0.5241313912854342,3,2,1,0.2581988897471611,-0.8660203251420378,1.2490984923352586e-17,0.34188893385660357,1,0.34188893385660357,0.38300686755708085,1,-0.9993832436608846,-0.566327691078186,0.43305555258269857
250,8,10,True,3,-0.5187606677197844,1,2,1,0.39999999999999997,-0.8660203251420378,1.2490984923352586e-17,0.3472596574222534,1,0.3472596574222534,0.3890235115770868,1,-0.9993742459888655,-0.8273014426231384,0.17207280336572706
251,8,11,True,2,-0.490905939238684,3,3,0,0.9486832980505139,-0.8660203251420378,1.2490984923352586e-17,0.3751143859033538,0,0.0,0.0,0,-0.9995762902674179,-0.5873415470123291,0.4122347432550888
252,8,12,True,3,-0.4852189718000852,1,1,0,0.7999999999999999,-0.8660203251420378,1.2490984923352586e-17,0.38080135334195253,0,0.0,0.0,0,-0.9997186039457734,-0.7264924645423889,0.27322613940338447
253,8,13,True,3,-0.4675913977501592,0,0,0,0.7999999999999999,-0.8660203251420378,1.2490984923352586e-17,0.3984289273918786,0,0.0,0.0,0,-0.9997990987824898,-0.5863417983055115,0.4134573004769784
254,8,14,False,0,-50.0,0,1,1,,-0.8660203251420378,1.2490984923352586e-17,-49.13397967485796,0,0.0,0.0,0,-0.9996192339544065,-0.6623375415802002,0.33728169237420635
255,8,15,True,3,-0.4557760337649337,0,0,0,0.39999999999999997,-0.8660203251420378,1.2490984923352586e-17,0.41024429137710405,0,0.0,0.0,0,-0.9997914045244916,-0.490953654050827,0.5088377504736645
256,8,16,True,3,-0.437098066158457,1,0,1,-0.6000000000000001,-0.8660203251420378,1.2490984923352586e-17,0.4289222589835808,1,0.4289222589835808,0.4805074238165056,1,-0.9997848406272287,-0.41467395424842834,0.5851108863788004
257,8,17,False,0,-50.0,0,3,1,,0.2109987977576761,0.030725516646050763,-50.210998797757675,0,0.0,0.0,0,-0.3379092749655421,-0.36768704652786255,0.029777771562320476
258,8,18,False,0,-50.0,0,3,1,,0.25599344781286326,0.020746919865943344,-50.25599344781286,0,0.0,0.0,0,-0.3001425059776466,-0.17929935455322266,0.12084315142442392
259,8,19,True,1,0.3196809015241734,3,3,0,0.7745966692414834,0.2246484983323454,0.03506878987007799,0.09503240319182799,0,0.0,0.0,0,-0.2906707116511621,-0.1334402859210968,0.1572304257300653
260,8,20,True,2,0.33523269639657577,1,1,0,0.9486832980505139,0.22762332816820957,0.03654658222448853,0.1076093682283662,0,0.0,0.0,0,-0.28235857390789476,-0.16172751784324646,0.1206310560646483
261,8,21,True,2,0.3592855519970583,3,3,0,0.632455532033676,0.30320895701351425,0.02387549979930213,0.05607659498354406,0,0.0,0.0,0,-0.16018984398747965,-0.10788383334875107,0.052306010638728584
262,8,22,True,3,0.37370414995609547,1,1,0,0.39999999999999997,0.2876587944000254,0.03269854523692762,0.08604535555607007,0,0.0,0.0,0,-0.06472242197239124,-0.07786308974027634,0.013140667767885097
263,8,23,True,2,0.3913126326219002,1,3,1,0.7378647873726218,0.3339659885283264,0.023313227239422453,0.05734664409357382,1,0.05734664409357382,0.06424354912991356,1,-0.04483220994065959,0.02827741950750351,0.0731096294481631
264,8,24,True,1,0.40663674225177887,1,1,0,0.7745966692414834,0.32779093101547463,0.0289196461471232,0.07884581123630424,0,0.0,0.0,0,-0.034365016345141934,0.04350694268941879,0.07787195903456073
265,8,25,False,0,-50.0,0,0,0,,-0.9095637194708754,0.007060231488220024,-49.090436280529126,0,0.0,0.0,0,-1.0000001621989725,-0.11501050740480423,0.8849896547941682
266,8,26,False,0,-50.0,0,0,0,,-0.8743940548206602,0.0036488080782489294,-49.12560594517934,0,0.0,0.0,0,-0.9999992944357562,-0.018006928265094757,0.9819923661706614
267,8,27,False,0,-50.0,0,0,0,,-0.8877920223064566,0.00556089204866515,-49.112207977693544,0,0.0,0.0,0,-0.9999995796318034,0.09484553337097168,1.094845113002775
268,8,28,False,0,-50.0,0,1,1,,-0.9832525406427546,0.004985220897633661,-49.01674745935725,0,0.0,0.0,0,-1.000000012928915,0.2923924922943115,1.2923925052232266
269,8,29,False,0,-50.0,0,1,1,,-0.943058638185366,0.007451672530454396,-49.05694136181464,0,0.0,0.0,0,-1.0000001674969108,0.16093754768371582,1.1609377151806266
270,9,0,False,0,-50.0,0,0,0,,-0.8727193088849358,0.0032852784028697766,-49.12728069111506,0,0.0,0.0,0,-0.9999979317942822,-1.1631478071212769,0.16314987532699465
271,9,1,False,0,-50.0,0,3,1,,-0.7508287446566848,0.01842437403315617,-49.24917125534331,0,0.0,0.0,0,-0.9997794120035476,-1.1819043159484863,0.18212490394493874
272,9,2,False,0,-50.0,0,0,0,,-0.77761283410964,0.017509129214514543,-49.22238716589036,0,0.0,0.0,0,-0.9997726190503343,-1.0143624544143677,0.014589835364033354
273,9,3,False,0,-50.0,0,3,1,,-0.8631211581200358,0.0028991670220020016,-49.13687884187996,0,0.0,0.0,0,-0.9998647334923609,-1.110123872756958,0.11025913926459707
274,9,4,False,0,-50.0,0,2,1,,-0.8631211581200358,0.0028991670220020016,-49.13687884187996,0,0.0,0.0,0,-0.9997595810005931,-0.7569593787193298,0.2428002022812633
275,9,5,False,0,-50.0,0,2,1,,-0.8514081773578994,0.009128770880338631,-49.1485918226421,0,0.0,0.0,0,-0.9997527272143312,-0.7404735088348389,0.2592792183794923
276,9,6,True,2,-0.6492543454568148,3,3,0,0.9486832980505139,-0.582350348528722,0.028222886147316814,-0.06690399692809279,0,0.0,0.0,0,-0.9997496943472176,-0.9565609097480774,0.04318878459914022
277,9,7,True,3,-0.6457114602941997,0,0,0,1.0,-0.5901304791574883,0.027197454558582967,-0.055580981136711394,0,0.0,0.0,0,-0.999767308316807,-0.8290092349052429,0.17075807341156413
278,9,8,True,2,-0.5560796303735788,0,0,0,0.9486832980505139,-0.862430109922844,0.0035902152191936926,0.3063504795492652,0,0.0,0.0,0,-0.9995467460498714,-0.873389720916748,0.12615702513312332
279,9,9,True,2,-0.5078561608978046,1,3,1,0.7378647873726218,-0.8660203251420378,1.2490984923352586e-17,0.35816416424423314,1,0.35816416424423314,0.40123946999676763,1,-0.9992844047077231,-0.8604894876480103,0.1387949170597128
280,9,10,True,2,-0.5129129007944857,2,0,1,0.21081851067789195,-0.8660203251420378,1.2490984923352586e-17,0.35310742434755205,1,0.35310742434755205,0.39557457149879205,1,-0.9993397916541769,-0.6091629862785339,0.3901768053756429
281,9,11,True,2,-0.48671107554108195,1,0,1,0.21081851067789195,-0.8660203251420378,1.2490984923352586e-17,0.3793092496009558,1,0.3793092496009558,0.42492760992966827,1,-0.9994876373041509,-0.7399373650550842,0.2595502722490667
282,9,12,True,2,-0.47947122951749455,3,2,1,-0.21081851067789195,-0.8660203251420378,1.2490984923352586e-17,0.3865490956245432,1,0.3865490956245432,0.43303817003411677,1,-0.9997829214239293,-0.4459379017353058,0.5538450196886235
283,9,13,True,4,-0.47367877179914325,0,0,0,1.0,-0.8660203251420378,1.2490984923352586e-17,0.3923415533428945,0,0.0,0.0,0,-0.9997823461917733,-0.5830320715904236,0.4167502746013497
284,9,14,False,0,-50.0,0,0,0,,-0.8660203251420378,1.2490984923352586e-17,-49.13397967485796,0,0.0,0.0,0,-0.999614664158221,-0.5997973084449768,0.39981735571324417
285,9,15,True,2,-0.46164529297315315,0,0,0,0.9486832980505139,-0.8660203251420378,1.2490984923352586e-17,0.4043750321688846,0,0.0,0.0,0,-0.9997748141297236,-0.5493037104606628,0.45047110366906074
286,9,16,True,3,-0.4309067046138745,1,0,1,-0.6000000000000001,-0.8660203251420378,1.2490984923352586e-17,0.43511362052816327,1,0.43511362052816327,0.48744340142875114,1,-0.9997189637769641,-0.4697324335575104,0.5299865302194537
287,9,17,False,0,-50.0,0,0,0,,0.19138043811119893,0.03176206580375937,-50.191380438111196,0,0.0,0.0,0,-0.38273639963606326,-0.44154787063598633,0.058811470999923066
288,9,18,False,0,-50.0,0,3,1,,-0.858726363635715,0.0072939615063227735,-49.14127363636428,0,0.0,0.0,0,-0.9826840759419717,-0.3206692934036255,0.6620147825383462
289,9,19,False,0,-50.0,0,1,1,,-0.858726363635715,0.0072939615063227735,-49.14127363636428,0,0.0,0.0,0,-0.9828551097364029,-0.3291986882686615,0.6536564214677414
290,9,20,True,2,0.3503465884234817,3,3,0,0.632455532033676,0.3038780132399214,0.02388550591845802,0.04646857518356029,0,0.0,0.0,0,-0.27774663795167054,-0.11291051656007767,0.16483612139159287
291,9,21,True,2,0.36605396789572364,3,3,0,0.632455532033676,0.28143145226685584,0.03330641437377594,0.0846225156288678,0,0.0,0.0,0,-0.2696716218454681,-0.11231783777475357,0.15735378407071454
292,9,22,True,3,0.3896220596330793,3,3,0,1.0,0.3332985734875676,0.023315042258831246,0.05632348614551169,0,0.0,0.0,0,-0.05142924533776527,-0.037034936249256134,0.014394309088509138
293,9,23,True,3,0.4059473506169075,3,3,0,1.0,0.32761503374170164,0.02891402555087068,0.07833231687520587,0,0.0,0.0,0,-0.03453332572121906,0.009731493890285492,0.04426481961150455
294,9,24,True,3,0.42211031274277694,1,1,0,0.39999999999999997,0.3585881987132603,0.024887837937707685,0.06352211402951663,0,0.0,0.0,0,-0.02320465733428246,0.0006783828139305115,0.02388304014821297
295,9,25,False,0,-50.0,0,3,1,,-0.8743940548206602,0.0036488080782489294,-49.12560594517934,0,0.0,0.0,0,-0.9999994018044859,-0.09715753048658371,0.9028418713179022
296,9,26,False,0,-50.0,0,0,0,,-0.8727193088849358,0.0032852784028697766,-49.12728069111506,0,0.0,0.0,0,-0.9999993675413953,-0.09245888143777847,0.9075404861036168
297,9,27,False,0,-50.0,0,0,0,,-0.8810930385635585,0.0047630574075680065,-49.118906961436444,0,0.0,0.0,0,-0.9999996245978865,0.06491125375032425,1.0649108783482109
298,9,28,False,0,-50.0,0,3,1,,-0.98157779470703,0.00519106270364699,-49.01842220529297,0,0.0,0.0,0,-0.9999998738558201,0.29192909598350525,1.2919289698393253
299,9,29,False,0,-50.0,0,1,1,,-0.9832525406427546,0.004985220897633661,-49.01674745935725,0,0.0,0.0,0,-0.9999998896771332,0.32075127959251404,1.3207511692696472
300,10,0,False,0,-50.0,0,0,0,,-0.8727193088849358,0.0032852784028697766,-49.12728069111506,0,0.0,0.0,0,-0.9999972687669946,-1.2407512664794922,0.2407539977124976
301,10,1,False,0,-50.0,0,0,0,,-0.7706722754616766,0.01841756904156189,-49.22932772453832,0,0.0,0.0,0,-0.9997817818446079,-0.8641073107719421,0.13567447107266573
302,10,2,False,0,-50.0,0,0,0,,-0.7508287446566848,0.01842437403315617,-49.24917125534331,0,0.0,0.0,0,-0.9997795386909015,-1.0943806171417236,0.09460107845082211
303,10,3,False,0,-50.0,0,0,0,,-0.8631211581200358,0.0028991670220020016,-49.13687884187996,0,0.0,0.0,0,-0.99994378167616,-0.785846471786499,0.21409730988966102
304,10,4,False,0,-50.0,0,3,1,,-0.8631211581200358,0.0028991670220020016,-49.13687884187996,0,0.0,0.0,0,-0.9999454352940119,-1.1168615818023682,0.11691614650835624
305,10,5,False,0,-50.0,0,2,1,,-0.8660203251420378,1.2490984923352586e-17,-49.13397967485796,0,0.0,0.0,0,-0.9999444202255626,-1.1930453777313232,0.19310095750576062
306,10,6,True,1,-0.6539154169664331,0,0,0,0.7745966692414834,-0.5990618442045037,0.02761938856091683,-0.05485357276192937,0,0.0,0.0,0,-0.9996749194484881,-1.0160068273544312,0.016331907905943077
307,10,7,True,1,-0.565349493571738,3,2,1,0.2581988897471611,-0.7314608705622526,0.022141710797606212,0.1661113769905146,1,0.1661113769905146,0.18608908293421061,1,-0.9995728419370704,-0.7190445065498352,0.2805283353872352
308,10,8,True,2,-0.5607500177933845,0,3,1,0.10540925533894598,-0.818336916221386,0.012886444583286135,0.25758689842800153,1,0.25758689842800153,0.2885660848327784,1,-0.9995628046319596,-0.7426890730857849,0.25687373154617466
309,10,9,True,2,-0.502528400962786,1,0,1,0.21081851067789195,-0.8660203251420378,1.2490984923352586e-17,0.3634919241792518,1,0.3634919241792518,0.40720798328203084,1,-0.9992312772859613,-0.8995814323425293,0.09964984494343199
310,10,10,True,2,-0.4875732346456151,3,1,1,0.7378647873726218,-0.863839522282916,0.002180802859121596,0.37626628763730097,1,0.37626628763730097,0.4215186802616387,1,-0.998117751307553,-0.8789497017860413,0.11916804952151172
311,10,11,True,2,-0.48112329709983576,3,2,1,0.10540925533894598,-0.8660203251420378,1.2490984923352586e-17,0.384897028042202,1,0.384897028042202,0.43118741334957755,1,-0.9980740141496279,-0.6989006400108337,0.2991733741387942
312,10,12,True,3,-0.4749096174370856,1,2,1,0.39999999999999997,-0.8660203251420378,1.2490984923352586e-17,0.39111070770495215,1,0.39111070770495215,0.43814839321162613,1,-0.9979509605115405,-0.8704609274864197,0.12749003302512085
313,10,13,True,2,-0.47913922701331113,3,3,0,0.9486832980505139,-0.8660203251420378,1.2490984923352586e-17,0.3868810981287266,0,0.0,0.0,0,-0.9995003995571754,-0.6145780086517334,0.384922390905442
314,10,14,True,1,-0.47388464873391883,3,3,0,0.7745966692414834,-0.8660203251420378,1.2490984923352586e-17,0.3921356764081189,0,0.0,0.0,0,-0.9994615718524261,-0.3757283091545105,0.6237332626979156
315,10,15,True,4,-0.46819218199295726,0,0,0,0.39999999999999997,-0.8660203251420378,1.2490984923352586e-17,0.3978281431490805,0,0.0,0.0,0,-0.9994503617130683,-0.5557803511619568,0.44367001055111155
316,10,16,True,2,-0.4247562835180346,1,0,1,0.7378647873726218,-0.8660203251420378,1.2490984923352586e-17,0.4412640416240031,1,0.4412640416240031,0.49433351481002435,1,-0.998612718663987,-0.5264795422554016,0.47213317640858543
317,10,17,False,0,-50.0,0,3,1,,-0.858726363635715,0.0072939615063227735,-49.14127363636428,0,0.0,0.0,0,-0.9665217201750472,-0.27347061038017273,0.6930511097948745
318,10,18,False,0,-50.0,0,0,0,,-0.858726363635715,0.0072939615063227735,-49.14127363636428,0,0.0,0.0,0,-0.9819866583260294,-0.27847522497177124,0.7035114333542581
319,10,19,False,0,-50.0,0,2,1,,-0.8660203251420378,1.2490984923352586e-17,-49.13397967485796,0,0.0,0.0,0,-0.9826658754289749,-0.32960858941078186,0.653057286018193
320,10,20,True,1,0.05098612330826067,3,2,1,0.2581988897471611,-0.7031716435546491,0.03122172552557404,0.7541577668629098,1,0.7541577668629098,0.844858008920394,1,-0.8205459664186805,-0.14917483925819397,0.6713711271604865
321,10,21,True,3,0.0627560598802375,2,1,1,0.0,-0.6168340981532315,0.04517176587382128,0.679590158033469,1,0.679590158033469,0.7613223824325107,1,-0.8185012312042956,-0.20587417483329773,0.6126270563709979
322,10,22,True,2,0.4014399115633185,3,3,0,0.9486832980505139,0.328316670938214,0.028934942916811233,0.0731232406251045,0,0.0,0.0,0,-0.04734940567463855,-0.1743396520614624,0.12699024638682385
323,10,23,True,2,0.42267384927864554,3,3,0,0.9486832980505139,0.3596487351120582,0.024913710369981402,0.06302511416658735,0,0.0,0.0,0,-0.024603314125959837,-0.017142944037914276,0.007460370088045561
324,10,24,True,3,0.43825050025793577,1,1,0,0.39999999999999997,0.376080269938831,0.02524111488882949,0.06217023031910479,0,0.0,0.0,0,-0.011887147095194636,-0.043229810893535614,0.031342663798340976
325,10,25,False,0,-50.0,0,2,1,,-0.9681798272212336,0.006414711145319204,-49.031820172778765,0,0.0,0.0,0,-0.9999998838780374,-0.03546840697526932,0.9645314769027681
326,10,26,False,0,-50.0,0,3,1,,-0.9782283028355809,0.005560892048665154,-49.02177169716442,0,0.0,0.0,0,-0.9999998185195453,0.043977126479148865,1.0439769449986942
327,10,27,False,0,-50.0,0,3,1,,-0.9799030487713054,0.005382455726967273,-49.020096951228695,0,0.0,0.0,0,-0.999999845774042,0.09571615606546402,1.095716001839506
328,10,28,False,0,-50.0,0,0,0,,-0.9832525406427546,0.004985220897633661,-49.01674745935725,0,0.0,0.0,0,-0.999999887969298,0.08747051656246185,1.0874704045317598
329,10,29,False,0,-50.0,0,0,0,,-0.9832525406427546,0.004985220897633662,-49.01674745935725,0,0.0,0.0,0,-0.9999999503034934,0.26597532629966736,1.265975276603161
330,11,0,False,0,-50.0,0,0,0,,-0.8727193088849358,0.0032852784028697766,-49.12728069111506,0,0.0,0.0,0,-0.9999794351548298,-1.246634602546692,0.2466551673918621
331,11,1,False,0,-50.0,0,0,0,,-0.8676950710777621,0.0016747459357245218,-49.13230492892224,0,0.0,0.0,0,-0.9999787020111782,-1.4332058429718018,0.43322714096062354
332,11,2,False,0,-50.0,0,0,0,,-0.7722846652402137,0.01870468745419497,-49.227715334759786,0,0.0,0.0,0,-0.99994314177785,-0.877403736114502,0.12253940566334809
333,11,3,False,0,-50.0,0,2,1,,-0.764998524011508,0.01796325928947441,-49.23500147598849,0,0.0,0.0,0,-0.9999471582198676,-0.8766526579856873,0.12329450023418032
334,11,4,False,0,-50.0,0,0,0,,-0.8660203251420378,1.2490984923352586e-17,-49.13397967485796,0,0.0,0.0,0,-0.9999467642719628,-0.8537821173667908,0.14616464690517206
335,11,5,False,0,-50.0,0,0,0,,-0.8631211581200358,0.0028991670220020016,-49.13687884187996,0,0.0,0.0,0,-0.9998996888575896,-1.1348212957382202,0.1349216068806306
336,11,6,False,0,-50.0,0,3,1,,-0.7854123688720498,0.016280659671601246,-49.21458763112795,0,0.0,0.0,0,-0.9982710179468495,-0.758377730846405,0.23989328710044444
337,11,7,False,0,-50.0,0,2,1,,-0.7523359813556161,0.019449528433547796,-49.247664018644386,0,0.0,0.0,0,-0.9982132409007975,-0.7505771517753601,0.24763608912543744
338,11,8,False,0,-50.0,0,2,1,,-0.7854123688720498,0.016280659671601246,-49.21458763112795,0,0.0,0.0,0,-0.99818983714724,-0.7140559554100037,0.2841338817372363
339,11,9,True,1,-0.4975034357742672,3,3,0,0.7745966692414834,-0.863839522282916,0.002180802859121596,0.36633608650864885,0,0.0,0.0,0,-0.9981680436203978,-0.6294940114021301,0.36867403221826767
340,11,10,True,1,-0.49242771336162194,3,3,0,0.7745966692414834,-0.8660203251420378,1.2490984923352586e-17,0.3735926117804158,0,0.0,0.0,0,-0.99811833587027,-0.5924639105796814,0.4056544252905886
341,11,11,True,2,-0.48695400500995767,0,0,0,0.9486832980505139,-0.8660203251420378,1.2490984923352586e-17,0.3790663201320801,0,0.0,0.0,0,-0.9980961906547415,-0.825002908706665,0.1730932819480765
342,11,12,True,3,-0.46900332606782863,1,0,1,0.39999999999999997,-0.8660203251420378,1.2490984923352586e-17,0.3970169990742091,1,0.3970169990742091,0.44476501613270414,1,-0.9976328859339147,-0.83002108335495,0.1676118025789648
343,11,13,True,2,-0.4854034169308654,0,0,0,0.632455532033676,-0.8660203251420378,1.2490984923352586e-17,0.38061690821117233,0,0.0,0.0,0,-0.9995058023075746,-0.649257481098175,0.3502483212093995
344,11,14,True,1,-0.4450740162626696,1,3,1,0.2581988897471611,-0.8660203251420378,1.2490984923352586e-17,0.4209463088793681,1,0.4209463088793681,0.471572230650858,1,-0.9904088708609817,-0.7063612937927246,0.2840475770682571
345,11,15,True,1,-0.4729230525508814,0,0,0,0.7745966692414834,-0.8660203251420378,1.2490984923352586e-17,0.39309727259115634,0,0.0,0.0,0,-0.9989792996375847,-0.44528356194496155,0.5536957376926231
346,11,16,True,2,-0.4189457413856296,3,3,0,0.9486832980505139,-0.8602854063927821,0.0057349187492556734,0.44133966500715244,0,0.0,0.0,0,-0.9774834752475056,-0.4784790873527527,0.4990043878947529
347,11,17,True,2,-0.4130765069084527,3,3,0,0.9486832980505139,-0.8602854063927821,0.0057349187492556734,0.44720889948432935,0,0.0,0.0,0,-0.9770405979947632,-0.49829939007759094,0.47874120791717223
348,11,18,True,2,-0.40669194725962016,1,1,0,0.9486832980505139,-0.8602854063927821,0.0057349187492556734,0.4535934591331619,0,0.0,0.0,0,-0.9767135698042809,-0.505623459815979,0.4710901099883019
349,11,19,True,1,-0.3995737034638141,3,3,0,0.7745966692414834,-0.8492105086722674,0.012407042853279785,0.44963680520845334,0,0.0,0.0,0,-0.9773477878818031,-0.27389007806777954,0.7034577098140236
350,11,20,True,1,-0.3813357850927889,1,1,0,0.7745966692414834,-0.8472842327800695,0.014143273891165094,0.46594844768728055,0,0.0,0.0,0,-0.9772147331481007,-0.39701712131500244,0.5801976118330983
351,11,21,True,3,0.04236646884296669,0,0,0,0.19999999999999998,-0.5321033364777101,0.05105540109498601,0.5744698053206768,0,0.0,0.0,0,-0.8320090054631716,-0.2794787287712097,0.5525302766919619
352,11,22,True,1,0.3933015507582568,3,3,0,0.7745966692414834,0.33405205344850286,0.02325594575519598,0.05924949730975393,0,0.0,0.0,0,-0.050186965287969176,-0.14953124523162842,0.09934427994365924
353,11,23,True,1,0.4073753035704438,1,1,0,0.7745966692414834,0.34638088649208,0.023539761379604365,0.06099441707836384,0,0.0,0.0,0,-0.03977639888901412,-0.26611873507499695,0.22634233618598282
354,11,24,True,2,0.45490762249278555,3,3,0,0.632455532033676,0.3899872103285804,0.025498753639194918,0.06492041216420513,0,0.0,0.0,0,-0.00038036124451059717,-0.009142987430095673,0.008762626185585076
355,11,25,True,3,0.4716663651410644,3,3,0,1.0,0.3685786727365413,0.03560759300063368,0.10308769240452309,0,0.0,0.0,0,0.01578273650205404,0.024734266102313995,0.008951529600259956
356,11,26,True,3,0.4886024519491065,1,1,0,1.0,0.41687318623455666,0.025956975087015458,0.07172926571454985,0,0.0,0.0,0,0.0319004761665057,0.07914131134748459,0.047240835180978887
357,11,27,True,2,0.46685549285038663,1,1,0,0.9486832980505139,0.45821832514919325,0.018919110959768073,0.008637167701193382,0,0.0,0.0,0,-0.23272409076946102,0.12319234758615494,0.3559164383556159
358,11,28,True,2,0.4003645287554899,1,1,0,0.9486832980505139,0.3795902440902167,0.04441166119435784,0.0207742846652732,0,0.0,0.0,0,-0.8046283574895476,0.21690824627876282,1.0215366037683105
360,12,0,False,0,-50.0,0,0,0,,-0.8727193088849358,0.0032852784028697766,-49.12728069111506,0,0.0,0.0,0,-0.9999783796626871,-1.403501272201538,0.403522892538851
361,12,1,False,0,-50.0,0,3,1,,-0.8676950710777621,0.0016747459357245218,-49.13230492892224,0,0.0,0.0,0,-0.9999473509845616,-1.287487506866455,0.2875401558818935
362,12,2,False,0,-50.0,0,2,1,,-0.8693698170134867,0.0023534104960733432,-49.130630182986515,0,0.0,0.0,0,-0.9999479904476972,-1.0704597234725952,0.070511733024898
363,12,3,False,0,-50.0,0,1,1,,-0.8660203251420378,1.2490984923352586e-17,-49.13397967485796,0,0.0,0.0,0,-0.9999404800579755,-1.3508094549179077,0.3508689748599322
364,12,4,False,0,-50.0,0,0,0,,-0.8660203251420378,1.2490984923352586e-17,-49.13397967485796,0,0.0,0.0,0,-0.9999406991809122,-1.397939920425415,0.3979992212445028
365,12,5,False,0,-50.0,0,3,1,,-0.8660203251420378,1.2490984923352586e-17,-49.13397967485796,0,0.0,0.0,0,-0.9986244916783853,-1.1232693195343018,0.12464482785591646
366,12,6,False,0,-50.0,0,2,1,,-0.8660203251420378,1.2490984923352586e-17,-49.13397967485796,0,0.0,0.0,0,-0.9982693961382116,-0.8025979399681091,0.1956714561701025
367,12,7,False,0,-50.0,0,2,1,,-0.8660203251420378,1.2490984923352586e-17,-49.13397967485796,0,0.0,0.0,0,-0.9982209401624218,-0.7633963823318481,0.23482455783057365
368,12,8,False,0,-50.0,0,3,1,,-0.8660203251420378,1.2490984923352586e-17,-49.13397967485796,0,0.0,0.0,0,-0.9981963015654413,-1.0945842266082764,0.09638792504283511
369,12,9,False,0,-50.0,0,2,1,,-0.8660203251420378,1.2490984923352586e-17,-49.13397967485796,0,0.0,0.0,0,-0.9981700759844339,-0.7011576294898987,0.2970124464945352
370,12,10,True,1,-0.4974986202968727,3,3,0,0.7745966692414834,-0.8660203251420378,1.2490984923352586e-17,0.36852170484516505,0,0.0,0.0,0,-0.99814670424257,-0.6805725693702698,0.31757413487230024
371,12,11,True,2,-0.49242284924304164,0,0,0,0.632455532033676,-0.8660203251420378,1.2490984923352586e-17,0.3735974758989961,0,0.0,0.0,0,-0.9981233056707859,-0.6899515390396118,0.30817176663117407
372,12,12,True,1,-0.4636397237591588,3,2,1,0.2581988897471611,-0.8660203251420378,1.2490984923352586e-17,0.40238060138287896,1,0.40238060138287896,0.45077368244398985,1,-0.988593843950208,-0.5551037192344666,0.43349012471574144
373,12,13,True,2,-0.45702200568433904,1,2,1,0.7378647873726218,-0.8660203251420378,1.2490984923352586e-17,0.4089983194576987,1,0.4089983194576987,0.4581872931789769,1,-0.9882224551612043,-0.9597476124763489,0.02847484268485545
374,12,14,True,1,-0.4394687037539477,3,2,1,0.2581988897471611,-0.8602854063927821,0.0057349187492556734,0.42081670263883436,1,0.42081670263883436,0.4714270370652022,1,-0.9768913229295167,-0.4392283856868744,0.5376629372426424
375,12,15,True,1,-0.4338067719269558,3,3,0,0.7745966692414834,-0.8602854063927821,0.0057349187492556734,0.42647863446582623,0,0.0,0.0,0,-0.9762712633368722,-0.6940832734107971,0.2821879899260751
376,12,16,True,2,-0.4261908063886284,3,3,0,0.9486832980505139,-0.8602854063927821,0.0057349187492556734,0.4340946000041537,0,0.0,0.0,0,-0.9759179500880126,-0.5659621357917786,0.40995581429623407
377,12,17,True,1,-0.4203947543862294,0,0,0,0.7745966692414834,-0.8602854063927821,0.0057349187492556734,0.43989065200655264,0,0.0,0.0,0,-0.9772357792823096,-0.38950115442276,0.5877346248595496
378,12,18,True,2,-0.3995737034638141,3,3,0,0.632455532033676,-0.8602854063927821,0.0057349187492556734,0.46071170292896796,0,0.0,0.0,0,-0.9763822061111895,-0.24307933449745178,0.7333028716137378
379,12,19,True,2,-0.3935087918359118,3,2,1,-0.10540925533894598,-0.8602854063927821,0.0057349187492556734,0.46677661455687025,1,0.46677661455687025,0.5229144066573089,1,-0.9761138023771272,-0.36845478415489197,0.6076590182222352
380,12,20,True,1,-0.37508665204199154,3,3,0,0.7745966692414834,-0.854323676680299,0.008219850589039065,0.4792370246383074,0,0.0,0.0,0,-0.9769346616193869,-0.1627548336982727,0.8141798279211142
381,12,21,True,2,-0.36793697052461466,1,3,1,0.21081851067789195,-0.8602854063927821,0.0057349187492556734,0.4923484358681674,1,0.4923484358681674,0.5515616725038169,1,-0.9767005280854095,-0.26807308197021484,0.7086274461151947
382,12,22,True,4,-0.3747154430064907,2,1,1,-0.39999999999999997,-0.8602854063927821,0.0057349187492556734,0.4855699633862914,1,0.4855699633862914,0.5439679739221772,1,-0.9816444519570816,-0.32989558577537537,0.6517488661817062
383,12,23,True,2,0.4215912155019459,3,3,0,0.632455532033676,0.36071836750190694,0.02494599841754327,0.06087284800003895,0,0.0,0.0,0,-0.0282124165532359,-0.1804039478302002,0.1521915312769643
384,12,24,True,3,0.43862860024024375,0,0,0,0.7999999999999999,0.37590083730568147,0.025236408892726554,0.06272776293456228,0,0.0,0.0,0,-0.013195776107042125,-0.11241257935762405,0.09921680325058194
385,12,25,True,3,0.45524952549096503,0,0,0,0.39999999999999997,0.38925488846641665,0.025474103293941203,0.06599463702454839,0,0.0,0.0,0,0.0013513842617228495,-0.12401048094034195,0.1253618652020648
386,12,26,True,2,0.5054951266227093,1,3,1,0.21081851067789195,0.4584070049709942,0.018924611545618152,0.047088121651715165,1,0.047088121651715165,0.05275126565089271,1,0.04418655049825028,0.12405527383089066,0.07986872333264038
387,12,27,True,3,0.48984423789378284,2,3,1,0.7999999999999999,0.4367717037387643,0.0322147699527161,0.05307253415501856,1,0.05307253415501856,0.05945540509525686,0,0.04431424441115606,0.12485256046056747,0.08053831604941142
388,12,28,True,3,0.5062635483103841,3,3,0,0.7999999999999999,0.4680191898163179,0.026790348114182124,0.03824435849406621,0,0.0,0.0,0,0.0634226348640124,0.18711283802986145,0.12369020316584906
389,12,29,True,3,0.526319874112362,3,1,1,0.19999999999999998,0.510009651830569,0.017858423264728585,0.01631022228179302,1,0.01631022228179302,0.01827180270166147,0,0.09965529718702962,0.23558899760246277,0.13593370041543315
390,13,0,False,0,-50.0,0,3,1,,-0.8676950710777621,0.0016747459357245218,-49.13230492892224,0,0.0,0.0,0,-0.9999365450426412,-1.4064840078353882,0.406547462792747
391,13,1,False,0,-50.0,0,3,1,,-0.8660203251420378,1.2490984923352586e-17,-49.13397967485796,0,0.0,0.0,0,-0.9999352340382173,-1.3551056385040283,0.35517040446581105
392,13,2,False,0,-50.0,0,2,1,,-0.8676950710777621,0.0016747459357245218,-49.13230492892224,0,0.0,0.0,0,-0.9999335797139066,-1.439766526222229,0.4398329465083224
393,13,3,False,0,-50.0,0,0,0,,-0.8660203251420378,1.2490984923352586e-17,-49.13397967485796,0,0.0,0.0,0,-0.9999390301127159,-0.9873227477073669,0.012616282405348955
394,13,4,False,0,-50.0,0,0,0,,-0.8660203251420378,1.2490984923352586e-17,-49.13397967485796,0,0.0,0.0,0,-0.999923772715144,-1.3318254947662354,0.33190172205109136
395,13,5,False,0,-50.0,0,3,1,,-0.8660203251420378,1.2490984923352586e-17,-49.13397967485796,0,0.0,0.0,0,-0.9992657253952804,-1.2009029388427734,0.20163721344749308
396,13,6,False,0,-50.0,0,2,1,,-0.8660203251420378,1.2490984923352586e-17,-49.13397967485796,0,0.0,0.0,0,-0.9992733109848989,-1.4008821249008179,0.40160881391591896
397,13,7,False,0,-50.0,0,3,1,,-0.8660203251420378,1.2490984923352586e-17,-49.13397967485796,0,0.0,0.0,0,-0.9982801385415246,-1.253577709197998,0.2552975706564734
398,13,8,False,0,-50.0,0,0,0,,-0.8660203251420378,1.2490984923352586e-17,-49.13397967485796,0,0.0,0.0,0,-0.9982192016691288,-1.123095989227295,0.12487678755816611
399,13,9,False,0,-50.0,0,3,1,,-0.8676950710777621,0.001674745935724524,-49.13230492892224,0,0.0,0.0,0,-0.9994835373969034,-0.7582518458366394,0.24123169156026403
400,13,10,False,0,-50.0,0,3,1,,-0.8660203251420378,1.2490984923352586e-17,-49.13397967485796,0,0.0,0.0,0,-0.9994779558552792,-0.7074050307273865,0.29207292512789274
401,13,11,False,0,-50.0,0,3,1,,-0.8676950710777621,0.001674745935724524,-49.13230492892224,0,0.0,0.0,0,-0.9994710607777164,-1.0262303352355957,0.02675927445787929
402,13,12,False,0,-50.0,0,2,1,,-0.8660203251420378,1.2490984923352586e-17,-49.13397967485796,0,0.0,0.0,0,-0.9994636700057581,-1.0923689603805542,0.09290529037479611
403,13,13,True,2,-0.4506232756463044,3,3,0,0.9486832980505139,-0.8602854063927821,0.0057349187492556734,0.40966213074647767,0,0.0,0.0,0,-0.9864029530319505,-0.8111088871955872,0.1752940658363633
404,13,14,True,1,-0.4450740162626696,3,3,0,0.7745966692414834,-0.8602854063927821,0.0057349187492556734,0.41521139013011243,0,0.0,0.0,0,-0.9778587868170233,-0.5289499163627625,0.44890887045426087
405,13,15,True,1,-0.4394687037539477,0,0,0,0.7745966692414834,-0.8602854063927821,0.0057349187492556734,0.42081670263883436,0,0.0,0.0,0,-0.9765810875368707,-0.5225113034248352,0.45406978411203547
406,13,16,True,2,-0.46533355155692363,3,3,0,0.9486832980505139,-0.8602854063927821,0.0057349187492556734,0.39495185483585843,0,0.0,0.0,0,-0.9722022281389215,-0.5917535424232483,0.38044868571567325
407,13,17,True,1,-0.4599328809700984,3,3,0,0.7745966692414834,-0.8602854063927821,0.0057349187492556734,0.4003525254226837,0,0.0,0.0,0,-0.9736118652468974,-0.3390859067440033,0.6345259585028941
408,13,18,True,1,-0.45447765815512337,3,3,0,0.7745966692414834,-0.8602854063927821,0.0057349187492556734,0.4058077482376587,0,0.0,0.0,0,-0.973485666680588,-0.2805067300796509,0.6929789366009371
409,13,19,True,1,-0.44896733207939105,3,2,1,0.2581988897471611,-0.8602854063927821,0.0057349187492556734,0.411318074313391,1,0.411318074313391,0.46078603783782474,1,-0.9731430973194167,-0.19926562905311584,0.7738774682663009
410,13,20,True,2,-0.4489421671909721,3,3,0,0.9486832980505139,-0.8506337246515183,0.014393036742364787,0.40169155746054624,0,0.0,0.0,0,-0.9727512636016425,-0.3485254943370819,0.6242257692645606
411,13,21,True,2,-0.3778907658271907,0,0,0,0.9486832980505139,-0.854323676680299,0.008219850589039065,0.47643291085310824,0,0.0,0.0,0,-0.9767398344677564,-0.20229479670524597,0.7744450377625104
412,13,22,True,3,-0.38144750521650195,0,0,0,0.632455532033676,-0.8602854063927821,0.0057349187492556734,0.4788379011762801,0,0.0,0.0,0,-0.9818429659265034,-0.3559548258781433,0.6258881400483601
413,13,23,True,1,0.40980045303940904,3,3,0,0.7745966692414834,0.3632878505121919,0.01625293338492305,0.04651260252721712,0,0.0,0.0,0,-0.03563520917046067,-0.19269457459449768,0.157059365424037
414,13,24,True,2,0.4249978464425576,3,3,0,0.9486832980505139,0.3782921420620683,0.018036286801259394,0.04670570438048932,0,0.0,0.0,0,-0.025136681328013347,-0.12289262562990189,0.09775594430188854
415,13,25,True,2,0.43939176385761636,0,0,0,0.9486832980505139,0.37660101737282725,0.02524278351505228,0.0627907464847891,0,0.0,0.0,0,-0.011427278433522935,-0.12942469120025635,0.11799741276673341
416,13,26,True,2,0.5232780171878458,3,3,0,0.632455532033676,0.4951829896190819,0.022524405321544882,0.02809502756876392,0,0.0,0.0,0,0.1000083502903431,0.09762532263994217,0.0023830276504009373
417,13,27,True,4,0.5410816617193931,1,1,0,0.7999999999999999,0.5045370361706445,0.02365155957707618,0.0365446255487486,0,0.0,0.0,0,0.12792235020747736,0.14184784889221191,0.013925498684734555
418,13,28,True,2,0.5589291436423935,1,1,0,0.9486832980505139,0.5566263640657947,0.004796942396144192,0.002302779576598857,0,0.0,0.0,0,0.16719171030059055,0.2518819272518158,0.08469021695122525
419,13,29,True,4,0.5417372463523683,2,2,0,0.19999999999999998,0.536775486164978,0.0046115827389072135,0.004961760187390252,0,0.0,0.0,0,0.1424785067481656,0.21173551678657532,0.06925701003840973
420,14,0,False,0,-50.0,0,3,1,,-0.8660203251420378,1.2490984923352586e-17,-49.13397967485796,0,0.0,0.0,0,-0.9999323979596724,-1.4813517332077026,0.48141933524803027
421,14,1,False,0,-50.0,0,0,0,,-0.8676950710777621,0.0016747459357245218,-49.13230492892224,0,0.0,0.0,0,-0.9999350256353122,-1.1081852912902832,0.10825026565497098
422,14,2,False,0,-50.0,0,0,0,,-0.8660203251420378,1.2490984923352586e-17,-49.13397967485796,0,0.0,0.0,0,-0.9998982157142252,-1.4994149208068848,0.49951670509265955
423,14,3,False,0,-50.0,0,0,0,,-0.8660203251420378,1.2490984923352586e-17,-49.13397967485796,0,0.0,0.0,0,-0.9988453112504833,-1.669084072113037,0.6702387608625539
424,14,4,False,0,-50.0,0,3,1,,-0.8660203251420378,1.2490984923352586e-17,-49.13397967485796,0,0.0,0.0,0,-0.9993037478864756,-0.9589829444885254,0.04032080339795019
425,14,5,False,0,-50.0,0,0,0,,-0.8660203251420378,1.2490984923352586e-17,-49.13397967485796,0,0.0,0.0,0,-0.9992784729281078,-0.9753561615943909,0.023922311333716917
426,14,6,False,0,-50.0,0,0,0,,-0.8660203251420378,1.2490984923352586e-17,-49.13397967485796,0,0.0,0.0,0,-0.9992585893659055,-1.3345699310302734,0.33531134166436793
427,14,7,False,0,-50.0,0,0,0,,-0.8660203251420378,1.2490984923352586e-17,-49.13397967485796,0,0.0,0.0,0,-0.9983004326696038,-1.2890759706497192,0.29077553798011546
428,14,8,False,0,-50.0,0,0,0,,-0.8660203251420378,1.2490984923352586e-17,-49.13397967485796,0,0.0,0.0,0,-0.998284089303458,-1.2415306568145752,0.24324656751111717
429,14,9,False,0,-50.0,0,3,1,,-0.8660203251420378,1.2490984923352586e-17,-49.13397967485796,0,0.0,0.0,0,-0.9999787218340714,-1.2250380516052246,0.22505932977115317
430,14,10,False,0,-50.0,0,2,1,,-0.8660203251420378,1.2490984923352586e-17,-49.13397967485796,0,0.0,0.0,0,-0.9999792866141926,-1.28353750705719,0.2835582204429974
431,14,11,False,0,-50.0,0,0,0,,-0.8660203251420378,1.2490984923352586e-17,-49.13397967485796,0,0.0,0.0,0,-0.9994768213459501,-0.8615373969078064,0.13793942443814367
432,14,12,False,0,-50.0,0,2,1,,-0.8660203251420378,1.2490984923352586e-17,-49.13397967485796,0,0.0,0.0,0,-0.9993355902829277,-0.6399106979370117,0.359424892345916
433,14,13,True,2,-0.9999989913057314,3,3,0,0.632455532033676,-0.8710445629492114,0.0028637913753287113,-0.12895442835652005,0,0.0,0.0,0,-0.9993248155151249,-0.899170458316803,0.10015435719832189
434,14,14,True,2,-0.9999989913057313,3,3,0,0.9486832980505139,-0.8676950710777621,0.0016747459357245211,-0.13230392022796922,0,0.0,0.0,0,-0.9996548986891332,-0.9179044961929321,0.08175040249620102
435,14,15,True,3,-0.9999989913057313,3,2,1,0.316227766016838,-0.8693698170134867,0.002353410496073342,-0.13062917429224463,0,0.0,0.0,0,-0.9996606724716167,-0.9951547384262085,0.004505934045408222
436,14,16,True,1,-0.9999989913057348,3,3,0,0.7745966692414834,-0.8660203251420378,1.2490984923352586e-17,-0.13397866616369702,0,0.0,0.0,0,-0.9666365343874468,-0.41286012530326843,0.5537764090841784
437,14,17,True,2,-0.9999989913057348,1,2,1,0.8944271909999159,-0.8660203251420378,1.2490984923352586e-17,-0.13397866616369702,0,0.0,0.0,0,-0.9661194046186508,-0.7314652800559998,0.234654124562651
438,14,18,False,0,-50.0,0,3,1,,-0.9870980964932281,0.005732208714551409,-49.01290190350677,0,0.0,0.0,0,-0.9448522853143033,-0.5102360844612122,0.43461620085309116
439,14,19,False,0,-50.0,0,3,1,,-0.9916262703213773,0.0036488080782489355,-49.008373729678624,0,0.0,0.0,0,-0.9448538913472897,-0.24687975645065308,0.6979741348966366
440,14,20,True,1,-0.9999997977669054,3,3,0,0.7745966692414834,-0.9966505081285509,0.0023534104960733484,-0.003349289638354458,0,0.0,0.0,0,-0.944134251161362,-0.16508999466896057,0.7790442564924014
441,14,21,True,1,-0.9999997979425332,3,3,0,0.7745966692414834,-0.9983252540642755,0.0016747459357245268,-0.0016745438782577171,0,0.0,0.0,0,-0.9426788479944521,-0.28318798542022705,0.6594908625742251
442,14,22,True,1,-0.999999798261147,3,3,0,0.7745966692414834,-0.9983252540642755,0.0016747459357245268,-0.0016745441968715191,0,0.0,0.0,0,-0.9354879243665575,-0.17986580729484558,0.7556221170717119
444,14,24,False,0,-50.0,0,1,1,,-0.21516682490488853,0.04829115791538552,-49.78483317509511,0,0.0,0.0,0,-0.15379883841481115,-0.19853749871253967,0.04473866029772852
445,14,25,True,2,0.4892769028740652,3,1,1,0.7378647873726218,-0.1657429399341288,0.0472692203386764,0.655019842808194,1,0.655019842808194,0.7337970707379543,1,-0.010856745190245584,-0.15754297375679016,0.14668622856654456
446,14,26,True,2,0.5061515315958242,0,0,0,0.9486832980505139,0.4586487265935534,0.024839092351818172,0.047502805002270776,0,0.0,0.0,0,0.06707341350669425,-0.017811007797718048,0.0848844213044123
447,14,27,True,2,0.5586108680351393,1,1,0,0.9486832980505139,0.55642595641841,0.004776422578815071,0.0021849116167292904,0,0.0,0.0,0,0.14261848972674496,0.11146733909845352,0.031151150628291435
448,14,28,True,3,0.576274163839867,3,3,0,0.7999999999999999,0.5766281633809698,0.004541875403790057,-0.00035399954110282295,0,0.0,0.0,0,0.1905600022818855,0.2533639073371887,0.06280390505530323
449,14,29,True,3,0.5937335859705479,1,1,0,1.0,0.5792598291082747,0.014590101434245127,0.014473756862273257,0,0.0,0.0,0,0.2050184798131367,0.34549298882484436,0.14047450901170766
450,15,0,False,0,-50.0,0,3,1,,-0.8660203251420378,1.2490984923352586e-17,-49.13397967485796,0,0.0,0.0,0,-0.9999122694504649,-1.1604866981506348,0.1605744287001699
451,15,1,False,0,-50.0,0,0,0,,-0.8660203251420378,1.2490984923352586e-17,-49.13397967485796,0,0.0,0.0,0,-0.9999106610046794,-1.7497978210449219,0.7498871600402425
452,15,2,False,0,-50.0,0,3,1,,-0.8660203251420378,1.2490984923352586e-17,-49.13397967485796,0,0.0,0.0,0,-0.9985701753869279,-1.4905322790145874,0.49196210362765946
453,15,3,False,0,-50.0,0,2,1,,-0.8660203251420378,1.2490984923352586e-17,-49.13397967485796,0,0.0,0.0,0,-0.9985118537634197,-1.0208829641342163,0.022371110370796643
454,15,4,False,0,-50.0,0,2,1,,-0.8660203251420378,1.2490984923352586e-17,-49.13397967485796,0,0.0,0.0,0,-0.9984806483955724,-1.050661325454712,0.052180677059139535
455,15,5,False,0,-50.0,0,2,1,,-0.8660203251420378,1.2490984923352586e-17,-49.13397967485796,0,0.0,0.0,0,-0.9984566758238549,-1.4703710079193115,0.47191433209545663
456,15,6,False,0,-50.0,0,3,1,,-0.8660203251420378,1.2490984923352586e-17,-49.13397967485796,0,0.0,0.0,0,-0.998435347197842,-1.3184802532196045,0.3200449060217625
457,15,7,False,0,-50.0,0,0,0,,-0.8676950710777621,0.001674745935724527,-49.13230492892224,0,0.0,0.0,0,-0.9983634655448563,-1.341052770614624,0.3426893050697677
458,15,8,False,0,-50.0,0,3,1,,-0.8660203251420378,1.2490984923352586e-17,-49.13397967485796,0,0.0,0.0,0,-0.9999317055080423,-0.8404861092567444,0.15944559625129795
459,15,9,False,0,-50.0,0,0,0,,-0.8660203251420378,1.2490984923352586e-17,-49.13397967485796,0,0.0,0.0,0,-0.99997744604188,-1.2450004816055298,0.2450230355636498
460,15,10,False,0,-50.0,0,3,1,,-0.8660203251420378,1.2490984923352586e-17,-49.13397967485796,0,0.0,0.0,0,-0.9999905028582812,-0.7949166893959045,0.20507381346237663
461,15,11,False,0,-50.0,0,2,1,,-0.8660203251420378,1.2490984923352586e-17,-49.13397967485796,0,0.0,0.0,0,-0.999990677796106,-1.3322514295578003,0.33226075176169434
462,15,12,False,0,-50.0,0,3,1,,-0.9145879572780491,0.0072463527892059326,-49.08541204272195,0,0.0,0.0,0,-0.9998070094950785,-1.1390764713287354,0.13926946183365685
463,15,13,True,1,-0.9999989913057314,3,2,1,0.2581988897471611,-0.9062142275994265,0.0069077247053245016,-0.09378476370630495,0,0.0,0.0,0,-0.999662424845204,-0.619183361530304,0.3804790633149
464,15,14,True,2,-0.9999989913057314,0,0,0,0.8944271909999159,-0.8727193088849358,0.003285278402869778,-0.12727968242079568,0,0.0,0.0,0,-0.9996589770213063,-0.9816361665725708,0.01802281044873555
465,15,15,True,2,-0.9999989913057314,0,0,0,0.9486832980505139,-0.8693698170134867,0.002353410496073342,-0.13062917429224474,0,0.0,0.0,0,-0.9996644320543251,-0.9632462859153748,0.036418146138950336
466,15,16,False,0,-50.0,0,3,1,,-0.8693698170134867,0.002353410496073341,-49.130630182986515,0,0.0,0.0,0,-0.9245118442958133,-0.7384126782417297,0.1860991660540836
467,15,17,True,1,-0.9999989913057348,0,0,0,0.7745966692414834,-0.8660203251420378,1.2490984923352586e-17,-0.13397866616369702,0,0.0,0.0,0,-0.965017061542767,-0.4553488790988922,0.5096681824438748
468,15,18,False,0,-50.0,0,0,0,,-0.9916262703213772,0.0036488080782489355,-49.008373729678624,0,0.0,0.0,0,-0.9439694150431603,-0.5600383877754211,0.3839310272677392
469,15,19,False,0,-50.0,0,1,1,,-0.8944910060493546,0.00616637769839402,-49.10550899395064,0,0.0,0.0,0,-0.9274843111850689,-0.48998087644577026,0.43750343473929865
470,15,20,False,0,-50.0,0,3,1,,-0.8810930385635585,0.00476305740756801,-49.118906961436444,0,0.0,0.0,0,-0.9805867726209764,-0.4334200620651245,0.5471667105558519
471,15,21,False,0,-50.0,0,1,1,,-0.8810930385635583,0.00476305740756801,-49.118906961436444,0,0.0,0.0,0,-0.9868471757465788,-0.45303642749786377,0.533810748248715
472,15,22,True,1,-0.9999989913057348,3,3,0,0.7745966692414834,-0.8577951257968259,0.0060506139849460655,-0.14220386550890884,0,0.0,0.0,0,-0.4936305580673268,-0.05070621520280838,0.4429243428645184
473,15,23,True,1,-0.9999989913057349,1,1,0,0.7745966692414834,-0.8631668972496129,0.0028534278924247356,-0.13683209405612196,0,0.0,0.0,0,-0.47556271928482524,-0.1214473769068718,0.35411534237795345
474,15,24,True,1,0.4563171439965158,3,3,0,0.7745966692414834,-0.20028082551642887,0.04543544109625683,0.6565979695129447,0,0.0,0.0,0,-0.037390338106756585,-0.12762945890426636,0.09023912079750977
475,15,25,True,2,0.4726618928365245,0,0,0,0.9486832980505139,-0.16720638687910389,0.04715393791509936,0.6398682797156283,0,0.0,0.0,0,-0.023256492891621457,-0.1702485978603363,0.14699210496871484
476,15,26,True,2,0.5918392952160876,1,1,0,0.9486832980505139,0.5040639945747555,0.028865059780750043,0.0877753006413321,0,0.0,0.0,0,0.17616718102136597,0.11680454760789871,0.05936263341346726
477,15,27,True,3,0.5765253502405868,3,3,0,1.0,0.5772175614743261,0.004521614561212571,-0.0006922112337393038,0,0.0,0.0,0,0.17539255503860665,0.19021335244178772,0.014820797403181069
478,15,28,True,3,0.5937259366001234,3,3,0,0.7999999999999999,0.5796647134900587,0.014601387120850448,0.014061223110064747,0,0.0,0.0,0,0.18975382784438907,0.3344999849796295,0.14474615713524044
479,15,29,True,3,0.6116380887025817,1,1,0,0.39999999999999997,0.6128671674461261,0.0035680432848964436,-0.0012290787435443873,0,0.0,0.0,0,0.21991257927741756,0.3292406499385834,0.10932807066116582
480,16,0,False,0,-50.0,0,3,1,,-0.8660203251420378,1.2490984923352586e-17,-49.13397967485796,0,0.0,0.0,0,-0.9994461100293,-1.805964469909668,0.806518359880368
481,16,1,False,0,-50.0,0,0,0,,-0.8660203251420378,1.2490984923352586e-17,-49.13397967485796,0,0.0,0.0,0,-0.9998238751573741,-1.2325021028518677,0.23267822769449353
482,16,2,False,0,-50.0,0,3,1,,-0.8660203251420378,1.2490984923352586e-17,-49.13397967485796,0,0.0,0.0,0,-0.9985480129234503,-1.56949782371521,0.5709498107917597
483,16,3,False,0,-50.0,0,2,1,,-0.8660203251420378,1.2490984923352586e-17,-49.13397967485796,0,0.0,0.0,0,-0.9985230091474231,-1.6404755115509033,0.6419525024034802
484,16,4,False,0,-50.0,0,2,1,,-0.8660203251420378,1.2490984923352586e-17,-49.13397967485796,0,0.0,0.0,0,-0.9984996976406486,-1.5978121757507324,0.5993124781100838
485,16,5,False,0,-50.0,0,0,0,,-0.8660203251420378,1.2490984923352586e-17,-49.13397967485796,0,0.0,0.0,0,-0.998475382900909,-1.5111585855484009,0.5126832026474919
486,16,6,False,0,-50.0,0,0,0,,-0.8693698170134867,0.002353410496073346,-49.130630182986515,0,0.0,0.0,0,-0.998453257420007,-1.5002498626708984,0.5017966052508914
487,16,7,False,0,-50.0,0,3,1,,-1.0,0.0,-49.0,0,0.0,0.0,0,-0.9999546375751769,-0.9384967684745789,0.06145786910059803
489,16,9,False,0,-50.0,0,0,0,,-0.8693698170134867,0.002353410496073348,-49.130630182986515,0,0.0,0.0,0,-0.9999771414352284,-1.3272784948349,0.3273013533996715
490,16,10,False,0,-50.0,0,3,1,,-0.8676950710777621,0.0016747459357245229,-49.13230492892224,0,0.0,0.0,0,-0.9999948145795,-1.3664910793304443,0.3664962647509443
491,16,11,False,0,-50.0,0,0,0,,-0.8660203251420378,1.2490984923352586e-17,-49.13397967485796,0,0.0,0.0,0,-0.9999910041656755,-0.8997432589530945,0.10024774521258106
493,16,13,False,0,-50.0,0,3,1,,-0.8660203251420378,1.2490984923352586e-17,-49.13397967485796,0,0.0,0.0,0,-0.9990484114192848,-1.1000173091888428,0.10096889776955797
494,16,14,True,1,-0.9999989913057316,3,2,1,0.2581988897471611,-0.8676950710777621,0.0016747459357245211,-0.13230392022796944,0,0.0,0.0,0,-0.9996251983635916,-0.618724524974823,0.38090067338876865
495,16,15,True,1,-0.9999989913057314,0,0,0,0.7745966692414834,-0.8693698170134867,0.002353410496073342,-0.13062917429224474,0,0.0,0.0,0,-0.9996667834675729,-0.6863240599632263,0.31334272350434655
496,16,16,False,0,-50.0,0,3,1,,-0.9145879572780491,0.00724635278920593,-49.08541204272195,0,0.0,0.0,0,-0.9005194703553472,-0.6916739344596863,0.2088455358956609
497,16,17,False,0,-50.0,0,3,1,,-0.9162627032137737,0.007297616156497863,-49.083737296786225,0,0.0,0.0,0,-0.9041823453744755,-0.6535362601280212,0.25064608524645426
498,16,18,False,0,-50.0,0,2,1,,-0.9145879572780491,0.00724635278920593,-49.08541204272195,0,0.0,0.0,0,-0.9055068403537138,-0.6153144836425781,0.29019235671113564
499,16,19,False,0,-50.0,0,1,1,,-0.8911415141779055,0.005883526240183356,-49.1088584858221,0,0.0,0.0,0,-0.9266916256090482,-0.4763294458389282,0.45036217977011994
500,16,20,False,0,-50.0,0,1,1,,-0.8660203251420378,1.2490984923352586e-17,-49.13397967485796,0,0.0,0.0,0,-0.9780534975640304,-0.47318077087402344,0.5048727266900069
501,16,21,False,0,-50.0,0,3,1,,-0.8794182926278339,0.004522167334580862,-49.12058170737217,0,0.0,0.0,0,-0.992692134254527,-0.2815219461917877,0.7111701880627392
502,16,22,False,0,-50.0,0,2,1,,-0.8810930385635583,0.00476305740756801,-49.118906961436444,0,0.0,0.0,0,-0.9927719775840872,-0.33525294065475464,0.6575190369293326
503,16,23,True,1,-0.9999989913057349,3,3,0,0.7745966692414834,-0.8524233543440388,0.008021675549154422,-0.14757563696169607,0,0.0,0.0,0,-0.4651608705662048,0.027696751058101654,0.49285762162430646
504,16,24,True,1,-0.9999989913057349,3,3,0,0.7745966692414834,-0.8631668972496129,0.0028534278924247356,-0.13683209405612196,0,0.0,0.0,0,-0.4588353019709916,0.03123220056295395,0.49006750253394554
505,16,25,True,2,-0.9999989913057348,1,1,0,0.9486832980505139,-0.8524233543440388,0.008021675549154422,-0.14757563696169596,0,0.0,0.0,0,-0.45840898892896986,-0.01652316004037857,0.4418858288885913
506,16,26,True,2,0.6092028456497177,3,3,0,0.632455532033676,0.5160176811340103,0.030953468007002147,0.09318516451570746,0,0.0,0.0,0,0.19253026170372534,0.19853144884109497,0.006001187137369635
507,16,27,True,2,0.6275334779634848,1,1,0,0.9486832980505139,0.523384651441454,0.031945724003375205,0.10414882652203084,0,0.0,0.0,0,0.20655325882417389,0.21513745188713074,0.008584193062956852
508,16,28,True,2,0.6151388951363105,1,1,0,0.9486832980505139,0.5685122458829307,0.027892973970515992,0.04662664925337978,0,0.0,0.0,0,0.22298772067285777,0.2275102734565735,0.0045225527837157165
509,16,29,True,4,0.6301278626668423,1,1,0,0.39999999999999997,0.6166139145736558,0.01386012180488809,0.013513948093186512,0,0.0,0.0,0,0.2347132625745875,0.3429657518863678,0.1082524893117803
510,17,0,False,0,-50.0,0,3,1,,-0.8911415141779055,0.005883526240183357,-49.1088584858221,0,0.0,0.0,0,-0.9988821625565176,-1.7232153415679932,0.7243331790114755
511,17,1,False,0,-50.0,0,2,1,,-0.8777435466921094,0.004259374602061724,-49.12225645330789,0,0.0,0.0,0,-0.9986460211400601,-1.300398588180542,0.3017525670404819
512,17,2,False,0,-50.0,0,0,0,,-0.8676950710777621,0.001674745935724524,-49.13230492892224,0,0.0,0.0,0,-0.9985711793376623,-1.2675323486328125,0.26896116929515024
513,17,3,False,0,-50.0,0,3,1,,-0.8660203251420378,1.2490984923352586e-17,-49.13397967485796,0,0.0,0.0,0,-0.9985653456379934,-1.1786974668502808,0.1801321212122874
514,17,4,False,0,-50.0,0,2,1,,-0.8676950710777621,0.001674745935724524,-49.13230492892224,0,0.0,0.0,0,-0.9985509741607934,-1.5643033981323242,0.5657524239715308
515,17,5,False,0,-50.0,0,2,1,,-0.8660203251420378,1.2490984923352586e-17,-49.13397967485796,0,0.0,0.0,0,-0.9985237186680199,-1.5239267349243164,0.5254030162562965
516,17,6,False,0,-50.0,0,0,0,,-0.8693698170134867,0.002353410496073347,-49.130630182986515,0,0.0,0.0,0,-0.9984876877052081,-1.5525431632995605,0.5540554755943524
517,17,7,False,0,-50.0,0,3,1,,-0.8660203251420378,1.2490984923352586e-17,-49.13397967485796,0,0.0,0.0,0,-0.9998052328748281,-1.0542391538619995,0.05443392098717137
518,17,8,False,0,-50.0,0,2,1,,-0.8676950710777621,0.0016747459357245216,-49.13230492892224,0,0.0,0.0,0,-0.9998030805128829,-1.4607361555099487,0.4609330749970658
519,17,9,False,0,-50.0,0,0,0,,-0.8676950710777621,0.0016747459357245272,-49.13230492892224,0,0.0,0.0,0,-0.9999282763319686,-1.406801462173462,0.40687318584149335
520,17,10,False,0,-50.0,0,3,1,,-0.9346849085067432,0.0075345898940180475,-49.065315091493254,0,0.0,0.0,0,-0.9999999867713875,-0.9180025458335876,0.08199744093779981
521,17,11,False,0,-50.0,0,2,1,,-0.9296606706995698,0.007527518480077197,-49.07033932930043,0,0.0,0.0,0,-1.0000001032506993,-0.9144986271858215,0.08550147606487779
522,17,12,False,0,-50.0,0,0,0,,-1.0,2.7930691394541386e-18,-49.0,0,0.0,0.0,0,-1.0000000358987469,-0.9006196856498718,0.09938035024887504
523,17,13,False,0,-50.0,0,3,1,,-0.8660203251420378,1.2490984923352586e-17,-49.13397967485796,0,0.0,0.0,0,-0.9985111712367807,-0.7001984715461731,0.2983126996906076
524,17,14,False,0,-50.0,0,3,1,,-0.8660203251420378,1.2490984923352586e-17,-49.13397967485796,0,0.0,0.0,0,-0.9984796288646933,-0.6878470778465271,0.3106325510181662
525,17,15,False,0,-50.0,0,2,1,,-0.8660203251420378,1.2490984923352586e-17,-49.13397967485796,0,0.0,0.0,0,-0.998445445843306,-1.038257122039795,0.039811676196488954
526,17,16,False,0,-50.0,0,3,1,,-0.8911415141779055,0.005883526240183358,-49.1088584858221,0,0.0,0.0,0,-0.8860046821473161,-0.46503177285194397,0.4209729092953721
527,17,17,False,0,-50.0,0,3,1,,-0.89281626011363,0.006029556446107817,-49.107183739886366,0,0.0,0.0,0,-0.8843451057715532,-0.7073622345924377,0.1769828711791155
528,17,18,False,0,-50.0,0,3,1,,-0.8911415141779055,0.005883526240183356,-49.1088584858221,0,0.0,0.0,0,-0.8881131735154648,-0.3112916648387909,0.5768215086766739
529,17,19,False,0,-50.0,0,2,1,,-0.89281626011363,0.006029556446107817,-49.107183739886366,0,0.0,0.0,0,-0.8867494438929866,-0.5217908620834351,0.36495858180955154
530,17,20,False,0,-50.0,0,3,1,,-0.8660203251420378,1.2490984923352586e-17,-49.13397967485796,0,0.0,0.0,0,-0.9120801988149669,-0.23604688048362732,0.6760333183313396
531,17,21,False,0,-50.0,0,3,1,,-0.8660203251420378,1.2490984923352586e-17,-49.13397967485796,0,0.0,0.0,0,-0.9092808598258952,-0.3352442681789398,0.5740365916469554
532,17,22,False,0,-50.0,0,1,1,,-0.8660203251420378,1.2490984923352586e-17,-49.13397967485796,0,0.0,0.0,0,-0.9110168233457024,-0.3776554763317108,0.5333613470139916
533,17,23,False,0,-50.0,0,1,1,,-0.3176966842574732,0.05661562732713689,-49.68230331574253,0,0.0,0.0,0,0.05513884936101157,0.0031570568680763245,0.05198179249293525
534,17,24,True,1,-0.9999989913057348,3,3,0,0.7745966692414834,-0.8427933106945265,0.010672112495046349,-0.15720568061120832,0,0.0,0.0,0,-0.4070676774139067,0.14948171377182007,0.5565493911857268
535,17,25,True,2,-0.9999989913057348,0,0,0,0.8944271909999159,-0.8631668972496129,0.0028534278924247356,-0.13683209405612184,0,0.0,0.0,0,-0.4513499434898886,0.10952144116163254,0.5608713846515212
536,17,26,True,2,0.6621908208661633,1,1,0,0.9486832980505139,-0.1973112227152532,0.059360362888492856,0.8595020435814165,0,0.0,0.0,0,0.24308318577453478,0.25610971450805664,0.013026528733521864
537,17,27,True,3,0.6455689128810191,2,3,1,0.39999999999999997,0.5435862580555819,0.03225420052159848,0.10198265482543722,1,0.10198265482543722,0.11424779599982156,1,0.22349196259021914,0.3498855531215668,0.12639359053134763
538,17,28,True,2,0.632894629669399,1,1,0,0.9486832980505139,0.6172273654310694,0.013866215239135986,0.015667264238329648,0,0.0,0.0,0,0.2364150112440227,0.21953919529914856,0.01687581594487414
539,17,29,True,2,0.6490433317594068,1,1,0,0.9486832980505139,0.6440848634097833,0.0042653000570687825,0.004958468349623435,0,0.0,0.0,0,0.24921773701825697,0.363776296377182,0.11455855935892503
540,18,0,False,0,-50.0,0,3,1,,-0.9397091463139169,0.007499166144003147,-49.060290853686084,0,0.0,0.0,0,-0.9998785079737122,-1.7980070114135742,0.798128503439862
541,18,1,False,0,-50.0,0,2,1,,-0.9380344003781925,0.007515718004911117,-49.06196559962181,0,0.0,0.0,0,-0.999915265267101,-1.8661056756973267,0.8661904104302257
542,18,2,False,0,-50.0,0,2,1,,-0.9380344003781925,0.0075157180049111125,-49.06196559962181,0,0.0,0.0,0,-0.9999060267162552,-1.821983814239502,0.8220777875232468
543,18,3,False,0,-50.0,0,0,0,,-0.9413838922496414,0.007477831346450491,-49.05861610775036,0,0.0,0.0,0,-0.9999071535891592,-1.4123958349227905,0.41248868133363137
544,18,4,False,0,-50.0,0,0,0,,-0.8660203251420378,1.2490984923352586e-17,-49.13397967485796,0,0.0,0.0,0,-0.99856705882021,-1.7437279224395752,0.7451608636193652
545,18,5,False,0,-50.0,0,0,0,,-0.8676950710777621,0.001674745935724524,-49.13230492892224,0,0.0,0.0,0,-0.9985571861055436,-1.7051008939743042,0.7065437078687606
546,18,6,False,0,-50.0,0,3,1,,-0.8660203251420378,1.2490984923352586e-17,-49.13397967485796,0,0.0,0.0,0,-0.9991180284293341,-1.1364734172821045,0.13735538885277043
547,18,7,False,0,-50.0,0,0,0,,-0.8660203251420378,1.2490984923352586e-17,-49.13397967485796,0,0.0,0.0,0,-0.999128123943125,-1.7755972146987915,0.7764690907556665
548,18,8,False,0,-50.0,0,2,1,,-0.8693698170134867,0.002353410496073342,-49.130630182986515,0,0.0,0.0,0,-0.998509241234367,-1.4311904907226562,0.43268124948828923
549,18,9,False,0,-50.0,0,3,1,,-0.8710445629492114,0.0028637913753287126,-49.12895543705079,0,0.0,0.0,0,-0.9982791403219362,-0.9519109129905701,0.04636822733136614
550,18,10,False,0,-50.0,0,2,1,,-0.8693698170134867,0.0023534104960733432,-49.130630182986515,0,0.0,0.0,0,-0.9981399425659307,-0.9736446738243103,0.024495268741620446
551,18,11,False,0,-50.0,0,2,1,,-0.8710445629492114,0.0028637913753287126,-49.12895543705079,0,0.0,0.0,0,-0.9980571023636947,-0.9193137288093567,0.07874337355433803
552,18,12,False,0,-50.0,0,2,1,,-0.8693698170134867,0.0023534104960733432,-49.130630182986515,0,0.0,0.0,0,-0.9979938595048543,-0.8622428774833679,0.1357509820214864
553,18,13,False,0,-50.0,0,3,1,,-0.8660203251420378,1.2490984923352586e-17,-49.13397967485796,0,0.0,0.0,0,-0.9979355343819203,-1.1720428466796875,0.1741073122977672
554,18,14,False,0,-50.0,0,3,1,,-0.8693698170134867,0.00235341049607334,-49.130630182986515,0,0.0,0.0,0,-0.9979951500318609,-1.0868269205093384,0.08883177047747748
555,18,15,False,0,-50.0,0,2,1,,-0.8660203251420378,1.2490984923352586e-17,-49.13397967485796,0,0.0,0.0,0,-0.9979746695456428,-1.0565398931503296,0.058565223604686745
556,18,16,False,0,-50.0,0,3,1,,-0.8788339524465882,0.0053527773525049085,-49.12116604755341,0,0.0,0.0,0,-0.9644380153051348,-0.8489881753921509,0.11544983991298396
557,18,17,False,0,-50.0,0,2,1,,-0.8754844605751391,0.004890420963451328,-49.12451553942486,0,0.0,0.0,0,-0.8756748243401106,-0.4159180819988251,0.4597567423412855
558,18,18,False,0,-50.0,0,3,1,,-0.8676950710777621,0.0016747459357245211,-49.13230492892224,0,0.0,0.0,0,-0.8578866165066288,-0.5804060101509094,0.27748060635571936
559,18,19,False,0,-50.0,0,3,1,,-0.8660203251420378,1.2490984923352586e-17,-49.13397967485796,0,0.0,0.0,0,-0.8566139214369519,-0.5098687410354614,0.3467451804014905
560,18,20,False,0,-50.0,0,3,1,,-0.8660203251420378,1.2490984923352586e-17,-49.13397967485796,0,0.0,0.0,0,-0.8710634477934356,-0.25823086500167847,0.6128325827917571
561,18,21,False,0,-50.0,0,3,1,,-0.8660203251420378,1.2490984923352586e-17,-49.13397967485796,0,0.0,0.0,0,-0.8835256487191174,-0.39494386315345764,0.4885817855656598
562,18,22,False,0,-50.0,0,0,0,,-0.8660203251420378,1.2490984923352586e-17,-49.13397967485796,0,0.0,0.0,0,-0.9105196883149035,-0.19898942112922668,0.7115302671856768
563,18,23,False,0,-50.0,0,3,1,,-0.26678607728840753,0.057495190807155,-49.73321392271159,0,0.0,0.0,0,0.21655224763532038,0.16014346480369568,0.056408782831624704
564,18,24,False,0,-50.0,0,1,1,,-0.16492590329802181,0.06118155669468365,-49.83507409670198,0,0.0,0.0,0,0.23460066203883218,0.09748334437608719,0.137117317662745
565,18,25,True,2,0.7071897623217115,1,1,0,0.9486832980505139,-0.19093405690792886,0.059977958506212514,0.8981238192296404,0,0.0,0.0,0,0.3025592752746671,0.27997395396232605,0.022585321312341033
566,18,26,True,2,0.6901178649220118,2,2,0,0.632455532033676,-0.175932687747863,0.0601224073622882,0.8660505526698747,0,0.0,0.0,0,0.268376926231427,0.433647096157074,0.16527016992564697
567,18,27,True,2,0.6627914897250927,1,1,0,0.9486832980505139,-0.19530141170072107,0.059616288715886215,0.8580929014258138,0,0.0,0.0,0,0.2530653343800192,0.24479785561561584,0.008267478764403369
568,18,28,True,2,0.6499898962429557,1,1,0,0.9486832980505139,0.6201875389725935,0.018129343690153794,0.02980235727036218,0,0.0,0.0,0,0.2507329035451092,0.24514901638031006,0.005583887164799128
569,18,29,True,4,0.6676605416284322,1,1,0,0.7999999999999999,0.666046432809752,0.003924236457161138,0.0016141088186802932,0,0.0,0.0,0,0.2642205393716291,0.4361474812030792,0.17192694183145013
570,19,0,False,0,-50.0,0,0,0,,-0.9380344003781925,0.007515718004911117,-49.06196559962181,0,0.0,0.0,0,-0.999879845542175,-1.5501368045806885,0.5502569590385135
572,19,2,False,0,-50.0,0,3,1,,-0.8844425304350075,0.005191062703646991,-49.11555746956499,0,0.0,0.0,0,-0.9998835450469065,-1.3238269090652466,0.3239433640183401
573,19,3,False,0,-50.0,0,0,0,,-0.8810930385635583,0.004763057407568011,-49.118906961436444,0,0.0,0.0,0,-0.999841265219318,-2.0106394290924072,1.0107981638730892
574,19,4,False,0,-50.0,0,0,0,,-0.8676950710777621,0.001674745935724524,-49.13230492892224,0,0.0,0.0,0,-0.9985830003013607,-1.8215161561965942,0.8229331558952335
575,19,5,False,0,-50.0,0,2,1,,-0.8660203251420378,1.2490984923352586e-17,-49.13397967485796,0,0.0,0.0,0,-0.9992124874371475,-1.6853671073913574,0.6861546199542099
576,19,6,False,0,-50.0,0,0,0,,-0.8660203251420378,1.2490984923352586e-17,-49.13397967485796,0,0.0,0.0,0,-0.9992227684505106,-1.3890721797943115,0.3898494113438009
577,19,7,False,0,-50.0,0,0,0,,-0.8660203251420378,1.2490984923352586e-17,-49.13397967485796,0,0.0,0.0,0,-0.9991377440637539,-1.700191617012024,0.70105387294827
578,19,8,False,0,-50.0,0,3,1,,-0.8710445629492114,0.0028637913753287105,-49.12895543705079,0,0.0,0.0,0,-0.9990585010942549,-1.09026300907135,0.09120450797709523
579,19,9,False,0,-50.0,0,2,1,,-0.8693698170134867,0.0023534104960733415,-49.130630182986515,0,0.0,0.0,0,-0.9990663529007562,-1.1085666418075562,0.10950028890679997
580,19,10,False,0,-50.0,0,2,1,,-0.8727193088849358,0.0032852784028697796,-49.12728069111506,0,0.0,0.0,0,-0.9990554763316418,-1.4939910173416138,0.49493554100997195
581,19,11,False,0,-50.0,0,3,1,,-0.9229616869566717,0.007451672530454402,-49.07703831304333,0,0.0,0.0,0,-0.998961484162315,-1.4264551401138306,0.42749365595151556
582,19,12,False,0,-50.0,0,2,1,,-0.9129132113423244,0.007189787826373114,-49.08708678865768,0,0.0,0.0,0,-0.9988488568237328,-1.4610357284545898,0.46218687163085703
583,19,13,False,0,-50.0,0,3,1,,-0.8693698170134867,0.00235341049607334,-49.130630182986515,0,0.0,0.0,0,-0.9970613998915068,-1.2040289640426636,0.2069675641511568
584,19,14,False,0,-50.0,0,0,0,,-0.8660203251420378,1.2490984923352586e-17,-49.13397967485796,0,0.0,0.0,0,-0.9979885676768798,-0.8591506481170654,0.1388379195598144
585,19,15,False,0,-50.0,0,3,1,,-0.8760688007563848,0.003970332437467077,-49.123931199243614,0,0.0,0.0,0,-0.99305004267161,-0.665954053401947,0.327095989269663
586,19,16,False,0,-50.0,0,3,1,,-0.8704602227679656,0.004034805188048189,-49.12953977723203,0,0.0,0.0,0,-0.992828993708107,-0.9526320099830627,0.04019698372504421
587,19,17,False,0,-50.0,0,2,1,,-0.8760688007563848,0.003970332437467077,-49.123931199243614,0,0.0,0.0,0,-0.9930057757900171,-0.9793773293495178,0.01362844644049932
588,19,18,False,0,-50.0,0,1,1,,-0.775515795699863,0.021131096427198078,-49.22448420430014,0,0.0,0.0,0,-0.846111867575781,-0.6150669455528259,0.23104492202295512
589,19,19,False,0,-50.0,0,1,1,,-0.8207027941181216,0.012570951943613419,-49.17929720588188,0,0.0,0.0,0,-0.8416996932887646,-0.47955963015556335,0.36214006313320124
590,19,20,False,0,-50.0,0,3,1,,-0.8660203251420378,1.2490984923352586e-17,-49.13397967485796,0,0.0,0.0,0,-0.4309631010248992,-0.40446990728378296,0.02649319374111625
591,19,21,False,0,-50.0,0,0,0,,-0.8660203251420378,1.2490984923352586e-17,-49.13397967485796,0,0.0,0.0,0,-0.8631128187383652,-0.1803814172744751,0.6827314014638901
592,19,22,False,0,-50.0,0,3,1,,-0.528985702763689,0.0446613240738582,-49.47101429723631,0,0.0,0.0,0,-0.1768348272652708,-0.14576879143714905,0.031066035828121757
593,19,23,False,0,-50.0,0,1,1,,-0.5310354811274516,0.04075165185990668,-49.468964518872546,0,0.0,0.0,0,0.001141570941992404,-0.04034481197595596,0.041486382917948365
594,19,24,False,0,-50.0,0,1,1,,-0.19294166867285925,0.05979848426024859,-49.80705833132714,0,0.0,0.0,0,0.26015611489418966,0.2761673033237457,0.016011188429556067
595,19,25,True,1,0.724434103129489,1,1,0,0.7745966692414834,-0.20202320897635148,0.05930177429214125,0.9264573121058405,0,0.0,0.0,0,0.33599753732289145,0.3097093403339386,0.02628819698895285
596,19,26,True,2,0.7071897623217115,2,2,0,0.9486832980505139,-0.18064774897076624,0.06107048857017818,0.8878375112924777,0,0.0,0.0,0,0.3011963852285011,0.4448130428791046,0.1436166576506035
597,19,27,True,2,0.6810672364774019,2,2,0,0.632455532033676,-0.175932687747863,0.0601224073622882,0.8569999242252648,0,0.0,0.0,0,0.2727453102364535,0.43426135182380676,0.16151604158735328
598,19,28,True,3,0.6678142684680647,3,3,0,0.7999999999999999,0.6660485614541798,0.003935931584618815,0.0017657070138848985,0,0.0,0.0,0,0.2656168364654844,0.3341309428215027,0.06851410635601829
599,19,29,True,3,0.68631873242643,1,1,0,0.39999999999999997,0.6671965708021096,0.01597505819117318,0.019122161624320455,0,0.0,0.0,0,0.28021659311046454,0.41526809334754944,0.1350515002370849
600,20,0,False,0,-50.0,0,2,1,,-0.9949757621928264,0.0028637913753287118,-49.00502423780718,0,0.0,0.0,0,-1.0000000971926237,-2.120863199234009,1.120863102041385
601,20,1,False,0,-50.0,0,0,0,,-1.0,6.245492461676293e-18,-49.0,0,0.0,0.0,0,-1.000000049386188,-1.4890596866607666,0.4890596372745786
602,20,2,False,0,-50.0,0,0,0,,-0.8660203251420378,1.2490984923352586e-17,-49.13397967485796,0,0.0,0.0,0,-0.9999403366211781,-2.1589505672454834,1.1590102306243053
603,20,3,False,0,-50.0,0,3,1,,-0.8676950710777621,0.001674745935724524,-49.13230492892224,0,0.0,0.0,0,-0.9986610582973054,-1.3843704462051392,0.3857093879078337
604,20,4,False,0,-50.0,0,0,0,,-0.8660203251420378,1.2490984923352586e-17,-49.13397967485796,0,0.0,0.0,0,-0.9986012657458678,-1.864912509918213,0.8663112441723451
605,20,5,False,0,-50.0,0,0,0,,-0.8660203251420378,1.2490984923352586e-17,-49.13397967485796,0,0.0,0.0,0,-0.9992208724359835,-1.4641904830932617,0.46496961065727827
606,20,6,False,0,-50.0,0,2,1,,-0.8660203251420378,1.2490984923352586e-17,-49.13397967485796,0,0.0,0.0,0,-0.9991801144196559,-1.8928887844085693,0.8937086699889134
607,20,7,False,0,-50.0,0,0,0,,-0.8660203251420378,1.2490984923352586e-17,-49.13397967485796,0,0.0,0.0,0,-0.9991483687156303,-1.3042974472045898,0.30514907848895956
608,20,8,False,0,-50.0,0,3,1,,-0.9832525406427546,0.004985220897633662,-49.01674745935725,0,0.0,0.0,0,-0.9999653712703259,-1.2382111549377441,0.23824578366741822
609,20,9,False,0,-50.0,0,2,1,,-0.984927286578479,0.004763057407568012,-49.01507271342152,0,0.0,0.0,0,-0.9999649788132849,-1.1914029121398926,0.19143793332660763
610,20,10,False,0,-50.0,0,3,1,,-1.0,2.7930691394541386e-18,-49.0,0,0.0,0.0,0,-0.9999640618140178,-1.0646464824676514,0.06468242065363361
612,20,12,False,0,-50.0,0,3,1,,-0.8777435466921094,0.004259374602061721,-49.12225645330789,0,0.0,0.0,0,-0.9950274851255123,-1.334500789642334,0.3394733045168217
613,20,13,False,0,-50.0,0,2,1,,-0.8861172763707319,0.0053824557269672715,-49.11388272362927,0,0.0,0.0,0,-0.9946983153995953,-0.8829893469810486,0.11170896841854672
614,20,14,False,0,-50.0,0,3,1,,-0.8743940548206602,0.0036488080782489303,-49.12560594517934,0,0.0,0.0,0,-0.9944072509735989,-1.2377935647964478,0.2433863138228488
615,20,15,False,0,-50.0,0,2,1,,-0.8710445629492114,0.002863791375328709,-49.12895543705079,0,0.0,0.0,0,-0.9942684764837753,-0.8182300925254822,0.17603838395829308
616,20,16,False,0,-50.0,0,2,1,,-0.8743940548206602,0.0036488080782489303,-49.12560594517934,0,0.0,0.0,0,-0.9939936980069422,-0.6904523968696594,0.3035413011372827
617,20,17,False,0,-50.0,0,2,1,,-0.8710445629492114,0.002863791375328709,-49.12895543705079,0,0.0,0.0,0,-0.9938645430192357,-1.1052064895629883,0.11134194654375262
618,20,18,False,0,-50.0,0,3,1,,-0.8207027941181216,0.012570951943613419,-49.17929720588188,0,0.0,0.0,0,-0.40220611394992467,-0.6056223511695862,0.2034162372196615
619,20,19,False,0,-50.0,0,2,1,,-0.775515795699863,0.021131096427198078,-49.22448420430014,0,0.0,0.0,0,-0.3256931715720845,-0.2656783163547516,0.06001485521733291
620,20,20,False,0,-50.0,0,3,1,,-0.6487977571701669,0.034227514469950406,-49.351202242829835,0,0.0,0.0,0,-0.28619695140133344,-0.1562148630619049,0.12998208833942854
621,20,21,False,0,-50.0,0,3,1,,-0.6155938056265242,0.03850055565679835,-49.384406194373476,0,0.0,0.0,0,-0.2663062329999323,-0.1499919891357422,0.11631424386419009
622,20,22,False,0,-50.0,0,2,1,,-0.6301275844375641,0.03554105547990546,-49.36987241556243,0,0.0,0.0,0,-0.22975010332342946,-0.07795500010251999,0.15179510322090947
623,20,23,False,0,-50.0,0,1,1,,-0.5018460843594748,0.04614484078334339,-49.49815391564052,0,0.0,0.0,0,0.13987712129157365,0.021045498549938202,0.11883162274163545
624,20,24,False,0,-50.0,0,3,1,,-0.20839952035097217,0.05805467730550234,-49.79160047964903,0,0.0,0.0,0,0.3756581461443451,0.39074382185935974,0.015085675715014624
625,20,25,True,2,0.7492928281900514,1,1,0,0.9486832980505139,-0.15065857358027296,0.06089612712069754,0.8999514017703243,0,0.0,0.0,0,0.36077578921907644,0.654984176158905,0.2942083869398286
626,20,26,True,2,0.7317999001316683,2,1,1,0.7378647873726218,-0.1386376591949167,0.05101025505112299,0.870437559326585,1,0.870437559326585,0.9751224154612009,1,0.16234920695079608,0.16626691818237305,0.00391771123157697
627,20,27,True,2,0.6695635186758466,3,3,0,0.632455532033676,0.6668936122184117,0.003976838871047895,0.002669906457434923,0,0.0,0.0,0,0.2550014577007661,0.24846622347831726,0.006535234222448838
628,20,28,True,3,0.6864277964164942,3,3,0,0.7999999999999999,0.6674094567463422,0.01597971514703859,0.019018339670151985,0,0.0,0.0,0,0.2728198202423597,0.36541250348091125,0.09259268323855158
629,20,29,True,4,0.7058840925172202,1,1,0,0.39999999999999997,0.7014132116709106,0.004231158366965256,0.004470880846309533,0,0.0,0.0,0,0.2974527198570219,0.4327079951763153,0.13525527531929343
630,21,0,False,0,-50.0,0,0,0,,-0.9949757621928264,0.0028637913753287118,-49.00502423780718,0,0.0,0.0,0,-1.0000001261939055,-2.1157872676849365,1.115787141491031
631,21,1,False,0,-50.0,0,2,1,,-0.8660203251420378,1.2490984923352586e-17,-49.13397967485796,0,0.0,0.0,0,-0.9999189383677907,-2.1493656635284424,1.1494467251606517
632,21,2,False,0,-50.0,0,2,1,,-0.8660203251420378,1.2490984923352586e-17,-49.13397967485796,0,0.0,0.0,0,-0.9999175572385506,-1.9249786138534546,0.925061056614904
633,21,3,False,0,-50.0,0,0,0,,-0.8660203251420378,1.2490984923352586e-17,-49.13397967485796,0,0.0,0.0,0,-0.9999187150360794,-1.6129918098449707,0.6130730948088913
634,21,4,False,0,-50.0,0,0,0,,-0.8676950710777621,0.001674745935724524,-49.13230492892224,0,0.0,0.0,0,-0.9986496668717804,-1.9735187292099,0.9748690623381195
635,21,5,False,0,-50.0,0,2,1,,-0.8660203251420378,1.2490984923352586e-17,-49.13397967485796,0,0.0,0.0,0,-0.9995204840691896,-2.011435031890869,1.0119145478216796
636,21,6,False,0,-50.0,0,0,0,,-0.8660203251420378,1.2490984923352586e-17,-49.13397967485796,0,0.0,0.0,0,-0.99920143042403,-1.4051249027252197,0.40592347230118975
637,21,7,False,0,-50.0,0,3,1,,-0.8660203251420378,1.2490984923352586e-17,-49.13397967485796,0,0.0,0.0,0,-0.9999995531939934,-1.376453161239624,0.37645360804563066
638,21,8,False,0,-50.0,0,2,1,,-0.8660203251420378,1.2490984923352586e-17,-49.13397967485796,0,0.0,0.0,0,-0.9999996222508658,-1.832291841506958,0.8322922192560922
639,21,9,False,0,-50.0,0,0,0,,-0.8660203251420378,1.2490984923352586e-17,-49.13397967485796,0,0.0,0.0,0,-0.9999995864532158,-1.9352374076843262,0.9352378212311103
640,21,10,False,0,-50.0,0,3,1,,-0.8660203251420378,1.2490984923352586e-17,-49.13397967485796,0,0.0,0.0,0,-0.9999990027722803,-1.7971599102020264,0.7971609074297461
641,21,11,False,0,-50.0,0,2,1,,-0.8660203251420378,1.2490984923352586e-17,-49.13397967485796,0,0.0,0.0,0,-0.9999990081032886,-1.8311394453048706,0.831140437201582
642,21,12,False,0,-50.0,0,3,1,,-0.8727193088849358,0.0032852784028697766,-49.12728069111506,0,0.0,0.0,0,-0.9952741502493342,-1.3897004127502441,0.39442626250090995
643,21,13,False,0,-50.0,0,2,1,,-0.8727193088849358,0.003285278402869777,-49.12728069111506,0,0.0,0.0,0,-0.9951747374542111,-1.0456820726394653,0.05050733518525419
644,21,14,False,0,-50.0,0,2,1,,-0.8727193088849358,0.0032852784028697766,-49.12728069111506,0,0.0,0.0,0,-0.9949618846174972,-0.9139742851257324,0.08098759949176482
645,21,15,False,0,-50.0,0,2,1,,-0.8727193088849358,0.003285278402869777,-49.12728069111506,0,0.0,0.0,0,-0.9947997418359277,-0.9533742070198059,0.04142553481612177
646,21,16,False,0,-50.0,0,2,1,,-0.8727193088849358,0.0032852784028697766,-49.12728069111506,0,0.0,0.0,0,-0.9944899199025867,-0.8896270990371704,0.10486282086541632
647,21,17,False,0,-50.0,0,0,0,,-0.8727193088849358,0.003285278402869776,-49.12728069111506,0,0.0,0.0,0,-0.993947561164041,-0.8514185547828674,0.1425290063811736
648,21,18,False,0,-50.0,0,0,0,,-0.775515795699863,0.021131096427198078,-49.22448420430014,0,0.0,0.0,0,-0.40895409370253977,-0.7552274465560913,0.34627335285355154
649,21,19,False,0,-50.0,0,3,1,,-0.5465703795114776,0.0408781840836309,-49.45342962048852,0,0.0,0.0,0,-0.9281224013495981,-0.6250630021095276,0.3030593992400705
650,21,20,False,0,-50.0,0,3,1,,-0.5468559711200683,0.04236751599458725,-49.45314402887993,0,0.0,0.0,0,-0.8368431361093588,-0.2794492542743683,0.5573938818349905
651,21,21,False,0,-50.0,0,3,1,,-0.5353427116467084,0.04142350456115387,-49.464657288353294,0,0.0,0.0,0,-0.5910609106658187,-0.16047340631484985,0.4305875043509688
652,21,22,False,0,-50.0,0,3,1,,-0.528985702763689,0.0446613240738582,-49.47101429723631,0,0.0,0.0,0,0.02675941209604474,0.0575384721159935,0.03077906001994876
653,21,23,False,0,-50.0,0,0,0,,-0.5310354811274516,0.04075165185990668,-49.468964518872546,0,0.0,0.0,0,0.11653270364198673,0.07932054251432419,0.03721216112766254
654,21,24,True,1,0.7539342851015424,1,1,0,0.7745966692414834,-0.16090393101214523,0.06187919831293356,0.9148382161136877,0,0.0,0.0,0,0.4069553408565288,0.1398715376853943,0.2670838031711345
655,21,25,True,2,0.7716507928060858,1,1,0,0.9486832980505139,-0.19152296512491435,0.059638375631116916,0.9631737579310002,0,0.0,0.0,0,0.4115778144554178,0.3711138367652893,0.040463977690128494
656,21,26,True,2,0.635994348959529,3,3,0,0.9486832980505139,-0.09430696633746566,0.05105545975499806,0.7303013152969946,0,0.0,0.0,0,0.09053197793320503,0.2304363250732422,0.13990434714003716
657,21,27,True,3,0.6495788259818696,3,2,1,0.39999999999999997,-0.1069539708765707,0.05320198543809056,0.7565327968584402,1,0.7565327968584402,0.8475186764906516,1,0.10065946808032436,0.24777206778526306,0.1471125997049387
658,21,28,True,2,0.6681940214069959,0,0,0,0.9486832980505139,0.6386267259644565,0.019937460073153838,0.029567295442539443,0,0.0,0.0,0,0.1673471812700191,0.28537866473197937,0.11803148346196027
659,21,29,True,4,0.725425925244901,1,1,0,0.39999999999999997,0.7234659852129284,0.003715903080965139,0.00195994003197264,0,0.0,0.0,0,0.3187075904147622,0.522731602191925,0.20402401177716284
660,22,0,False,0,-50.0,0,0,0,,-0.9949757621928264,0.0028637913753287113,-49.00502423780718,0,0.0,0.0,0,-0.9999999907050562,-2.2008578777313232,1.2008578870262672
661,22,1,False,0,-50.0,0,0,0,,-0.8660203251420378,1.2490984923352586e-17,-49.13397967485796,0,0.0,0.0,0,-0.9999197404198101,-1.7062393426895142,0.706319602269704
662,22,2,False,0,-50.0,0,3,1,,-0.8660203251420378,1.2490984923352586e-17,-49.13397967485796,0,0.0,0.0,0,-0.9999012147778883,-1.552839756011963,0.5529385412340746
663,22,3,False,0,-50.0,0,2,1,,-0.8660203251420378,1.2490984923352586e-17,-49.13397967485796,0,0.0,0.0,0,-0.9998992239098321,-2.100102424621582,1.10020320071175
664,22,4,False,0,-50.0,0,3,1,,-0.8660203251420378,1.2490984923352586e-17,-49.13397967485796,0,0.0,0.0,0,-0.9998920715397153,-1.4606080055236816,0.4607159339839664
665,22,5,False,0,-50.0,0,2,1,,-0.8660203251420378,1.2490984923352586e-17,-49.13397967485796,0,0.0,0.0,0,-0.9999801445761025,-1.8997308015823364,0.8997506570062339
666,22,6,False,0,-50.0,0,2,1,,-0.8660203251420378,1.2490984923352586e-17,-49.13397967485796,0,0.0,0.0,0,-0.9999983448245524,-1.9881566762924194,0.988158331467867
667,22,7,False,0,-50.0,0,2,1,,-0.8660203251420378,1.2490984923352586e-17,-49.13397967485796,0,0.0,0.0,0,-0.9999996269251356,-1.950683355331421,0.9506837284062853
668,22,8,False,0,-50.0,0,0,0,,-0.8660203251420378,1.2490984923352586e-17,-49.13397967485796,0,0.0,0.0,0,-0.9999996355766828,-1.4089317321777344,0.40893209660105156
669,22,9,False,0,-50.0,0,3,1,,-0.8660203251420378,1.2490984923352586e-17,-49.13397967485796,0,0.0,0.0,0,-0.9999990603403258,-1.3095234632492065,0.3095244029088807
670,22,10,False,0,-50.0,0,0,0,,-0.8660203251420378,1.2490984923352586e-17,-49.13397967485796,0,0.0,0.0,0,-0.9999989953471152,-1.3402843475341797,0.34028535218706446
671,22,11,False,0,-50.0,0,0,0,,-0.8660203251420378,1.2490984923352586e-17,-49.13397967485796,0,0.0,0.0,0,-0.9999990344849385,-1.776836633682251,0.7768375991973124
672,22,12,False,0,-50.0,0,0,0,,-0.8727193088849358,0.003285278402869777,-49.12728069111506,0,0.0,0.0,0,-0.9953285351892454,-1.5427840948104858,0.5474555596212405
673,22,13,False,0,-50.0,0,3,1,,-0.8660203251420378,1.2490984923352586e-17,-49.13397967485796,0,0.0,0.0,0,-0.6420985015320531,-1.4734890460968018,0.8313905445647487
674,22,14,False,0,-50.0,0,2,1,,-0.8660203251420378,1.2490984923352586e-17,-49.13397967485796,0,0.0,0.0,0,-0.6181466094119211,-1.3209519386291504,0.7028053292172293
675,22,15,False,0,-50.0,0,2,1,,-0.8660203251420378,1.2490984923352586e-17,-49.13397967485796,0,0.0,0.0,0,-0.6085758628441864,-0.9396028518676758,0.33102698902348937
676,22,16,False,0,-50.0,0,2,1,,-0.8660203251420378,1.2490984923352586e-17,-49.13397967485796,0,0.0,0.0,0,-0.5754800393442798,-1.1248070001602173,0.5493269608159375
677,22,17,False,0,-50.0,0,2,1,,-0.8660203251420378,1.2490984923352586e-17,-49.13397967485796,0,0.0,0.0,0,-0.5353609131856012,-0.779863178730011,0.2445022655444098
678,22,18,False,0,-50.0,0,0,0,,-0.8240855488606165,0.012254675456621924,-49.175914451139384,0,0.0,0.0,0,-0.4190804802999651,-0.6521347165107727,0.23305423621080762
679,22,19,False,0,-50.0,0,3,1,,-0.763622601724774,0.024990267664129085,-49.23637739827522,0,0.0,0.0,0,-0.9610029544824973,-0.4583861231803894,0.5026168313021079
680,22,20,False,0,-50.0,0,2,1,,-0.7386350596638361,0.027808081014730868,-49.261364940336165,0,0.0,0.0,0,-0.9614849782553354,-0.7273592352867126,0.23412574296862276
681,22,21,False,0,-50.0,0,1,1,,-0.13499662013695943,0.057379758427211554,-49.86500337986304,0,0.0,0.0,0,-0.7213436883858892,-0.34520384669303894,0.3761398416928503
682,22,22,False,0,-50.0,0,3,1,,-0.470163274297548,0.04577628711645654,-49.52983672570245,0,0.0,0.0,0,0.05054525301406388,-0.02860969305038452,0.0791549460644484
683,22,23,True,1,0.7539342851015424,2,2,0,0.7745966692414834,-0.4380785822408447,0.04590707400249225,1.192012867342387,0,0.0,0.0,0,0.138534109663883,0.07951638847589493,0.059017721187988065
684,22,24,True,2,0.7716507928060858,3,3,0,0.9486832980505139,-0.19072909992743906,0.059653600869188764,0.9623798927335249,0,0.0,0.0,0,0.42395007190259154,0.2795378565788269,0.14441221532376464
685,22,25,True,2,0.7895462551339075,1,2,1,0.7378647873726218,-0.14433940824475477,0.0637298800809859,0.9338856633786623,1,0.9338856633786623,1.0,1,0.46363008856703525,0.4219437837600708,0.04168630480696445
686,22,26,True,1,0.8076224797074648,1,1,0,0.7745966692414834,0.7518710873969854,0.008479083710870397,0.05575139231047943,0,0.0,0.0,0,0.6142928189132256,0.2705661952495575,0.34372662366366813
687,22,27,True,3,0.7841715551249788,1,1,0,1.0,0.78371757124389,0.0031738083482830714,0.0004539838810888597,0,0.0,0.0,0,0.39005873826602416,0.5992260575294495,0.2091673192634253
688,22,28,True,3,0.7644786234083386,2,2,0,1.0,0.7643577868642041,0.0033408154745007282,0.00012083654413452827,0,0.0,0.0,0,0.3568815001882006,0.5615650415420532,0.20468354135385264
689,22,29,True,4,0.7447543052628999,2,2,0,0.632455532033676,0.7245323910442031,0.02045983592543797,0.02022191421869679,0,0.0,0.0,0,0.3365609470067174,0.5353993773460388,0.19883843033932141
690,23,0,False,0,-50.0,0,3,1,,-0.946408130056815,0.007384668334136645,-49.05359186994318,0,0.0,0.0,0,-0.9999996255296015,-1.7021234035491943,0.7021237780195928
691,23,1,False,0,-50.0,0,2,1,,-0.9581313516068868,0.0069869355302316725,-49.04186864839311,0,0.0,0.0,0,-0.9999996107478742,-1.743593454360962,0.7435938436130877
692,23,2,False,0,-50.0,0,0,0,,-0.9313354166352944,0.007534589894018041,-49.06866458336471,0,0.0,0.0,0,-0.9999994160063443,-2.3662002086639404,1.366200792657596
693,23,3,False,0,-50.0,0,2,1,,-0.8660203251420378,1.2490984923352586e-17,-49.13397967485796,0,0.0,0.0,0,-0.9999772627040474,-2.0624806880950928,1.0625034253910455
694,23,4,False,0,-50.0,0,2,1,,-0.8660203251420378,1.2490984923352586e-17,-49.13397967485796,0,0.0,0.0,0,-0.9999812562570858,-2.131574869155884,1.131593612898798
695,23,5,False,0,-50.0,0,0,0,,-0.8660203251420378,1.2490984923352586e-17,-49.13397967485796,0,0.0,0.0,0,-0.9999804137288807,-1.5692880153656006,0.5693076016367199
696,23,6,False,0,-50.0,0,0,0,,-0.8660203251420378,1.2490984923352586e-17,-49.13397967485796,0,0.0,0.0,0,-0.9999983278526839,-1.6318957805633545,0.6318974527106705
697,23,7,False,0,-50.0,0,0,0,,-0.8660203251420378,1.2490984923352586e-17,-49.13397967485796,0,0.0,0.0,0,-0.9999996108180645,-2.0095269680023193,1.009527357184255
698,23,8,False,0,-50.0,0,2,1,,-0.8660203251420378,1.2490984923352586e-17,-49.13397967485796,0,0.0,0.0,0,-0.9999988666385503,-1.9925897121429443,0.992590845504394
699,23,9,False,0,-50.0,0,2,1,,-0.8660203251420378,1.2490984923352586e-17,-49.13397967485796,0,0.0,0.0,0,-0.9999990107539078,-1.4341906309127808,0.4341916201588729
700,23,10,False,0,-50.0,0,2,1,,-0.8660203251420378,1.2490984923352586e-17,-49.13397967485796,0,0.0,0.0,0,-0.9999990293804606,-1.393523097038269,0.39352406765780845
701,23,11,False,0,-50.0,0,0,0,,-0.8660203251420378,1.2490984923352586e-17,-49.13397967485796,0,0.0,0.0,0,-0.9999990819832603,-1.3706998825073242,0.37070080052406396
702,23,12,False,0,-50.0,0,0,0,,-0.8727193088849358,0.0032852784028697766,-49.12728069111506,0,0.0,0.0,0,-0.9954553351386207,-1.5812956094741821,0.5858402743355614
703,23,13,False,0,-50.0,0,3,1,,-0.8660203251420378,1.2490984923352586e-17,-49.13397967485796,0,0.0,0.0,0,-0.6456354110581239,-1.0588111877441406,0.4131757766860167
704,23,14,False,0,-50.0,0,0,0,,-0.8660203251420378,1.2490984923352586e-17,-49.13397967485796,0,0.0,0.0,0,-0.6415512903655195,-1.405679702758789,0.7641284123932696
705,23,15,False,0,-50.0,0,3,1,,-0.8660203251420378,1.2490984923352586e-17,-49.13397967485796,0,0.0,0.0,0,-0.9342398551612328,-1.0325249433517456,0.09828508819051285
706,23,16,False,0,-50.0,0,2,1,,-0.8660203251420378,1.2490984923352586e-17,-49.13397967485796,0,0.0,0.0,0,-0.9331357333616023,-0.842323362827301,0.09081237053430125
707,23,17,False,0,-50.0,0,2,1,,-0.8660203251420378,1.2490984923352586e-17,-49.13397967485796,0,0.0,0.0,0,-0.9447783514340671,-1.0878686904907227,0.14309033905665558
708,23,18,False,0,-50.0,0,2,1,,-0.8660203251420378,1.2490984923352586e-17,-49.13397967485796,0,0.0,0.0,0,-0.9468373738865927,-0.8298460841178894,0.11699128976870332
709,23,19,False,0,-50.0,0,2,1,,-0.8660203251420378,1.2490984923352586e-17,-49.13397967485796,0,0.0,0.0,0,-0.9508634713049732,-0.7478883266448975,0.2029751446600757
710,23,20,False,0,-50.0,0,0,0,,-0.763622601724774,0.024990267664129085,-49.23637739827522,0,0.0,0.0,0,-0.9615468882488694,-0.5774000287055969,0.38414685954327243
711,23,21,False,0,-50.0,0,1,1,,-0.08704529217531158,0.05514970850680344,-49.91295470782469,0,0.0,0.0,0,-0.8098692884190226,-0.41502317786216736,0.39484611055685526
712,23,22,True,1,0.7356937973218574,3,3,0,0.7745966692414834,0.6988671566831721,0.020740153586822793,0.03682664063868524,0,0.0,0.0,0,0.32941278797126883,0.23058128356933594,0.09883150440193289
713,23,23,True,2,0.7532260576750909,3,3,0,0.632455532033676,0.7401704570098169,0.013136473940624173,0.013055600665274003,0,0.0,0.0,0,0.425160992342733,0.34771764278411865,0.07744334955861437
714,23,24,True,3,0.783600918812372,3,3,0,0.7999999999999999,0.7425507126080786,0.02917279696665686,0.04105020620429345,0,0.0,0.0,0,0.47496731223382804,0.40576258301734924,0.0692047292164788
715,23,25,True,2,0.8076224797074648,3,1,1,0.7378647873726218,0.8053885139366173,0.003397014808047108,0.002233965770847557,1,0.002233965770847557,0.002502637983834047,0,0.6343171315506048,0.7180273532867432,0.0837102217361384
716,23,26,True,3,0.8258812924080277,1,2,1,0.7999999999999999,0.7436723281756125,0.029193770866849305,0.0822089642324152,1,0.0822089642324152,0.0920959842735819,1,0.6320058340608474,0.6895840167999268,0.05757818273907933
717,23,27,True,2,0.8043639404850288,1,1,0,0.632455532033676,0.8055853734914402,0.003194674319358117,-0.001221433006411421,0,0.0,0.0,0,0.42665555930529475,0.6095518469810486,0.18289628767575383
718,23,28,True,3,0.7836422681677923,2,2,0,1.0,0.7834982359811484,0.0032072566605543676,0.00014403218664382766,0,0.0,0.0,0,0.17064257445384357,0.6510564684867859,0.4804138940329423
719,23,29,True,4,0.7639981377212857,2,2,0,0.316227766016838,0.745634623099183,0.020659041560429848,0.018363514622102617,0,0.0,0.0,0,-0.1682184771377034,0.2517016530036926,0.41992013014139606
720,24,0,False,0,-50.0,0,2,1,,-0.8727193088849358,0.0032852784028697753,-49.12728069111506,0,0.0,0.0,0,-0.9999994261777256,-2.43626070022583,1.4362612740481044
721,24,1,False,0,-50.0,0,2,1,,-0.8760688007563848,0.003970332437467077,-49.123931199243614,0,0.0,0.0,0,-0.9999993773674041,-2.3205010890960693,1.3205017117286653
722,24,2,False,0,-50.0,0,0,0,,-0.9313354166352944,0.007534589894018041,-49.06866458336471,0,0.0,0.0,0,-0.9999993745428554,-1.7808966636657715,0.7808972891229161
723,24,3,False,0,-50.0,0,0,0,,-0.8660203251420378,1.2490984923352586e-17,-49.13397967485796,0,0.0,0.0,0,-0.9999774557248959,-1.7929778099060059,0.7930003541811099
724,24,4,False,0,-50.0,0,3,1,,-0.8660203251420378,1.2490984923352586e-17,-49.13397967485796,0,0.0,0.0,0,-0.9999950535448869,-1.6191202402114868,0.6191251866665999
725,24,5,False,0,-50.0,0,2,1,,-0.8660203251420378,1.2490984923352586e-17,-49.13397967485796,0,0.0,0.0,0,-0.9999961334682457,-1.6429779529571533,0.6429818194889076
726,24,6,False,0,-50.0,0,2,1,,-0.8660203251420378,1.2490984923352586e-17,-49.13397967485796,0,0.0,0.0,0,-0.9999975615425787,-1.611096739768982,0.6110991782264033
727,24,7,False,0,-50.0,0,0,0,,-0.8660203251420378,1.2490984923352586e-17,-49.13397967485796,0,0.0,0.0,0,-0.9999995326139319,-1.5770626068115234,0.5770630741975915
728,24,8,False,0,-50.0,0,0,0,,-0.8660203251420378,1.2490984923352586e-17,-49.13397967485796,0,0.0,0.0,0,-0.9999988652527966,-2.02335524559021,1.0233563803374133
729,24,9,False,0,-50.0,0,0,0,,-0.8660203251420378,1.2490984923352586e-17,-49.13397967485796,0,0.0,0.0,0,-0.9989692938647796,-2.052950143814087,1.0539808499493073
730,24,10,False,0,-50.0,0,3,1,,-0.8660203251420378,1.2490984923352586e-17,-49.13397967485796,0,0.0,0.0,0,-0.9984856091275902,-1.8576233386993408,0.8591377295717506
731,24,11,False,0,-50.0,0,2,1,,-0.8660203251420378,1.2490984923352586e-17,-49.13397967485796,0,0.0,0.0,0,-0.9983925375458742,-1.7121102809906006,0.7137177434447264
732,24,12,False,0,-50.0,0,2,1,,-0.8660203251420378,1.2490984923352586e-17,-49.13397967485796,0,0.0,0.0,0,-0.9983111359514895,-1.2064539194107056,0.2081427834592161
733,24,13,False,0,-50.0,0,0,0,,-0.8660203251420378,1.2490984923352586e-17,-49.13397967485796,0,0.0,0.0,0,-0.9983429893521341,-1.5706000328063965,0.5722570434542624
734,24,14,False,0,-50.0,0,3,1,,-0.8660203251420378,1.2490984923352586e-17,-49.13397967485796,0,0.0,0.0,0,-0.7937654933680203,-1.0700159072875977,0.2762504139195774
735,24,15,False,0,-50.0,0,2,1,,-0.8660203251420378,1.2490984923352586e-17,-49.13397967485796,0,0.0,0.0,0,-0.7995387163288301,-1.3899192810058594,0.5903805646770293
736,24,16,False,0,-50.0,0,3,1,,-0.8595020021418172,0.006518323000220568,-49.14049799785818,0,0.0,0.0,0,-0.9178369408204996,-1.4038941860198975,0.48605724519939786
737,24,17,False,0,-50.0,0,2,1,,-0.8595020021418172,0.006518323000220568,-49.14049799785818,0,0.0,0.0,0,-0.9262508959464204,-0.8538132905960083,0.0724376053504121
738,24,18,False,0,-50.0,0,2,1,,-0.8447852675631881,0.01602005753915322,-49.15521473243681,0,0.0,0.0,0,-0.9268140879974938,-1.047680377960205,0.12086628996271132
739,24,19,False,0,-50.0,0,2,1,,-0.8447852675631881,0.01602005753915322,-49.15521473243681,0,0.0,0.0,0,-0.9268313065081785,-1.0461201667785645,0.11928886027038599
740,24,20,False,0,-50.0,0,3,1,,-0.12779839319941405,0.053126106604309546,-49.87220160680059,0,0.0,0.0,0,-0.9118463251165956,-0.8614587187767029,0.0503876063398927
741,24,21,False,0,-50.0,0,0,0,,-0.1151792624990626,0.05619052357457354,-49.88482073750094,0,0.0,0.0,0,-0.906871164631976,-0.5613032579421997,0.3455679066897763
742,24,22,True,1,0.3703476266069604,3,3,0,0.7745966692414834,0.18033401777104427,0.04473424521814802,0.19001360883591614,0,0.0,0.0,0,0.0810365451949245,-0.49099481105804443,0.572031356252969
743,24,23,True,1,0.37068302637023964,2,2,0,0.7745966692414834,0.19194678772143844,0.04474641593114589,0.1787362386488012,0,0.0,0.0,0,0.08614897024495514,-0.20489931106567383,0.291048281310629
744,24,24,True,2,0.8026830950002165,3,3,0,0.632455532033676,0.8065235591166158,0.003401578680028325,-0.003840464116399267,0,0.0,0.0,0,0.6390649694491789,0.0804876908659935,0.5585772785831854
745,24,25,True,3,0.8245337989111071,3,3,0,0.39999999999999997,0.8254335263850102,0.0032616245920051054,-0.0008997274739031003,0,0.0,0.0,0,0.6636396690394989,0.6249844431877136,0.03865522585178527
746,24,26,True,3,0.8459928129170498,1,1,0,1.0,0.8474991640318172,0.0026624314730431236,-0.0015063511147674902,0,0.0,0.0,0,0.6854277451020211,0.6908199787139893,0.005392233611968167
747,24,27,True,4,0.8250820964438441,2,2,0,0.19999999999999998,0.8254175848192901,0.003149420096298345,-0.000335488375445947,0,0.0,0.0,0,0.4587127483882222,0.6338568925857544,0.17514414419753221
748,24,28,True,3,0.7248827664673716,3,1,1,0.39999999999999997,-0.8591659195399112,0.006854405602126536,1.5840486860072827,1,1.5840486860072827,1.0,1,-0.3838511921821352,-0.05306510627269745,0.33078608590943775
749,24,29,True,4,0.7442935065927629,0,2,1,-0.632455532033676,-0.8591659195399112,0.006854405602126536,1.603459426132674,1,1.603459426132674,1.0,1,-0.3295442681011119,0.21006450057029724,0.5396087686714092
750,25,0,False,0,-50.0,0,2,1,,-0.8710445629492114,0.0028637913753287083,-49.12895543705079,0,0.0,0.0,0,-0.9999993276642342,-2.338909387588501,1.3389100599242667
751,25,1,False,0,-50.0,0,0,0,,-0.8760688007563848,0.003970332437467076,-49.123931199243614,0,0.0,0.0,0,-0.9999993145134116,-1.9083600044250488,0.9083606899116372
752,25,2,False,0,-50.0,0,2,1,,-0.8777435466921094,0.004259374602061719,-49.12225645330789,0,0.0,0.0,0,-0.9999982750186097,-2.4241995811462402,1.4242013061276304
753,25,3,False,0,-50.0,0,2,1,,-0.8777435466921094,0.004259374602061719,-49.12225645330789,0,0.0,0.0,0,-0.9999981982249531,-1.8620665073394775,0.8620683091145245
754,25,4,False,0,-50.0,0,2,1,,-0.8777435466921094,0.004259374602061719,-49.12225645330789,0,0.0,0.0,0,-0.9999980607115828,-1.8225953578948975,0.8225972971833146
755,25,5,False,0,-50.0,0,2,1,,-0.8777435466921094,0.004259374602061719,-49.12225645330789,0,0.0,0.0,0,-0.9999974079600051,-1.781736969947815,0.7817395619878098
756,25,6,False,0,-50.0,0,2,1,,-0.8777435466921094,0.004259374602061719,-49.12225645330789,0,0.0,0.0,0,-0.9999957135052215,-2.1555933952331543,1.1555976817279328
757,25,7,False,0,-50.0,0,0,0,,-0.8760688007563848,0.003970332437467075,-49.123931199243614,0,0.0,0.0,0,-0.9999948518262481,-1.8226778507232666,0.8226829988970185
758,25,8,False,0,-50.0,0,0,0,,-0.8660203251420378,1.2490984923352586e-17,-49.13397967485796,0,0.0,0.0,0,-0.9999989232985321,-2.083592414855957,1.083593491557425
759,25,9,False,0,-50.0,0,3,1,,-0.8660203251420378,1.2490984923352586e-17,-49.13397967485796,0,0.0,0.0,0,-0.998555438688796,-1.882488489151001,0.8839330504622049
760,25,10,False,0,-50.0,0,0,0,,-0.8660203251420378,1.2490984923352586e-17,-49.13397967485796,0,0.0,0.0,0,-0.9985034354146821,-1.5137419700622559,0.5152385346475737
761,25,11,False,0,-50.0,0,3,1,,-0.8660203251420378,1.2490984923352586e-17,-49.13397967485796,0,0.0,0.0,0,-0.9987861889667524,-1.3577896356582642,0.35900344669151174
762,25,12,False,0,-50.0,0,2,1,,-0.8660203251420378,1.2490984923352586e-17,-49.13397967485796,0,0.0,0.0,0,-0.9988118976839617,-1.7649872303009033,0.7661753326169416
763,25,13,False,0,-50.0,0,2,1,,-0.8660203251420378,1.2490984923352586e-17,-49.13397967485796,0,0.0,0.0,0,-0.9987974115846637,-1.2518247365951538,0.2530273250104901
764,25,14,False,0,-50.0,0,0,0,,-0.8660203251420378,1.2490984923352586e-17,-49.13397967485796,0,0.0,0.0,0,-0.9987850183752457,-1.6012694835662842,0.6024844651910385
765,25,15,False,0,-50.0,0,3,1,,-0.8595020021418172,0.006518323000220568,-49.14049799785818,0,0.0,0.0,0,-0.9084779810668514,-1.130146861076355,0.22166888000950358
766,25,16,False,0,-50.0,0,0,0,,-0.8595020021418172,0.006518323000220568,-49.14049799785818,0,0.0,0.0,0,-0.9132710049168731,-1.322098970413208,0.40882796549633493
767,25,17,False,0,-50.0,0,3,1,,-0.19537386786742966,0.057232395681546276,-49.80462613213257,0,0.0,0.0,0,-0.9177978071157377,-1.2795614004135132,0.3617635932977755
768,25,18,False,0,-50.0,0,3,1,,-0.17729956830744836,0.05245294988374277,-49.82270043169255,0,0.0,0.0,0,-0.9161453282755667,-0.9404190182685852,0.024273689993018488
769,25,19,False,0,-50.0,0,3,1,,-0.13353343233395992,0.05269006821339354,-49.86646656766604,0,0.0,0.0,0,-0.9144965040709716,-0.8700012564659119,0.04449524760505974
770,25,20,False,0,-50.0,0,0,0,,-0.1509531131600847,0.053536628217421625,-49.849046886839915,0,0.0,0.0,0,-0.9128626663172752,-0.7357117533683777,0.1771509129488975
771,25,21,False,0,-50.0,0,0,0,,-0.1437030303510108,0.05398345000409559,-49.85629696964899,0,0.0,0.0,0,-0.9103489346033619,-0.648335337638855,0.2620135969645069
772,25,22,False,0,-50.0,0,3,1,,0.1685782412372484,0.044263232437182144,-50.16857824123725,0,0.0,0.0,0,0.05421025270409217,-0.8755161166191101,0.9297263693232023
773,25,23,False,0,-50.0,0,0,0,,0.18033401777104427,0.04473424521814802,-50.180334017771045,0,0.0,0.0,0,0.07271763422237441,-0.49216970801353455,0.564887342235909
774,25,24,False,0,-50.0,0,3,1,,-1.0,3.694883168802417e-18,-49.0,0,0.0,0.0,0,-0.9999460354987204,-0.5319135189056396,0.46803251659308076
775,25,25,False,0,-50.0,0,1,1,,-1.0,2.7930691394541386e-18,-49.0,0,0.0,0.0,0,-0.9998293822455334,-0.44148337841033936,0.5583460038351941
776,25,26,True,4,0.867997433701718,1,1,0,0.39999999999999997,0.8668758100734546,0.0027811599739601856,0.0011216236282634018,0,0.0,0.0,0,0.729353633217853,0.7130699753761292,0.01628365784172381
777,25,27,True,4,0.801547104266294,0,0,0,0.316227766016838,0.7851004747963304,0.021138857218802223,0.01644662946996367,0,0.0,0.0,0,-0.021041077502363902,0.18268048763275146,0.20372156513511536
778,25,28,True,4,0.7057637479175722,0,0,0,0.19999999999999998,-0.8591659195399112,0.006854405602126536,1.5649296674574833,0,0.0,0.0,0,-0.3983188955320804,-0.08137459307909012,0.31694430245299027
779,25,29,True,1,0.9293879194012997,1,1,0,0.7745966692414834,0.93238194470255,0.0016379406052490402,-0.0029940253012502582,0,0.0,0.0,0,0.8539624492872334,0.9400618672370911,0.08609941794985765
780,26,0,False,0,-50.0,0,2,1,,-0.8710445629492114,0.0028637913753287087,-49.12895543705079,0,0.0,0.0,0,-0.9999993309621058,-2.406061887741089,1.406062556778983
781,26,1,False,0,-50.0,0,2,1,,-0.8710445629492114,0.0028637913753287087,-49.12895543705079,0,0.0,0.0,0,-0.9999992879464563,-2.028564691543579,1.0285654035971228
782,26,2,False,0,-50.0,0,0,0,,-0.8794182926278339,0.004522167334580863,-49.12058170737217,0,0.0,0.0,0,-0.9999984382551419,-2.416990280151367,1.4169918418962253
783,26,3,False,0,-50.0,0,2,1,,-0.9966505081285508,0.0023534104960733437,-49.00334949187145,0,0.0,0.0,0,-0.9999996610636797,-2.4528915882110596,1.45289192714738
784,26,4,False,0,-50.0,0,2,1,,-0.9966505081285508,0.0023534104960733437,-49.00334949187145,0,0.0,0.0,0,-0.9999995229565097,-1.9062741994857788,0.9062746765292691
785,26,5,False,0,-50.0,0,0,0,,-0.9882767784499282,0.004259374602061723,-49.01172322155007,0,0.0,0.0,0,-0.9999991860428198,-1.9925838708877563,0.9925846848449366
786,26,6,False,0,-50.0,0,2,1,,-0.8727193088849358,0.003285278402869774,-49.12728069111506,0,0.0,0.0,0,-0.9999964522216762,-1.713901162147522,0.7139047099258458
787,26,7,False,0,-50.0,0,0,0,,-0.8743940548206603,0.0036488080782489268,-49.12560594517934,0,0.0,0.0,0,-0.9999964971364586,-2.2721381187438965,1.272141621607438
788,26,8,False,0,-50.0,0,0,0,,-0.8660203251420378,1.2490984923352586e-17,-49.13397967485796,0,0.0,0.0,0,-0.9999989152539419,-2.143277645111084,1.143278729857142
789,26,9,False,0,-50.0,0,0,0,,-0.8660203251420378,1.2490984923352586e-17,-49.13397967485796,0,0.0,0.0,0,-0.9985710582830524,-1.751624584197998,0.7530535259149457
790,26,10,False,0,-50.0,0,3,1,,-0.8660203251420378,1.2490984923352586e-17,-49.13397967485796,0,0.0,0.0,0,-0.9999990333210999,-2.1090657711029053,1.1090667377818053
791,26,11,False,0,-50.0,0,0,0,,-0.8660203251420378,1.2490984923352586e-17,-49.13397967485796,0,0.0,0.0,0,-0.9999990522785143,-2.001127243041992,1.001128190763478
792,26,12,False,0,-50.0,0,3,1,,-0.8660203251420378,1.2490984923352586e-17,-49.13397967485796,0,0.0,0.0,0,-0.998860502702794,-1.4288370609283447,0.4299765582255507
793,26,13,False,0,-50.0,0,0,0,,-0.8660203251420378,1.2490984923352586e-17,-49.13397967485796,0,0.0,0.0,0,-0.9988514240883637,-1.8362313508987427,0.837379926810379
794,26,14,False,0,-50.0,0,2,1,,-0.8660203251420378,1.2490984923352586e-17,-49.13397967485796,0,0.0,0.0,0,-0.9979230082062944,-1.6600695848464966,0.6621465766402022
795,26,15,False,0,-50.0,0,2,1,,-0.8660203251420378,1.2490984923352586e-17,-49.13397967485796,0,0.0,0.0,0,-0.9974150112036728,-1.5954151153564453,0.5980001041527725
796,26,16,False,0,-50.0,0,3,1,,-0.8612579559086635,0.004762369233374196,-49.13874204409134,0,0.0,0.0,0,-0.9948673135377053,-1.4612321853637695,0.46636487182606423
797,26,17,False,0,-50.0,0,2,1,,-0.8660203251420378,1.2490984923352586e-17,-49.13397967485796,0,0.0,0.0,0,-0.9954619453770045,-1.445743203163147,0.4502812577861425
798,26,18,False,0,-50.0,0,2,1,,-0.8612579559086635,0.004762369233374196,-49.13874204409134,0,0.0,0.0,0,-0.9977904301880388,-0.9319941401481628,0.06579629003987597
799,26,19,False,0,-50.0,0,3,1,,-0.8676950710777621,0.0016747459357245198,-49.13230492892224,0,0.0,0.0,0,-0.9978539750412511,-1.1703910827636719,0.1725371077224208
800,26,20,False,0,-50.0,0,0,0,,-0.8676950710777621,0.0016747459357245198,-49.13230492892224,0,0.0,0.0,0,-0.9979825748340799,-1.0891934633255005,0.09121088849142056
801,26,21,False,0,-50.0,0,1,1,,-0.936491907410635,0.02282607640235462,-49.063508092589366,0,0.0,0.0,0,-0.9974743444303056,-0.47069448232650757,0.526779862103798
802,26,22,False,0,-50.0,0,3,1,,-0.9940601861302927,0.005939813869707328,-49.00593981386971,0,0.0,0.0,0,-0.9977862024054507,-0.43100449442863464,0.566781707976816
803,26,23,False,0,-50.0,0,3,1,,-1.0,0.0,-49.0,0,0.0,0.0,0,-0.998452477973276,-0.5949837565422058,0.40346872143107015
805,26,25,False,0,-50.0,0,2,1,,-1.0,0.0,-49.0,0,0.0,0.0,0,-0.9995332491819017,-0.24525371193885803,0.7542795372430436
806,26,26,True,4,0.888741003865748,1,1,0,0.19999999999999998,0.8883297642693861,0.0027212817162509395,0.00041123959636180096,0,0.0,0.0,0,0.772213961035002,0.7689467072486877,0.003267253786314206
807,26,27,True,3,0.6721510585094194,3,3,0,0.19999999999999998,-0.8591659195399112,0.006854405602126536,1.5313169780493305,0,0.0,0.0,0,-0.4030068685059929,-0.2653336524963379,0.137673216009655
808,26,28,True,3,0.6868679560403543,0,0,0,0.39999999999999997,-0.8591659195399112,0.006854405602126536,1.5460338755802656,0,0.0,0.0,0,-0.4068821123230685,-0.2263089418411255,0.180573170481943
809,26,29,True,3,0.95374887769738,1,1,0,1.0,0.9541108849476748,0.0016741530068770303,-0.0003620072502947824,0,0.0,0.0,0,0.874405884389387,1.056530475616455,0.18212459122706803
810,27,0,False,0,-50.0,0,0,0,,-0.8710445629492114,0.0028637913753287087,-49.12895543705079,0,0.0,0.0,0,-0.999999321491666,-2.5847573280334473,1.5847580065417812
811,27,1,False,0,-50.0,0,3,1,,-1.0,0.0,-49.0,0,0.0,0.0,0,-1.000000030238259,-2.610982656478882,1.6109826262406228
813,27,3,False,0,-50.0,0,2,1,,-1.0,0.0,-49.0,0,0.0,0.0,0,-0.9999997982969855,-2.3576927185058594,1.3576929202088739
814,27,4,False,0,-50.0,0,2,1,,-1.0,6.087353060601351e-18,-49.0,0,0.0,0.0,0,-0.9999996953719981,-2.0295536518096924,1.0295539564376943
815,27,5,False,0,-50.0,0,2,1,,-1.0,6.399725376396879e-18,-49.0,0,0.0,0.0,0,-0.9999994798593879,-1.9966422319412231,0.9966427520818353
816,27,6,False,0,-50.0,0,2,1,,-0.9949757621928264,0.0028637913753287152,-49.00502423780718,0,0.0,0.0,0,-0.999997891265161,-2.3343231678009033,1.3343252765357423
817,27,7,False,0,-50.0,0,0,0,,-0.8777435466921094,0.004259374602061721,-49.12225645330789,0,0.0,0.0,0,-0.999996505395612,-2.2618234157562256,1.2618269103606137
818,27,8,False,0,-50.0,0,3,1,,-0.8660203251420378,1.2490984923352586e-17,-49.13397967485796,0,0.0,0.0,0,-0.9999990180119656,-2.1295626163482666,1.129563598336301
819,27,9,False,0,-50.0,0,2,1,,-0.8676950710777621,0.0016747459357245211,-49.13230492892224,0,0.0,0.0,0,-0.9999990946711428,-2.215275287628174,1.215276192957031
820,27,10,False,0,-50.0,0,2,1,,-0.8660203251420378,1.2490984923352586e-17,-49.13397967485796,0,0.0,0.0,0,-0.9999990757190472,-1.6512479782104492,0.651248902491402
821,27,11,False,0,-50.0,0,2,1,,-0.8676950710777621,0.0016747459357245211,-49.13230492892224,0,0.0,0.0,0,-0.9999989253942032,-1.60924232006073,0.6092433946665268
822,27,12,False,0,-50.0,0,0,0,,-0.8660203251420378,1.2490984923352586e-17,-49.13397967485796,0,0.0,0.0,0,-0.9999988902536939,-2.056305408477783,1.0563065182240892
823,27,13,False,0,-50.0,0,3,1,,-0.8660203251420378,1.2490984923352586e-17,-49.13397967485796,0,0.0,0.0,0,-0.9980889650981013,-1.5666706562042236,0.5685816911061223
824,27,14,False,0,-50.0,0,2,1,,-0.8660203251420378,1.2490984923352586e-17,-49.13397967485796,0,0.0,0.0,0,-0.9979419480533311,-1.5405620336532593,0.5426200855999281
825,27,15,False,0,-50.0,0,2,1,,-0.8660203251420378,1.2490984923352586e-17,-49.13397967485796,0,0.0,0.0,0,-0.9978380996479514,-1.7836556434631348,0.7858175438151833
826,27,16,False,0,-50.0,0,0,0,,-0.8660203251420378,1.2490984923352586e-17,-49.13397967485796,0,0.0,0.0,0,-0.9971653576682585,-1.6645619869232178,0.6673966292549592
827,27,17,False,0,-50.0,0,3,1,,-0.8693698170134867,0.0023534104960733415,-49.130630182986515,0,0.0,0.0,0,-0.999805714285625,-1.7055044174194336,0.7056987031338086
828,27,18,False,0,-50.0,0,3,1,,-0.8710445629492114,0.0028637913753287087,-49.12895543705079,0,0.0,0.0,0,-0.9998016831368814,-0.9480107426643372,0.05179094047254429
829,27,19,False,0,-50.0,0,3,1,,-0.8676950710777621,0.0016747459357245198,-49.13230492892224,0,0.0,0.0,0,-0.9997650581257154,-1.0520579814910889,0.0522929233653735
830,27,20,False,0,-50.0,0,0,0,,-0.8693698170134867,0.002353410496073341,-49.130630182986515,0,0.0,0.0,0,-0.9996330097354481,-0.9378224015235901,0.06181060821185802
831,27,21,False,0,-50.0,0,1,1,,-0.9559304840281669,0.0150037255209871,-49.044069515971835,0,0.0,0.0,0,-0.9998467282817061,-0.2681858241558075,0.7316609041258986
833,27,23,False,0,-50.0,0,1,1,,0.692761000966886,0.049275712614403465,-50.69276100096688,0,0.0,0.0,0,-0.8433992703429158,0.08157055824995041,0.9249698285928663
834,27,24,False,0,-50.0,0,3,1,,-0.9337293674658443,0.03778226692965617,-49.066270632534156,0,0.0,0.0,0,-0.9205509497030127,0.13042092323303223,1.0509718729360449
835,27,25,False,0,-50.0,0,0,0,,-1.0,2.7930691394541386e-18,-49.0,0,0.0,0.0,0,-0.9903598836696811,-0.5580254793167114,0.43233440435296966
836,27,26,True,3,0.9099930917703976,3,3,0,1.0,0.9118836049943952,0.00197333082855026,-0.0018905132239976918,0,0.0,0.0,0,0.8199388299189645,0.7712165713310242,0.048722258587940326
837,27,27,True,3,0.9312530937171293,3,3,0,0.7999999999999999,0.9333641795906977,0.0017868835380892875,-0.0021110858735684523,0,0.0,0.0,0,0.8414069113102127,0.7726691961288452,0.06873771518136751
838,27,28,True,3,0.9528849122049013,3,3,0,0.7999999999999999,0.9541157854476747,0.0017440988124447887,-0.0012308732427733782,0,0.0,0.0,0,0.8688289741752693,0.8744597434997559,0.005630769324486584
839,27,29,True,4,0.9748052568021381,1,1,0,0.19999999999999998,0.9762974000000002,0.001115030415887582,-0.0014921431978620614,0,0.0,0.0,0,0.8960410412538379,0.8601918816566467,0.03584915959719115
840,28,0,False,0,-50.0,0,0,0,,-0.8727193088849358,0.003285278402869776,-49.12728069111506,0,0.0,0.0,0,-0.9999993149704728,-2.652712106704712,1.6527127917342392
841,28,1,False,0,-50.0,0,0,0,,-1.0,1.3965345697270693e-18,-49.0,0,0.0,0.0,0,-1.000000070954869,-2.239745855331421,1.2397457843765518
842,28,2,False,0,-50.0,0,3,1,,-0.9983252540642755,0.0016747459357245268,-49.00167474593572,0,0.0,0.0,0,-0.999999942497305,-2.6625044345855713,1.6625044920882663
843,28,3,False,0,-50.0,0,0,0,,-0.9983252540642755,0.0016747459357245266,-49.00167474593572,0,0.0,0.0,0,-0.9999998845287323,-2.5226075649261475,1.5226076803974151
844,28,4,False,0,-50.0,0,2,1,,-0.89281626011363,0.006029556446107819,-49.107183739886366,0,0.0,0.0,0,-0.9999980331957725,-2.5989792346954346,1.598981201499662
845,28,5,False,0,-50.0,0,2,1,,-0.8961657519850792,0.006294590532058343,-49.10383424801492,0,0.0,0.0,0,-0.999998055344302,-2.0960757732391357,1.0960777178948338
846,28,6,False,0,-50.0,0,0,0,,-0.9916262703213775,0.0036488080782489376,-49.008373729678624,0,0.0,0.0,0,-0.9999980178016493,-2.4027585983276367,1.4027605805259875
847,28,7,False,0,-50.0,0,0,0,,-0.8743940548206603,0.0036488080782489268,-49.12560594517934,0,0.0,0.0,0,-0.9999965763546084,-2.3512039184570312,1.3512073421024229
848,28,8,False,0,-50.0,0,3,1,,-0.8676950710777621,0.0016747459357245211,-49.13230492892224,0,0.0,0.0,0,-0.9999989532697522,-1.8626658916473389,0.8626669383775867
849,28,9,False,0,-50.0,0,0,0,,-0.8660203251420378,1.2490984923352586e-17,-49.13397967485796,0,0.0,0.0,0,-0.9999989146562961,-2.262174129486084,1.2621752148297878
850,28,10,False,0,-50.0,0,3,1,,-0.876068800756385,0.003970332437467074,-49.123931199243614,0,0.0,0.0,0,-0.9999972209572477,-2.477893114089966,1.4778958931327182
851,28,11,False,0,-50.0,0,0,0,,-0.876068800756385,0.003970332437467074,-49.123931199243614,0,0.0,0.0,0,-0.9999972466675529,-2.292836904525757,1.292839657858204
852,28,12,False,0,-50.0,0,3,1,,-0.8676950710777621,0.0016747459357245211,-49.13230492892224,0,0.0,0.0,0,-0.9999981586621454,-1.7490413188934326,0.7490431602312873
853,28,13,False,0,-50.0,0,2,1,,-0.8660203251420378,1.2490984923352586e-17,-49.13397967485796,0,0.0,0.0,0,-0.999998043721978,-2.0326106548309326,1.0326126111089546
854,28,14,False,0,-50.0,0,3,1,,-0.8743940548206602,0.0036488080782489268,-49.12560594517934,0,0.0,0.0,0,-0.9999976953582983,-2.0054264068603516,1.0054287115020533
855,28,15,False,0,-50.0,0,0,0,,-0.8743940548206602,0.0036488080782489268,-49.12560594517934,0,0.0,0.0,0,-0.9999954704789858,-2.0835299491882324,1.0835344787092467
856,28,16,False,0,-50.0,0,3,1,,-0.8727193088849358,0.003285278402869775,-49.12728069111506,0,0.0,0.0,0,-0.9980136910041812,-1.6442890167236328,0.6462753257194516
857,28,17,False,0,-50.0,0,0,0,,-0.8727193088849358,0.003285278402869775,-49.12728069111506,0,0.0,0.0,0,-0.9980866987051502,-1.9313753843307495,0.9332886856255993
858,28,18,False,0,-50.0,0,3,1,,-0.8760688007563848,0.003970332437467074,-49.123931199243614,0,0.0,0.0,0,-0.999864516310928,-1.5981401205062866,0.5982756041953586
859,28,19,False,0,-50.0,0,0,0,,-0.8760688007563848,0.003970332437467074,-49.123931199243614,0,0.0,0.0,0,-0.9998656509581836,-1.6967759132385254,0.6969102622803418
860,28,20,False,0,-50.0,0,3,1,,-0.9542557380924425,0.015034894954730612,-49.04574426190756,0,0.0,0.0,0,-0.9998965312358536,-1.2497261762619019,0.2498296450260482
861,28,21,False,0,-50.0,0,0,0,,-0.9348171614749106,0.022828532183960037,-49.06518283852509,0,0.0,0.0,0,-0.9999029838845358,-0.4912545382976532,0.5086484455868826
862,28,22,False,0,-50.0,0,0,0,,-0.9346091117131952,0.015657512487840676,-49.06539088828681,0,0.0,0.0,0,-0.9999041539535671,-0.6168301701545715,0.3830739837989956
863,28,23,False,0,-50.0,0,1,1,,0.82722693935502,0.0029631745932540998,-50.82722693935502,0,0.0,0.0,0,-0.12346620065352967,0.19446003437042236,0.317926235023952
864,28,24,False,0,-50.0,0,1,1,,0.7778801084927152,0.03960125222073769,-50.77788010849272,0,0.0,0.0,0,-0.8198036401945005,0.2087649405002594,1.0285685806947598
866,28,26,False,0,-50.0,0,1,1,,0.8433650002233339,0.03330213190575768,-50.843365000223336,0,0.0,0.0,0,-0.7120633866612072,0.33179858326911926,1.0438619699303264
867,28,27,False,0,-50.0,0,3,1,,0.9541204433606982,0.0018016674789327679,-50.9541204433607,0,0.0,0.0,0,0.14981032286581075,0.8083170056343079,0.6585066827684971
868,28,28,False,0,-50.0,0,1,1,,0.9765523002500004,0.001251179079502814,-50.97655230025,0,0.0,0.0,0,0.5329598203234182,0.6459503173828125,0.11299049705939435
869,28,29,True,4,0.9977303761352038,1,1,0,0.39999999999999997,0.99875,0.0005446808379132443,-0.0010196238647962597,0,0.0,0.0,0,0.9931496771071442,0.9827681183815002,0.010381558725643947
870,29,0,False,0,-50.0,0,3,1,,-0.9346849085067432,0.007534589894018047,-49.065315091493254,0,0.0,0.0,0,-0.9999992832500124,-2.19396710395813,1.1939678207081175
871,29,1,False,0,-50.0,0,2,1,,-0.9313354166352944,0.007534589894018045,-49.06866458336471,0,0.0,0.0,0,-0.9999993002524562,-2.2960779666900635,1.2960786664376074
872,29,2,False,0,-50.0,0,0,0,,-0.9983252540642754,0.0016747459357245257,-49.00167474593572,0,0.0,0.0,0,-0.9999999848206036,-2.218113899230957,1.2181139144103534
873,29,3,False,0,-50.0,0,2,1,,-0.946408130056815,0.007384668334136651,-49.05359186994318,0,0.0,0.0,0,-0.9999990561238985,-2.0982563495635986,1.0982572934397001
874,29,4,False,0,-50.0,0,0,0,,-0.89281626011363,0.006029556446107819,-49.107183739886366,0,0.0,0.0,0,-0.9999981191065282,-2.1552248001098633,1.155226681003335
875,29,5,False,0,-50.0,0,2,1,,-0.9933010162571018,0.0032852784028697796,-49.0066989837429,0,0.0,0.0,0,-0.9999981451205475,-2.2141191959381104,1.2141210508175628
876,29,6,False,0,-50.0,0,0,0,,-0.9983252540642752,0.001674745935724525,-49.00167474593572,0,0.0,0.0,0,-0.9999979596701228,-2.0884761810302734,1.0884782213601505
877,29,7,False,0,-50.0,0,3,1,,-0.8810930385635583,0.004763057407568009,-49.118906961436444,0,0.0,0.0,0,-0.9999967363660854,-2.0726473331451416,1.0726505967790563
878,29,8,False,0,-50.0,0,2,1,,-0.8794182926278339,0.00452216733458086,-49.12058170737217,0,0.0,0.0,0,-0.9999967750215762,-2.3695080280303955,1.3695112530088194
879,29,9,False,0,-50.0,0,2,1,,-0.8810930385635583,0.004763057407568009,-49.118906961436444,0,0.0,0.0,0,-0.9999969714058301,-2.061272382736206,1.061275411330376
880,29,10,False,0,-50.0,0,2,1,,-0.8794182926278339,0.00452216733458086,-49.12058170737217,0,0.0,0.0,0,-0.9999970662706623,-2.048919439315796,1.0489223730451336
881,29,11,False,0,-50.0,0,2,1,,-0.8794182926278339,0.004522167334580863,-49.12058170737217,0,0.0,0.0,0,-0.9999969920640714,-2.035978078842163,1.0359810867780916
882,29,12,False,0,-50.0,0,2,1,,-0.8810930385635583,0.004763057407568007,-49.118906961436444,0,0.0,0.0,0,-0.9999968532066175,-2.326948881149292,1.3269520279426745
883,29,13,False,0,-50.0,0,2,1,,-0.8810930385635583,0.004763057407568009,-49.118906961436444,0,0.0,0.0,0,-0.9999952363163849,-2.2898247241973877,1.2898294878810028
884,29,14,False,0,-50.0,0,2,1,,-0.8810930385635583,0.004763057407568009,-49.118906961436444,0,0.0,0.0,0,-0.9999844002577251,-2.235487937927246,1.235503537669521
885,29,15,False,0,-50.0,0,2,1,,-0.8810930385635583,0.004763057407568009,-49.118906961436444,0,0.0,0.0,0,-0.9999181283174106,-1.933927059173584,0.9340089308561734
886,29,16,False,0,-50.0,0,2,1,,-0.8810930385635583,0.004763057407568009,-49.118906961436444,0,0.0,0.0,0,-0.9998921922961017,-2.0568645000457764,1.0569723077496747
887,29,17,False,0,-50.0,0,3,1,,-0.8760688007563848,0.003970332437467074,-49.123931199243614,0,0.0,0.0,0,-0.999756365192217,-1.8085720539093018,0.8088156887170848
888,29,18,False,0,-50.0,0,3,1,,-0.8794182926278339,0.004522167334580859,-49.12058170737217,0,0.0,0.0,0,-0.9997793197713419,-1.736320972442627,0.736541652671285
889,29,19,False,0,-50.0,0,0,0,,-0.8794182926278339,0.004522167334580859,-49.12058170737217,0,0.0,0.0,0,-0.9998537807488113,-1.5779545307159424,0.5781007499671311
890,29,20,False,0,-50.0,0,3,1,,-0.9355246877757288,0.014814035046791163,-49.064475312224275,0,0.0,0.0,0,-0.9998621948480682,-1.226236343383789,0.2263741485357209
891,29,21,False,0,-50.0,0,3,1,,-0.9346091117131952,0.015657512487840676,-49.06539088828681,0,0.0,0.0,0,-0.9998781022870272,-0.9322343468666077,0.06764375542041956
892,29,22,False,0,-50.0,0,0,0,,-0.9346091117131952,0.015657512487840676,-49.06539088828681,0,0.0,0.0,0,-0.9999043748210429,-1.2714183330535889,0.271513958232546
893,29,23,False,0,-50.0,0,3,1,,0.8477826794223697,0.003068820606398127,-50.84778267942237,0,0.0,0.0,0,-0.06464043899630681,0.16021761298179626,0.22485805197810307
894,29,24,False,0,-50.0,0,3,1,,0.8683066462382399,0.0029672214191901296,-50.86830664623824,0,0.0,0.0,0,-0.052620127536047605,0.3045007586479187,0.3571208861839663
895,29,25,False,0,-50.0,0,3,1,,0.8904437626436333,0.0025276523964103885,-50.890443762643635,0,0.0,0.0,0,-0.01803585239870103,0.4090728461742401,0.42710869857294115
896,29,26,False,0,-50.0,0,3,1,,0.9111702433406637,0.0020545691724932866,-50.91117024334066,0,0.0,0.0,0,0.0015060228411695542,0.5629293322563171,0.5614233094151476
897,29,27,False,0,-50.0,0,0,0,,0.9335994770981977,0.0016808819831622356,-50.9335994770982,0,0.0,0.0,0,0.03562401564264683,0.6323618292808533,0.5967378136382064
898,29,28,False,0,-50.0,0,3,1,,0.99925,0.00042749639127946133,-50.99925,0,0.0,0.0,0,0.9856566107489839,1.075729250907898,0.09007264015891403
