state,row,col,covered,n_actions_covered,pi_d_star_V,pi_d_star_action,best_config_action,argmax_disagree,rank_correlation,ppo_discounted_return,ppo_discounted_return_stderr,value_gap,is_disagreement,severity_raw,severity,statistically_significant,true_value_pi_beta,critic_pred_pi_beta,critic_abs_error,n_pi_d_star_action,n_best_config_action,pair_min_samples,pi_d_star_action_cross,pi_d_star_V_cross,argmax_disagree_cross,rank_correlation_cross,value_gap_cross,is_disagreement_cross,severity_raw_cross,statistically_significant_cross,is_disagreement_strict,references_agree_on_action,severity_raw_strict,severity_strict
0,0,0,True,2,-1.0108733140913695,3,3,0,0.9486832980505139,-2.598060975426111,2.037621039635e-16,1.5871876613347413,0,0.0,0.0,0,-2.941119432899005,-3.014535665512085,0.07341623261307983,961,961,961,3,-1.1640552873581527,0,0.9486832980505139,1.4340056880679581,0,0.0,0,0,1,0.0,0.0
1,0,1,True,4,-0.9891048893624783,3,3,0,0.19999999999999998,-2.598060975426111,2.037621039635e-16,1.6089560860636325,0,0.0,0.0,0,-2.940471282830884,-2.967349052429199,0.026877769598315115,1040,1040,1040,3,-1.1440067510475675,0,0.316227766016838,1.4540542243785433,0,0.0,0,0,1,0.0,0.0
2,0,2,True,4,-0.9664255754044785,3,3,0,0.39999999999999997,-2.598060975426111,2.037621039635e-16,1.6316354000216324,0,0.0,0.0,0,-2.9395307073398156,-2.9302492141723633,0.009281493167452304,1235,1235,1235,3,-1.1231974321688218,0,0.316227766016838,1.474863543257289,0,0.0,0,0,1,0.0,0.0
3,0,3,True,4,-0.9436559642954541,1,1,0,0.19999999999999998,-2.598060975426111,2.037621039635e-16,1.6544050111306567,0,0.0,0.0,0,-2.9384178189861943,-2.85587739944458,0.08254041954161417,3378,3378,3378,1,-1.1021403136096508,0,0.316227766016838,1.49592066181646,0,0.0,0,0,1,0.0,0.0
4,0,4,False,0,-50.0,0,3,1,,-2.598060975426111,2.037621039635e-16,-47.40193902457389,0,0.0,0.0,0,-2.9999592935451904,-3.136704683303833,0.1367453897586426,0,0,0,0,-50.0,1,,-47.40193902457389,0,0.0,0,0,1,0.0,0.0
5,0,5,False,0,-50.0,0,3,1,,-2.598060975426111,2.037621039635e-16,-47.40193902457389,0,0.0,0.0,0,-2.9999589261507396,-3.0722248554229736,0.07226592927223408,0,0,0,0,-50.0,1,,-47.40193902457389,0,0.0,0,0,1,0.0,0.0
6,0,6,False,0,-50.0,0,3,1,,-2.598060975426111,2.037621039635e-16,-47.40193902457389,0,0.0,0.0,0,-2.999957247225436,-2.990739107131958,0.009218140093477878,0,0,0,0,-50.0,1,,-47.40193902457389,0,0.0,0,0,1,0.0,0.0
7,0,7,False,0,-50.0,0,3,1,,-2.598060975426111,2.037621039635e-16,-47.40193902457389,0,0.0,0.0,0,-2.9999507813293294,-2.872119188308716,0.12783159302061353,0,0,0,0,-50.0,1,,-47.40193902457389,0,0.0,0,0,1,0.0,0.0
8,0,8,False,0,-50.0,0,1,1,,-2.598060975426111,2.037621039635e-16,-47.40193902457389,0,0.0,0.0,0,-2.999926859333659,-2.7554876804351807,0.24443917889847855,0,0,0,0,-50.0,1,,-47.40193902457389,0,0.0,0,0,1,0.0,0.0
9,0,9,False,0,-50.0,0,2,1,,-2.598060975426111,2.037621039635e-16,-47.40193902457389,0,0.0,0.0,0,-2.999927856889136,-2.734421730041504,0.2655061268476322,0,0,0,0,-50.0,1,,-47.40193902457389,0,0.0,0,0,1,0.0,0.0
10,0,10,False,0,-50.0,0,3,1,,-2.598060975426111,2.037621039635e-16,-47.40193902457389,0,0.0,0.0,0,-2.9994495717889267,-2.2975127696990967,0.70193680208983,0,0,0,0,-50.0,1,,-47.40193902457389,0,0.0,0,0,1,0.0,0.0
11,0,11,False,0,-50.0,0,2,1,,-2.598060975426111,2.037621039635e-16,-47.40193902457389,0,0.0,0.0,0,-2.999281237427351,-2.1336140632629395,0.8656671741644115,0,0,0,0,-50.0,1,,-47.40193902457389,0,0.0,0,0,1,0.0,0.0
12,0,12,False,0,-50.0,0,1,1,,-2.598060975426111,2.037621039635e-16,-47.40193902457389,0,0.0,0.0,0,-2.9972998426165707,-2.036358594894409,0.9609412477221615,0,0,0,0,-50.0,1,,-47.40193902457389,0,0.0,0,0,1,0.0,0.0
13,0,13,False,0,-50.0,0,1,1,,-2.598060975426111,2.037621039635e-16,-47.40193902457389,0,0.0,0.0,0,-2.9973118848628886,-1.9859163761138916,1.011395508748997,0,0,0,0,-50.0,1,,-47.40193902457389,0,0.0,0,0,1,0.0,0.0
14,0,14,False,0,-50.0,0,2,1,,-2.598060975426111,2.037621039635e-16,-47.40193902457389,0,0.0,0.0,0,-2.997342769142538,-1.7787212133407593,1.2186215558017786,0,0,0,0,-50.0,1,,-47.40193902457389,0,0.0,0,0,1,0.0,0.0
15,0,15,False,0,-50.0,0,2,1,,-2.598060975426111,2.037621039635e-16,-47.40193902457389,0,0.0,0.0,0,-2.997372074421507,-1.877469539642334,1.1199025347791731,0,0,0,0,-50.0,1,,-47.40193902457389,0,0.0,0,0,1,0.0,0.0
16,0,16,False,0,-50.0,0,1,1,,-2.598060975426111,2.037621039635e-16,-47.40193902457389,0,0.0,0.0,0,-2.9973175303735915,-1.3673443794250488,1.6299731509485427,0,0,0,0,-50.0,1,,-47.40193902457389,0,0.0,0,0,1,0.0,0.0
17,0,17,False,0,-50.0,0,2,1,,-2.598060975426111,2.037621039635e-16,-47.40193902457389,0,0.0,0.0,0,-2.9945524265195655,-1.2299065589904785,1.764645867529087,0,0,0,0,-50.0,1,,-47.40193902457389,0,0.0,0,0,1,0.0,0.0
18,0,18,False,0,-50.0,0,2,1,,-2.530405824354909,0.06765515107120237,-47.46959417564509,0,0.0,0.0,0,-2.9369512043647434,-1.2370057106018066,1.6999454937629368,0,0,0,0,-50.0,1,,-47.46959417564509,0,0.0,0,0,1,0.0,0.0
19,0,19,False,0,-50.0,0,1,1,,-1.3151049058015742,0.0677288746432982,-48.684895094198424,0,0.0,0.0,0,-1.6022247840329251,-1.5019901990890503,0.10023458494387483,0,0,0,0,-50.0,1,,-48.684895094198424,0,0.0,0,0,1,0.0,0.0
20,0,20,False,0,-50.0,0,2,1,,-1.2658266272020606,0.005552073962368176,-48.73417337279794,0,0.0,0.0,0,-1.5914931640794638,-1.5694695711135864,0.022023592965877414,0,0,0,0,-50.0,1,,-48.73417337279794,0,0.0,0,0,1,0.0,0.0
21,0,21,False,0,-50.0,0,1,1,,-1.2942132200685352,0.007321922424296658,-48.705786779931465,0,0.0,0.0,0,-1.6127358916268382,-1.661329984664917,0.04859409303807882,0,0,0,0,-50.0,1,,-48.705786779931465,0,0.0,0,0,1,0.0,0.0
22,0,22,False,0,-50.0,0,2,1,,-1.3666132364783643,0.05300408527347513,-48.633386763521635,0,0.0,0.0,0,-1.7275176648790904,-1.7452421188354492,0.0177244539563588,0,0,0,0,-50.0,1,,-48.633386763521635,0,0.0,0,0,1,0.0,0.0
23,0,23,False,0,-50.0,0,1,1,,-2.5731708193939666,0.02071422626066969,-47.426829180606035,0,0.0,0.0,0,-2.116717358686661,-1.8870494365692139,0.22966792211744735,0,0,0,0,-50.0,1,,-47.426829180606035,0,0.0,0,0,1,0.0,0.0
24,0,24,False,0,-50.0,0,2,1,,-2.5731708193939666,0.02071422626066969,-47.426829180606035,0,0.0,0.0,0,-2.1272153491239405,-1.66904878616333,0.4581665629606104,0,0,0,0,-50.0,1,,-47.426829180606035,0,0.0,0,0,1,0.0,0.0
25,0,25,False,0,-50.0,0,2,1,,-2.5731708193939666,0.02071422626066969,-47.426829180606035,0,0.0,0.0,0,-2.158959428074532,-1.7983129024505615,0.3606465256239706,0,0,0,0,-50.0,1,,-47.426829180606035,0,0.0,0,0,1,0.0,0.0
26,0,26,False,0,-50.0,0,1,1,,-2.598060975426111,2.037621039635e-16,-47.40193902457389,0,0.0,0.0,0,-2.947884621083829,-2.222769021987915,0.7251155990959139,0,0,0,0,-50.0,1,,-47.40193902457389,0,0.0,0,0,1,0.0,0.0
27,0,27,False,0,-50.0,0,1,1,,-2.598060975426111,2.037621039635e-16,-47.40193902457389,0,0.0,0.0,0,-2.9817828797424557,-2.3397653102874756,0.6420175694549801,0,0,0,0,-50.0,1,,-47.40193902457389,0,0.0,0,0,1,0.0,0.0
28,0,28,False,0,-50.0,0,2,1,,-2.598060975426111,2.037621039635e-16,-47.40193902457389,0,0.0,0.0,0,-2.981985249102091,-2.2035629749298096,0.7784222741722813,0,0,0,0,-50.0,1,,-47.40193902457389,0,0.0,0,0,1,0.0,0.0
29,0,29,False,0,-50.0,0,2,1,,-2.598060975426111,2.037621039635e-16,-47.40193902457389,0,0.0,0.0,0,-2.98218043372216,-2.456254243850708,0.525926189871452,0,0,0,0,-50.0,1,,-47.40193902457389,0,0.0,0,0,1,0.0,0.0
30,1,0,True,1,-2.9999989435144254,3,3,0,0.7745966692414834,-2.598060975426111,2.037621039635e-16,-0.4019379680883146,0,0.0,0.0,0,-3.0000090015486665,-3.130660057067871,0.13065105551920464,1,1,1,3,-4.255455946689682,0,0.7745966692414834,-1.657394971263571,0,0.0,0,0,1,0.0,0.0
31,1,1,True,2,-2.9999989435144254,3,3,0,0.9486832980505139,-2.598060975426111,2.037621039635e-16,-0.4019379680883146,0,0.0,0.0,0,-3.0000091827760147,-3.0883820056915283,0.08837282291551363,3,3,3,1,-3.0328265213820993,1,0.7378647873726218,-0.4347655459559885,0,0.0,0,0,0,0.0,0.0
32,1,2,True,2,-2.999998943514425,1,1,0,0.9486832980505139,-2.598060975426111,2.037621039635e-16,-0.40193796808831417,0,0.0,0.0,0,-3.0000089748515593,-3.0689897537231445,0.06898077887158527,24,24,24,1,-3.0010017993406817,0,0.9486832980505139,-0.40294082391457087,0,0.0,0,0,1,0.0,0.0
33,1,3,True,4,-0.9205399078954664,1,1,0,0.39999999999999997,-2.598060975426111,2.037621039635e-16,1.6775210675306444,0,0.0,0.0,0,-2.937481770367163,-2.881727695465088,0.05575407490207507,1784,1784,1784,1,-1.0808465537972096,0,0.316227766016838,1.5172144216289012,0,0.0,0,0,1,0.0,0.0
34,1,4,True,2,-0.844441249078721,1,3,1,0.7378647873726218,-2.598060975426111,2.037621039635e-16,1.7536197263473898,1,1.7536197263473898,0.5795125108845322,1,-2.99040017318862,-2.756469488143921,0.23393068504469916,68,115,68,1,-1.0152173268458013,1,0.7378647873726218,1.5828436485803095,1,1.5828436485803095,1,1,1,1.5828436485803095,0.5267613978874545
35,1,5,True,4,-0.8691580833214572,2,3,1,-0.19999999999999998,-2.598060975426111,2.037621039635e-16,1.7289028921046536,1,1.7289028921046536,0.5713444260609429,1,-2.9920950571853195,-2.753676652908325,0.23841840427699434,168,365,168,2,-1.0372373374606614,1,-0.316227766016838,1.5608236379654494,1,1.5608236379654494,1,1,1,1.5608236379654494,0.5194332631197635
36,1,6,True,4,-0.8929603865134261,2,3,1,-0.39999999999999997,-2.598060975426111,2.037621039635e-16,1.7051005889126847,1,1.7051005889126847,0.5634785630802933,1,-2.9927945811818493,-2.7452800273895264,0.2475145537923229,427,592,427,2,-1.0589423110026652,1,-0.316227766016838,1.5391186644234456,1,1.5391186644234456,1,1,1,1.5391186644234456,0.5122099709049253
37,1,7,True,3,-0.9097882559242538,1,1,0,1.0,-2.598060975426111,2.037621039635e-16,1.688272719501857,0,0.0,0.0,0,-2.9932571266511565,-2.8034915924072266,0.18976553424392995,2039,2039,2039,1,-1.0777605991285863,0,1.0,1.5203003762975245,0,0.0,0,0,1,0.0,0.0
38,1,8,False,0,-50.0,0,0,0,,-2.598060975426111,2.037621039635e-16,-47.40193902457389,0,0.0,0.0,0,-2.999924386454354,-2.79360032081604,0.20632406563831385,0,0,0,0,-50.0,0,,-47.40193902457389,0,0.0,0,0,1,0.0,0.0
39,1,9,False,0,-50.0,0,3,1,,-2.598060975426111,2.037621039635e-16,-47.40193902457389,0,0.0,0.0,0,-2.999866088983755,-2.6059393882751465,0.39392670070860847,0,0,0,0,-50.0,1,,-47.40193902457389,0,0.0,0,0,1,0.0,0.0
40,1,10,False,0,-50.0,0,3,1,,-2.598060975426111,2.037621039635e-16,-47.40193902457389,0,0.0,0.0,0,-2.999577255034962,-2.4229416847229004,0.5766355703120616,0,0,0,0,-50.0,1,,-47.40193902457389,0,0.0,0,0,1,0.0,0.0
41,1,11,True,2,-0.9082178213660944,1,1,0,0.9486832980505139,-2.598060975426111,2.037621039635e-16,1.6898431540600165,0,0.0,0.0,0,-2.994787836993102,-2.2260630130767822,0.7687248239163198,9,9,9,1,-3.627217982595484,0,0.9486832980505139,-1.0291570071693732,0,0.0,0,0,1,0.0,0.0
42,1,12,False,0,-50.0,0,3,1,,-2.598060975426111,2.037621039635e-16,-47.40193902457389,0,0.0,0.0,0,-2.997179035756359,-2.184748411178589,0.8124306245777699,0,0,0,0,-50.0,1,,-47.40193902457389,0,0.0,0,0,1,0.0,0.0
43,1,13,False,0,-50.0,0,0,0,,-2.598060975426111,2.037621039635e-16,-47.40193902457389,0,0.0,0.0,0,-2.9972754585158796,-2.1195123195648193,0.8777631389510603,0,0,0,0,-50.0,0,,-47.40193902457389,0,0.0,0,0,1,0.0,0.0
44,1,14,False,0,-50.0,0,1,1,,-2.598060975426111,2.037621039635e-16,-47.40193902457389,0,0.0,0.0,0,-2.9974419594404274,-1.7011489868164062,1.296292972624021,0,0,0,0,-50.0,1,,-47.40193902457389,0,0.0,0,0,1,0.0,0.0
45,1,15,False,0,-50.0,0,2,1,,-2.598060975426111,2.037621039635e-16,-47.40193902457389,0,0.0,0.0,0,-2.997532067335084,-1.7603281736373901,1.2372038936976937,0,0,0,0,-50.0,1,,-47.40193902457389,0,0.0,0,0,1,0.0,0.0
46,1,16,False,0,-50.0,0,3,1,,-2.598060975426111,2.037621039635e-16,-47.40193902457389,0,0.0,0.0,0,-2.9977368397756803,-1.4616559743881226,1.5360808653875577,0,0,0,0,-50.0,1,,-47.40193902457389,0,0.0,0,0,1,0.0,0.0
47,1,17,False,0,-50.0,0,2,1,,-2.598060975426111,2.037621039635e-16,-47.40193902457389,0,0.0,0.0,0,-2.9977628985686717,-1.3670756816864014,1.6306872168822704,0,0,0,0,-50.0,1,,-47.40193902457389,0,0.0,0,0,1,0.0,0.0
48,1,18,False,0,-50.0,0,2,1,,-2.598060975426111,2.037621039635e-16,-47.40193902457389,0,0.0,0.0,0,-2.9977872359583055,-1.5362272262573242,1.4615600097009813,0,0,0,0,-50.0,1,,-47.40193902457389,0,0.0,0,0,1,0.0,0.0
49,1,19,False,0,-50.0,0,1,1,,-1.2341442242583347,0.0060364826299532616,-48.76585577574166,0,0.0,0.0,0,-1.536307489559846,-1.3812589645385742,0.15504852502127187,0,0,0,0,-50.0,1,,-48.76585577574166,0,0.0,0,0,1,0.0,0.0
50,1,20,False,0,-50.0,0,2,1,,-1.2483272757533708,0.005316621403303422,-48.75167272424663,0,0.0,0.0,0,-1.556684715525908,-1.3922202587127686,0.16446445681313948,0,0,0,0,-50.0,1,,-48.75167272424663,0,0.0,0,0,1,0.0,0.0
51,1,21,False,0,-50.0,0,2,1,,-1.2666695703954445,0.005985033368912256,-48.73333042960456,0,0.0,0.0,0,-1.5882362682543376,-1.6988446712493896,0.11060840299505204,0,0,0,0,-50.0,1,,-48.73333042960456,0,0.0,0,0,1,0.0,0.0
52,1,22,False,0,-50.0,0,2,1,,-2.008256204691881,0.11166371152519415,-47.99174379530812,0,0.0,0.0,0,-1.852401915961498,-1.841813087463379,0.01058882849811904,0,0,0,0,-50.0,1,,-47.99174379530812,0,0.0,0,0,1,0.0,0.0
53,1,23,False,0,-50.0,0,2,1,,-2.5731708193939666,0.02071422626066969,-47.426829180606035,0,0.0,0.0,0,-2.106161619704718,-1.8678994178771973,0.23826220182752067,0,0,0,0,-50.0,1,,-47.426829180606035,0,0.0,0,0,1,0.0,0.0
54,1,24,False,0,-50.0,0,1,1,,-2.598060975426111,2.037621039635e-16,-47.40193902457389,0,0.0,0.0,0,-2.982997074985227,-2.2583529949188232,0.7246440800664038,0,0,0,0,-50.0,1,,-47.40193902457389,0,0.0,0,0,1,0.0,0.0
55,1,25,False,0,-50.0,0,1,1,,-2.598060975426111,2.037621039635e-16,-47.40193902457389,0,0.0,0.0,0,-2.9838632948027657,-2.1632206439971924,0.8206426508055733,0,0,0,0,-50.0,1,,-47.40193902457389,0,0.0,0,0,1,0.0,0.0
56,1,26,False,0,-50.0,0,1,1,,-2.598060975426111,2.037621039635e-16,-47.40193902457389,0,0.0,0.0,0,-2.9833446602039846,-2.1164052486419678,0.8669394115620168,0,0,0,0,-50.0,1,,-47.40193902457389,0,0.0,0,0,1,0.0,0.0
57,1,27,False,0,-50.0,0,2,1,,-2.598060975426111,2.037621039635e-16,-47.40193902457389,0,0.0,0.0,0,-2.9833549110458324,-2.1548562049865723,0.8284987060592601,0,0,0,0,-50.0,1,,-47.40193902457389,0,0.0,0,0,1,0.0,0.0
58,1,28,False,0,-50.0,0,1,1,,-2.531283345377908,0.06677763004820342,-47.46871665462209,0,0.0,0.0,0,-2.6552664560729036,-3.2076666355133057,0.5524001794404021,0,0,0,0,-50.0,1,,-47.46871665462209,0,0.0,0,0,1,0.0,0.0
59,1,29,False,0,-50.0,0,1,1,,-1.4460974543799359,0.11106995971145935,-48.55390254562006,0,0.0,0.0,0,-2.027427301483758,-3.3994269371032715,1.3719996356195137,0,0,0,0,-50.0,1,,-48.55390254562006,0,0.0,0,0,1,0.0,0.0
60,2,0,False,0,-50.0,0,0,0,,-2.598060975426111,2.037621039635e-16,-47.40193902457389,0,0.0,0.0,0,-3.000008477066501,-3.145261526107788,0.14525304904128689,0,0,0,0,-50.0,0,,-47.40193902457389,0,0.0,0,0,1,0.0,0.0
61,2,1,True,1,-2.9999989435144254,3,3,0,0.7745966692414834,-2.598060975426111,2.037621039635e-16,-0.4019379680883146,0,0.0,0.0,0,-3.0000092180969493,-3.090958833694458,0.09094961559750869,15,15,15,3,-3.0010010872519226,0,0.7745966692414834,-0.4029401118258118,0,0.0,0,0,1,0.0,0.0
62,2,2,True,3,-2.999998943514425,0,0,0,0.9486832980505139,-2.598060975426111,2.037621039635e-16,-0.40193796808831417,0,0.0,0.0,0,-3.000009226500773,-3.0438239574432373,0.04381473094246413,24,24,24,1,-3.0001526221821084,1,0.19999999999999998,-0.4020916467559976,0,0.0,0,0,0,0.0,0.0
63,2,3,True,4,-0.8974787864567646,1,1,0,0.19999999999999998,-2.537211532119141,0.060849443306970445,1.6397327456623763,0,0.0,0.0,0,-2.9343281603760976,-2.8856201171875,0.04870804318859756,717,717,717,1,-1.0593138701855407,0,0.316227766016838,1.4778976619336002,0,0.0,0,0,1,0.0,0.0
64,2,4,True,2,-0.8209024885996296,3,3,0,0.9486832980505139,-2.598060975426111,2.037621039635e-16,1.7771584868264814,0,0.0,0.0,0,-2.9857756957865407,-2.74794864654541,0.23782704924113052,354,354,354,3,-0.9929483429590857,0,0.9486832980505139,1.605112632467025,0,0.0,0,0,1,0.0,0.0
65,2,5,True,3,-0.7950151191147465,1,1,0,1.0,-2.598060975426111,2.037621039635e-16,1.8030458563113643,0,0.0,0.0,0,-2.989546177776133,-2.7269413471221924,0.2626048306539408,935,935,935,1,-0.9698346722125121,0,1.0,1.6282263032135988,0,0.0,0,0,1,0.0,0.0
66,2,6,True,2,-0.8181587662548174,2,2,0,0.9486832980505139,-2.598060975426111,2.037621039635e-16,1.7799022091712935,0,0.0,0.0,0,-2.989666606871475,-2.7255213260650635,0.26414528080641153,398,398,398,2,-0.991764624443541,0,0.9486832980505139,1.6062963509825698,0,0.0,0,0,1,0.0,0.0
67,2,7,True,4,-0.8873069133936018,3,3,0,0.316227766016838,-2.598060975426111,2.037621039635e-16,1.710754062032509,0,0.0,0.0,0,-2.9933061400194734,-2.785172939300537,0.20813320071893626,187,187,187,3,-1.0572783262619767,0,0.316227766016838,1.540782649164134,0,0.0,0,0,1,0.0,0.0
68,2,8,True,4,-0.8634519768650171,3,3,0,0.39999999999999997,-2.598060975426111,2.037621039635e-16,1.7346089985610937,0,0.0,0.0,0,-2.9930333332015393,-2.63729190826416,0.35574142493737915,212,212,212,3,-1.0355102094278745,0,0.316227766016838,1.5625507659982363,0,0.0,0,0,1,0.0,0.0
69,2,9,True,3,-0.8393775733285986,1,1,0,0.39999999999999997,-2.598060975426111,2.037621039635e-16,1.7586834020975122,0,0.0,0.0,0,-2.992370099475787,-2.631530523300171,0.360839576175616,960,960,960,1,-1.013469631980574,0,0.39999999999999997,1.5845913434455368,0,0.0,0,0,1,0.0,0.0
70,2,10,True,3,-0.9107050771468062,3,3,0,0.9486832980505139,-2.598060975426111,2.037621039635e-16,1.6873558982793047,0,0.0,0.0,0,-2.994187468849553,-2.4216790199279785,0.5725084489215746,47,47,47,3,-1.1476579395368571,0,0.9486832980505139,1.4504030358892537,0,0.0,0,0,1,0.0,0.0
71,2,11,True,3,-0.8870887091279259,1,2,1,0.19999999999999998,-2.598060975426111,2.037621039635e-16,1.7109722662981848,1,1.7109722662981848,0.5654189555460319,1,-2.994117157276494,-2.424781084060669,0.5693360732158252,10,42,10,1,-1.1274303440090039,1,0.39999999999999997,1.470630631417107,1,1.470630631417107,1,1,1,1.470630631417107,0.48941754157222445
72,2,12,False,0,-50.0,0,0,0,,-2.598060975426111,2.037621039635e-16,-47.40193902457389,0,0.0,0.0,0,-2.9972130056741277,-2.2947568893432617,0.702456116330866,0,0,0,0,-50.0,0,,-47.40193902457389,0,0.0,0,0,1,0.0,0.0
73,2,13,False,0,-50.0,0,2,1,,-2.598060975426111,2.037621039635e-16,-47.40193902457389,0,0.0,0.0,0,-2.9972524651041077,-2.037571907043457,0.9596805580606507,0,0,0,0,-50.0,1,,-47.40193902457389,0,0.0,0,0,1,0.0,0.0
74,2,14,False,0,-50.0,0,0,0,,-2.598060975426111,2.037621039635e-16,-47.40193902457389,0,0.0,0.0,0,-2.997373369980088,-2.029111862182617,0.9682615077974708,0,0,0,0,-50.0,0,,-47.40193902457389,0,0.0,0,0,1,0.0,0.0
75,2,15,False,0,-50.0,0,0,0,,-2.598060975426111,2.037621039635e-16,-47.40193902457389,0,0.0,0.0,0,-2.997564918818657,-1.5622740983963013,1.4352908204223556,0,0,0,0,-50.0,0,,-47.40193902457389,0,0.0,0,0,1,0.0,0.0
76,2,16,False,0,-50.0,0,0,0,,-2.598060975426111,2.037621039635e-16,-47.40193902457389,0,0.0,0.0,0,-2.997657390017807,-1.6669119596481323,1.3307454303696749,0,0,0,0,-50.0,0,,-47.40193902457389,0,0.0,0,0,1,0.0,0.0
77,2,17,True,3,-1.1772247486647787,1,1,0,0.7999999999999999,-1.1690826738471372,0.00624244408863132,-0.00814207481764151,0,0.0,0.0,0,-1.429506664488465,-1.3412060737609863,0.08830059072747876,180,180,180,1,-1.209840045672321,0,0.7999999999999999,-0.04075737182518391,0,0.0,0,0,1,0.0,0.0
78,2,18,True,1,-1.1966547306424469,2,2,0,0.7745966692414834,-1.187445753715855,0.005318306285092383,-0.00920897692659195,0,0.0,0.0,0,-1.449328683976875,-1.2063881158828735,0.24294056809400155,16,16,16,2,-2.4991173296416918,0,0.7745966692414834,-1.3116715759258368,0,0.0,0,0,1,0.0,0.0
79,2,19,False,0,-50.0,0,2,1,,-1.2074066527702034,0.004661868199452576,-48.7925933472298,0,0.0,0.0,0,-1.4878776274301833,-1.472656011581421,0.01522161584876236,0,0,0,0,-50.0,1,,-48.7925933472298,0,0.0,0,0,1,0.0,0.0
80,2,20,False,0,-50.0,0,1,1,,-1.7215019179603992,0.08109483368224056,-48.278498082039604,0,0.0,0.0,0,-1.6458164013566432,-1.6402919292449951,0.005524472111648082,0,0,0,0,-50.0,1,,-48.278498082039604,0,0.0,0,0,1,0.0,0.0
81,2,21,False,0,-50.0,0,2,1,,-1.7215019179603992,0.08109483368224056,-48.278498082039604,0,0.0,0.0,0,-1.64706610761307,-1.681290626525879,0.03422451891280898,0,0,0,0,-50.0,1,,-48.278498082039604,0,0.0,0,0,1,0.0,0.0
82,2,22,False,0,-50.0,0,2,1,,-2.2365164765777346,0.09059827025619042,-47.763483523422266,0,0.0,0.0,0,-1.9153762810341621,-1.9024481773376465,0.012928103696515647,0,0,0,0,-50.0,1,,-47.763483523422266,0,0.0,0,0,1,0.0,0.0
83,2,23,False,0,-50.0,0,2,1,,-2.535193000545443,0.03070582079003792,-47.46480699945456,0,0.0,0.0,0,-2.0604620978539003,-1.9250627756118774,0.1353993222420229,0,0,0,0,-50.0,1,,-47.46480699945456,0,0.0,0,0,1,0.0,0.0
84,2,24,False,0,-50.0,0,1,1,,-2.598060975426111,2.037621039635e-16,-47.40193902457389,0,0.0,0.0,0,-2.9827692563160197,-2.041511058807373,0.9412581975086467,0,0,0,0,-50.0,1,,-47.40193902457389,0,0.0,0,0,1,0.0,0.0
85,2,25,False,0,-50.0,0,2,1,,-2.598060975426111,2.037621039635e-16,-47.40193902457389,0,0.0,0.0,0,-2.984162226206181,-2.055187463760376,0.9289747624458049,0,0,0,0,-50.0,1,,-47.40193902457389,0,0.0,0,0,1,0.0,0.0
86,2,26,False,0,-50.0,0,2,1,,-2.598060975426111,2.037621039635e-16,-47.40193902457389,0,0.0,0.0,0,-2.9842327636823103,-2.1187167167663574,0.8655160469159529,0,0,0,0,-50.0,1,,-47.40193902457389,0,0.0,0,0,1,0.0,0.0
87,2,27,False,0,-50.0,0,1,1,,-2.598060975426111,2.037621039635e-16,-47.40193902457389,0,0.0,0.0,0,-2.6716230409121264,-3.0458202362060547,0.37419719529392825,0,0,0,0,-50.0,1,,-47.40193902457389,0,0.0,0,0,1,0.0,0.0
88,2,28,False,0,-50.0,0,2,1,,-2.598060975426111,2.037621039635e-16,-47.40193902457389,0,0.0,0.0,0,-2.6736151315232504,-2.7602362632751465,0.08662113175189612,0,0,0,0,-50.0,1,,-47.40193902457389,0,0.0,0,0,1,0.0,0.0
89,2,29,False,0,-50.0,0,1,1,,-1.3659088973800497,0.09440470870275262,-48.63409110261995,0,0.0,0.0,0,-1.5435098849953373,-3.4930107593536377,1.9495008743583004,0,0,0,0,-50.0,1,,-48.63409110261995,0,0.0,0,0,1,0.0,0.0
90,3,0,True,2,-2.99999894351441,1,3,1,0.7378647873726218,-2.598060975426111,2.037621039635e-16,-0.40193796808829907,0,0.0,0.0,0,-3.0000043471288564,-3.061389207839966,0.06138486071110938,1,2,1,1,-3.000355728138423,1,0.7378647873726218,-0.4022947527123124,0,0.0,0,0,1,0.0,0.0
91,3,1,True,1,-2.9999989435144254,0,0,0,0.7745966692414834,-2.598060975426111,2.037621039635e-16,-0.4019379680883146,0,0.0,0.0,0,-3.0000083287887747,-2.982675313949585,0.017333014839189698,2,2,2,0,-3.0009737401664576,0,0.7745966692414834,-0.40291276474034676,0,0.0,0,0,1,0.0,0.0
92,3,2,True,2,-2.9999989435144254,0,0,0,0.9486832980505139,-2.598060975426111,2.037621039635e-16,-0.4019379680883146,0,0.0,0.0,0,-3.0000093543684447,-3.1884191036224365,0.1884097492539918,8,8,8,2,-3.0001084174002437,1,0.7378647873726218,-0.4020474419741329,0,0.0,0,0,0,0.0,0.0
93,3,3,True,2,-0.8731708821354508,3,3,0,0.9486832980505139,-2.598060975426111,2.037621039635e-16,1.72489009329066,0,0.0,0.0,0,-2.927972873689717,-2.8966381549835205,0.03133471870619653,1072,1072,1072,3,-1.037539592033716,0,0.9486832980505139,1.5605213833923948,0,0.0,0,0,1,0.0,0.0
94,3,4,True,4,-0.8489407771823863,0,0,0,0.19999999999999998,-2.598060975426111,2.037621039635e-16,1.7491201982437246,0,0.0,0.0,0,-2.9268956107609916,-2.810833692550659,0.1160619182103324,245,245,245,0,-1.0149552142548184,0,0.7999999999999999,1.5831057611712924,0,0.0,0,0,1,0.0,0.0
95,3,5,True,4,-0.7691102547472961,3,3,0,0.316227766016838,-2.598060975426111,2.037621039635e-16,1.8289507206788147,0,0.0,0.0,0,-2.9894917529801215,-2.719310760498047,0.2701809924820746,278,278,278,3,-0.9464478494480342,0,0.316227766016838,1.6516131259780766,0,0.0,0,0,1,0.0,0.0
96,3,6,True,3,-0.7436275706302399,1,1,0,1.0,-2.598060975426111,2.037621039635e-16,1.8544334047958708,0,0.0,0.0,0,-2.9890041468967006,-2.684727907180786,0.30427623971591444,335,335,335,1,-0.9233909612482629,0,1.0,1.6746700141778479,0,0.0,0,0,1,0.0,0.0
97,3,7,True,4,-0.7669540198931325,2,3,1,-0.316227766016838,-2.598060975426111,2.037621039635e-16,1.8311069555329782,1,1.8311069555329782,0.6051194415503713,1,-2.9907839140177392,-2.6285934448242188,0.3621904691935205,120,213,120,2,-0.9464010536556452,1,-0.316227766016838,1.6516599217704657,1,1.6516599217704657,1,1,1,1.6516599217704657,0.5496630636935276
98,3,8,True,3,-0.7894262648010982,2,1,1,0.39999999999999997,-2.598060975426111,2.037621039635e-16,1.8086347106250127,1,1.8086347106250127,0.5976931182282947,1,-2.9916143804541897,-2.6688790321350098,0.32273534831917994,34,5898,34,1,-0.9680375247108635,0,0.7999999999999999,1.6300234507152473,0,0.0,0,0,0,0.0,0.0
99,3,9,True,4,-0.8143015218582121,2,3,1,0.0,-2.598060975426111,2.037621039635e-16,1.7837594535678987,1,1.7837594535678987,0.5894726799773563,1,-2.9920433201411827,-2.5803112983703613,0.41173202177082135,1401,26,26,2,-0.991181007386509,1,-0.39999999999999997,1.6068799680396018,1,1.6068799680396018,1,1,1,1.6068799680396018,0.5347605488142074
100,3,10,True,3,-0.8374142648560193,2,3,1,0.39999999999999997,-2.598060975426111,2.037621039635e-16,1.7606467105700916,1,1.7606467105700916,0.5818346935160688,1,-2.9923658268538675,-2.472669839859009,0.5196959869948587,77,19,19,2,-1.0135572043717318,1,0.39999999999999997,1.584503771054379,1,1.584503771054379,1,1,1,1.584503771054379,0.5273138772406044
101,3,11,True,2,-0.8657461715136143,2,3,1,0.10540925533894598,-2.598060975426111,2.037621039635e-16,1.7323148039124965,1,1.7323148039124965,0.5724719484929572,1,-2.993064052165946,-2.438234567642212,0.5548294845237343,22,0,0,2,-1.0388733430761732,1,0.10540925533894598,1.5591876323499376,1,1.5591876323499376,1,1,1,1.5591876323499376,0.5188888097204958
102,3,12,True,2,-0.8870887091279259,2,1,1,0.7378647873726218,-2.598060975426111,2.037621039635e-16,1.7109722662981848,1,1.7109722662981848,0.5654189555460319,1,-2.9929862174441544,-2.4402003288269043,0.5527858886172501,3,8,3,2,-1.0946390673697604,1,0.7378647873726218,1.5034219080563505,1,1.5034219080563505,1,1,1,1.5034219080563505,0.5003302926430551
103,3,13,False,0,-50.0,0,1,1,,-2.598060975426111,2.037621039635e-16,-47.40193902457389,0,0.0,0.0,0,-2.9850821996558596,-1.8135137557983398,1.1715684438575198,0,0,0,0,-50.0,1,,-47.40193902457389,0,0.0,0,0,1,0.0,0.0
104,3,14,False,0,-50.0,0,2,1,,-2.598060975426111,2.037621039635e-16,-47.40193902457389,0,0.0,0.0,0,-2.976211789091364,-1.5107097625732422,1.4655020265181218,0,0,0,0,-50.0,1,,-47.40193902457389,0,0.0,0,0,1,0.0,0.0
105,3,15,False,0,-50.0,0,2,1,,-2.598060975426111,2.037621039635e-16,-47.40193902457389,0,0.0,0.0,0,-2.895652580616167,-1.3794071674346924,1.5162454131814744,0,0,0,0,-50.0,1,,-47.40193902457389,0,0.0,0,0,1,0.0,0.0
106,3,16,False,0,-50.0,0,2,1,,-2.598060975426111,2.037621039635e-16,-47.40193902457389,0,0.0,0.0,0,-2.0012730563911005,-1.574373722076416,0.4268993343146845,0,0,0,0,-50.0,1,,-47.40193902457389,0,0.0,0,0,1,0.0,0.0
107,3,17,True,3,-1.155553900612046,1,1,0,1.0,-1.1497114952233152,0.005471193502310907,-0.005842405388730931,0,0.0,0.0,0,-1.4083916108630272,-1.424831748008728,0.016440137145700806,719,719,719,1,-1.1554461474233246,0,1.0,-0.00573465220000946,0,0.0,0,0,1,0.0,0.0
108,3,18,True,2,-1.175871553963893,1,1,0,0.9486832980505139,-1.1690826738471372,0.00624244408863132,-0.006788880116755935,0,0.0,0.0,0,-1.4406441359108844,-1.4722014665603638,0.03155733064947941,763,763,763,1,-1.1750244932878022,0,0.9486832980505139,-0.005941819440665075,0,0.0,0,0,1,0.0,0.0
109,3,19,True,2,-1.1957516380390907,2,2,0,0.9486832980505139,-1.187454797536605,0.005157560303717398,-0.008296840502485692,0,0.0,0.0,0,-1.5150861205520305,-1.5297926664352417,0.014706545883211186,75,75,75,2,-1.1956021552230058,0,0.9486832980505139,-0.008147357686400847,0,0.0,0,0,1,0.0,0.0
110,3,20,True,2,-1.2848769278766528,1,2,1,0.21081851067789195,-1.7215019179603992,0.08109483368224056,0.43662499008374644,1,0.43662499008374644,0.14428991674574776,1,-1.6298740603642978,-1.7244915962219238,0.094617535857626,1,2,1,1,-2.978986899803923,1,0.21081851067789195,-1.2574849818435236,0,0.0,0,0,1,0.0,0.0
111,3,21,True,2,-1.535220968989078,1,1,0,0.9486832980505139,-2.182090530516583,0.10581841860237,0.6468695615275053,0,0.0,0.0,0,-2.0566071239498105,-1.8531244993209839,0.2034826246288266,1,1,1,2,-13.451656734835996,1,0.7378647873726218,-11.269566204319414,0,0.0,0,0,0,0.0,0.0
112,3,22,False,0,-50.0,0,2,1,,-2.41839825529931,0.05999628717754507,-47.58160174470069,0,0.0,0.0,0,-1.9316596457939987,-1.6457806825637817,0.285878963230217,0,0,0,0,-50.0,1,,-47.58160174470069,0,0.0,0,0,1,0.0,0.0
113,3,23,False,0,-50.0,0,2,1,,-2.41839825529931,0.05999628717754507,-47.58160174470069,0,0.0,0.0,0,-1.9691794895081527,-1.8628764152526855,0.10630307425546714,0,0,0,0,-50.0,1,,-47.58160174470069,0,0.0,0,0,1,0.0,0.0
114,3,24,False,0,-50.0,0,2,1,,-2.598060975426111,2.037621039635e-16,-47.40193902457389,0,0.0,0.0,0,-2.9824171698741995,-2.130492687225342,0.8519244826488577,0,0,0,0,-50.0,1,,-47.40193902457389,0,0.0,0,0,1,0.0,0.0
115,3,25,False,0,-50.0,0,1,1,,-2.598060975426111,2.037621039635e-16,-47.40193902457389,0,0.0,0.0,0,-2.9723369930637347,-2.4961788654327393,0.4761581276309954,0,0,0,0,-50.0,1,,-47.40193902457389,0,0.0,0,0,1,0.0,0.0
116,3,26,False,0,-50.0,0,1,1,,-2.598060975426111,2.037621039635e-16,-47.40193902457389,0,0.0,0.0,0,-2.663578344258899,-2.755289316177368,0.09171097191846922,0,0,0,0,-50.0,1,,-47.40193902457389,0,0.0,0,0,1,0.0,0.0
117,3,27,False,0,-50.0,0,2,1,,-2.598060975426111,2.037621039635e-16,-47.40193902457389,0,0.0,0.0,0,-2.6679144985441954,-2.760780096054077,0.09286559750988177,0,0,0,0,-50.0,1,,-47.40193902457389,0,0.0,0,0,1,0.0,0.0
118,3,28,False,0,-50.0,0,1,1,,-2.5321520911906767,0.06590888423543446,-47.467847908809325,0,0.0,0.0,0,-1.9959913344502636,-3.9270310401916504,1.9310397057413868,0,0,0,0,-50.0,1,,-47.467847908809325,0,0.0,0,0,1,0.0,0.0
119,3,29,False,0,-50.0,0,1,1,,-1.344516495269843,0.09593672098633653,-48.65548350473016,0,0.0,0.0,0,-1.4658805390829222,-3.6817209720611572,2.215840432978235,0,0,0,0,-50.0,1,,-48.65548350473016,0,0.0,0,0,1,0.0,0.0
120,4,0,True,1,-2.9999989435144094,0,0,0,0.7745966692414834,-2.598060975426111,2.037621039635e-16,-0.4019379680882986,0,0.0,0.0,0,-2.999968328273978,-2.992711305618286,0.007257022655692058,3,3,3,0,-3.0003429204703065,0,0.7745966692414834,-0.4022819450441957,0,0.0,0,0,1,0.0,0.0
121,4,1,True,2,-2.9999989435144085,1,3,1,0.7378647873726218,-2.598060975426111,2.037621039635e-16,-0.40193796808829774,0,0.0,0.0,0,-2.999856910294775,-2.9755728244781494,0.024284085816625556,217,2014,217,3,-2.999999032683733,0,0.9486832980505139,-0.4019380572576221,0,0.0,0,0,0,0.0,0.0
122,4,2,True,4,-2.9999989435144085,1,1,0,0.7745966692414834,-2.598060975426111,2.037621039635e-16,-0.40193796808829774,0,0.0,0.0,0,-2.999854534507629,-2.9111945629119873,0.08865997159564154,13899,13899,13899,0,-2.9999990266253036,1,-0.7378647873726218,-0.4019380511991928,0,0.0,0,0,0,0.0,0.0
123,4,3,True,4,-0.8959623688596153,0,0,0,0.39999999999999997,-2.537211532119141,0.060849443306970445,1.6412491632595256,0,0.0,0.0,0,-2.929504940510622,-2.955615282058716,0.026110341548093885,88,88,88,0,-1.058473995553105,0,0.9486832980505139,1.4787375365660358,0,0.0,0,0,1,0.0,0.0
124,4,4,True,2,-0.8957472476862466,3,3,0,0.9486832980505139,-2.3889983006071405,0.10322164952315228,1.4932510529208938,0,0.0,0.0,0,-2.8918492294044915,-2.9517369270324707,0.059887697627979186,752,752,752,3,-1.0045867771472474,0,0.9486832980505139,1.384411523459893,0,0.0,0,0,1,0.0,0.0
125,4,5,True,4,-0.8736583943458484,1,1,0,0.316227766016838,-2.48154088842769,0.0696365753668682,1.6078824940818417,0,0.0,0.0,0,-2.8895809329328084,-2.917928457260132,0.02834752432732346,1212,1212,1212,1,-0.9819340593075332,0,0.316227766016838,1.4996068291201567,0,0.0,0,0,1,0.0,0.0
126,4,6,True,2,-0.7197492426500456,1,3,1,0.7378647873726218,-2.598060975426111,2.037621039635e-16,1.8783117327760652,1,1.8783117327760652,0.6207190373891258,1,-2.9882417325515833,-2.6607353687286377,0.3275063638229456,58,1378,58,1,-0.8994693143385774,1,0.7378647873726218,1.6985916610875336,1,1.6985916610875336,1,1,1,1.6985916610875336,0.5652816806239628
127,4,7,True,4,-0.7445631509702517,2,3,1,-0.19999999999999998,-2.598060975426111,2.037621039635e-16,1.853497824455859,1,1.853497824455859,0.6125188728383693,1,-2.99053951674135,-2.6905291080474854,0.30001040869386486,1026,2444,1026,2,-0.9227751354299704,1,-0.316227766016838,1.6752858399961403,1,1.6752858399961403,1,1,1,1.6752858399961403,0.5575256354150576
128,4,8,True,2,-0.7693887251624633,2,0,1,0.7378647873726218,-2.598060975426111,2.037621039635e-16,1.8286722502636477,1,1.8286722502636477,0.6043148531081368,1,-2.9914218701338453,-2.6822359561920166,0.3091859139418287,2017,6038,2017,2,-0.9458077422478582,1,0.7378647873726218,1.6522532331782527,1,1.6522532331782527,1,1,1,1.6522532331782527,0.5498605143683486
129,4,9,True,2,-0.6470165960907283,1,3,1,0.7378647873726218,-2.5268359771060225,0.07122499832008856,1.8798193810152943,1,1.8798193810152943,0.6212172645723169,1,-2.8643273042187776,-2.282670497894287,0.5816568063244905,72,59,59,1,-0.8272891142992375,1,0.7378647873726218,1.699546862806785,1,1.699546862806785,1,1,1,1.699546862806785,0.565599566343976
130,4,10,True,3,-0.6715044156325154,2,3,1,0.39999999999999997,-2.5268359771060225,0.07122499832008856,1.855331561473507,1,1.855331561473507,0.613124861427248,1,-2.862352945861303,-2.1247572898864746,0.7375956559748285,44,54,44,2,-0.8513308320541605,1,0.39999999999999997,1.6755051450518619,1,1.6755051450518619,1,1,1,1.6755051450518619,0.5575986188950237
131,4,11,True,2,-0.6895937593461379,1,1,0,0.9486832980505139,-2.5268359771060225,0.07122499832008856,1.8372422177598846,0,0.0,0.0,0,-2.8572135894838278,-2.359365701675415,0.4978478878084127,150,150,150,1,-0.8727252302203148,0,0.9486832980505139,1.6541107468857077,0,0.0,0,0,1,0.0,0.0
132,4,12,True,1,-0.9082178213660944,0,0,0,0.7745966692414834,-2.598060975426111,2.037621039635e-16,1.6898431540600165,0,0.0,0.0,0,-2.9928135848986988,-2.2599551677703857,0.732858417128313,8,8,8,0,-2.388128065169761,0,0.7745966692414834,0.20993291025634964,0,0.0,0,0,1,0.0,0.0
133,4,13,False,0,-50.0,0,0,0,,-2.598060975426111,2.037621039635e-16,-47.40193902457389,0,0.0,0.0,0,-2.9885984737448794,-2.1888279914855957,0.7997704822592837,0,0,0,0,-50.0,0,,-47.40193902457389,0,0.0,0,0,1,0.0,0.0
134,4,14,True,2,-1.0250990819836665,1,1,0,0.9486832980505139,-1.0239501,0.0023081844105612296,-0.0011489819836665305,0,0.0,0.0,0,-1.0358795778516479,-1.7517167329788208,0.7158371551271729,31,31,31,1,-1.0243635181230142,0,0.9486832980505139,-0.00041341812301420866,0,0.0,0,0,1,0.0,0.0
135,4,15,False,0,-50.0,0,1,1,,-1.0809030487713056,0.07985666131081712,-48.919096951228696,0,0.0,0.0,0,-1.099474742321751,-1.4967283010482788,0.3972535587265278,0,0,0,0,-50.0,1,,-48.919096951228696,0,0.0,0,0,1,0.0,0.0
136,4,16,False,0,-50.0,0,0,0,,-2.519157926654805,0.07890304877130559,-47.480842073345194,0,0.0,0.0,0,-1.48950252176895,-1.5658165216445923,0.07631399987564236,0,0,0,0,-50.0,0,,-47.480842073345194,0,0.0,0,0,1,0.0,0.0
137,4,17,True,3,-1.1348577322938833,1,1,0,0.7999999999999999,-1.1282436906264512,0.004760240286104347,-0.006614041667432069,0,0.0,0.0,0,-1.376400011301679,-1.2856521606445312,0.09074785065714774,782,782,782,1,-1.133833493852558,0,0.7999999999999999,-0.005589803226106804,0,0.0,0,0,1,0.0,0.0
138,4,18,True,2,-1.1557363821808746,2,2,0,0.9486832980505139,-1.1478752332814037,0.005027876627829179,-0.007861148899470871,0,0.0,0.0,0,-1.4137263854630477,-1.426793098449707,0.01306671298665929,1590,1590,1590,2,-1.1545395878004767,0,0.9486832980505139,-0.00666435451907299,0,0.0,0,0,1,0.0,0.0
139,4,19,True,3,-1.2180672382746434,0,0,0,0.7999999999999999,-1.2073886555669109,0.005008804041594711,-0.010678582707732476,0,0.0,0.0,0,-1.534849899005275,-1.4135396480560303,0.12131025094924475,136,136,136,0,-1.2279260125722147,0,0.7999999999999999,-0.02053735700530379,0,0.0,0,0,1,0.0,0.0
140,4,20,True,2,-1.267552453077985,2,2,0,0.9486832980505139,-1.2663555310651353,0.034016790516838084,-0.0011969220128495994,0,0.0,0.0,0,-1.5716826508334143,-1.4899177551269531,0.08176489570646117,11,11,11,2,-1.7079192446231268,0,0.9486832980505139,-0.4415637135579915,0,0.0,0,0,1,0.0,0.0
141,4,21,True,1,-1.5204252218784142,1,1,0,0.7745966692414834,-2.221799705833297,0.09416539340359584,0.7013744839548828,0,0.0,0.0,0,-2.0417800482925332,-1.7628506422042847,0.27892940608824857,9,9,9,1,-17.67454834487078,0,0.7745966692414834,-15.452748639037482,0,0.0,0,0,1,0.0,0.0
142,4,22,True,1,-1.535220968989078,2,2,0,0.7745966692414834,-2.182090530516583,0.10581841860237,0.6468695615275053,0,0.0,0.0,0,-2.0601662848009332,-1.8715651035308838,0.18860118127004943,1,1,1,2,-18.361880743624845,0,0.7745966692414834,-16.179790213108262,0,0.0,0,0,1,0.0,0.0
143,4,23,False,0,-50.0,0,2,1,,-2.5913609421039823,0.013250546654021105,-47.40863905789602,0,0.0,0.0,0,-2.26095381480681,-2.120030403137207,0.14092341166960276,0,0,0,0,-50.0,1,,-47.40863905789602,0,0.0,0,0,1,0.0,0.0
144,4,24,False,0,-50.0,0,1,1,,-2.598060975426111,2.037621039635e-16,-47.40193902457389,0,0.0,0.0,0,-2.9826248037811154,-2.5567867755889893,0.42583802819212613,0,0,0,0,-50.0,1,,-47.40193902457389,0,0.0,0,0,1,0.0,0.0
145,4,25,False,0,-50.0,0,2,1,,-2.598060975426111,2.037621039635e-16,-47.40193902457389,0,0.0,0.0,0,-2.98144337797152,-2.2819716930389404,0.6994716849325795,0,0,0,0,-50.0,1,,-47.40193902457389,0,0.0,0,0,1,0.0,0.0
146,4,26,False,0,-50.0,0,2,1,,-2.598060975426111,2.037621039635e-16,-47.40193902457389,0,0.0,0.0,0,-2.648198957924515,-2.9582266807556152,0.31002772283110014,0,0,0,0,-50.0,1,,-47.40193902457389,0,0.0,0,0,1,0.0,0.0
147,4,27,False,0,-50.0,0,1,1,,-2.5268062019064415,0.07125477351966969,-47.47319379809356,0,0.0,0.0,0,-2.3239545212099704,-3.2062478065490723,0.8822932853391019,0,0,0,0,-50.0,1,,-47.47319379809356,0,0.0,0,0,1,0.0,0.0
148,4,28,False,0,-50.0,0,2,1,,-2.5258834572120135,0.07217751821409761,-47.47411654278799,0,0.0,0.0,0,-1.9827484795450703,-3.248608350753784,1.265859871208714,0,0,0,0,-50.0,1,,-47.47411654278799,0,0.0,0,0,1,0.0,0.0
149,4,29,False,0,-50.0,0,1,1,,-1.2577512823740762,0.07078836824728917,-48.74224871762593,0,0.0,0.0,0,-1.4256043842316706,-3.83842396736145,2.41281958312978,0,0,0,0,-50.0,1,,-48.74224871762593,0,0.0,0,0,1,0.0,0.0
150,5,0,True,2,-2.999998943514409,1,3,1,0.8944271909999159,-2.598060975426111,2.037621039635e-16,-0.4019379680882982,0,0.0,0.0,0,-2.9998678640892598,-3.028674840927124,0.028806976837864262,2,128,2,3,-3.0000079902425028,0,0.9486832980505139,-0.40194701481639195,0,0.0,0,0,0,0.0,0.0
151,5,1,True,3,-2.9999989435144085,1,0,1,0.316227766016838,-2.598060975426111,2.037621039635e-16,-0.40193796808829774,0,0.0,0.0,0,-2.999863795179607,-2.9361982345581055,0.06366556062150153,160,269,160,0,-2.999999265780612,0,0.7999999999999999,-0.40193829035450124,0,0.0,0,0,0,0.0,0.0
152,5,2,True,4,-2.999998943514408,1,0,1,0.2581988897471611,-2.598060975426111,2.037621039635e-16,-0.4019379680882973,0,0.0,0.0,0,-2.99985218489547,-2.898770809173584,0.1010813757218858,8771,13380,8771,0,-2.999999027054016,0,0.316227766016838,-0.4019380516279054,0,0.0,0,0,0,0.0,0.0
153,5,3,True,4,-0.9180770050144541,0,0,0,0.316227766016838,-2.598060975426111,2.037621039635e-16,1.6799839704116568,0,0.0,0.0,0,-2.9301500088408092,-3.019770860671997,0.08962085183118784,85,85,85,1,-1.0485919744788195,1,-0.316227766016838,1.5494690009472913,1,1.5494690009472913,1,0,0,0.0,0.0
154,5,4,True,2,-0.9167897745388318,0,0,0,0.9486832980505139,-2.48154088842769,0.0696365753668682,1.5647511138888581,0,0.0,0.0,0,-2.8930380084705387,-3.0317203998565674,0.13868239138602867,40,40,40,0,-1.0261413353201099,0,0.9486832980505139,1.45539955310758,0,0.0,0,0,1,0.0,0.0
155,5,5,True,4,-0.8499555534600642,1,0,1,-0.19999999999999998,-2.3889983006071405,0.10322164952315228,1.5390427471470762,1,1.5390427471470762,0.5086020152245636,1,-2.8876836234821095,-2.9198272228240967,0.032143599341987183,496,710,496,1,-0.9592845215805798,1,-0.316227766016838,1.4297137790265606,1,1.4297137790265606,1,1,1,1.4297137790265606,0.475800644930708
156,5,6,True,3,-0.6963123225654994,3,3,0,0.7999999999999999,-2.4565241982814223,0.09741454372639652,1.7602118757159229,0,0.0,0.0,0,-2.95319895134904,-2.7108378410339355,0.24236111031510443,36,36,36,3,-0.8752550782592533,0,0.7999999999999999,1.581269120022169,0,0.0,0,0,1,0.0,0.0
157,5,7,True,3,-0.6717082795461563,3,3,0,0.39999999999999997,-2.4400298458483043,0.09754954689032436,1.768321566302148,0,0.0,0.0,0,-2.889813519438655,-2.6335809230804443,0.2562325963582106,64,64,64,3,-0.8513984016986519,0,0.39999999999999997,1.5886314441496525,0,0.0,0,0,1,0.0,0.0
158,5,8,True,3,-0.6474315337303349,3,3,0,0.7999999999999999,-2.598060975426111,2.037621039635e-16,1.950629441695776,0,0.0,0.0,0,-2.8715690240079557,-2.5084805488586426,0.3630884751493131,105,105,105,3,-0.8272908737402698,0,0.7999999999999999,1.770770101685841,0,0.0,0,0,1,0.0,0.0
159,5,9,True,4,-0.6214753929769801,3,3,0,0.19999999999999998,-2.5112548441683926,0.0713703807241223,1.8897794511914126,0,0.0,0.0,0,-2.863354406403038,-2.352712869644165,0.510641536758873,11,11,11,3,-0.80291331154582,0,0.19999999999999998,1.7083415326225726,0,0.0,0,0,1,0.0,0.0
160,5,10,True,2,-0.592451728457558,1,1,0,0.9486832980505139,-2.5277491966015107,0.07031177882460074,1.9352974681439528,0,0.0,0.0,0,-2.7905089763128963,-2.3941566944122314,0.39635228190066485,15,15,15,1,-0.7776034424035851,0,0.9486832980505139,1.7501457541979255,0,0.0,0,0,1,0.0,0.0
161,5,11,True,3,-0.6645699780345402,3,3,0,0.7999999999999999,-2.598060975426111,2.037621039635e-16,1.9334909973915706,0,0.0,0.0,0,-2.8538792471285808,-2.1681296825408936,0.6857495645876872,18,18,18,3,-0.8500735934819206,0,0.7999999999999999,1.7479873819441902,0,0.0,0,0,1,0.0,0.0
162,5,12,True,2,-0.639592117554217,3,3,0,0.9486832980505139,-2.598060975426111,2.037621039635e-16,1.9584688578718938,0,0.0,0.0,0,-2.824206462032307,-1.9057986736297607,0.9184077884025461,6,6,6,3,-0.8259841672471883,0,0.9486832980505139,1.7720768081789227,0,0.0,0,0,1,0.0,0.0
163,5,13,True,2,-0.6157496143684538,1,1,0,0.9486832980505139,-2.598060975426111,2.037621039635e-16,1.982311361057657,0,0.0,0.0,0,-2.7562501529541565,-2.0468006134033203,0.7094495395508362,19,19,19,1,-0.8015928250393392,0,0.9486832980505139,1.7964681503867717,0,0.0,0,0,1,0.0,0.0
164,5,14,True,2,-1.0030132499563238,3,3,0,0.9486832980505139,-1.001,0.0010000000000000007,-0.0020132499563239037,0,0.0,0.0,0,-1.0131726781275059,-1.5272912979125977,0.5141186197850918,675,675,675,3,-1.0027895461669456,0,0.9486832980505139,-0.0017895461669457102,0,0.0,0,0,1,0.0,0.0
166,5,16,True,3,-1.0917125801093956,1,1,0,0.7999999999999999,-1.0883755162596,0.0035370589838591474,-0.0033370638497955962,0,0.0,0.0,0,-1.1860646326968085,-1.4592554569244385,0.27319082422762997,867,867,867,1,-1.0905781723976615,0,0.7999999999999999,-0.002202656138061476,0,0.0,0,0,1,0.0,0.0
167,5,17,True,4,-1.1135346438409635,2,2,0,0.39999999999999997,-1.105608800798202,0.002883865205268493,-0.00792584304276156,0,0.0,0.0,0,-1.2482203121796906,-1.2565295696258545,0.008309257446163842,831,831,831,2,-1.112311185293932,0,0.19999999999999998,-0.006702384495730129,0,0.0,0,0,1,0.0,0.0
168,5,18,True,2,-1.1340955734224762,2,2,0,0.9486832980505139,-1.1273116252785444,0.004577284081363726,-0.006783948143931795,0,0.0,0.0,0,-1.7968664890419683,-1.4622162580490112,0.3346502309929571,12,12,12,2,-1.132207802500924,0,0.9486832980505139,-0.00489617722237945,0,0.0,0,0,1,0.0,0.0
169,5,19,False,0,-50.0,0,1,1,,-1.1440986533235493,0.04346377439386323,-48.855901346676454,0,0.0,0.0,0,-2.0327780718565243,-1.7313612699508667,0.30141680190565756,0,0,0,0,-50.0,1,,-48.855901346676454,0,0.0,0,0,1,0.0,0.0
170,5,20,False,0,-50.0,0,1,1,,-0.6495395854640729,0.15515457960249177,-49.350460414535924,0,0.0,0.0,0,-1.9548885860522014,-1.6111822128295898,0.34370637322261155,0,0,0,0,-50.0,1,,-49.350460414535924,0,0.0,0,0,1,0.0,0.0
171,5,21,True,1,-1.535220968989078,0,0,0,0.7745966692414834,-2.2075379252314113,0.09869856682270224,0.6723169562423335,0,0.0,0.0,0,-2.054074288790596,-1.6560134887695312,0.3980608000210646,6,6,6,0,-18.361880743624845,0,0.7745966692414834,-16.154342818393435,0,0.0,0,0,1,0.0,0.0
172,5,22,False,0,-50.0,0,2,1,,-2.2683426731754137,0.07484337559059051,-47.73165732682459,0,0.0,0.0,0,-2.0661891195071256,-1.9444491863250732,0.12173993318205234,0,0,0,0,-50.0,1,,-47.73165732682459,0,0.0,0,0,1,0.0,0.0
173,5,23,False,0,-50.0,0,2,1,,-2.498054465386793,0.06230011178677913,-47.501945534613206,0,0.0,0.0,0,-2.239589790210196,-2.1201765537261963,0.11941323648399971,0,0,0,0,-50.0,1,,-47.501945534613206,0,0.0,0,0,1,0.0,0.0
174,5,24,False,0,-50.0,0,0,0,,-2.598060975426111,2.037621039635e-16,-47.40193902457389,0,0.0,0.0,0,-2.9824869061424595,-2.4482929706573486,0.5341939354851108,0,0,0,0,-50.0,0,,-47.40193902457389,0,0.0,0,0,1,0.0,0.0
175,5,25,False,0,-50.0,0,2,1,,-2.598060975426111,2.037621039635e-16,-47.40193902457389,0,0.0,0.0,0,-2.9766125141519097,-2.7514607906341553,0.22515172351775448,0,0,0,0,-50.0,1,,-47.40193902457389,0,0.0,0,0,1,0.0,0.0
176,5,26,False,0,-50.0,0,1,1,,-2.598060975426111,2.037621039635e-16,-47.40193902457389,0,0.0,0.0,0,-2.9040002708264496,-3.2938382625579834,0.3898379917315338,0,0,0,0,-50.0,1,,-47.40193902457389,0,0.0,0,0,1,0.0,0.0
177,5,27,False,0,-50.0,0,2,1,,-2.598060975426111,2.037621039635e-16,-47.40193902457389,0,0.0,0.0,0,-2.314643238487539,-3.0619213581085205,0.7472781196209817,0,0,0,0,-50.0,1,,-47.40193902457389,0,0.0,0,0,1,0.0,0.0
178,5,28,False,0,-50.0,0,1,1,,-1.2228117581318407,0.07259681082910976,-48.77718824186816,0,0.0,0.0,0,-1.3667078692322219,-3.4900057315826416,2.1232978623504195,0,0,0,0,-50.0,1,,-48.77718824186816,0,0.0,0,0,1,0.0,0.0
179,5,29,False,0,-50.0,0,2,1,,-1.2377241559036154,0.07167369551058116,-48.762275844096386,0,0.0,0.0,0,-1.3889453205940774,-3.691687822341919,2.302742501747842,0,0,0,0,-50.0,1,,-48.762275844096386,0,0.0,0,0,1,0.0,0.0
180,6,0,True,2,-2.9999989435144085,1,3,1,0.7378647873726218,-2.598060975426111,2.037621039635e-16,-0.40193796808829774,0,0.0,0.0,0,-2.999867243778741,-3.0887320041656494,0.0888647603869086,2,29,2,3,-2.9999994932552423,0,0.9486832980505139,-0.4019385178291315,0,0.0,0,0,0,0.0,0.0
181,6,1,True,2,-2.999998943514409,0,0,0,0.8944271909999159,-2.598060975426111,2.037621039635e-16,-0.4019379680882982,0,0.0,0.0,0,-2.9998656590500747,-2.964782953262329,0.03508270578774564,197,197,197,0,-2.999999269018789,0,0.9486832980505139,-0.4019382935926781,0,0.0,0,0,1,0.0,0.0
182,6,2,True,4,-2.999998943514408,3,0,1,-0.632455532033676,-2.598060975426111,2.037621039635e-16,-0.4019379680882973,0,0.0,0.0,0,-2.9998452905660082,-2.894899606704712,0.10494568386129632,142,8871,142,0,-2.999999049576748,0,0.316227766016838,-0.4019380741506371,0,0.0,0,0,0,0.0,0.0
183,6,3,True,3,-0.9218529489697561,3,0,1,0.7999999999999999,-2.5666610053020156,0.031399970124095455,1.6448080563322596,1,1.6448080563322596,0.543553903008154,1,-2.9289557463400286,-3.0916531085968018,0.16269736225677311,17,78,17,3,-1.0270154958800746,1,0.39999999999999997,1.539645509421941,1,1.539645509421941,1,1,1,1.539645509421941,0.5123853019353315
184,6,4,True,3,-0.8995496038134586,1,1,0,0.7999999999999999,-2.5231601437668814,0.05229246045011812,1.6236105399534226,0,0.0,0.0,0,-2.9206544599052475,-3.0138237476348877,0.09316928772964017,209,209,209,1,-1.0048873354798367,0,0.7999999999999999,1.5182728082870447,0,0.0,0,0,1,0.0,0.0
185,6,5,True,2,-0.8259720966096353,3,3,0,0.9486832980505139,-2.1009022066291827,0.1558403340902473,1.2749301100195474,0,0.0,0.0,0,-2.8817012439273735,-2.9373531341552734,0.05565189022789996,637,637,637,3,-0.9363877366033083,0,0.9486832980505139,1.1645144700258743,0,0.0,0,0,1,0.0,0.0
186,6,6,True,3,-0.801197633669011,3,3,0,1.0,-2.226529308188579,0.12083423010628075,1.4253316745195679,0,0.0,0.0,0,-2.879113713914999,-2.9473180770874023,0.06820436317240341,831,831,831,3,-0.9125996738863899,0,1.0,1.313929634302189,0,0.0,0,0,1,0.0,0.0
187,6,7,True,3,-0.7765706312505188,1,1,0,0.7999999999999999,-2.0719418261762947,0.1393666124028475,1.2953711949257758,0,0.0,0.0,0,-2.8662391608446414,-2.896411180496216,0.030172019651574455,1805,1805,1805,1,-0.8885363521518294,0,0.7999999999999999,1.1834054740244655,0,0.0,0,0,1,0.0,0.0
188,6,8,True,2,-0.7497550497188878,3,3,0,0.9486832980505139,-2.598060975426111,2.037621039635e-16,1.848305925707223,0,0.0,0.0,0,-2.8952383019018306,-2.8444321155548096,0.050806186347021054,842,842,842,3,-0.8626192843210513,0,0.9486832980505139,1.7354416911050596,0,0.0,0,0,1,0.0,0.0
189,6,9,True,3,-0.7245008360619389,1,1,0,0.39999999999999997,-2.598060975426111,2.037621039635e-16,1.8735601393641719,0,0.0,0.0,0,-2.8918853305303194,-2.8028194904327393,0.08906584009758012,2647,2647,2647,1,-0.8386389525911324,0,0.39999999999999997,1.7594220228349784,0,0.0,0,0,1,0.0,0.0
190,6,10,True,2,-0.5643228930645342,1,3,1,0.7378647873726218,-2.5112548441683926,0.0713703807241223,1.9469319511038585,1,1.9469319511038585,0.64339571832691,1,-2.7763204771989476,-2.2337958812713623,0.5425245959275853,9,217,9,1,-0.7526507972086798,1,0.7378647873726218,1.7586040469597128,1,1.7586040469597128,1,1,1,1.7586040469597128,0.5852534626132605
191,6,11,True,2,-0.5904513903329041,2,2,0,0.9486832980505139,-2.5277491966015107,0.07031177882460074,1.9372978062686066,0,0.0,0.0,0,-2.7788019791680285,-2.3412325382232666,0.4375694409447619,219,219,219,2,-0.7769267810357533,0,0.9486832980505139,1.7508224155657572,0,0.0,0,0,1,0.0,0.0
192,6,12,True,2,-0.5673396752401314,1,1,0,0.9486832980505139,-2.5268359771060225,0.07122499832008856,1.959496301865891,0,0.0,0.0,0,-2.6928116414589764,-2.0406687259674072,0.6521429154915692,14,14,14,1,-0.7519843426929764,0,0.9486832980505139,1.774851634413046,0,0.0,0,0,1,0.0,0.0
193,6,13,True,2,-0.5916662778171778,2,0,1,0.7378647873726218,-2.5268359771060225,0.07122499832008856,1.9351696992888447,1,1.9351696992888447,0.6395086885561099,1,-2.7325559795143515,-2.0046896934509277,0.7278662860634237,10,15,10,2,-0.7769269692170613,1,0.7378647873726218,1.7499090078889612,1,1.7499090078889612,1,1,1,1.7499090078889612,0.5823598028764296
194,6,14,True,4,-1.0257099095827427,0,0,0,0.316227766016838,-1.0249301999999998,0.0028148748533460563,-0.0007797095827428713,0,0.0,0.0,0,-1.044425739677601,-1.5852259397506714,0.5408002000730703,834,834,834,0,-1.024949811142187,0,0.316227766016838,-1.961114218729243e-05,0,0.0,0,0,1,0.0,0.0
195,6,15,True,4,-1.047787847622048,2,2,0,0.19999999999999998,-1.04661179301,0.0038060862985061688,-0.0011760546120478388,0,0.0,0.0,0,-1.0861888764123182,-1.395033359527588,0.3088444831152697,821,821,821,2,-1.0468795389199395,0,0.316227766016838,-0.0002677459099393875,0,0.0,0,0,1,0.0,0.0
196,6,16,True,4,-1.070517857847465,2,2,0,0.19999999999999998,-1.0690277532293009,0.004510226583199695,-0.001490104618164123,0,0.0,0.0,0,-1.1516865088067565,-1.3449316024780273,0.19324509367127085,881,881,881,2,-1.0691398864624106,0,0.39999999999999997,-0.00011213323310976797,0,0.0,0,0,1,0.0,0.0
197,6,17,True,3,-1.0936254276091095,2,2,0,1.0,-1.089316996409001,0.004029625643117993,-0.004308431200108487,0,0.0,0.0,0,-1.9654035382033266,-1.53519868850708,0.4302048496962465,6,6,6,2,-1.0911889591793646,0,1.0,-0.001871962770363611,0,0.0,0,0,1,0.0,0.0
198,6,18,True,3,-1.1164452314583437,2,2,0,1.0,-1.104667320648801,0.002490813415888039,-0.011777910809542824,0,0.0,0.0,0,-1.9805187235008173,-1.4928703308105469,0.4876483926902704,61,61,61,2,-1.1137191250185776,0,0.7999999999999999,-0.009051804369776706,0,0.0,0,0,1,0.0,0.0
199,6,19,False,0,-50.0,0,1,1,,-1.170023781160984,0.005908751314890138,-48.829976218839015,0,0.0,0.0,0,-2.0281016016587987,-1.581559419631958,0.4465421820268407,0,0,0,0,-50.0,1,,-48.829976218839015,0,0.0,0,0,1,0.0,0.0
200,6,20,False,0,-50.0,0,1,1,,-0.4586169691845604,0.08260660552326844,-49.54138303081544,0,0.0,0.0,0,-1.921772107349284,-1.6367244720458984,0.2850476353033855,0,0,0,0,-50.0,1,,-49.54138303081544,0,0.0,0,0,1,0.0,0.0
201,6,21,False,0,-50.0,0,1,1,,-1.3253865263160023,0.14141916164020885,-48.674613473684,0,0.0,0.0,0,-1.8413550319103777,-1.861395001411438,0.02003996950106024,0,0,0,0,-50.0,1,,-48.674613473684,0,0.0,0,0,1,0.0,0.0
202,6,22,False,0,-50.0,0,2,1,,-2.3590083423430896,0.07634154935144774,-47.64099165765691,0,0.0,0.0,0,-2.078576133796387,-1.8205645084381104,0.2580116253582765,0,0,0,0,-50.0,1,,-47.64099165765691,0,0.0,0,0,1,0.0,0.0
203,6,23,False,0,-50.0,0,2,1,,-2.3590083423430896,0.07634154935144774,-47.64099165765691,0,0.0,0.0,0,-2.1029117960085166,-1.8454508781433105,0.2574609178652061,0,0,0,0,-50.0,1,,-47.64099165765691,0,0.0,0,0,1,0.0,0.0
204,6,24,False,0,-50.0,0,2,1,,-2.3590083423430896,0.07634154935144774,-47.64099165765691,0,0.0,0.0,0,-2.1126763963614423,-2.0522735118865967,0.06040288447484565,0,0,0,0,-50.0,1,,-47.64099165765691,0,0.0,0,0,1,0.0,0.0
205,6,25,False,0,-50.0,0,1,1,,-2.598060975426111,2.037621039635e-16,-47.40193902457389,0,0.0,0.0,0,-2.9727099752872275,-2.707709789276123,0.2650001860111044,0,0,0,0,-50.0,1,,-47.40193902457389,0,0.0,0,0,1,0.0,0.0
206,6,26,False,0,-50.0,0,2,1,,-2.5240099117147055,0.07405106371140557,-47.47599008828529,0,0.0,0.0,0,-2.9270501268435254,-2.913372278213501,0.013677848630024414,0,0,0,0,-50.0,1,,-47.47599008828529,0,0.0,0,0,1,0.0,0.0
207,6,27,False,0,-50.0,0,1,1,,-1.181477201749526,0.0747216959274261,-48.81852279825048,0,0.0,0.0,0,-1.3072190796111054,-3.148172616958618,1.8409535373475128,0,0,0,0,-50.0,1,,-48.81852279825048,0,0.0,0,0,1,0.0,0.0
208,6,28,False,0,-50.0,0,2,1,,-1.1976622963522243,0.07375806392593118,-48.80233770364777,0,0.0,0.0,0,-1.3256117572657582,-3.3975930213928223,2.0719812641270643,0,0,0,0,-50.0,1,,-48.80233770364777,0,0.0,0,0,1,0.0,0.0
209,6,29,False,0,-50.0,0,2,1,,-1.2209754961899293,0.07266204050834559,-48.77902450381007,0,0.0,0.0,0,-1.259669839764785,-3.717501163482666,2.457831323717881,0,0,0,0,-50.0,1,,-48.77902450381007,0,0.0,0,0,1,0.0,0.0
210,7,0,True,1,-2.9999989435144094,0,0,0,0.7745966692414834,-2.598060975426111,2.037621039635e-16,-0.4019379680882986,0,0.0,0.0,0,-2.9998689596439876,-3.109436273574829,0.10956731393084151,1,1,1,0,-2.999999488041247,0,0.7745966692414834,-0.401938512615136,0,0.0,0,0,1,0.0,0.0
211,7,1,True,2,-2.999998943514408,3,1,1,0.7378647873726218,-2.5419236552200952,0.05613732020601598,-0.4580752882943129,0,0.0,0.0,0,-2.9997520406576115,-2.868443250656128,0.13130879000148354,1257,95,95,3,-3.0000319298375375,1,0.7378647873726218,-0.4581082746174423,0,0.0,0,0,1,0.0,0.0
212,7,2,True,4,-2.9999989435144085,0,0,0,0.7745966692414834,-2.598060975426111,2.037621039635e-16,-0.40193796808829774,0,0.0,0.0,0,-2.999832112987701,-2.9160382747650146,0.08379383822268638,6592,6592,6592,0,-2.9999998986782797,0,0.39999999999999997,-0.40193892325216884,0,0.0,0,0,1,0.0,0.0
213,7,3,True,2,-2.9999989435144085,0,2,1,0.8944271909999159,-2.598060975426111,2.037621039635e-16,-0.40193796808829774,0,0.0,0.0,0,-2.999834380667161,-2.9563841819763184,0.043450198690842434,339,1377,339,0,-2.999999643107462,1,0.7378647873726218,-0.401938667681351,0,0.0,0,0,1,0.0,0.0
214,7,4,True,3,-0.8757573949639592,3,0,1,0.39999999999999997,-2.5231601437668814,0.05229246045011812,1.6474027488029221,1,1.6474027488029221,0.5444113618551635,1,-2.9174710153177483,-3.0777530670166016,0.16028205169885323,72,232,72,3,-0.9825026250074287,1,0.39999999999999997,1.5406575187594527,1,1.5406575187594527,1,1,1,1.5406575187594527,0.512722092908831
215,7,5,True,3,-0.8505473236270875,0,0,0,0.7999999999999999,-2.208723370941164,0.1232936937827665,1.3581760473140765,0,0.0,0.0,0,-2.9019539155524043,-2.9482929706573486,0.04633905510494429,115,115,115,0,-0.9598665394664865,0,0.7999999999999999,1.2488568314746775,0,0.0,0,0,1,0.0,0.0
216,7,6,True,4,-0.825082842342315,0,0,0,0.19999999999999998,-2.1425814403103516,0.14762166814991373,1.3174985979680365,0,0.0,0.0,0,-2.8834521402081443,-2.9801394939422607,0.09668735373411641,1814,1814,1814,0,-0.9357604441911976,0,0.316227766016838,1.2068209961191538,0,0.0,0,0,1,0.0,0.0
217,7,7,True,4,-0.7516473559097271,1,1,0,0.19999999999999998,-2.144751779378995,0.12965463035443883,1.3931044234692678,0,0.0,0.0,0,-2.8615665756569513,-2.8842294216156006,0.022662845958649314,1198,1198,1198,1,-0.8648287860132412,0,0.316227766016838,1.2799229933657537,0,0.0,0,0,1,0.0,0.0
218,7,8,True,4,-0.7752328197652952,0,0,0,0.39999999999999997,-2.598060975426111,2.037621039635e-16,1.8228281556608157,0,0.0,0.0,0,-2.898217550301763,-2.9335920810699463,0.0353745307681832,604,604,604,0,-0.8863033903769535,0,0.316227766016838,1.7117575850491573,0,0.0,0,0,1,0.0,0.0
219,7,9,True,4,-0.6989880381140546,1,1,0,0.19999999999999998,-2.598060975426111,2.037621039635e-16,1.8990729373120563,0,0.0,0.0,0,-2.889605266341006,-2.8013298511505127,0.08827541519049342,3185,3185,3185,1,-0.8143887492775597,0,0.316227766016838,1.7836722261485511,0,0.0,0,0,1,0.0,0.0
220,7,10,True,2,-0.536644744884077,3,3,0,0.9486832980505139,-2.403392726594882,0.13402363335391426,1.8667479817108048,0,0.0,0.0,0,-2.718183656786779,-2.344834566116333,0.37334909067044597,4,4,4,3,-0.7267792158860402,0,0.9486832980505139,1.6766135107088416,0,0.0,0,0,1,0.0,0.0
221,7,11,True,1,-0.5117623692471003,1,1,0,0.7745966692414834,-2.50308697665942,0.09497399876669134,1.9913246074123199,0,0.0,0.0,0,-2.6099647771871215,-2.3156261444091797,0.2943386327779418,8,8,8,1,-0.701256388172281,0,0.7745966692414834,1.8018305884871393,0,0.0,0,0,1,0.0,0.0
222,7,12,True,2,-0.536644744884077,2,0,1,0.7378647873726218,-2.598060975426111,2.037621039635e-16,2.061416230542034,1,2.061416230542034,0.681228933383297,1,-2.6667824188146083,-2.2131450176239014,0.45363740119070695,4,8,4,2,-0.7267618621256365,1,0.7378647873726218,1.8712991133004744,1,1.8712991133004744,1,1,1,1.8712991133004744,0.6227577421635012
223,7,13,False,0,-50.0,0,3,1,,-2.598060975426111,2.037621039635e-16,-47.40193902457389,0,0.0,0.0,0,-2.5591779879124763,-1.7001806497573853,0.858997338155091,0,0,0,0,-50.0,1,,-47.40193902457389,0,0.0,0,0,1,0.0,0.0
224,7,14,False,0,-50.0,0,2,1,,-2.598060975426111,2.037621039635e-16,-47.40193902457389,0,0.0,0.0,0,-2.485780011959381,-1.3007038831710815,1.1850761287882996,0,0,0,0,-50.0,1,,-47.40193902457389,0,0.0,0,0,1,0.0,0.0
225,7,15,False,0,-50.0,0,1,1,,-2.521128026654806,0.0769329487713056,-47.47887197334519,0,0.0,0.0,0,-2.4017100733408654,-1.4579617977142334,0.943748275626632,0,0,0,0,-50.0,1,,-47.47887197334519,0,0.0,0,0,1,0.0,0.0
226,7,16,False,0,-50.0,0,1,1,,-1.1206435477713055,0.07778799704660484,-48.87935645222869,0,0.0,0.0,0,-1.2681197546278686,-1.381676197052002,0.11355644242413332,0,0,0,0,-50.0,1,,-48.87935645222869,0,0.0,0,0,1,0.0,0.0
227,7,17,True,3,-1.1148131179622713,0,0,0,0.7999999999999999,-1.1074823462955101,0.0037524924892005235,-0.0073307716667612155,0,0.0,0.0,0,-1.9798993722851788,-1.4116467237472534,0.5682526485379253,1026,1026,1026,0,-1.113237699697496,0,0.7999999999999999,-0.005755353401985852,0,0.0,0,0,1,0.0,0.0
228,7,18,True,4,-1.1351895044278986,2,2,0,0.7999999999999999,-1.1292037188762758,0.004349462905129577,-0.005985785551622769,0,0.0,0.0,0,-1.9915296327733207,-1.3487670421600342,0.6427625906132866,185,185,185,2,-1.1667128967259273,0,0.7999999999999999,-0.037509177849651465,0,0.0,0,0,1,0.0,0.0
229,7,19,True,1,-1.1538376087130673,2,2,0,0.7745966692414834,-1.146066192298657,0.003909941731891728,-0.007771416414410259,0,0.0,0.0,0,-2.0140287629818507,-1.5526340007781982,0.4613947622036525,5,5,5,2,-2.4575668965563056,0,0.7745966692414834,-1.3115007042576485,0,0.0,0,0,1,0.0,0.0
230,7,20,False,0,-50.0,0,1,1,,-0.4487789176574902,0.11447386982819037,-49.55122108234251,0,0.0,0.0,0,-1.9874144021246511,-1.7908414602279663,0.19657294189668484,0,0,0,0,-50.0,1,,-49.55122108234251,0,0.0,0,0,1,0.0,0.0
231,7,21,False,0,-50.0,0,0,0,,-1.2716222542593902,0.1355935239442302,-48.72837774574061,0,0.0,0.0,0,-1.7981200784632718,-2.026930809020996,0.22881073055772427,0,0,0,0,-50.0,0,,-48.72837774574061,0,0.0,0,0,1,0.0,0.0
232,7,22,False,0,-50.0,0,1,1,,-0.4606111477095385,0.11551545158639945,-49.539388852290465,0,0.0,0.0,0,-1.4422797915225096,-2.2063493728637695,0.7640695813412599,0,0,0,0,-50.0,1,,-49.539388852290465,0,0.0,0,0,1,0.0,0.0
233,7,23,False,0,-50.0,0,1,1,,-0.544979105891856,0.132944317697155,-49.455020894108145,0,0.0,0.0,0,-1.639350747871294,-2.774475336074829,1.135124588203535,0,0,0,0,-50.0,1,,-49.455020894108145,0,0.0,0,0,1,0.0,0.0
234,7,24,False,0,-50.0,0,1,1,,-2.492193200414159,0.10586777501195209,-47.50780679958584,0,0.0,0.0,0,-1.8838768315096832,-2.8368313312530518,0.9529544997433685,0,0,0,0,-50.0,1,,-47.50780679958584,0,0.0,0,0,1,0.0,0.0
235,7,25,False,0,-50.0,0,1,1,,-2.598060975426111,2.037621039635e-16,-47.40193902457389,0,0.0,0.0,0,-2.9870356477263615,-2.9116291999816895,0.07540644774467209,0,0,0,0,-50.0,1,,-47.40193902457389,0,0.0,0,0,1,0.0,0.0
236,7,26,False,0,-50.0,0,1,1,,-2.5230589216648056,0.07500205376130556,-47.476941078335194,0,0.0,0.0,0,-2.90625781651972,-3.4765632152557373,0.5703053987360174,0,0,0,0,-50.0,1,,-47.476941078335194,0,0.0,0,0,1,0.0,0.0
237,7,27,False,0,-50.0,0,1,1,,-1.1605053879510057,0.07572501026585457,-48.839494612048995,0,0.0,0.0,0,-1.1928496937567818,-3.288911819458008,2.096062125701226,0,0,0,0,-50.0,1,,-48.839494612048995,0,0.0,0,0,1,0.0,0.0
238,7,28,False,0,-50.0,0,2,1,,-1.1064846578887195,0.004785719480439076,-48.89351534211128,0,0.0,0.0,0,-1.2124025792503834,-3.7050559520721436,2.49265337282176,0,0,0,0,-50.0,1,,-48.89351534211128,0,0.0,0,0,1,0.0,0.0
239,7,29,False,0,-50.0,0,1,1,,-1.1300435051037339,0.006146331093280982,-48.869956494896265,0,0.0,0.0,0,-1.1821770850931563,-3.642836093902588,2.4606590088094316,0,0,0,0,-50.0,1,,-48.869956494896265,0,0.0,0,0,1,0.0,0.0
240,8,0,True,1,-2.999998943514413,3,1,1,0.2581988897471611,-2.598060975426111,2.037621039635e-16,-0.4019379680883022,0,0.0,0.0,0,-2.9902619339858463,-2.760078191757202,0.23018374222864413,6,0,0,3,-3.0460706912262174,1,0.2581988897471611,-0.4480097158001066,0,0.0,0,0,1,0.0,0.0
241,8,1,True,2,-2.9999989435144094,0,0,0,0.9486832980505139,-2.598060975426111,2.037621039635e-16,-0.4019379680882986,0,0.0,0.0,0,-2.998944638587144,-2.7493362426757812,0.24960839591136263,120,120,120,0,-3.0012303834435072,0,0.9486832980505139,-0.4031694080173964,0,0.0,0,0,1,0.0,0.0
242,8,2,False,0,-50.0,0,1,1,,-2.430996704756807,0.06766031282163226,-47.56900329524319,0,0.0,0.0,0,-2.900913033316133,-2.8476827144622803,0.053230318853852765,0,0,0,0,-50.0,1,,-47.56900329524319,0,0.0,0,0,1,0.0,0.0
243,8,3,True,1,-0.914811970788018,3,3,0,0.7745966692414834,-2.2399273509886237,0.12853745660200563,1.3251153802006057,0,0.0,0.0,0,-2.9043332352442914,-2.9081642627716064,0.003831027527315012,7,7,7,3,-2.3336453953822573,0,0.7745966692414834,-0.09371804439363363,0,0.0,0,0,1,0.0,0.0
244,8,4,True,2,-0.8937494661197679,3,3,0,0.9486832980505139,-2.2183556600540997,0.13009756407552725,1.3246061939343319,0,0.0,0.0,0,-2.903484298050798,-2.9746265411376953,0.07114224308689732,74,74,74,3,-1.038088941644374,0,0.9486832980505139,1.1802667184097257,0,0.0,0,0,1,0.0,0.0
245,8,5,True,4,-0.8712785993524884,3,0,1,0.0,-2.081151839541902,0.15167498391942807,1.2098732401894137,1,1.2098732401894137,0.3998225320688925,1,-2.9022296627269117,-3.0214552879333496,0.11922562520643787,24,229,24,3,-0.9816498121728271,1,0.0,1.0995020273690748,1,1.0995020273690748,1,1,1,1.0995020273690748,0.3659080449521974
246,8,6,True,2,-0.8486790229154584,0,0,0,0.9486832980505139,-2.208723370941164,0.1232936937827665,1.3600443480257056,0,0.0,0.0,0,-2.8874240485747,-2.9779303073883057,0.09050625881360563,862,862,862,0,-0.9586727613039102,0,0.9486832980505139,1.250050609637254,0,0.0,0,0,1,0.0,0.0
247,8,7,True,4,-0.7262588822367968,1,1,0,0.39999999999999997,-2.1636321950246,0.14005346144749856,1.437373312787803,0,0.0,0.0,0,-2.853500477426222,-2.8932907581329346,0.03979028070671253,791,791,791,1,-0.84087194800964,0,0.316227766016838,1.3227602470149598,0,0.0,0,0,1,0.0,0.0
248,8,8,True,4,-0.7975226801502221,1,0,1,0.39999999999999997,-2.598060975426111,2.037621039635e-16,1.8005382952758886,1,1.8005382952758886,0.59501752447348,1,-2.8994269492319336,-3.0230817794799805,0.12365483024804691,327,624,327,0,-0.9085964822744054,0,0.632455532033676,1.6894644931517053,0,0.0,0,0,0,0.0,0.0
249,8,9,True,4,-0.6729661736391214,3,3,0,0.19999999999999998,-2.598060975426111,2.037621039635e-16,1.9250948017869893,0,0.0,0.0,0,-2.8855507448890614,-2.8046979904174805,0.08085275447158091,936,936,936,3,-0.789866439652405,0,0.316227766016838,1.8081945357737057,0,0.0,0,0,1,0.0,0.0
250,8,10,True,4,-0.6470498645132091,1,1,0,0.316227766016838,-2.598060975426111,2.037621039635e-16,1.9510111109129018,0,0.0,0.0,0,-2.86791731945564,-2.8326518535614014,0.03526546589423862,4078,4078,4078,1,-0.7650689919137224,0,0.316227766016838,1.8329919835123885,0,0.0,0,0,1,0.0,0.0
251,8,11,True,1,-0.4866286564824774,3,3,0,0.7745966692414834,-2.598060975426111,2.037621039635e-16,2.1114323189436335,0,0.0,0.0,0,-2.5950862739751157,-2.28281307220459,0.31227320177052587,23,23,23,3,-0.6747749395405164,0,0.7745966692414834,1.9232860358855945,0,0.0,0,0,1,0.0,0.0
252,8,12,True,2,-0.46124106783134305,1,1,0,0.9486832980505139,-2.598060975426111,2.037621039635e-16,2.136819907594768,0,0.0,0.0,0,-2.5988409826105854,-2.3989057540893555,0.1999352285212299,32,32,32,1,-0.6503835543388762,0,0.9486832980505139,1.9476774210872345,0,0.0,0,0,1,0.0,0.0
253,8,13,True,1,-0.42500754052348527,1,1,0,0.7745966692414834,-2.598060975426111,2.037621039635e-16,2.1730534349026254,0,0.0,0.0,0,-2.5799296405388037,-2.125521421432495,0.4544082191063086,3,3,3,1,-1.9090775446810386,0,0.7745966692414834,0.6889834307450722,0,0.0,0,0,1,0.0,0.0
254,8,14,True,2,-0.3970363706165978,1,1,0,0.9486832980505139,-2.598060975426111,2.037621039635e-16,2.201024604809513,0,0.0,0.0,0,-2.5685968250861295,-2.095870018005371,0.4727268070807584,22,22,22,1,-0.5599798359058413,0,0.9486832980505139,2.0380811395202696,0,0.0,0,0,1,0.0,0.0
255,8,15,False,0,-50.0,0,1,1,,-2.598060975426111,2.037621039635e-16,-47.40193902457389,0,0.0,0.0,0,-2.4545296130863203,-1.7554564476013184,0.699073165485002,0,0,0,0,-50.0,1,,-47.40193902457389,0,0.0,0,0,1,0.0,0.0
256,8,16,False,0,-50.0,0,1,1,,-1.0239501,0.0023081844105612296,-48.9760499,0,0.0,0.0,0,-1.0489307442858375,-1.524510145187378,0.4755794009015404,0,0,0,0,-50.0,1,,-48.9760499,0,0.0,0,0,1,0.0,0.0
257,8,17,False,0,-50.0,0,1,1,,-2.4683549508205056,0.07667346875463688,-47.531645049179495,0,0.0,0.0,0,-2.343652424061421,-1.718314528465271,0.6253378955961502,0,0,0,0,-50.0,1,,-47.531645049179495,0,0.0,0,0,1,0.0,0.0
258,8,18,False,0,-50.0,0,2,1,,-2.5316821755784553,0.04807250841746325,-47.46831782442155,0,0.0,0.0,0,-2.3391683075854233,-1.4784080982208252,0.8607602093645981,0,0,0,0,-50.0,1,,-47.46831782442155,0,0.0,0,0,1,0.0,0.0
259,8,19,False,0,-50.0,0,2,1,,-2.4683549508205056,0.07667346875463688,-47.531645049179495,0,0.0,0.0,0,-2.2879188103758925,-1.6413147449493408,0.6466040654265517,0,0,0,0,-50.0,1,,-47.531645049179495,0,0.0,0,0,1,0.0,0.0
260,8,20,False,0,-50.0,0,1,1,,-0.7458519903466084,0.21282027567880565,-49.25414800965339,0,0.0,0.0,0,-1.9790713158112014,-1.701725721359253,0.2773455944519485,0,0,0,0,-50.0,1,,-49.25414800965339,0,0.0,0,0,1,0.0,0.0
261,8,21,False,0,-50.0,0,1,1,,-0.6004362773388557,0.19302391292589316,-49.39956372266114,0,0.0,0.0,0,-1.2674976039643058,-2.3587279319763184,1.0912303280120126,0,0,0,0,-50.0,1,,-49.39956372266114,0,0.0,0,0,1,0.0,0.0
262,8,22,False,0,-50.0,0,1,1,,-0.6374266211583591,0.18949645073839547,-49.36257337884164,0,0.0,0.0,0,-1.2921884540237352,-2.0912058353424072,0.7990173813186721,0,0,0,0,-50.0,1,,-49.36257337884164,0,0.0,0,0,1,0.0,0.0
263,8,23,False,0,-50.0,0,1,1,,-0.5652203255044908,0.15637891916096908,-49.43477967449551,0,0.0,0.0,0,-1.6107421113812,-2.4939041137695312,0.8831620023883313,0,0,0,0,-50.0,1,,-49.43477967449551,0,0.0,0,0,1,0.0,0.0
264,8,24,False,0,-50.0,0,1,1,,-2.492193200414159,0.10586777501195209,-47.50780679958584,0,0.0,0.0,0,-1.9623538971498669,-2.650035858154297,0.68768196100443,0,0,0,0,-50.0,1,,-47.50780679958584,0,0.0,0,0,1,0.0,0.0
265,8,25,False,0,-50.0,0,1,1,,-2.598060975426111,2.037621039635e-16,-47.40193902457389,0,0.0,0.0,0,-2.988692569596628,-2.956280469894409,0.03241209970221881,0,0,0,0,-50.0,1,,-47.40193902457389,0,0.0,0,0,1,0.0,0.0
266,8,26,False,0,-50.0,0,1,1,,-2.598060975426111,2.037621039635e-16,-47.40193902457389,0,0.0,0.0,0,-2.979343321430065,-3.431379556655884,0.4520362352258189,0,0,0,0,-50.0,1,,-47.40193902457389,0,0.0,0,0,1,0.0,0.0
267,8,27,False,0,-50.0,0,1,1,,-1.0690565720799,0.0038286832866039414,-48.9309434279201,0,0.0,0.0,0,-1.0990297261023136,-3.610717535018921,2.5116878089166073,0,0,0,0,-50.0,1,,-48.9309434279201,0,0.0,0,0,1,0.0,0.0
268,8,28,False,0,-50.0,0,1,1,,-1.090249061756908,0.004655531684150976,-48.90975093824309,0,0.0,0.0,0,-1.1212341367078416,-2.8715806007385254,1.7503464640306838,0,0,0,0,-50.0,1,,-48.90975093824309,0,0.0,0,0,1,0.0,0.0
269,8,29,False,0,-50.0,0,2,1,,-1.103697405896908,0.003091489801909813,-48.89630259410309,0,0.0,0.0,0,-1.1466787346460074,-3.0051753520965576,1.8584966174505502,0,0,0,0,-50.0,1,,-48.89630259410309,0,0.0,0,0,1,0.0,0.0
270,9,0,True,1,-2.9999989435144334,1,1,0,0.7745966692414834,-2.5551755635344824,0.042885411891628866,-0.44482337997995103,0,0.0,0.0,0,-2.8817205669677266,-2.7378628253936768,0.14385774157404985,2,2,2,1,-4.7237768984779995,0,0.7745966692414834,-2.168601334943517,0,0.0,0,0,1,0.0,0.0
271,9,1,False,0,-50.0,0,1,1,,-2.4623966748809023,0.06356387020249195,-47.5376033251191,0,0.0,0.0,0,-2.8605051520514944,-2.8170833587646484,0.04342179328684592,0,0,0,0,-50.0,1,,-47.5376033251191,0,0.0,0,0,1,0.0,0.0
272,9,2,False,0,-50.0,0,1,1,,-2.4623966748809023,0.06356387020249195,-47.5376033251191,0,0.0,0.0,0,-2.8600867590895382,-2.7912614345550537,0.06882532453448453,0,0,0,0,-50.0,1,,-47.5376033251191,0,0.0,0,0,1,0.0,0.0
273,9,3,False,0,-50.0,0,1,1,,-2.430996704756807,0.06766031282163226,-47.56900329524319,0,0.0,0.0,0,-2.817254947140609,-2.740471601486206,0.07678334565440315,0,0,0,0,-50.0,1,,-47.56900329524319,0,0.0,0,0,1,0.0,0.0
274,9,4,True,1,-0.7238132748495858,3,3,0,0.7745966692414834,-2.1636321950246,0.14005346144749856,1.439818920175014,0,0.0,0.0,0,-2.8164004189587826,-2.8093929290771484,0.0070074898816341324,4,4,4,3,-2.152598566270945,0,0.7745966692414834,0.011033628753654767,0,0.0,0,0,1,0.0,0.0
275,9,5,True,3,-0.7008214904243819,3,3,0,0.39999999999999997,-2.113105005370253,0.14325125801348484,1.4122835149458712,0,0.0,0.0,0,-2.8142734527035467,-2.8812451362609863,0.06697168355743965,33,33,33,3,-0.850171921638584,0,0.39999999999999997,1.262933083731669,0,0.0,0,0,1,0.0,0.0
276,9,6,True,3,-0.6753574711147474,1,1,0,1.0,-2.025793312850413,0.15407990583184572,1.3504358417356654,0,0.0,0.0,0,-2.8119206043325784,-2.88559889793396,0.07367829360138156,663,663,663,1,-0.7914950554215322,0,1.0,1.2342982574288808,0,0.0,0,0,1,0.0,0.0
277,9,7,True,4,-0.7009882914876092,2,2,0,0.19999999999999998,-2.113105005370253,0.14325125801348484,1.4121167138826438,0,0.0,0.0,0,-2.8422300055110843,-2.865802526473999,0.023572520962914734,585,585,585,2,-0.8166467639959979,0,0.39999999999999997,1.2964582413742551,0,0.0,0,0,1,0.0,0.0
278,9,8,True,4,-0.7742617357026464,3,0,1,-1.0,-2.598060975426111,2.037621039635e-16,1.8237992397234644,1,1.8237992397234644,0.602704486543893,1,-2.8982840312207756,-3.032546281814575,0.1342622505937996,1,487,1,1,-0.8884293601667504,1,-0.632455532033676,1.7096316152593602,1,1.7096316152593602,1,0,0,0.0,0.0
279,9,9,True,3,-0.5938488015250453,1,3,1,0.39999999999999997,-2.598060975426111,2.037621039635e-16,2.0042121739010654,1,2.0042121739010654,0.6623249110352835,1,-2.8336523505455617,-2.8150508403778076,0.01860151016775413,747,1372,747,1,-0.7146363011074736,1,0.39999999999999997,1.8834246743186371,1,1.8834246743186371,1,1,1,1.8834246743186371,0.6267930601671625
280,9,10,True,2,-0.6205767361449415,2,0,1,0.7378647873726218,-2.598060975426111,2.037621039635e-16,1.9774842392811693,1,1.9774842392811693,0.6534922249804819,1,-2.861430225770347,-2.734520196914673,0.12691002885567393,1188,4078,1188,2,-0.7399933196097144,1,0.7378647873726218,1.8580676558163964,1,1.8580676558163964,1,1,1,1.8580676558163964,0.6183543880819703
281,9,11,True,2,-0.48678489379418116,1,1,0,0.9486832980505139,-0.8290469038408377,0.17100691607056287,0.3422620100466565,0,0.0,0.0,0,-2.492756874591035,-2.5366053581237793,0.043848483532744176,14,14,14,1,-0.611289870456516,0,0.9486832980505139,0.21775703338432173,0,0.0,0,0,1,0.0,0.0
282,9,12,True,2,-0.4320687742193291,3,3,0,0.9486832980505139,-2.598060975426111,2.037621039635e-16,2.1659922012067816,0,0.0,0.0,0,-2.594481224203931,-2.216829538345337,0.3776516858585941,18,18,18,3,-0.6240664904673481,0,0.9486832980505139,1.9739944849587627,0,0.0,0,0,1,0.0,0.0
283,9,13,True,3,-0.39899751635761366,1,2,1,0.39999999999999997,-2.598060975426111,2.037621039635e-16,2.199063459068497,1,2.199063459068497,0.7267167263301847,1,-2.5779183722946173,-2.216827392578125,0.3610909797164923,16,5,5,1,-0.5974099986015037,1,0.7999999999999999,2.0006509768246072,1,2.0006509768246072,1,1,1,2.0006509768246072,0.6658053094392923
284,9,14,True,4,-0.37074380938095963,1,1,0,0.316227766016838,-2.598060975426111,2.037621039635e-16,2.227317166045151,0,0.0,0.0,0,-2.5637388045508067,-2.096993923187256,0.46674488136355086,204,204,204,1,-0.5333347890688862,0,0.316227766016838,2.0647261863572246,0,0.0,0,0,1,0.0,0.0
285,9,15,True,1,-0.3397826667977715,1,1,0,0.7745966692414834,-2.598060975426111,2.037621039635e-16,2.258278308628339,0,0.0,0.0,0,-2.4543041995729493,-1.9224905967712402,0.5318136028017091,5,5,5,1,-1.792973951258299,0,0.7745966692414834,0.8050870241678119,0,0.0,0,0,1,0.0,0.0
286,9,16,False,0,-50.0,0,1,1,,-1.002,0.0013764944032233716,-48.998,0,0.0,0.0,0,-1.0072457755154283,-1.663999080657959,0.6567533051425307,0,0,0,0,-50.0,1,,-48.998,0,0.0,0,0,1,0.0,0.0
287,9,17,False,0,-50.0,0,1,1,,-2.5316821755784553,0.04807250841746325,-47.46831782442155,0,0.0,0.0,0,-2.3362601536122307,-1.7162448167800903,0.6200153368321404,0,0,0,0,-50.0,1,,-47.46831782442155,0,0.0,0,0,1,0.0,0.0
288,9,18,False,0,-50.0,0,1,1,,-2.349169258439285,0.13585571812707745,-47.65083074156072,0,0.0,0.0,0,-2.225915073717414,-1.862680196762085,0.3632348769553291,0,0,0,0,-50.0,1,,-47.65083074156072,0,0.0,0,0,1,0.0,0.0
289,9,19,False,0,-50.0,0,1,1,,-0.5769702662179222,0.1951754139392986,-49.42302973378208,0,0.0,0.0,0,-1.681035916661175,-1.697706937789917,0.01667102112874197,0,0,0,0,-50.0,1,,-49.42302973378208,0,0.0,0,0,1,0.0,0.0
290,9,20,False,0,-50.0,0,3,1,,-0.4812505849576354,0.16248549390215986,-49.518749415042365,0,0.0,0.0,0,-1.790965052883276,-2.071711540222168,0.28074648733889207,0,0,0,0,-50.0,1,,-49.518749415042365,0,0.0,0,0,1,0.0,0.0
291,9,21,False,0,-50.0,0,1,1,,-0.5877305894108933,0.1944183530616746,-49.412269410589104,0,0.0,0.0,0,-1.2458804396661842,-2.033344268798828,0.7874638291326439,0,0,0,0,-50.0,1,,-49.412269410589104,0,0.0,0,0,1,0.0,0.0
292,9,22,False,0,-50.0,0,2,1,,-0.5978267536409705,0.19316309113552177,-49.40217324635903,0,0.0,0.0,0,-1.2706581154165355,-2.2644131183624268,0.9937550029458913,0,0,0,0,-50.0,1,,-49.40217324635903,0,0.0,0,0,1,0.0,0.0
293,9,23,False,0,-50.0,0,2,1,,-0.6374266211583591,0.18949645073839547,-49.36257337884164,0,0.0,0.0,0,-1.3404237295422923,-2.5588228702545166,1.2183991407122243,0,0,0,0,-50.0,1,,-49.36257337884164,0,0.0,0,0,1,0.0,0.0
294,9,24,False,0,-50.0,0,1,1,,-2.4896356062378615,0.10842536918824926,-47.51036439376214,0,0.0,0.0,0,-2.223153718458729,-2.7191567420959473,0.4960030236372184,0,0,0,0,-50.0,1,,-47.51036439376214,0,0.0,0,0,1,0.0,0.0
295,9,25,False,0,-50.0,0,0,0,,-2.598060975426111,2.037621039635e-16,-47.40193902457389,0,0.0,0.0,0,-2.988757230397824,-3.133812427520752,0.14505519712292791,0,0,0,0,-50.0,0,,-47.40193902457389,0,0.0,0,0,1,0.0,0.0
296,9,26,False,0,-50.0,0,2,1,,-2.598060975426111,2.037621039635e-16,-47.40193902457389,0,0.0,0.0,0,-2.98732617591376,-3.362520456314087,0.375194280400327,0,0,0,0,-50.0,1,,-47.40193902457389,0,0.0,0,0,1,0.0,0.0
297,9,27,False,0,-50.0,0,1,1,,-1.0466410979999998,0.00292896055859623,-48.953358902,0,0.0,0.0,0,-1.0611765195434169,-3.4726312160491943,2.4114546965057775,0,0,0,0,-50.0,1,,-48.953358902,0,0.0,0,0,1,0.0,0.0
298,9,28,False,0,-50.0,0,1,1,,-1.0700171680898998,0.004070328932442415,-48.9299828319101,0,0.0,0.0,0,-1.0994996842447744,-2.553701162338257,1.4542014780934824,0,0,0,0,-50.0,1,,-48.9299828319101,0,0.0,0,0,1,0.0,0.0
299,9,29,False,0,-50.0,0,2,1,,-1.0874245262097,0.003247423990812762,-48.9125754737903,0,0.0,0.0,0,-1.1870615641378532,-1.9510014057159424,0.7639398415780891,0,0,0,0,-50.0,1,,-48.9125754737903,0,0.0,0,0,1,0.0,0.0
300,10,0,True,2,-2.999998943514433,1,1,0,0.9486832980505139,-2.598060975426111,2.037621039635e-16,-0.40193796808832216,0,0.0,0.0,0,-2.8052887365300236,-2.709581136703491,0.09570759982653243,1,1,1,0,-4.787943981665678,1,0.7378647873726218,-2.189883006239567,0,0.0,0,0,0,0.0,0.0
301,10,1,False,0,-50.0,0,3,1,,-2.4623966748809023,0.06356387020249195,-47.5376033251191,0,0.0,0.0,0,-2.846071125153962,-2.825096845626831,0.020974279527131046,0,0,0,0,-50.0,1,,-47.5376033251191,0,0.0,0,0,1,0.0,0.0
302,10,2,False,0,-50.0,0,1,1,,-2.4623966748809023,0.06356387020249195,-47.5376033251191,0,0.0,0.0,0,-2.8358588752179354,-2.783850908279419,0.0520079669385165,0,0,0,0,-50.0,1,,-47.5376033251191,0,0.0,0,0,1,0.0,0.0
303,10,3,False,0,-50.0,0,3,1,,-2.4623966748809023,0.06356387020249195,-47.5376033251191,0,0.0,0.0,0,-2.807013231391102,-2.7394912242889404,0.06752200710216139,0,0,0,0,-50.0,1,,-47.5376033251191,0,0.0,0,0,1,0.0,0.0
304,10,4,False,0,-50.0,0,1,1,,-2.4623966748809023,0.06356387020249195,-47.5376033251191,0,0.0,0.0,0,-2.800089634879344,-2.7139196395874023,0.08616999529194169,0,0,0,0,-50.0,1,,-47.5376033251191,0,0.0,0,0,1,0.0,0.0
305,10,5,False,0,-50.0,0,1,1,,-2.304051565431549,0.10357131796547646,-47.69594843456845,0,0.0,0.0,0,-2.791093835572701,-2.739553689956665,0.051540145616035815,0,0,0,0,-50.0,1,,-47.69594843456845,0,0.0,0,0,1,0.0,0.0
306,10,6,True,4,-0.6489289096713565,1,1,0,0.19999999999999998,-2.2080790041369447,0.12409518453145008,1.559150094465588,0,0.0,0.0,0,-2.793151856927343,-2.8399085998535156,0.04675674292617282,612,612,612,1,-0.7651125201533095,0,0.316227766016838,1.4429664839836351,0,0.0,0,0,1,0.0,0.0
307,10,7,True,3,-0.7270140110900528,0,0,0,0.7999999999999999,-2.195032165148695,0.14128385948279454,1.468018154058642,0,0.0,0.0,0,-2.8569199238358562,-3.0414648056030273,0.1845448817671711,594,594,594,0,-0.840871873599602,0,0.7999999999999999,1.3541602915490931,0,0.0,0,0,1,0.0,0.0
308,10,8,True,2,-0.7517795316900997,2,0,1,0.7378647873726218,-2.598060975426111,2.037621039635e-16,1.846281443736011,1,1.846281443736011,0.6101341010160491,1,-2.892744142980777,-2.96273136138916,0.06998721840838318,58,416,58,2,-0.864825928367136,1,0.7378647873726218,1.7332350470589748,1,1.7332350470589748,1,1,1,1.7332350470589748,0.5768108031865348
309,10,9,True,4,-0.5671874655860248,1,1,0,0.19999999999999998,-1.9296569812554858,0.16489901112005412,1.3624695156694608,0,0.0,0.0,0,-2.776895813841214,-2.7888073921203613,0.011911578279147239,2011,2011,2011,1,-0.6889947797349858,0,0.316227766016838,1.2406622015205,0,0.0,0,0,1,0.0,0.0
310,10,10,True,2,-0.4865367973985265,3,3,0,0.9486832980505139,-0.7219067578567581,0.14412353920902277,0.23536996045823155,0,0.0,0.0,0,-2.522208993852783,-2.7187082767486572,0.19649928289587404,365,365,365,3,-0.6102839787695518,0,0.9486832980505139,0.1116227790872063,0,0.0,0,0,1,0.0,0.0
311,10,11,True,3,-0.45944611325952045,3,3,0,1.0,-0.6114754580513637,0.11012609639013017,0.15202934479184327,0,0.0,0.0,0,-2.462629085265802,-2.5904428958892822,0.12781381062348007,320,320,320,3,-0.5834893170792145,0,0.7999999999999999,0.027986140972149243,0,0.0,0,0,1,0.0,0.0
312,10,12,True,3,-0.42924608371690387,1,1,0,0.7999999999999999,-0.4545152336739637,0.014059637614048773,0.02526914995705981,0,0.0,0.0,0,-2.3381905189547987,-2.591259241104126,0.2530687221493273,756,756,756,1,-0.5548825942846941,0,0.7999999999999999,-0.10036736061073043,0,0.0,0,0,1,0.0,0.0
313,10,13,True,2,-0.37272476467491505,3,3,0,0.9486832980505139,-2.598060975426111,2.037621039635e-16,2.2253362107511956,0,0.0,0.0,0,-2.5632833530533206,-2.1803488731384277,0.3829344799148928,299,299,299,3,-0.5350027696054533,0,0.9486832980505139,2.0630582058206572,0,0.0,0,0,1,0.0,0.0
314,10,14,True,4,-0.341827414888584,3,3,0,0.39999999999999997,-2.598060975426111,2.037621039635e-16,2.256233560537527,0,0.0,0.0,0,-2.5573383589009397,-1.9251155853271484,0.6322227735737913,42,42,42,3,-0.5056786416285085,0,0.39999999999999997,2.092382333797602,0,0.0,0,0,1,0.0,0.0
315,10,15,True,3,-0.3129117853215392,1,2,1,0.39999999999999997,-2.598060975426111,2.037621039635e-16,2.2851491901045717,1,2.2851491901045717,0.7551651735017714,1,-2.4472447792015344,-2.0087945461273193,0.43845023307421505,98,43,43,1,-0.476900617713364,1,0.7999999999999999,2.1211603577127467,1,2.1211603577127467,1,1,1,2.1211603577127467,0.7059101485951523
317,10,17,False,0,-50.0,0,3,1,,-2.4683549508205056,0.07667346875463688,-47.531645049179495,0,0.0,0.0,0,-2.3271634384773363,-1.705626368522644,0.6215370699546923,0,0,0,0,-50.0,1,,-47.531645049179495,0,0.0,0,0,1,0.0,0.0
318,10,18,False,0,-50.0,0,2,1,,-2.5316821755784553,0.04807250841746325,-47.46831782442155,0,0.0,0.0,0,-2.291521922601761,-1.746255874633789,0.5452660479679721,0,0,0,0,-50.0,1,,-47.46831782442155,0,0.0,0,0,1,0.0,0.0
319,10,19,True,1,-0.1447816561774716,1,1,0,0.7745966692414834,-0.31328429411771164,0.12095749596007503,0.16850263794024004,0,0.0,0.0,0,-1.5474568679937786,-1.892085313796997,0.3446284458032185,2,2,2,1,-1.6819632704597016,0,0.7745966692414834,-1.36867897634199,0,0.0,0,0,1,0.0,0.0
320,10,20,False,0,-50.0,0,3,1,,-0.46593537333178786,0.16370680184361702,-49.53406462666821,0,0.0,0.0,0,-1.2247079087227055,-2.3761985301971436,1.151490621474438,0,0,0,0,-50.0,1,,-49.53406462666821,0,0.0,0,0,1,0.0,0.0
321,10,21,False,0,-50.0,0,1,1,,-0.31995656726568444,0.12104823870360908,-49.680043432734315,0,0.0,0.0,0,-1.2050739789101224,-2.053816795349121,0.8487428164389987,0,0,0,0,-50.0,1,,-49.680043432734315,0,0.0,0,0,1,0.0,0.0
322,10,22,False,0,-50.0,0,1,1,,-2.598060975426111,2.037621039635e-16,-47.40193902457389,0,0.0,0.0,0,-2.9226981524268,-2.6732563972473145,0.24944175517948564,0,0,0,0,-50.0,1,,-47.40193902457389,0,0.0,0,0,1,0.0,0.0
323,10,23,False,0,-50.0,0,2,1,,-2.598060975426111,2.037621039635e-16,-47.40193902457389,0,0.0,0.0,0,-2.920760178593052,-2.699798345565796,0.22096183302725603,0,0,0,0,-50.0,1,,-47.40193902457389,0,0.0,0,0,1,0.0,0.0
324,10,24,False,0,-50.0,0,1,1,,-2.598060975426111,2.037621039635e-16,-47.40193902457389,0,0.0,0.0,0,-2.8845162804733397,-2.713489055633545,0.17102722483979482,0,0,0,0,-50.0,1,,-47.40193902457389,0,0.0,0,0,1,0.0,0.0
326,10,26,False,0,-50.0,0,2,1,,-1.00199,0.0019900000000000026,-48.99801,0,0.0,0.0,0,-1.002911114245702,-3.0409164428710938,2.038005328625392,0,0,0,0,-50.0,1,,-48.99801,0,0.0,0,0,1,0.0,0.0
327,10,27,False,0,-50.0,0,2,1,,-1.0229601,0.002157797222193331,-48.9770399,0,0.0,0.0,0,-1.0277280260776658,-2.906139612197876,1.8784115861202102,0,0,0,0,-50.0,1,,-48.9770399,0,0.0,0,0,1,0.0,0.0
328,10,28,False,0,-50.0,0,2,1,,-1.0446906989999998,0.0024039216761413,-48.955309301,0,0.0,0.0,0,-1.0570240018068222,-2.5467193126678467,1.4896953108610245,0,0,0,0,-50.0,1,,-48.955309301,0,0.0,0,0,1,0.0,0.0
329,10,29,False,0,-50.0,0,1,1,,-0.43418893555335697,0.11651519331186339,-49.56581106444664,0,0.0,0.0,0,-1.2110803781239572,-1.7893292903900146,0.5782489122660575,0,0,0,0,-50.0,1,,-49.56581106444664,0,0.0,0,0,1,0.0,0.0
330,11,0,True,1,-2.999998943514433,3,3,0,0.7745966692414834,-2.5551755635344824,0.042885411891628866,-0.4448233799799506,0,0.0,0.0,0,-2.752552412462196,-2.656207799911499,0.09634461255069704,2,2,2,3,-7.884528023265812,0,0.7745966692414834,-5.3293524597313295,0,0.0,0,0,1,0.0,0.0
331,11,1,True,2,-2.999998943514433,1,1,0,0.8944271909999159,-2.598060975426111,2.037621039635e-16,-0.40193796808832216,0,0.0,0.0,0,-2.7524634848612948,-2.6721198558807373,0.08034362898055747,4,4,4,1,-6.883302592060596,0,0.9486832980505139,-4.285241616634485,0,0.0,0,0,1,0.0,0.0
332,11,2,False,0,-50.0,0,3,1,,-2.4623966748809023,0.06356387020249195,-47.5376033251191,0,0.0,0.0,0,-2.817058317436695,-2.797065019607544,0.019993297829151047,0,0,0,0,-50.0,1,,-47.5376033251191,0,0.0,0,0,1,0.0,0.0
333,11,3,False,0,-50.0,0,3,1,,-2.4623966748809023,0.06356387020249195,-47.5376033251191,0,0.0,0.0,0,-2.8052980201523674,-2.753424882888794,0.051873137263573454,0,0,0,0,-50.0,1,,-47.5376033251191,0,0.0,0,0,1,0.0,0.0
334,11,4,False,0,-50.0,0,0,0,,-2.4623966748809023,0.06356387020249195,-47.5376033251191,0,0.0,0.0,0,-2.802681852644913,-2.6942787170410156,0.10840313560389747,0,0,0,0,-50.0,0,,-47.5376033251191,0,0.0,0,0,1,0.0,0.0
335,11,5,False,0,-50.0,0,1,1,,-2.2454148078244005,0.10867425626876923,-47.7545851921756,0,0.0,0.0,0,-2.7877528688571376,-2.67818546295166,0.10956740590547742,0,0,0,0,-50.0,1,,-47.7545851921756,0,0.0,0,0,1,0.0,0.0
336,11,6,True,2,-0.6228286700654897,3,3,0,0.9486832980505139,-2.0674958634296727,0.1563998555371929,1.444667193364183,0,0.0,0.0,0,-2.7767266376062576,-2.892834186553955,0.11610754894769748,337,337,337,3,-0.7399944829746522,0,0.9486832980505139,1.3275013804550206,0,0.0,0,0,1,0.0,0.0
337,11,7,True,4,-0.5950833400594322,3,3,0,0.7999999999999999,-2.113105005370253,0.14325125801348484,1.518021665310821,0,0.0,0.0,0,-2.756578718169592,-2.849594831466675,0.09301611329708281,416,416,416,3,-0.7146363321797569,0,0.316227766016838,1.3984686731904963,0,0.0,0,0,1,0.0,0.0
338,11,8,True,4,-0.5677575493066822,3,3,0,0.316227766016838,-1.9296569812554858,0.16489901112005412,1.3618994319488036,0,0.0,0.0,0,-2.7519888044575374,-2.8344156742095947,0.08242686975205737,1171,1171,1171,3,-0.6889947805440746,0,0.316227766016838,1.2406622007114112,0,0.0,0,0,1,0.0,0.0
339,11,9,True,4,-0.5401048663545402,3,0,1,0.0,-2.134870846511494,0.1503104803241167,1.5947659801569538,1,1.5947659801569538,0.5270166750227968,1,-2.7485339653471645,-2.799537181854248,0.051003216507083504,417,2118,417,3,-0.6630655634023411,1,0.0,1.4718052831091528,1,1.4718052831091528,1,1,1,1.4718052831091528,0.4898084589997846
340,11,10,True,4,-0.5131788429114914,0,0,0,0.7999999999999999,-0.751498748512121,0.14203021799090185,0.23831990560062954,0,0.0,0.0,0,-2.598861944315515,-2.759104013442993,0.16024206912747818,596,596,596,0,-0.6361446345522538,0,0.7999999999999999,0.11535411395986717,0,0.0,0,0,1,0.0,0.0
341,11,11,True,3,-0.4894317162825304,0,2,1,0.39999999999999997,-0.8816501904015104,0.1662142252570207,0.39221847411898,1,0.39221847411898,0.12961505241813356,1,-2.590089022860362,-2.732248544692993,0.14215952183263125,72,314,72,0,-0.6109748927135599,1,0.39999999999999997,0.2706752976879505,1,0.2706752976879505,0,1,1,0.2706752976879505,0.09007920542979231
342,11,12,True,4,-0.3992206645517847,1,1,0,0.39999999999999997,-0.6556242259953146,0.14075720649358703,0.2564035614435299,0,0.0,0.0,0,-2.306412451584051,-2.5947425365448,0.28833008496074886,1054,1054,1054,1,-0.527408730843452,0,0.316227766016838,0.1282154951518626,0,0.0,0,0,1,0.0,0.0
343,11,13,True,2,-0.39996049392762,0,0,0,0.9486832980505139,-2.598060975426111,2.037621039635e-16,2.198100481498491,0,0.0,0.0,0,-2.5680946935227396,-2.684460401535034,0.11636570801229462,28,28,28,0,-0.561629798829267,0,0.9486832980505139,2.0364311765968437,0,0.0,0,0,1,0.0,0.0
344,11,14,True,2,-0.252892122488632,1,3,1,0.7378647873726218,-2.598060975426111,2.037621039635e-16,2.345168852937479,1,2.345168852937479,0.7749996592732041,1,-2.279791276339985,-2.358398914337158,0.07860763799717319,89,51,51,1,-0.3830239373105243,1,0.7378647873726218,2.2150370381155864,1,2.2150370381155864,1,1,1,2.2150370381155864,0.7371517759298465
345,11,15,True,2,-0.2815200005644191,2,0,1,0.7378647873726218,-2.598060975426111,2.037621039635e-16,2.3165409748616916,1,2.3165409748616916,0.7655391056219565,1,-2.3880875010349496,-2.153404474258423,0.23468302677652675,49,92,49,2,-0.4130010109211136,1,0.7378647873726218,2.185059964504997,1,2.185059964504997,1,1,1,2.185059964504997,0.7271755756817346
346,11,16,True,2,-0.18615102277772666,1,3,1,0.7378647873726218,-0.3662017263742731,0.11833149193500167,0.18005070359654646,1,0.18005070359654646,0.059500719431968434,0,-1.6300594461925486,-1.7335351705551147,0.10347572436256613,1,16,1,1,-0.3397876496737805,1,0.7378647873726218,0.026414076700492617,1,0.026414076700492617,0,1,1,0.026414076700492617,0.008790455064300038
347,11,17,True,2,-0.17677750689335636,3,3,0,0.9486832980505139,-0.468544897029673,0.163653282774097,0.29176739013631664,0,0.0,0.0,0,-1.6399487178400949,-1.9815993309020996,0.3416506130620047,5,5,5,1,-0.35180902133671454,1,0.7378647873726218,0.11673587569295846,1,0.11673587569295846,0,0,0,0.0,0.0
348,11,18,True,2,-0.1387873801185843,1,1,0,0.9486832980505139,-0.3199077835128247,0.1210920778018684,0.18112040339424038,0,0.0,0.0,0,-1.5743750004546633,-1.8245340585708618,0.25015905811619854,36,36,36,1,-0.3552567325231937,0,0.9486832980505139,-0.035348949010369,0,0.0,0,0,1,0.0,0.0
349,11,19,True,2,-0.11594106752325642,1,1,0,0.9486832980505139,-0.17820816247899204,0.01651525793589564,0.062267094955735625,0,0.0,0.0,0,-1.5227116625327441,-1.8068530559539795,0.28414139342123534,6,6,6,1,-0.36167741039797563,0,0.9486832980505139,-0.18346924791898359,0,0.0,0,0,1,0.0,0.0
350,11,20,True,2,-0.12083168301914333,1,1,0,0.9486832980505139,-0.31328429411771164,0.12095749596007503,0.19245261109856832,0,0.0,0.0,0,-1.511965247283287,-2.071059465408325,0.5590942181250382,30,30,30,1,-0.3871050066481465,0,0.9486832980505139,-0.07382071253043487,0,0.0,0,0,1,0.0,0.0
351,11,21,False,0,-50.0,0,1,1,,-0.17391584535188065,0.016836921752247044,-49.82608415464812,0,0.0,0.0,0,-1.1646137032758845,-2.353623390197754,1.1890096869218694,0,0,0,0,-50.0,1,,-49.82608415464812,0,0.0,0,0,1,0.0,0.0
352,11,22,False,0,-50.0,0,0,0,,-2.598060975426111,2.037621039635e-16,-47.40193902457389,0,0.0,0.0,0,-2.9219634862242194,-2.640268564224243,0.28169492199997626,0,0,0,0,-50.0,0,,-47.40193902457389,0,0.0,0,0,1,0.0,0.0
353,11,23,False,0,-50.0,0,2,1,,-2.598060975426111,2.037621039635e-16,-47.40193902457389,0,0.0,0.0,0,-2.912934000197726,-2.7169768810272217,0.1959571191705045,0,0,0,0,-50.0,1,,-47.40193902457389,0,0.0,0,0,1,0.0,0.0
354,11,24,False,0,-50.0,0,1,1,,-2.598060975426111,2.037621039635e-16,-47.40193902457389,0,0.0,0.0,0,-2.8898265318755274,-2.5093812942504883,0.3804452376250391,0,0,0,0,-50.0,1,,-47.40193902457389,0,0.0,0,0,1,0.0,0.0
355,11,25,False,0,-50.0,0,1,1,,-2.598060975426111,2.037621039635e-16,-47.40193902457389,0,0.0,0.0,0,-2.8711992063027485,-2.463205099105835,0.40799410719691354,0,0,0,0,-50.0,1,,-47.40193902457389,0,0.0,0,0,1,0.0,0.0
356,11,26,False,0,-50.0,0,2,1,,-2.598060975426111,2.037621039635e-16,-47.40193902457389,0,0.0,0.0,0,-1.6104838206822092,-1.6424036026000977,0.03191978191788847,0,0,0,0,-50.0,1,,-47.40193902457389,0,0.0,0,0,1,0.0,0.0
357,11,27,False,0,-50.0,0,1,1,,-0.22221487367504258,0.012273319823888127,-49.77778512632496,0,0.0,0.0,0,-1.0095948768713219,-1.8860639333724976,0.8764690565011757,0,0,0,0,-50.0,1,,-49.77778512632496,0,0.0,0,0,1,0.0,0.0
358,11,28,False,0,-50.0,0,1,1,,-0.4105529719835689,0.1264815000632355,-49.58944702801643,0,0.0,0.0,0,-1.0423815927137334,-1.8122029304504395,0.769821337736706,0,0,0,0,-50.0,1,,-49.58944702801643,0,0.0,0,0,1,0.0,0.0
359,11,29,False,0,-50.0,0,2,1,,-0.4925976265607065,0.16135680371199693,-49.50740237343929,0,0.0,0.0,0,-1.1868890358112327,-1.5273106098175049,0.34042157400627215,0,0,0,0,-50.0,1,,-49.50740237343929,0,0.0,0,0,1,0.0,0.0
360,12,0,False,0,-50.0,0,1,1,,-2.528624101228934,0.06943687419717723,-47.471375898771065,0,0.0,0.0,0,-2.626387307344663,-2.6092519760131836,0.017135331331479264,0,0,0,0,-50.0,1,,-47.471375898771065,0,0.0,0,0,1,0.0,0.0
361,12,1,True,1,-2.999998943514433,3,3,0,0.7745966692414834,-2.5551755635344824,0.042885411891628866,-0.4448233799799506,0,0.0,0.0,0,-2.7496034328322536,-2.612555980682373,0.13704745214988057,66,66,66,3,-6.8986481603912635,0,0.7745966692414834,-4.343472596856781,0,0.0,0,0,1,0.0,0.0
362,12,2,True,2,-2.999998943514433,0,2,1,0.8944271909999159,-2.598060975426111,2.037621039635e-16,-0.40193796808832216,0,0.0,0.0,0,-2.753443373738811,-2.6682755947113037,0.08516777902750716,34,68,34,0,-5.776734793303554,1,0.7378647873726218,-3.178673817877443,0,0.0,0,0,1,0.0,0.0
363,12,3,False,0,-50.0,0,3,1,,-2.2615432472209003,0.11009670211521438,-47.7384567527791,0,0.0,0.0,0,-2.616210865817137,-2.713271141052246,0.0970602752351093,0,0,0,0,-50.0,1,,-47.7384567527791,0,0.0,0,0,1,0.0,0.0
364,12,4,False,0,-50.0,0,1,1,,-2.2615432472209003,0.11009670211521438,-47.7384567527791,0,0.0,0.0,0,-2.611985532915489,-2.7604641914367676,0.14847865852127873,0,0,0,0,-50.0,1,,-47.7384567527791,0,0.0,0,0,1,0.0,0.0
365,12,5,False,0,-50.0,0,3,1,,-2.141116731897634,0.13964302640489054,-47.85888326810237,0,0.0,0.0,0,-2.78361997368482,-2.6579430103302,0.12567696335461997,0,0,0,0,-50.0,1,,-47.85888326810237,0,0.0,0,0,1,0.0,0.0
366,12,6,False,0,-50.0,0,3,1,,-2.315303703723972,0.10410766963008301,-47.68469629627603,0,0.0,0.0,0,-2.7883057961887507,-2.655547857284546,0.13275793890420484,0,0,0,0,-50.0,1,,-47.68469629627603,0,0.0,0,0,1,0.0,0.0
367,12,7,False,0,-50.0,0,3,1,,-2.142135363324563,0.12166270088713713,-47.85786463667544,0,0.0,0.0,0,-2.7861491021201443,-2.657891035079956,0.12825806704018827,0,0,0,0,-50.0,1,,-47.85786463667544,0,0.0,0,0,1,0.0,0.0
368,12,8,True,2,-0.5913906986154274,3,1,1,0.7378647873726218,-2.090070712583686,0.15047152553837034,1.4986800139682588,1,1.4986800139682588,0.49526348549706145,1,-2.7836588679899066,-2.7129528522491455,0.07070601574076107,1,2,1,3,-2.1519023828405475,1,0.7378647873726218,-0.061831670256861315,0,0.0,0,0,1,0.0,0.0
369,12,9,True,2,-0.5670613124100804,3,3,0,0.9486832980505139,-0.9488157667315926,0.1596080675046222,0.3817544543215122,0,0.0,0.0,0,-2.622673398859323,-2.7347633838653564,0.11208998500603329,18,18,18,3,-0.7280142640627608,0,0.9486832980505139,0.2208015026688318,0,0.0,0,0,1,0.0,0.0
370,12,10,True,3,-0.5424861748289219,3,3,0,0.7999999999999999,-0.7139678251647903,0.10005318546450885,0.17148165033586837,0,0.0,0.0,0,-2.6047834117856605,-2.8037784099578857,0.1989949981722252,139,139,139,3,-0.6647206923490595,0,0.7999999999999999,0.04924713281573079,0,0.0,0,0,1,0.0,0.0
371,12,11,True,2,-0.5167452581810628,0,0,0,0.9486832980505139,-0.876222253187659,0.16622957637256727,0.35947699500659624,0,0.0,0.0,0,-2.5973859622821007,-2.7938477993011475,0.19646183701904674,578,578,578,0,-0.6375087797349605,0,0.9486832980505139,0.23871347345269855,0,0.0,0,0,1,0.0,0.0
372,12,12,True,3,-0.3704658926953404,3,3,0,0.7999999999999999,-0.7006886970623007,0.15231382346841274,0.33022280436696033,0,0.0,0.0,0,-2.2916642167255015,-2.6001975536346436,0.3085333369091421,652,652,652,3,-0.4996654703337754,0,0.7999999999999999,0.20102322672852535,0,0.0,0,0,1,0.0,0.0
373,12,13,True,2,-0.3405872108709921,1,1,0,0.9486832980505139,-0.5224377681641316,0.113495552921267,0.18185055729313948,0,0.0,0.0,0,-2.2664774819564726,-2.629572629928589,0.3630951479721163,589,589,589,1,-0.4716119721145269,0,0.9486832980505139,0.05082579604960469,0,0.0,0,0,1,0.0,0.0
374,12,14,True,2,-0.22044731663003314,3,0,1,0.7378647873726218,-2.598060975426111,2.037621039635e-16,2.3776136587960774,1,2.3776136587960774,0.7857215795537432,1,-2.211005599668071,-2.2604899406433105,0.04948434097523968,175,79,79,3,-0.35363633894988356,1,0.7378647873726218,2.2444246364762273,1,2.2444246364762273,1,1,1,2.2444246364762273,0.7469318021547303
375,12,15,True,3,-0.18990596573364088,3,3,0,1.0,-0.47177052804278113,0.16302249752621692,0.28186456230914025,0,0.0,0.0,0,-2.157742457135291,-2.380725145339966,0.22298268820467504,216,216,216,3,-0.3239437594577437,0,0.7999999999999999,0.14782676858503746,0,0.0,0,0,1,0.0,0.0
376,12,16,True,3,-0.15772830651341305,1,1,0,1.0,-0.4674651368224172,0.1634726082381727,0.3097368303090041,0,0.0,0.0,0,-1.5826088797862852,-1.9730333089828491,0.39042442919656395,407,407,407,1,-0.2931156233319909,0,1.0,0.17434951349042627,0,0.0,0,0,1,0.0,0.0
377,12,17,True,2,-0.18981808293473515,2,0,1,0.7378647873726218,-0.4827778950576082,0.16224848468960754,0.29295981212287303,1,0.29295981212287303,0.09681339332627635,0,-1.6281447147046217,-2.1391289234161377,0.510984208711516,147,147,147,2,-0.32312246748485474,1,0.7378647873726218,0.15965542757275347,1,0.15965542757275347,0,1,1,0.15965542757275347,0.05313242169179151
378,12,18,True,3,-0.10030700316442602,3,3,0,0.7999999999999999,-0.1739446995692518,0.016574444622379943,0.07363769640482577,0,0.0,0.0,0,-1.5416728222163718,-2.013256788253784,0.47158396603741237,36,36,36,3,-0.32646928854513996,0,0.7999999999999999,-0.15252458897588816,0,0.0,0,0,1,0.0,0.0
379,12,19,True,3,-0.06381040488843519,1,1,0,1.0,-0.250300369704274,0.12450568107958565,0.1864899648158388,0,0.0,0.0,0,-1.4878991358217875,-1.9395506381988525,0.4516515023770651,650,650,650,1,-0.29649626495463444,0,0.7999999999999999,-0.04619589525036044,0,0.0,0,0,1,0.0,0.0
380,12,20,True,4,-0.0909149722689949,3,2,1,0.6000000000000001,-0.17120069220749284,0.01570585678733188,0.08028571993849794,1,0.08028571993849794,0.026531738010635512,1,-1.488129276182691,-2.1243703365325928,0.6362410603499018,3,113,3,2,-0.3592593971189881,0,0.19999999999999998,-0.18805870491149523,0,0.0,0,0,0,0.0,0.0
381,12,21,True,2,-0.06153027569651228,1,1,0,0.9486832980505139,-0.250300369704274,0.12450568107958565,0.1887700940077617,0,0.0,0.0,0,-1.139883663424484,-2.2470285892486572,1.1071449258241732,22,22,22,1,-1.5866837775169726,0,0.9486832980505139,-1.3363834078126986,0,0.0,0,0,1,0.0,0.0
382,12,22,True,2,-0.10538803177484456,2,2,0,0.9486832980505139,-0.17117183799012173,0.0159823440908985,0.06578380621527717,0,0.0,0.0,0,-1.2474836003291239,-2.415138006210327,1.1676544058812033,3,3,3,2,-1.6023541247630015,0,0.9486832980505139,-1.4311822867728798,0,0.0,0,0,1,0.0,0.0
383,12,23,False,0,-50.0,0,1,1,,-2.598060975426111,2.037621039635e-16,-47.40193902457389,0,0.0,0.0,0,-2.906538785501869,-2.631744623184204,0.27479416231766507,0,0,0,0,-50.0,1,,-47.40193902457389,0,0.0,0,0,1,0.0,0.0
384,12,24,False,0,-50.0,0,2,1,,-2.598060975426111,2.037621039635e-16,-47.40193902457389,0,0.0,0.0,0,-2.9035884666700187,-2.605602979660034,0.2979854870099845,0,0,0,0,-50.0,1,,-47.40193902457389,0,0.0,0,0,1,0.0,0.0
385,12,25,False,0,-50.0,0,1,1,,-2.598060975426111,2.037621039635e-16,-47.40193902457389,0,0.0,0.0,0,-2.9086759233666233,-2.5168445110321045,0.3918314123345188,0,0,0,0,-50.0,1,,-47.40193902457389,0,0.0,0,0,1,0.0,0.0
386,12,26,False,0,-50.0,0,1,1,,-0.334269865979269,0.1290511762273457,-49.665730134020734,0,0.0,0.0,0,-0.9605127626748142,-1.4798588752746582,0.519346112599844,0,0,0,0,-50.0,1,,-49.665730134020734,0,0.0,0,0,1,0.0,0.0
387,12,27,False,0,-50.0,0,2,1,,-0.42131004016699347,0.1668384025233231,-49.57868995983301,0,0.0,0.0,0,-0.985887606224736,-1.5465426445007324,0.5606550382759964,0,0,0,0,-50.0,1,,-49.57868995983301,0,0.0,0,0,1,0.0,0.0
388,12,28,False,0,-50.0,0,2,1,,-0.21678146469802373,0.010323397418149107,-49.78321853530198,0,0.0,0.0,0,-1.0176256300300568,-1.2772151231765747,0.2595894931465179,0,0,0,0,-50.0,1,,-49.78321853530198,0,0.0,0,0,1,0.0,0.0
389,12,29,False,0,-50.0,0,2,1,,-0.4091601455474697,0.12658669785544374,-49.59083985445253,0,0.0,0.0,0,-1.2874070602130407,-1.1724499464035034,0.11495711380953733,0,0,0,0,-50.0,1,,-49.59083985445253,0,0.0,0,0,1,0.0,0.0
390,13,0,False,0,-50.0,0,3,1,,-2.527719719153925,0.07034125627218604,-47.47228028084608,0,0.0,0.0,0,-2.548124274148237,-2.5029375553131104,0.045186718835126705,0,0,0,0,-50.0,1,,-47.47228028084608,0,0.0,0,0,1,0.0,0.0
391,13,1,False,0,-50.0,0,3,1,,-2.598060975426111,2.037621039635e-16,-47.40193902457389,0,0.0,0.0,0,-2.5408354578013994,-2.6219050884246826,0.0810696306232832,0,0,0,0,-50.0,1,,-47.40193902457389,0,0.0,0,0,1,0.0,0.0
392,13,2,False,0,-50.0,0,1,1,,-2.5258834572120135,0.07217751821409761,-47.47411654278799,0,0.0,0.0,0,-2.529068240374172,-2.523693799972534,0.0053744404016380365,0,0,0,0,-50.0,1,,-47.47411654278799,0,0.0,0,0,1,0.0,0.0
393,13,3,False,0,-50.0,0,0,0,,-2.36446612652389,0.08337763894771107,-47.635533873476106,0,0.0,0.0,0,-2.6139073424107413,-2.629263162612915,0.015355820202173742,0,0,0,0,-50.0,0,,-47.635533873476106,0,0.0,0,0,1,0.0,0.0
394,13,4,False,0,-50.0,0,1,1,,-2.288285379941301,0.10240924246494928,-47.7117146200587,0,0.0,0.0,0,-2.6068800575086857,-2.7113373279571533,0.10445727044846764,0,0,0,0,-50.0,1,,-47.7117146200587,0,0.0,0,0,1,0.0,0.0
395,13,5,False,0,-50.0,0,3,1,,-2.285433243660976,0.10412295220950861,-47.714566756339025,0,0.0,0.0,0,-2.5840979694057844,-2.625061511993408,0.0409635425876238,0,0,0,0,-50.0,1,,-47.714566756339025,0,0.0,0,0,1,0.0,0.0
396,13,6,False,0,-50.0,0,1,1,,-2.002437705178451,0.13991552381269284,-47.99756229482155,0,0.0,0.0,0,-2.573898564179416,-2.6357364654541016,0.06183790127468569,0,0,0,0,-50.0,1,,-47.99756229482155,0,0.0,0,0,1,0.0,0.0
397,13,7,False,0,-50.0,0,3,1,,-2.203147303232736,0.13336366337650646,-47.79685269676726,0,0.0,0.0,0,-2.8216663034782314,-2.670301675796509,0.15136462768172265,0,0,0,0,-50.0,1,,-47.79685269676726,0,0.0,0,0,1,0.0,0.0
398,13,8,True,1,-1.5534286786621339,1,1,0,0.7745966692414834,-2.1267700276705597,0.13198538429313367,0.5733413490084258,0,0.0,0.0,0,-2.825461310128389,-2.655885696411133,0.16957561371725616,2,2,2,1,-6.644999459991265,0,0.7745966692414834,-4.518229432320705,0,0.0,0,0,1,0.0,0.0
399,13,9,False,0,-50.0,0,3,1,,-2.380656263120656,0.09389438584740789,-47.619343736879344,0,0.0,0.0,0,-2.8742858996783616,-2.8037455081939697,0.07054039148439184,0,0,0,0,-50.0,1,,-47.619343736879344,0,0.0,0,0,1,0.0,0.0
400,13,10,False,0,-50.0,0,3,1,,-2.2462351032322823,0.12468683352152612,-47.75376489676772,0,0.0,0.0,0,-2.8729120227417786,-2.7389659881591797,0.1339460345825989,0,0,0,0,-50.0,1,,-47.75376489676772,0,0.0,0,0,1,0.0,0.0
401,13,11,False,0,-50.0,0,1,1,,-2.337155401585522,0.09855443265875313,-47.66284459841448,0,0.0,0.0,0,-2.871326462628471,-2.845977544784546,0.025348917843925012,0,0,0,0,-50.0,1,,-47.66284459841448,0,0.0,0,0,1,0.0,0.0
402,13,12,False,0,-50.0,0,1,1,,-1.9558347780663898,0.1848305033234071,-48.04416522193361,0,0.0,0.0,0,-2.8517716122710604,-2.702054262161255,0.14971735010980547,0,0,0,0,-50.0,1,,-48.04416522193361,0,0.0,0,0,1,0.0,0.0
403,13,13,True,2,-0.311116385422238,3,3,0,0.9486832980505139,-0.44915429062324697,0.11399652461425436,0.13803790520100895,0,0.0,0.0,0,-2.2517838288558374,-2.6157007217407227,0.36391689288488527,1493,1493,1493,3,-0.44324374458541826,0,0.9486832980505139,0.005910546037828701,0,0.0,0,0,1,0.0,0.0
404,13,14,True,4,-0.25276862266022737,3,3,0,0.19999999999999998,-0.6776333015647368,0.18581463834455123,0.4248646789045094,0,0.0,0.0,0,-2.2050883812085766,-2.5875980854034424,0.38250970419486574,3880,3880,3880,3,-0.3838316896856435,0,0.316227766016838,0.29380161187909326,0,0.0,0,0,1,0.0,0.0
405,13,15,True,2,-0.22120626378019403,0,0,0,0.9486832980505139,-0.7455709559817844,0.21303199974719875,0.5243646922015903,0,0.0,0.0,0,-2.1821722115732536,-2.5074782371520996,0.325306025578846,6533,6533,6533,0,-0.3536573719549168,0,0.9486832980505139,0.39191358402686755,0,0.0,0,0,1,0.0,0.0
406,13,16,True,2,-0.12546142349964068,3,3,0,0.9486832980505139,-0.19812677849826468,0.01506152923779606,0.072665354998624,0,0.0,0.0,0,-1.5234090915989258,-2.0966343879699707,0.5732252963710449,1214,1214,1214,1,-0.2606508216060448,1,0.7378647873726218,-0.06252404310778012,0,0.0,0,0,0,0.0,0.0
407,13,17,True,4,-0.09330031341292538,3,3,0,0.316227766016838,-0.17655176987648052,0.01842399617515019,0.08325145646355514,0,0.0,0.0,0,-1.5301906743687703,-2.15171217918396,0.6215215048151896,1788,1788,1788,2,-0.290293006568027,1,-0.316227766016838,-0.11374123669154645,0,0.0,0,0,0,0.0,0.0
408,13,18,True,4,-0.06034783000091857,3,3,0,0.19999999999999998,-0.24599384151261713,0.1246966901183666,0.18564601151169857,0,0.0,0.0,0,-1.509660603322494,-2.09610652923584,0.5864459259133459,1983,1983,1983,3,-0.29222274170400425,0,0.9486832980505139,-0.04622890019138712,0,0.0,0,0,1,0.0,0.0
409,13,19,True,4,-0.027325714507198874,3,3,0,0.39999999999999997,-0.2271784403014852,0.1256434545724295,0.19985272579428634,0,0.0,0.0,0,-1.4664929658186305,-1.984726905822754,0.5182339400041234,236,236,236,3,-0.26270593947812976,0,0.39999999999999997,-0.03552749917664455,0,0.0,0,0,1,0.0,0.0
410,13,20,True,3,0.006599142195252235,1,1,0,1.0,-0.20359295011094466,0.1271152555853602,0.2101920923061969,0,0.0,0.0,0,-1.0376460297281958,-1.9957022666931152,0.9580562369649195,479,479,479,1,-0.23110365499453428,0,0.7999999999999999,-0.027510704883589615,0,0.0,0,0,1,0.0,0.0
411,13,21,True,2,-0.02834689411343548,2,2,0,0.9486832980505139,-0.228643047040794,0.12555601118084816,0.20029615292735853,0,0.0,0.0,0,-1.0952905440570788,-2.138338327407837,1.043047783350758,28,28,28,2,-0.2955324519250814,0,0.9486832980505139,-0.06688940488428738,0,0.0,0,0,1,0.0,0.0
412,13,22,True,2,-0.13433415078654387,0,0,0,0.9486832980505139,-0.1967569091872363,0.014785760479322672,0.06242275840069242,0,0.0,0.0,0,-1.2675854156972373,-2.8851234912872314,1.6175380755899942,14,14,14,0,-1.617451568729915,0,0.9486832980505139,-1.4206946595426786,0,0.0,0,0,1,0.0,0.0
413,13,23,False,0,-50.0,0,0,0,,-2.598060975426111,2.037621039635e-16,-47.40193902457389,0,0.0,0.0,0,-2.9078903063269363,-2.6620798110961914,0.24581049523074494,0,0,0,0,-50.0,0,,-47.40193902457389,0,0.0,0,0,1,0.0,0.0
414,13,24,False,0,-50.0,0,2,1,,-2.598060975426111,2.037621039635e-16,-47.40193902457389,0,0.0,0.0,0,-2.908995698806518,-2.5979838371276855,0.31101186167883244,0,0,0,0,-50.0,1,,-47.40193902457389,0,0.0,0,0,1,0.0,0.0
415,13,25,False,0,-50.0,0,2,1,,-2.598060975426111,2.037621039635e-16,-47.40193902457389,0,0.0,0.0,0,-2.9098792454500804,-2.4364845752716064,0.4733946701784739,0,0,0,0,-50.0,1,,-47.40193902457389,0,0.0,0,0,1,0.0,0.0
416,13,26,False,0,-50.0,0,1,1,,-0.13121173441453265,0.015015039983011666,-49.868788265585465,0,0.0,0.0,0,-0.8866364734848852,-1.1320558786392212,0.24541940515433602,0,0,0,0,-50.0,1,,-49.868788265585465,0,0.0,0,0,1,0.0,0.0
417,13,27,False,0,-50.0,0,2,1,,-0.2848410877767441,0.12256199474816408,-49.71515891222326,0,0.0,0.0,0,-0.8721539041303562,-0.7311576008796692,0.14099630325068702,0,0,0,0,-50.0,1,,-49.71515891222326,0,0.0,0,0,1,0.0,0.0
418,13,28,False,0,-50.0,0,1,1,,-2.598060975426111,2.037621039635e-16,-47.40193902457389,0,0.0,0.0,0,-1.5215073834742228,-0.9497950077056885,0.5717123757685343,0,0,0,0,-50.0,1,,-47.40193902457389,0,0.0,0,0,1,0.0,0.0
419,13,29,False,0,-50.0,0,2,1,,-2.598060975426111,2.037621039635e-16,-47.40193902457389,0,0.0,0.0,0,-1.50912791491898,-0.9428195357322693,0.5663083791867107,0,0,0,0,-50.0,1,,-47.40193902457389,0,0.0,0,0,1,0.0,0.0
420,14,0,False,0,-50.0,0,3,1,,-2.528624101228934,0.06943687419717723,-47.471375898771065,0,0.0,0.0,0,-2.5550965222188533,-2.5117948055267334,0.04330171669211991,0,0,0,0,-50.0,1,,-47.471375898771065,0,0.0,0,0,1,0.0,0.0
421,14,1,False,0,-50.0,0,0,0,,-2.527719719153925,0.07034125627218604,-47.47228028084608,0,0.0,0.0,0,-2.5464842197351527,-2.5033576488494873,0.043126570885665405,0,0,0,0,-50.0,0,,-47.47228028084608,0,0.0,0,0,1,0.0,0.0
422,14,2,False,0,-50.0,0,1,1,,-2.524951391864106,0.07310958356200459,-47.47504860813589,0,0.0,0.0,0,-2.374191779079465,-2.4910800457000732,0.11688826662060814,0,0,0,0,-50.0,1,,-47.47504860813589,0,0.0,0,0,1,0.0,0.0
423,14,3,False,0,-50.0,0,1,1,,-2.4723572034070216,0.08802804814566045,-47.52764279659298,0,0.0,0.0,0,-2.3103154309811385,-2.4120423793792725,0.10172694839813401,0,0,0,0,-50.0,1,,-47.52764279659298,0,0.0,0,0,1,0.0,0.0
424,14,4,False,0,-50.0,0,3,1,,-2.2615432472209003,0.11009670211521438,-47.7384567527791,0,0.0,0.0,0,-2.5979851354696883,-2.668914556503296,0.07092942103360755,0,0,0,0,-50.0,1,,-47.7384567527791,0,0.0,0,0,1,0.0,0.0
425,14,5,False,0,-50.0,0,0,0,,-2.198276549848233,0.12477864434796264,-47.80172345015177,0,0.0,0.0,0,-2.589608796442442,-2.6186740398406982,0.029065243398256335,0,0,0,0,-50.0,0,,-47.80172345015177,0,0.0,0,0,1,0.0,0.0
426,14,6,False,0,-50.0,0,1,1,,-2.1712526783459887,0.13016122325575427,-47.82874732165401,0,0.0,0.0,0,-2.567782557430274,-2.5898869037628174,0.022104346332543212,0,0,0,0,-50.0,1,,-47.82874732165401,0,0.0,0,0,1,0.0,0.0
427,14,7,False,0,-50.0,0,1,1,,-2.111003842180312,0.1299482994688525,-47.88899615781969,0,0.0,0.0,0,-2.787191434093066,-2.603289842605591,0.1839015914874751,0,0,0,0,-50.0,1,,-47.88899615781969,0,0.0,0,0,1,0.0,0.0
428,14,8,True,1,-1.538816847810794,1,1,0,0.7745966692414834,-2.1850002467320593,0.12177102683359463,0.6461833989212653,0,0.0,0.0,0,-2.828625929763044,-2.61222243309021,0.2164034966728341,3,3,3,1,-5.63448118220839,0,0.7745966692414834,-3.4494809354763305,0,0.0,0,0,1,0.0,0.0
429,14,9,False,0,-50.0,0,3,1,,-2.598060975426111,2.037621039635e-16,-47.40193902457389,0,0.0,0.0,0,-2.9238833280938397,-2.7128303050994873,0.21105302299435236,0,0,0,0,-50.0,1,,-47.40193902457389,0,0.0,0,0,1,0.0,0.0
430,14,10,False,0,-50.0,0,1,1,,-2.598060975426111,2.037621039635e-16,-47.40193902457389,0,0.0,0.0,0,-2.9464085085348244,-2.708022117614746,0.2383863909200783,0,0,0,0,-50.0,1,,-47.40193902457389,0,0.0,0,0,1,0.0,0.0
431,14,11,False,0,-50.0,0,0,0,,-2.2462351032322823,0.12468683352152612,-47.75376489676772,0,0.0,0.0,0,-2.8727276220644344,-2.849541425704956,0.023186196359478384,0,0,0,0,-50.0,0,,-47.75376489676772,0,0.0,0,0,1,0.0,0.0
432,14,12,True,1,-1.1103814474617513,3,3,0,0.7745966692414834,-1.8043305851137195,0.16217561315266377,0.6939491376519682,0,0.0,0.0,0,-2.8459539598336896,-2.760188579559326,0.08576538027436342,12,12,12,3,-2.855829819459507,0,0.7745966692414834,-1.0514992343457874,0,0.0,0,0,1,0.0,0.0
433,14,13,True,2,-1.091294392052832,1,1,0,0.9486832980505139,-1.8600689928699228,0.19681542866768104,0.7687746008170908,0,0.0,0.0,0,-2.840303134111913,-2.7980902194976807,0.04221291461423249,170,170,170,3,-1.580088717877435,1,0.7378647873726218,0.2799802749924878,1,0.2799802749924878,0,0,0,0.0,0.0
434,14,14,True,3,-1.1290905413774248,2,1,1,0.39999999999999997,-2.0724150806866337,0.1584057677562257,0.9433245393092089,1,0.9433245393092089,0.31173712529610303,1,-2.8577730707263136,-2.9216413497924805,0.06386827906616688,2,295,2,1,-1.5613349681264226,0,1.0,0.5110801125602111,0,0.0,0,0,0,0.0,0.0
435,14,15,True,2,-1.1503058430058426,2,1,1,0.7378647873726218,-2.5225384013392684,0.040414258688962666,1.3722325583334258,1,1.3722325583334258,0.45347684189985876,1,-2.866843133053212,-2.7859511375427246,0.0808919955104872,49,128,49,1,-1.575575560203841,0,0.9486832980505139,0.9469628411354274,0,0.0,0,0,0,0.0,0.0
436,14,16,True,2,-0.11268576207476975,3,3,0,0.9486832980505139,-0.2242635784895121,0.12579802373694365,0.11157781641474233,0,0.0,0.0,0,-1.281880779571441,-2.416471004486084,1.134590224914643,116,116,116,3,-0.22905853145647806,0,0.9486832980505139,-0.004794952966965971,0,0.0,0,0,1,0.0,0.0
437,14,17,True,2,-0.07954158994712489,1,1,0,0.9486832980505139,-0.07002263141259737,0.015241823813189673,-0.009518958534527514,0,0.0,0.0,0,-1.1440344190368044,-2.3976776599884033,1.253643240951599,240,240,240,1,-0.19794597468155367,0,0.9486832980505139,-0.1279233432689563,0,0.0,0,0,1,0.0,0.0
438,14,18,True,2,0.01607157595321568,1,1,0,0.9486832980505139,-0.12922494020814113,0.13100499791300724,0.1452965161613568,0,0.0,0.0,0,-0.8092777745422234,-1.7665762901306152,0.9572985155883919,162,162,162,1,-0.13718452066397888,0,0.9486832980505139,-0.00795958045583775,0,0.0,0,0,1,0.0,0.0
439,14,19,True,4,0.009546269332556761,3,2,1,0.7378647873726218,-0.15037537969392467,0.12974926670608455,0.15992164902648143,1,0.15992164902648143,0.05284874193629596,0,-0.9398787300178773,-1.8986190557479858,0.9587403257301086,300,204,204,2,-0.16889421661070617,0,0.316227766016838,-0.018518836916781495,0,0.0,0,0,0,0.0,0.0
440,14,20,True,4,0.041768987874874854,3,2,1,0.0,-0.17840729951541207,0.12857319637809034,0.2201762873902869,1,0.2201762873902869,0.07276087924064738,0,-1.0008277465343283,-1.7542309761047363,0.7534032295704081,88,472,88,3,-0.1982718420378816,1,0.6000000000000001,-0.019864542522469525,0,0.0,0,0,1,0.0,0.0
441,14,21,True,2,0.07550950295814095,3,1,1,0.7378647873726218,-1.623330769136842,0.2105076002303541,1.698840272094983,1,1.698840272094983,0.5614097383154649,1,-1.0681734852074956,-1.50189208984375,0.43371860463625445,2,115,2,1,-0.16758358353831757,0,0.9486832980505139,1.4557471855985245,0,0.0,0,0,0,0.0,0.0
442,14,22,True,1,0.10657525483594818,1,1,0,0.7745966692414834,0.056196092704780896,0.04356057311169663,0.050379162131167284,0,0.0,0.0,0,-0.46607685244890557,-1.0995864868164062,0.6335096343675006,4,4,4,1,-1.3429179695038127,0,0.7745966692414834,-1.3991140622085936,0,0.0,0,0,1,0.0,0.0
443,14,23,False,0,-50.0,0,2,1,,0.053217437177654134,0.01574799165374341,-50.05321743717765,0,0.0,0.0,0,-0.5375989510741707,-0.8678942322731018,0.33029528119893115,0,0,0,0,-50.0,1,,-50.05321743717765,0,0.0,0,0,1,0.0,0.0
444,14,24,False,0,-50.0,0,2,1,,0.022670163799719062,0.015438875232007992,-50.02267016379972,0,0.0,0.0,0,-0.6995297976955606,-1.1958262920379639,0.4962964943424033,0,0,0,0,-50.0,1,,-50.02267016379972,0,0.0,0,0,1,0.0,0.0
445,14,25,False,0,-50.0,0,1,1,,-0.3270866339147199,0.1743980085742009,-49.67291336608528,0,0.0,0.0,0,-0.8187965657083012,-1.413275957107544,0.5944793913992428,0,0,0,0,-50.0,1,,-49.67291336608528,0,0.0,0,0,1,0.0,0.0
446,14,26,False,0,-50.0,0,2,1,,-0.09920540043549737,0.016225860614721005,-49.900794599564506,0,0.0,0.0,0,-0.8556919216273057,-1.0398943424224854,0.18420242079517968,0,0,0,0,-50.0,1,,-49.900794599564506,0,0.0,0,0,1,0.0,0.0
447,14,27,False,0,-50.0,0,1,1,,-2.557677039521001,0.04038393590511,-47.442322960479,0,0.0,0.0,0,-0.8282538576595226,-0.8078933358192444,0.020360521840278256,0,0,0,0,-50.0,1,,-47.442322960479,0,0.0,0,0,1,0.0,0.0
448,14,28,False,0,-50.0,0,0,0,,-2.598060975426111,2.037621039635e-16,-47.40193902457389,0,0.0,0.0,0,-1.5056014730928118,-1.0211644172668457,0.4844370558259661,0,0,0,0,-50.0,0,,-47.40193902457389,0,0.0,0,0,1,0.0,0.0
449,14,29,False,0,-50.0,0,2,1,,-2.598060975426111,2.037621039635e-16,-47.40193902457389,0,0.0,0.0,0,-1.3996506719744468,-0.7592867016792297,0.6403639702952171,0,0,0,0,-50.0,1,,-47.40193902457389,0,0.0,0,0,1,0.0,0.0
450,15,0,False,0,-50.0,0,3,1,,-2.598060975426111,2.037621039635e-16,-47.40193902457389,0,0.0,0.0,0,-2.6857492973044774,-2.456042766571045,0.2297065307334325,0,0,0,0,-50.0,1,,-47.40193902457389,0,0.0,0,0,1,0.0,0.0
451,15,1,False,0,-50.0,0,1,1,,-2.598060975426111,2.037621039635e-16,-47.40193902457389,0,0.0,0.0,0,-2.722550521221932,-2.599626302719116,0.12292421850281565,0,0,0,0,-50.0,1,,-47.40193902457389,0,0.0,0,0,1,0.0,0.0
452,15,2,False,0,-50.0,0,3,1,,-2.4723572034070216,0.08802804814566045,-47.52764279659298,0,0.0,0.0,0,-2.303807843797578,-2.3577358722686768,0.05392802847109879,0,0,0,0,-50.0,1,,-47.52764279659298,0,0.0,0,0,1,0.0,0.0
453,15,3,False,0,-50.0,0,3,1,,-2.598060975426111,2.037621039635e-16,-47.40193902457389,0,0.0,0.0,0,-2.302518079343053,-2.4305496215820312,0.12803154223897817,0,0,0,0,-50.0,1,,-47.40193902457389,0,0.0,0,0,1,0.0,0.0
454,15,4,False,0,-50.0,0,3,1,,-2.598060975426111,2.037621039635e-16,-47.40193902457389,0,0.0,0.0,0,-2.284611966086663,-2.3727853298187256,0.08817336373206253,0,0,0,0,-50.0,1,,-47.40193902457389,0,0.0,0,0,1,0.0,0.0
455,15,5,False,0,-50.0,0,1,1,,-2.5230589216648056,0.07500205376130556,-47.476941078335194,0,0.0,0.0,0,-2.276244017651666,-2.4768898487091064,0.20064583105744038,0,0,0,0,-50.0,1,,-47.476941078335194,0,0.0,0,0,1,0.0,0.0
456,15,6,False,0,-50.0,0,3,1,,-2.11064158827406,0.12992360534379896,-47.88935841172594,0,0.0,0.0,0,-2.5605251345899154,-2.632359743118286,0.07183460852837076,0,0,0,0,-50.0,1,,-47.88935841172594,0,0.0,0,0,1,0.0,0.0
457,15,7,False,0,-50.0,0,1,1,,-2.1850002467320593,0.12177102683359463,-47.81499975326794,0,0.0,0.0,0,-2.7773648328495493,-2.60859751701355,0.16876731583599947,0,0,0,0,-50.0,1,,-47.81499975326794,0,0.0,0,0,1,0.0,0.0
458,15,8,True,2,-1.5240574227084305,3,3,0,0.9486832980505139,-2.142135363324563,0.12166270088713713,0.6180779406161325,0,0.0,0.0,0,-2.8269855700344233,-2.620699405670166,0.20628616436425729,4,4,4,0,-5.6359384443879135,1,0.7378647873726218,-3.4938030810633505,0,0.0,0,0,0,0.0,0.0
459,15,9,True,2,-1.5041794091025538,1,1,0,0.9486832980505139,-2.1850002467320593,0.12177102683359463,0.6808208376295055,0,0.0,0.0,0,-2.824378014398873,-2.6354289054870605,0.1889491089118125,2,2,2,2,-6.754882916255042,1,0.7378647873726218,-4.569882669522983,0,0.0,0,0,0,0.0,0.0
460,15,10,False,0,-50.0,0,3,1,,-2.598060975426111,2.037621039635e-16,-47.40193902457389,0,0.0,0.0,0,-2.9497616327801066,-2.8863983154296875,0.06336331735041911,0,0,0,0,-50.0,1,,-47.40193902457389,0,0.0,0,0,1,0.0,0.0
461,15,11,True,2,-2.9999989435144365,1,1,0,0.0,-2.598060975426111,2.037621039635e-16,-0.4019379680883257,0,0.0,0.0,0,-2.950920043117626,-2.9016988277435303,0.04922121537409563,5,5,5,1,-28.541594373517302,0,0.316227766016838,-25.94353339809119,0,0.0,0,0,1,0.0,0.0
462,15,12,True,2,-1.1362132186611735,3,3,0,0.9486832980505139,-1.8600689928699228,0.19681542866768104,0.7238557742087492,0,0.0,0.0,0,-2.8590298663498417,-2.934497594833374,0.07546772848353234,99,99,99,3,-1.5773422056048254,0,0.9486832980505139,0.28272678726509737,0,0.0,0,0,1,0.0,0.0
463,15,13,True,4,-1.114348438983453,0,0,0,0.39999999999999997,-1.8043305851137195,0.16217561315266377,0.6899821461302664,0,0.0,0.0,0,-2.8496705040720984,-2.7640464305877686,0.08562407348432988,300,300,300,3,-1.56137980224452,1,-0.39999999999999997,0.24295078286919947,1,0.24295078286919947,0,0,0,0.0,0.0
464,15,14,True,4,-1.1348089691614593,2,1,1,-0.19999999999999998,-2.1323676398251186,0.16663981769648442,0.9975586706636592,1,0.9975586706636592,0.3296596869351211,1,-2.8558899657114774,-2.7699902057647705,0.08589975994670684,255,808,255,1,-1.5447329912997891,0,0.19999999999999998,0.5876346485253294,0,0.0,0,0,0,0.0,0.0
465,15,15,True,4,-1.1698975518320762,0,1,1,-0.19999999999999998,-2.5582498678275853,0.022531255408930133,1.3883523159955091,1,1.3883523159955091,0.4588038812215831,1,-2.867861353637261,-2.863480806350708,0.004380547286552794,121,1057,121,1,-1.560405710633494,0,0.316227766016838,0.9978441571940913,0,0.0,0,0,0,0.0,0.0
466,15,16,True,2,-0.012571234196139864,1,1,0,0.9486832980505139,-0.15030287433714723,0.12983435660264064,0.13773164014100736,0,0.0,0.0,0,-0.9366836059243491,-2.234649181365967,1.2979655754416177,49,49,49,1,-0.13471514381308147,0,0.9486832980505139,0.015587730524065757,0,0.0,0,0,1,0.0,0.0
467,15,17,True,2,-0.047334669389189024,2,2,0,0.9486832980505139,-0.16973492500578408,0.12875605724712944,0.12240025561659505,0,0.0,0.0,0,-1.088258275583506,-2.491022825241089,1.402764549657583,103,103,103,2,-0.1665066342137799,0,0.9486832980505139,0.0032282907920041792,0,0.0,0,0,1,0.0,0.0
468,15,18,True,3,0.048712963902661145,1,1,0,1.0,0.04134847235540304,0.01908111223496933,0.007364491547258108,0,0.0,0.0,0,-0.7339184934362397,-1.852276086807251,1.1183575933710113,165,165,165,1,-0.10506552555828218,0,1.0,-0.1464139979136852,0,0.0,0,0,1,0.0,0.0
469,15,19,False,0,-50.0,0,1,1,,-0.04205957628873505,0.1355053875569987,-49.957940423711264,0,0.0,0.0,0,-0.6135695811243563,-1.4756574630737305,0.8620878819493741,0,0,0,0,-50.0,1,,-49.957940423711264,0,0.0,0,0,1,0.0,0.0
470,15,20,True,2,0.04796887837875893,1,1,0,0.9486832980505139,-0.011050445666737902,0.06088711174611925,0.059019324045496833,0,0.0,0.0,0,-0.8529984770484054,-1.3775510787963867,0.5245526017479814,99,99,99,1,-0.0698499310087312,0,0.9486832980505139,-0.0587994853419933,0,0.0,0,0,1,0.0,0.0
471,15,21,True,3,0.0447544085991118,0,1,1,0.19999999999999998,-1.762074660673737,0.1653970538955149,1.8068290692728488,1,1.8068290692728488,0.5970964143146538,1,-1.0707442432611654,-1.7720324993133545,0.7012882560521891,2,329,2,2,-0.10405835873337405,1,0.7999999999999999,1.6580163019403629,1,1.6580163019403629,1,0,0,0.0,0.0
472,15,22,True,1,0.1379548021872686,3,3,0,0.7745966692414834,-0.14641865211880628,0.1880848846989453,0.28437345430607486,0,0.0,0.0,0,-0.4173717326264173,-0.591693103313446,0.17432137068702874,6,6,6,3,-0.04153213875623243,0,0.7745966692414834,0.10488651336257385,0,0.0,0,0,1,0.0,0.0
473,15,23,True,2,0.16965131466334984,1,1,0,0.9486832980505139,-0.10854038945544382,0.19091951015338238,0.2781917041187937,0,0.0,0.0,0,-0.34450104842090085,-0.33343586325645447,0.011065185164446378,4,4,4,1,0.025946952615255738,0,0.9486832980505139,0.13448734207069957,0,0.0,0,0,1,0.0,0.0
474,15,24,False,0,-50.0,0,0,0,,-0.013434363387029464,0.016466136614906434,-49.98656563661297,0,0.0,0.0,0,-0.7475021126993255,-1.2177410125732422,0.47023889987391665,0,0,0,0,-50.0,0,,-49.98656563661297,0,0.0,0,0,1,0.0,0.0
475,15,25,False,0,-50.0,0,2,1,,-0.1725761037390325,0.12876076291274688,-49.82742389626097,0,0.0,0.0,0,-0.7907089513355208,-1.5310090780258179,0.7403001266902971,0,0,0,0,-50.0,1,,-49.82742389626097,0,0.0,0,0,1,0.0,0.0
476,15,26,False,0,-50.0,0,1,1,,-2.557677039521001,0.04038393590511,-47.442322960479,0,0.0,0.0,0,-0.7679969046783741,-0.7839480042457581,0.015951099567383942,0,0,0,0,-50.0,1,,-47.442322960479,0,0.0,0,0,1,0.0,0.0
477,15,27,False,0,-50.0,0,2,1,,-2.557677039521001,0.04038393590511,-47.442322960479,0,0.0,0.0,0,-0.7992236375963804,-0.7586840987205505,0.04053953887582984,0,0,0,0,-50.0,1,,-47.442322960479,0,0.0,0,0,1,0.0,0.0
478,15,28,False,0,-50.0,0,2,1,,-2.557677039521001,0.04038393590511,-47.442322960479,0,0.0,0.0,0,-0.8523344678579725,-0.8294298052787781,0.022904662579194435,0,0,0,0,-50.0,1,,-47.442322960479,0,0.0,0,0,1,0.0,0.0
479,15,29,False,0,-50.0,0,2,1,,-2.557677039521001,0.04038393590511,-47.442322960479,0,0.0,0.0,0,-1.3018157906932497,-0.6578888297080994,0.6439269609851503,0,0,0,0,-50.0,1,,-47.442322960479,0,0.0,0,0,1,0.0,0.0
480,16,0,False,0,-50.0,0,3,1,,-2.598060975426111,2.037621039635e-16,-47.40193902457389,0,0.0,0.0,0,-2.7057767254397413,-2.175616502761841,0.5301602226779005,0,0,0,0,-50.0,1,,-47.40193902457389,0,0.0,0,0,1,0.0,0.0
481,16,1,False,0,-50.0,0,0,0,,-2.598060975426111,2.037621039635e-16,-47.40193902457389,0,0.0,0.0,0,-2.724596214864406,-2.502232313156128,0.2223639017082779,0,0,0,0,-50.0,0,,-47.40193902457389,0,0.0,0,0,1,0.0,0.0
482,16,2,False,0,-50.0,0,3,1,,-2.598060975426111,2.037621039635e-16,-47.40193902457389,0,0.0,0.0,0,-2.0299434829240703,-2.3541855812072754,0.32424209828320505,0,0,0,0,-50.0,1,,-47.40193902457389,0,0.0,0,0,1,0.0,0.0
483,16,3,False,0,-50.0,0,1,1,,-2.598060975426111,2.037621039635e-16,-47.40193902457389,0,0.0,0.0,0,-2.0115616645875747,-2.3559281826019287,0.34436651801435403,0,0,0,0,-50.0,1,,-47.40193902457389,0,0.0,0,0,1,0.0,0.0
484,16,4,False,0,-50.0,0,1,1,,-2.598060975426111,2.037621039635e-16,-47.40193902457389,0,0.0,0.0,0,-2.008932416780774,-2.4240753650665283,0.41514294828575427,0,0,0,0,-50.0,1,,-47.40193902457389,0,0.0,0,0,1,0.0,0.0
485,16,5,False,0,-50.0,0,1,1,,-2.598060975426111,2.037621039635e-16,-47.40193902457389,0,0.0,0.0,0,-2.022621597585626,-2.606978178024292,0.5843565804386661,0,0,0,0,-50.0,1,,-47.40193902457389,0,0.0,0,0,1,0.0,0.0
487,16,7,False,0,-50.0,0,3,1,,-2.142135363324563,0.12166270088713713,-47.85786463667544,0,0.0,0.0,0,-2.8105489484143735,-2.4958884716033936,0.31466047681097997,0,0,0,0,-50.0,1,,-47.85786463667544,0,0.0,0,0,1,0.0,0.0
488,16,8,False,0,-50.0,0,3,1,,-2.201128686128559,0.1234582539077346,-47.798871313871444,0,0.0,0.0,0,-2.814052053065086,-2.5007107257843018,0.3133413272807841,0,0,0,0,-50.0,1,,-47.798871313871444,0,0.0,0,0,1,0.0,0.0
489,16,9,True,1,-1.4890701108819253,1,1,0,0.7745966692414834,-2.1582638027210628,0.12364604032210846,0.6691936918391375,0,0.0,0.0,0,-2.8121218362490583,-2.5964434146881104,0.21567842156094796,2,2,2,1,-6.427835832551935,0,0.7745966692414834,-4.269572029830872,0,0.0,0,0,1,0.0,0.0
490,16,10,True,1,-2.9999989435144365,3,3,0,0.7745966692414834,-2.598060975426111,2.037621039635e-16,-0.4019379680883257,0,0.0,0.0,0,-2.94484899066303,-3.014685869216919,0.06983687855388876,1,1,1,3,-27.30018524796047,0,0.7745966692414834,-24.70212427253436,0,0.0,0,0,1,0.0,0.0
491,16,11,True,1,-2.9999989435144365,0,0,0,0.7745966692414834,-2.598060975426111,2.037621039635e-16,-0.4019379680883257,0,0.0,0.0,0,-2.9505999236954374,-2.9554808139801025,0.004880890284665096,4,4,4,0,-28.240551954166744,0,0.7745966692414834,-25.642490978740632,0,0.0,0,0,1,0.0,0.0
492,16,12,True,4,-1.1567578879195528,0,1,1,-0.316227766016838,-2.2135584975122216,0.13542328668508866,1.0568006095926687,1,1.0568006095926687,0.3492371610377461,1,-2.87681582688507,-2.8298239707946777,0.04699185609039214,32,172,32,0,-1.5931398998774844,1,-0.316227766016838,0.6204185976347372,1,0.6204185976347372,1,1,1,0.6204185976347372,0.206471794013625
493,16,13,True,2,-1.1760411044338868,3,1,1,0.7378647873726218,-1.4523318484822219,0.20070701815985287,0.2762907440483351,1,0.2762907440483351,0.09130482533468486,0,-2.828795400513641,-2.7353196144104004,0.09347578610324048,184,67,67,1,-1.5109727572678024,0,0.9486832980505139,-0.05864090878558059,0,0.0,0,0,0,0.0,0.0
494,16,14,True,4,-1.1553760976404843,0,0,0,0.39999999999999997,-2.1770232084361796,0.13706106121180936,1.0216471107956953,0,0.0,0.0,0,-2.855638145735998,-2.837672710418701,0.017965435317296663,676,676,676,2,-1.5279428437875389,1,-0.7999999999999999,0.6490803646486407,1,0.6490803646486407,1,0,0,0.0,0.0
495,16,15,True,2,-1.1753157904584595,2,0,1,0.7378647873726218,-2.5225384013392684,0.040414258688962666,1.347222610880809,1,1.347222610880809,0.44521189299012853,1,-2.86631220020491,-2.9084057807922363,0.04209358058732615,327,1073,327,2,-1.5442753293388927,1,0.7378647873726218,0.9782630720003758,1,0.9782630720003758,1,1,1,0.9782630720003758,0.32556040754296134
496,16,16,True,2,0.018957719154616654,3,3,0,0.9486832980505139,-0.11889589701054996,0.1312625290819441,0.13785361616516661,0,0.0,0.0,0,-0.7827521857812638,-2.158836603164673,1.376084417383409,57,57,57,1,-0.10256697242428928,1,0.7378647873726218,0.016328924586260687,1,0.016328924586260687,0,0,0,0.0,0.0
497,16,17,True,3,0.05217080977680569,3,1,1,0.7999999999999999,0.04879511307421598,0.017418475417860204,0.003375696702589706,1,0.003375696702589706,0.0011155545542231567,0,-0.7546030984213831,-2.0733680725097656,1.3187649740883827,3,98,3,1,-0.07095492084203038,0,1.0,-0.11975003391624636,0,0.0,0,0,0,0.0,0.0
498,16,18,True,2,0.08300081727904388,1,1,0,0.9486832980505139,-0.04497414369995956,0.13556923724937342,0.12797496097900343,0,0.0,0.0,0,-0.7047577545038606,-1.699852466583252,0.9950947120793914,205,205,205,1,-0.07258472853585993,0,0.9486832980505139,-0.02761058483590037,0,0.0,0,0,1,0.0,0.0
499,16,19,True,1,0.12074745687592989,1,1,0,0.7745966692414834,-0.14646595472060117,0.1880399869128363,0.26721341159653106,0,0.0,0.0,0,-0.5866579080902327,-1.2377519607543945,0.6510940526641619,5,5,5,1,-1.3398844113299253,0,0.7745966692414834,-1.1934184566093242,0,0.0,0,0,1,0.0,0.0
500,16,20,True,3,0.08116885393183315,1,1,0,1.0,-0.04812813077211002,0.13535307936148758,0.12929698470394319,0,0.0,0.0,0,-0.7654645972188449,-1.365360975265503,0.5998963780466581,128,128,128,1,-0.036928108157409774,0,1.0,0.011200022614700246,0,0.0,0,0,1,0.0,0.0
501,16,21,True,3,0.011784200298571476,0,0,0,0.7999999999999999,-1.7089894063140705,0.1835978606191592,1.720773606612642,0,0.0,0.0,0,-1.1249625563637302,-1.6363332271575928,0.5113706707938626,321,321,321,0,-0.13616752892541736,0,0.7999999999999999,1.572821877388653,0,0.0,0,0,1,0.0,0.0
502,16,22,True,1,-0.019610950597725003,2,2,0,0.7745966692414834,-1.7905498171980063,0.1525526140632414,1.7709388666002812,0,0.0,0.0,0,-1.1453353560056057,-1.768799901008606,0.6234645450030003,292,292,292,2,-0.1671027973140167,0,0.7745966692414834,1.6234470198839897,0,0.0,0,0,1,0.0,0.0
503,16,23,True,1,0.2016679939321188,3,3,0,0.7745966692414834,0.19916456665712653,0.015144814399998973,0.0025034272749922537,0,0.0,0.0,0,-0.28184287567625765,-0.5458455681800842,0.2640026925038266,4,4,4,3,0.06081408560744453,0,0.7745966692414834,-0.138350481049682,0,0.0,0,0,1,0.0,0.0
504,16,24,True,2,0.23400807400158236,1,1,0,0.632455532033676,0.23002025493417017,0.01697276352366315,0.0039878190674121905,0,0.0,0.0,0,-0.20435010775818888,-0.3554643988609314,0.15111429110274252,4,4,4,1,0.09518056379213588,0,0.632455532033676,-0.13483969114203428,0,0.0,0,0,1,0.0,0.0
505,16,25,True,1,0.2016679939321188,1,1,0,0.7745966692414834,0.06995155986530195,0.1409382015053923,0.13171643406681682,0,0.0,0.0,0,-0.24532887357323296,-0.428913414478302,0.18358454090506904,1,1,1,1,0.06347900471403183,0,0.7745966692414834,-0.006472555151270126,0,0.0,0,0,1,0.0,0.0
506,16,26,False,0,-50.0,0,3,1,,-2.557677039521001,0.04038393590511,-47.442322960479,0,0.0,0.0,0,-0.7398235199153702,-0.8267130255699158,0.08688950565454556,0,0,0,0,-50.0,1,,-47.442322960479,0,0.0,0,0,1,0.0,0.0
507,16,27,False,0,-50.0,0,1,1,,-2.557677039521001,0.04038393590511,-47.442322960479,0,0.0,0.0,0,-0.6610176436698665,-0.5853311419487,0.07568650172116653,0,0,0,0,-50.0,1,,-47.442322960479,0,0.0,0,0,1,0.0,0.0
508,16,28,False,0,-50.0,0,1,1,,-2.598060975426111,2.037621039635e-16,-47.40193902457389,0,0.0,0.0,0,-1.305898083453856,-1.1025969982147217,0.20330108523913437,0,0,0,0,-50.0,1,,-47.40193902457389,0,0.0,0,0,1,0.0,0.0
509,16,29,False,0,-50.0,0,2,1,,-2.598060975426111,2.037621039635e-16,-47.40193902457389,0,0.0,0.0,0,-1.5421293976490051,-0.7109857201576233,0.8311436774913818,0,0,0,0,-50.0,1,,-47.40193902457389,0,0.0,0,0,1,0.0,0.0
510,17,0,False,0,-50.0,0,3,1,,-2.4546286836923437,0.09871914318321012,-47.54537131630766,0,0.0,0.0,0,-2.0942221365683085,-2.2040646076202393,0.10984247105193079,0,0,0,0,-50.0,1,,-47.54537131630766,0,0.0,0,0,1,0.0,0.0
511,17,1,False,0,-50.0,0,3,1,,-2.524951391864106,0.07310958356200459,-47.47504860813589,0,0.0,0.0,0,-2.0528481940117302,-2.1218369007110596,0.06898870669932933,0,0,0,0,-50.0,1,,-47.47504860813589,0,0.0,0,0,1,0.0,0.0
512,17,2,False,0,-50.0,0,0,0,,-2.5240099117147055,0.07405106371140557,-47.47599008828529,0,0.0,0.0,0,-2.041320324240619,-2.291991710662842,0.25067138642222275,0,0,0,0,-50.0,0,,-47.47599008828529,0,0.0,0,0,1,0.0,0.0
513,17,3,False,0,-50.0,0,3,1,,-2.598060975426111,2.037621039635e-16,-47.40193902457389,0,0.0,0.0,0,-1.984535447152137,-2.3603720664978027,0.3758366193456657,0,0,0,0,-50.0,1,,-47.40193902457389,0,0.0,0,0,1,0.0,0.0
514,17,4,False,0,-50.0,0,3,1,,-2.598060975426111,2.037621039635e-16,-47.40193902457389,0,0.0,0.0,0,-1.9636600531000232,-2.609189748764038,0.6455296956640149,0,0,0,0,-50.0,1,,-47.40193902457389,0,0.0,0,0,1,0.0,0.0
515,17,5,False,0,-50.0,0,3,1,,-2.519157926654805,0.07890304877130559,-47.480842073345194,0,0.0,0.0,0,-1.9416309133974436,-2.660252332687378,0.7186214192899343,0,0,0,0,-50.0,1,,-47.480842073345194,0,0.0,0,0,1,0.0,0.0
516,17,6,False,0,-50.0,0,1,1,,-2.598060975426111,2.037621039635e-16,-47.40193902457389,0,0.0,0.0,0,-1.8890374726390076,-2.6689159870147705,0.7798785143757629,0,0,0,0,-50.0,1,,-47.40193902457389,0,0.0,0,0,1,0.0,0.0
517,17,7,False,0,-50.0,0,3,1,,-2.216894871618807,0.1250038020891414,-47.783105128381195,0,0.0,0.0,0,-2.8119281394898064,-2.271982431411743,0.5399457080780632,0,0,0,0,-50.0,1,,-47.783105128381195,0,0.0,0,0,1,0.0,0.0
518,17,8,True,1,-1.4583921153110135,1,1,0,0.7745966692414834,-2.1579015488148108,0.12362737599079777,0.6995094335037972,0,0.0,0.0,0,-2.809873881866661,-2.446254014968872,0.363619866897789,2,2,2,1,-5.336959854023376,0,0.7745966692414834,-3.179058305208565,0,0.0,0,0,1,0.0,0.0
519,17,9,True,1,-1.473808193487351,2,1,1,0.2581988897471611,-2.151487854577378,0.1203916194034939,0.6776796610900271,1,0.6776796610900271,0.22395040160255492,1,-2.8081774946187643,-2.5256459712982178,0.28253152332054654,2,0,0,2,-5.278802668418205,1,0.2581988897471611,-3.127314813840827,0,0.0,0,0,1,0.0,0.0
520,17,10,True,2,-1.2176256885069754,3,3,0,0.9486832980505139,-2.365161152511488,0.10388401871271652,1.1475354640045126,0,0.0,0.0,0,-2.907581817215032,-2.9586756229400635,0.051093805725031416,2,2,2,3,-2.3248737841709346,0,0.9486832980505139,0.04028736834055335,0,0.0,0,0,1,0.0,0.0
521,17,11,True,2,-1.199621908260129,3,3,0,0.632455532033676,-2.2135584975122216,0.13542328668508866,1.0139365892520926,0,0.0,0.0,0,-2.8818191448556485,-2.961899757385254,0.08008061252960541,22,22,22,3,-1.642492980581438,0,0.632455532033676,0.5710655169307837,0,0.0,0,0,1,0.0,0.0
522,17,12,True,2,-1.176669720577015,0,0,0,0.9486832980505139,-2.365161152511488,0.10388401871271652,1.188491431934473,0,0.0,0.0,0,-2.878817442636677,-2.909484624862671,0.030667182225994072,166,166,166,0,-1.609226264684058,0,0.9486832980505139,0.7559348878274299,0,0.0,0,0,1,0.0,0.0
523,17,13,True,2,-1.2016416201268534,0,3,1,0.7378647873726218,-1.3401254398865479,0.1865284850593388,0.13848381975969448,1,0.13848381975969448,0.045764258293889366,0,-2.758396820908364,-2.691683530807495,0.06671329010086868,14,54,14,3,-1.4942539125299534,0,0.9486832980505139,-0.15412847264340557,0,0.0,0,0,0,0.0,0.0
524,17,14,True,2,-1.2545345116803213,2,3,1,0.7378647873726218,-1.2385849449898234,0.21024328544098336,-0.01594956669049785,0,0.0,0.0,0,-2.7398698465717173,-2.6717259883880615,0.06814385818365576,3,67,3,3,-1.4773592881434265,0,0.9486832980505139,-0.23877434315360313,0,0.0,0,0,0,0.0,0.0
525,17,15,True,2,-1.2732225782891484,2,1,1,0.7378647873726218,-1.226563490528942,0.18800254552707055,-0.04665908776020644,0,0.0,0.0,0,-2.7357611091205496,-2.6256368160247803,0.11012429309576932,15,56,15,1,-1.460275423472794,0,0.9486832980505139,-0.23371193294385195,0,0.0,0,0,0,0.0,0.0
526,17,16,True,1,0.03943364056112794,3,3,0,0.7745966692414834,0.04879511307421598,0.017418475417860204,-0.00936147251308804,0,0.0,0.0,0,-0.762737216473077,-2.1571242809295654,1.3943870644564884,14,14,14,3,-0.07091248239866134,0,0.7745966692414834,-0.11970759547287732,0,0.0,0,0,1,0.0,0.0
527,17,17,True,2,0.08446312162004437,3,1,1,0.7378647873726218,-0.041908443229681916,0.13568313567290124,0.12637156484972628,1,0.12637156484972628,0.04176156423776726,0,-0.7312185078158151,-2.1464951038360596,1.4152765960202445,62,153,62,1,-0.03807128796333764,0,0.9486832980505139,0.003837155266344275,0,0.0,0,0,0,0.0,0.0
528,17,18,True,4,0.11794655038777704,3,3,0,0.19999999999999998,-0.14937778194883372,0.18800785140868517,0.2673243323366108,0,0.0,0.0,0,-0.6663547876598174,-1.443863868713379,0.7775090810535615,133,133,133,3,-0.0397835112816704,0,0.39999999999999997,0.10959427066716332,0,0.0,0,0,1,0.0,0.0
529,17,19,True,2,0.15227015778320974,1,1,0,0.9486832980505139,-0.12274925344851106,0.1899029067406931,0.2750194112317208,0,0.0,0.0,0,-0.5582109049173222,-1.0286122560501099,0.4704013511327877,124,124,124,1,-0.006617671819922382,0,0.9486832980505139,0.11613158162858868,0,0.0,0,0,1,0.0,0.0
530,17,20,True,2,0.1154920177633444,3,3,0,0.9486832980505139,-0.2756783297635511,0.22426066582021886,0.3911703475268955,0,0.0,0.0,0,-0.7356699889854608,-0.9627475142478943,0.22707752526243352,97,97,97,3,-0.003681551745729608,0,0.9486832980505139,0.2719967780178215,0,0.0,0,0,1,0.0,0.0
531,17,21,True,3,0.15094732350351536,1,1,0,1.0,-0.25975602548379684,0.2258880414722014,0.4107033489873122,0,0.0,0.0,0,-0.6922719924294278,-0.7247318625450134,0.0324598701155856,134,134,134,1,0.029936834007731256,0,1.0,0.2896928594915281,0,0.0,0,0,1,0.0,0.0
532,17,22,True,2,0.11936912611429819,1,1,0,0.9486832980505139,-0.14333800811282887,0.18826675567832385,0.26270713422712705,0,0.0,0.0,0,-0.7389577278405826,-0.8498685359954834,0.11091080815490084,72,72,72,1,-0.0010970775967966402,0,0.9486832980505139,0.14224093051603223,0,0.0,0,0,1,0.0,0.0
533,17,23,True,2,0.2996715362383261,1,1,0,0.9486832980505139,0.31021303301098163,0.013794934795867067,-0.010541496772655534,0,0.0,0.0,0,-0.0983812461651671,-0.5225427150726318,0.42416146890746476,6,6,6,1,0.16685291589295728,0,0.9486832980505139,-0.14336011711802435,0,0.0,0,0,1,0.0,0.0
534,17,24,True,2,0.2666748215464951,2,2,0,0.632455532033676,0.13352912728531136,0.14430308475160147,0.13314569426118372,0,0.0,0.0,0,-0.1698203825934636,-0.3791085481643677,0.20928816557090407,5,5,5,2,0.13076559197687573,0,0.632455532033676,-0.002763535308435622,0,0.0,0,0,1,0.0,0.0
535,17,25,True,1,0.23400807400158236,2,2,0,0.7745966692414834,0.23948109115163668,0.013866001141474522,-0.005473017150054327,0,0.0,0.0,0,-0.22181933136503093,-0.48191672563552856,0.2600973942704976,1,1,1,2,0.09607543000473041,0,0.7745966692414834,-0.14340566114690628,0,0.0,0,0,1,0.0,0.0
536,17,26,False,0,-50.0,0,1,1,,-2.557677039521001,0.04038393590511,-47.442322960479,0,0.0,0.0,0,-0.48004910427003533,-0.8335150480270386,0.35346594375700324,0,0,0,0,-50.0,1,,-47.442322960479,0,0.0,0,0,1,0.0,0.0
537,17,27,False,0,-50.0,0,2,1,,-2.557677039521001,0.04038393590511,-47.442322960479,0,0.0,0.0,0,-0.5795564758118026,-0.6944819688796997,0.11492549306789712,0,0,0,0,-50.0,1,,-47.442322960479,0,0.0,0,0,1,0.0,0.0
538,17,28,False,0,-50.0,0,1,1,,-2.598060975426111,2.037621039635e-16,-47.40193902457389,0,0.0,0.0,0,-1.2697592551215116,-0.743103563785553,0.5266556913359586,0,0,0,0,-50.0,1,,-47.40193902457389,0,0.0,0,0,1,0.0,0.0
539,17,29,False,0,-50.0,0,1,1,,-2.598060975426111,2.037621039635e-16,-47.40193902457389,0,0.0,0.0,0,-1.6666709844838634,-0.7629055380821228,0.9037654464017406,0,0,0,0,-50.0,1,,-47.40193902457389,0,0.0,0,0,1,0.0,0.0
540,18,0,False,0,-50.0,0,3,1,,-2.598060975426111,2.037621039635e-16,-47.40193902457389,0,0.0,0.0,0,-2.613088017368577,-2.1768453121185303,0.4362427052500468,0,0,0,0,-50.0,1,,-47.40193902457389,0,0.0,0,0,1,0.0,0.0
541,18,1,False,0,-50.0,0,1,1,,-2.598060975426111,2.037621039635e-16,-47.40193902457389,0,0.0,0.0,0,-2.622790752608898,-2.288296937942505,0.33449381466639316,0,0,0,0,-50.0,1,,-47.40193902457389,0,0.0,0,0,1,0.0,0.0
542,18,2,False,0,-50.0,0,1,1,,-2.598060975426111,2.037621039635e-16,-47.40193902457389,0,0.0,0.0,0,-2.627688041120274,-2.4907162189483643,0.13697182217190962,0,0,0,0,-50.0,1,,-47.40193902457389,0,0.0,0,0,1,0.0,0.0
543,18,3,False,0,-50.0,0,2,1,,-2.598060975426111,2.037621039635e-16,-47.40193902457389,0,0.0,0.0,0,-2.6361102875164524,-2.5735251903533936,0.06258509716305882,0,0,0,0,-50.0,1,,-47.40193902457389,0,0.0,0,0,1,0.0,0.0
544,18,4,False,0,-50.0,0,1,1,,-2.598060975426111,2.037621039635e-16,-47.40193902457389,0,0.0,0.0,0,-2.079967639919715,-2.462135076522827,0.38216743660311225,0,0,0,0,-50.0,1,,-47.40193902457389,0,0.0,0,0,1,0.0,0.0
545,18,5,False,0,-50.0,0,1,1,,-2.598060975426111,2.037621039635e-16,-47.40193902457389,0,0.0,0.0,0,-2.3898072813568776,-2.5233397483825684,0.13353246702569077,0,0,0,0,-50.0,1,,-47.40193902457389,0,0.0,0,0,1,0.0,0.0
546,18,6,False,0,-50.0,0,3,1,,-2.598060975426111,2.037621039635e-16,-47.40193902457389,0,0.0,0.0,0,-2.166350506761339,-2.59738826751709,0.43103776075575073,0,0,0,0,-50.0,1,,-47.40193902457389,0,0.0,0,0,1,0.0,0.0
547,18,7,False,0,-50.0,0,1,1,,-2.598060975426111,2.037621039635e-16,-47.40193902457389,0,0.0,0.0,0,-2.2669389352698985,-2.6214511394500732,0.3545122041801747,0,0,0,0,-50.0,1,,-47.40193902457389,0,0.0,0,0,1,0.0,0.0
548,18,8,True,1,-1.442820319173299,3,3,0,0.7745966692414834,-2.167616293973878,0.12233067691088904,0.724795974800579,0,0.0,0.0,0,-2.807628379776011,-2.3167757987976074,0.49085258097840345,2,2,2,3,-4.156942103841729,0,0.7745966692414834,-1.989325809867851,0,0.0,0,0,1,0.0,0.0
549,18,9,True,1,-1.4270912321655063,3,3,0,0.7745966692414834,-2.108622971169882,0.1196518315944751,0.6815317390043756,0,0.0,0.0,0,-2.8050550977192517,-2.4685370922088623,0.33651800551038935,2,2,2,3,-2.8986819878620036,0,0.7745966692414834,-0.7900590166921218,0,0.0,0,0,1,0.0,0.0
550,18,10,True,1,-1.4112032654909683,3,3,0,0.7745966692414834,-2.167616293973878,0.12233067691088904,0.7564130284829096,0,0.0,0.0,0,-2.7997822730388067,-2.4139037132263184,0.3858785598124883,2,2,2,3,-2.799240977940538,0,0.7745966692414834,-0.6316246839666602,0,0.0,0,0,1,0.0,0.0
551,18,11,True,1,-1.3951548143045662,3,3,0,0.7745966692414834,-2.108622971169882,0.1196518315944751,0.7134681568653156,0,0.0,0.0,0,-2.7974107698381774,-2.4870338439941406,0.31037692584403676,2,2,2,3,-2.794361092364619,0,0.7745966692414834,-0.6857381211947371,0,0.0,0,0,1,0.0,0.0
552,18,12,True,1,-1.3789442575506248,3,3,0,0.7745966692414834,-2.0804596001611357,0.13642586600667114,0.701515342610511,0,0.0,0.0,0,-2.7950956285193467,-2.537752866744995,0.25734276177435156,2,2,2,3,-2.791983624448313,0,0.7745966692414834,-0.7115240242871774,0,0.0,0,0,1,0.0,0.0
553,18,13,True,1,-1.3625699577991688,1,1,0,0.7745966692414834,-2.070174089955862,0.14486434117625444,0.7076041321566933,0,0.0,0.0,0,-2.7927410760781037,-2.710829496383667,0.08191157969443674,2,2,2,1,-2.7896478274661183,0,0.7745966692414834,-0.7194737375102562,0,0.0,0,0,1,0.0,0.0
554,18,14,True,2,-1.3075854476467954,3,1,1,0.7378647873726218,-2.1241154324387437,0.12200859350988624,0.8165299847919483,1,0.8165299847919483,0.26983577715842405,1,-2.786030979205359,-2.7082250118255615,0.07780596737979728,3,28,3,3,-1.4957574969199818,1,0.7378647873726218,0.6283579355187618,1,0.6283579355187618,1,1,1,0.6283579355187618,0.20911396067730068
555,18,15,True,3,-1.2904903518357047,0,1,1,0.39999999999999997,-1.4115599732535942,0.20026860798826301,0.12106962141788946,1,0.12106962141788946,0.04000944973734971,0,-2.7313984763884376,-2.499680995941162,0.23171748044727547,1,62,1,1,-1.4429998882111283,0,0.7999999999999999,-0.031439914957534176,0,0.0,0,0,0,0.0,0.0
556,18,16,True,2,0.08372191631841429,3,3,0,0.9486832980505139,-0.03899387581845742,0.13561587196283015,0.1227157921368717,0,0.0,0.0,0,-1.3947067135606719,-1.8610930442810059,0.466386330720334,25,25,25,3,-0.07194472453914655,0,0.9486832980505139,-0.03295084872068913,0,0.0,0,0,1,0.0,0.0
557,18,17,True,4,0.11757920495766756,3,3,0,0.39999999999999997,-0.2802246881608659,0.22394291586828774,0.3978038931185334,0,0.0,0.0,0,-0.7226412775256886,-1.7596807479858398,1.0370394704601513,97,97,97,3,-0.0039043710935399182,0,0.39999999999999997,0.27632031706732596,0,0.0,0,0,1,0.0,0.0
558,18,18,True,2,0.15700020270607631,3,1,1,0.7378647873726218,-0.3752955604609718,0.24616343691351006,0.5322957631670481,1,0.5322957631670481,0.17590589887389665,1,-0.5371964669578613,-1.3665971755981445,0.8294007086402833,1,96,1,1,0.031575384548688704,0,0.9486832980505139,0.4068709450096605,0,0.0,0,0,0,0.0,0.0
559,18,19,True,2,0.1888890929651758,1,1,0,0.9486832980505139,0.10172076002776442,0.09801529606670804,0.08716833293741139,0,0.0,0.0,0,-0.5085088859820104,-1.0007725954055786,0.49226370942356823,105,105,105,1,0.06300070613405154,0,0.9486832980505139,-0.038720053893712886,0,0.0,0,0,1,0.0,0.0
560,18,20,True,3,0.15550807419406154,3,3,0,0.7999999999999999,-0.2565974406348951,0.2261829984206663,0.41210551482895663,0,0.0,0.0,0,-0.6551550736254296,-0.8809977173805237,0.2258426437550941,41,41,41,3,0.03248125819998443,0,0.7999999999999999,0.2890786988348795,0,0.0,0,0,1,0.0,0.0
561,18,21,True,2,0.18989824652066767,1,1,0,0.9486832980505139,0.20068830447846114,0.014206788069373226,-0.010790057957793475,0,0.0,0.0,0,-0.6635895626989463,-0.670533299446106,0.006943736747159646,624,624,624,1,0.06477113671009274,0,0.9486832980505139,-0.1359171677683684,0,0.0,0,0,1,0.0,0.0
562,18,22,True,2,0.15228667310196414,2,2,0,0.9486832980505139,-0.2519303553428721,0.2265631129707682,0.40421702844483626,0,0.0,0.0,0,-0.7249724706189498,-0.7331972122192383,0.008224741600288521,88,88,88,2,0.030812220696209057,0,0.9486832980505139,0.28274257603908115,0,0.0,0,0,1,0.0,0.0
563,18,23,True,2,0.33300155107855944,3,3,0,0.9486832980505139,0.34363216364710786,0.013701114555414767,-0.010630612568548414,0,0.0,0.0,0,-0.04254331542219497,-0.4883357286453247,0.44579241322312974,6,6,6,3,0.2024103173953898,0,0.9486832980505139,-0.14122184625171805,0,0.0,0,0,1,0.0,0.0
564,18,24,True,1,0.3918340772738199,1,1,0,0.7745966692414834,0.389209458888132,0.012584992073766454,0.0026246183856878935,0,0.0,0.0,0,0.009812138076259459,-0.2721574902534485,0.28196962832970796,4,4,4,1,0.2383416838831202,0,0.7745966692414834,-0.15086777500501183,0,0.0,0,0,1,0.0,0.0
565,18,25,False,0,-50.0,0,1,1,,-2.557677039521001,0.04038393590511,-47.442322960479,0,0.0,0.0,0,-0.38343604907691137,-0.6763375401496887,0.29290149107277735,0,0,0,0,-50.0,1,,-47.442322960479,0,0.0,0,0,1,0.0,0.0
566,18,26,False,0,-50.0,0,2,1,,-2.2606936646248195,0.20529719059191476,-47.73930633537518,0,0.0,0.0,0,-0.4370767143276046,-0.49299156665802,0.05591485233041543,0,0,0,0,-50.0,1,,-47.73930633537518,0,0.0,0,0,1,0.0,0.0
567,18,27,False,0,-50.0,0,1,1,,-2.557677039521001,0.04038393590511,-47.442322960479,0,0.0,0.0,0,-0.6204681766314506,-1.0390982627868652,0.41863008615541464,0,0,0,0,-50.0,1,,-47.442322960479,0,0.0,0,0,1,0.0,0.0
568,18,28,False,0,-50.0,0,1,1,,-2.598060975426111,2.037621039635e-16,-47.40193902457389,0,0.0,0.0,0,-1.2555942054086193,-0.6892707347869873,0.566323470621632,0,0,0,0,-50.0,1,,-47.40193902457389,0,0.0,0,0,1,0.0,0.0
569,18,29,False,0,-50.0,0,1,1,,-2.598060975426111,2.037621039635e-16,-47.40193902457389,0,0.0,0.0,0,-1.8745125215393166,-1.19856858253479,0.6759439390045265,0,0,0,0,-50.0,1,,-47.40193902457389,0,0.0,0,0,1,0.0,0.0
570,19,0,False,0,-50.0,0,0,0,,-2.598060975426111,2.037621039635e-16,-47.40193902457389,0,0.0,0.0,0,-2.6172710294446593,-2.0460774898529053,0.571193539591754,0,0,0,0,-50.0,0,,-47.40193902457389,0,0.0,0,0,1,0.0,0.0
571,19,1,False,0,-50.0,0,3,1,,-2.598060975426111,2.037621039635e-16,-47.40193902457389,0,0.0,0.0,0,-2.5683182683354735,-2.3569693565368652,0.21134891179860826,0,0,0,0,-50.0,1,,-47.40193902457389,0,0.0,0,0,1,0.0,0.0
572,19,2,False,0,-50.0,0,0,0,,-2.598060975426111,2.037621039635e-16,-47.40193902457389,0,0.0,0.0,0,-2.5619787858065193,-2.436040163040161,0.12593862276635814,0,0,0,0,-50.0,0,,-47.40193902457389,0,0.0,0,0,1,0.0,0.0
573,19,3,False,0,-50.0,0,1,1,,-2.598060975426111,2.037621039635e-16,-47.40193902457389,0,0.0,0.0,0,-2.3485318696944595,-2.332744836807251,0.015787032887208508,0,0,0,0,-50.0,1,,-47.40193902457389,0,0.0,0,0,1,0.0,0.0
574,19,4,False,0,-50.0,0,1,1,,-2.598060975426111,2.037621039635e-16,-47.40193902457389,0,0.0,0.0,0,-2.157106183566167,-2.444572925567627,0.28746674200146005,0,0,0,0,-50.0,1,,-47.40193902457389,0,0.0,0,0,1,0.0,0.0
575,19,5,False,0,-50.0,0,3,1,,-2.598060975426111,2.037621039635e-16,-47.40193902457389,0,0.0,0.0,0,-2.702866413934791,-2.52897310256958,0.17389331136521102,0,0,0,0,-50.0,1,,-47.40193902457389,0,0.0,0,0,1,0.0,0.0
576,19,6,False,0,-50.0,0,2,1,,-2.598060975426111,2.037621039635e-16,-47.40193902457389,0,0.0,0.0,0,-2.7080075396881194,-2.494473457336426,0.21353408235169358,0,0,0,0,-50.0,1,,-47.40193902457389,0,0.0,0,0,1,0.0,0.0
577,19,7,False,0,-50.0,0,1,1,,-2.598060975426111,2.037621039635e-16,-47.40193902457389,0,0.0,0.0,0,-2.2882473812926833,-2.777628183364868,0.4893808020721848,0,0,0,0,-50.0,1,,-47.40193902457389,0,0.0,0,0,1,0.0,0.0
578,19,8,False,0,-50.0,0,3,1,,-2.1264108240982393,0.1208385210341314,-47.87358917590176,0,0.0,0.0,0,-2.8205983869336784,-2.294525384902954,0.5260730020307243,0,0,0,0,-50.0,1,,-47.87358917590176,0,0.0,0,0,1,0.0,0.0
579,19,9,False,0,-50.0,0,3,1,,-2.1854041469022354,0.1230435794707954,-47.814595853097764,0,0.0,0.0,0,-2.820637652427334,-2.3349242210388184,0.48571343138851564,0,0,0,0,-50.0,1,,-47.814595853097764,0,0.0,0,0,1,0.0,0.0
580,19,10,False,0,-50.0,0,1,1,,-2.0721957573939718,0.14403148834624846,-47.92780424260603,0,0.0,0.0,0,-2.818670095506918,-2.5065152645111084,0.31215483099580954,0,0,0,0,-50.0,1,,-47.92780424260603,0,0.0,0,0,1,0.0,0.0
581,19,11,False,0,-50.0,0,1,1,,-2.1419032853671007,0.12305476862466419,-47.8580967146329,0,0.0,0.0,0,-2.8114366167117213,-2.617675542831421,0.1937610738803004,0,0,0,0,-50.0,1,,-47.8580967146329,0,0.0,0,0,1,0.0,0.0
582,19,12,False,0,-50.0,0,1,1,,-1.5329446542631835,0.1831189862203311,-48.46705534573682,0,0.0,0.0,0,-2.7909228058499176,-2.4747073650360107,0.31621544081390685,0,0,0,0,-50.0,1,,-48.46705534573682,0,0.0,0,0,1,0.0,0.0
583,19,13,True,1,-1.3460302610805264,3,3,0,0.7745966692414834,-2.167616293973878,0.12233067691088904,0.8215860328933515,0,0.0,0.0,0,-2.7910441475605445,-2.68257737159729,0.10846677596325449,7,7,7,3,-2.822257658730513,0,0.7745966692414834,-0.6546413647566349,0,0.0,0,0,1,0.0,0.0
584,19,14,True,2,-1.3265390359912173,0,0,0,0.9486832980505139,-2.070536343862114,0.14489181398544268,0.7439973078708968,0,0.0,0.0,0,-2.789005234590908,-2.57635235786438,0.2126528767265281,28,28,28,0,-1.5461239398822233,0,0.9486832980505139,0.5244124039798908,0,0.0,0,0,1,0.0,0.0
585,19,15,True,2,-1.3068181774756265,3,3,0,0.9486832980505139,-1.2152111684407667,0.18525775880719192,-0.09160700903485974,0,0.0,0.0,0,-2.717634541529592,-2.4042444229125977,0.3133901186169945,59,59,59,3,-1.4241046423130574,0,0.9486832980505139,-0.20889347387229074,0,0.0,0,0,1,0.0,0.0
586,19,16,True,2,-1.2893822441971314,1,1,0,0.9486832980505139,-1.3355128885012564,0.20803452563346345,0.046130644304124946,0,0.0,0.0,0,-2.7115606476989322,-2.5857763290405273,0.1257843186584049,222,222,222,3,-1.4063851654767519,1,0.7378647873726218,-0.07087227697549547,0,0.0,0,0,0,0.0,0.0
587,19,17,True,2,-1.3077266698137282,2,2,0,0.9486832980505139,-1.2425835905794014,0.19117352088680442,-0.06514307923432683,0,0.0,0.0,0,-2.7484280417813243,-2.4936106204986572,0.25481742128266704,44,44,44,2,-1.424055732724239,0,0.9486832980505139,-0.18147214214483753,0,0.0,0,0,1,0.0,0.0
588,19,18,True,2,0.18725786134585937,1,1,0,0.9486832980505139,0.19281469682828195,0.01591924189964049,-0.005556835482422584,0,0.0,0.0,0,-0.5056176792766359,-1.1610044240951538,0.6553867448185179,93,93,93,1,0.0647898001516309,0,0.9486832980505139,-0.12802489667665107,0,0.0,0,0,1,0.0,0.0
589,19,19,True,3,0.22580563996684633,1,1,0,0.7999999999999999,0.10072627371970959,0.1425262370401586,0.12507936624713673,0,0.0,0.0,0,-0.4333541029206187,-0.9804200530052185,0.5470659500845998,208,208,208,1,0.10000446803556096,0,0.7999999999999999,-0.0007218056841486326,0,0.0,0,0,1,0.0,0.0
590,19,20,True,2,0.26309474891753304,1,1,0,0.9486832980505139,0.13685015991940566,0.1445072507335465,0.12624458899812738,0,0.0,0.0,0,-0.5077929518325629,-0.9484065771102905,0.4406136252777276,221,221,221,1,0.13581143745692986,0,0.9486832980505139,-0.0010387224624757996,0,0.0,0,0,1,0.0,0.0
591,19,21,True,2,0.22772021708473816,2,2,0,0.9486832980505139,0.10232953489878768,0.14257889686384312,0.12539068218595048,0,0.0,0.0,0,-0.6244808434885679,-0.7843871712684631,0.15990632777989522,309,309,309,2,0.10097044659101348,0,0.9486832980505139,-0.0013590883077742033,0,0.0,0,0,1,0.0,0.0
592,19,22,False,0,-50.0,0,1,1,,0.3452679775223023,0.013128765117833452,-50.345267977522305,0,0.0,0.0,0,-0.07865169566839238,-0.7106237411499023,0.63197204548151,0,0,0,0,-50.0,1,,-50.345267977522305,0,0.0,0,0,1,0.0,0.0
593,19,23,True,1,0.3822189122709922,1,1,0,0.7745966692414834,0.39084527276332653,0.011626605777617672,-0.00862636049233434,0,0.0,0.0,0,-0.007174824613109722,-0.4036022424697876,0.3964274178566779,2,2,2,1,-1.1017891038505272,0,0.7745966692414834,-1.4926343766138537,0,0.0,0,0,1,0.0,0.0
594,19,24,True,1,0.4260950268719875,1,1,0,0.7745966692414834,0.421656001695906,0.011749346644083307,0.004439025176081524,0,0.0,0.0,0,0.07085826775315668,-0.4623594880104065,0.5332177557635631,5,5,5,1,0.2746755284470323,0,0.7745966692414834,-0.1469804732488737,0,0.0,0,0,1,0.0,0.0
595,19,25,False,0,-50.0,0,3,1,,-2.557677039521001,0.04038393590511,-47.442322960479,0,0.0,0.0,0,-0.33767159962726667,-0.36388295888900757,0.026211359261740896,0,0,0,0,-50.0,1,,-47.442322960479,0,0.0,0,0,1,0.0,0.0
596,19,26,False,0,-50.0,0,3,1,,-2.557677039521001,0.04038393590511,-47.442322960479,0,0.0,0.0,0,-0.4271432778252233,-0.6457180976867676,0.21857481986154426,0,0,0,0,-50.0,1,,-47.442322960479,0,0.0,0,0,1,0.0,0.0
597,19,27,False,0,-50.0,0,2,1,,-2.557677039521001,0.04038393590511,-47.442322960479,0,0.0,0.0,0,-0.5060159462998688,-0.7275947332382202,0.22157878693835142,0,0,0,0,-50.0,1,,-47.442322960479,0,0.0,0,0,1,0.0,0.0
598,19,28,False,0,-50.0,0,3,1,,-2.598060975426111,2.037621039635e-16,-47.40193902457389,0,0.0,0.0,0,-1.5656230256167727,-1.1460130214691162,0.4196100041476565,0,0,0,0,-50.0,1,,-47.40193902457389,0,0.0,0,0,1,0.0,0.0
599,19,29,False,0,-50.0,0,1,1,,-2.598060975426111,2.037621039635e-16,-47.40193902457389,0,0.0,0.0,0,-1.8691349667057815,-0.824237585067749,1.0448973816380325,0,0,0,0,-50.0,1,,-47.40193902457389,0,0.0,0,0,1,0.0,0.0
600,20,0,False,0,-50.0,0,3,1,,-2.598060975426111,2.037621039635e-16,-47.40193902457389,0,0.0,0.0,0,-2.579186400667914,-1.960650086402893,0.6185363142650209,0,0,0,0,-50.0,1,,-47.40193902457389,0,0.0,0,0,1,0.0,0.0
601,20,1,False,0,-50.0,0,0,0,,-2.598060975426111,2.037621039635e-16,-47.40193902457389,0,0.0,0.0,0,-2.5733320474542376,-2.2648634910583496,0.308468556395888,0,0,0,0,-50.0,0,,-47.40193902457389,0,0.0,0,0,1,0.0,0.0
602,20,2,False,0,-50.0,0,1,1,,-2.598060975426111,2.037621039635e-16,-47.40193902457389,0,0.0,0.0,0,-2.830063261168905,-2.330479145050049,0.49958411611885634,0,0,0,0,-50.0,1,,-47.40193902457389,0,0.0,0,0,1,0.0,0.0
603,20,3,False,0,-50.0,0,3,1,,-2.598060975426111,2.037621039635e-16,-47.40193902457389,0,0.0,0.0,0,-2.2782552022209677,-2.2949395179748535,0.016684315753885848,0,0,0,0,-50.0,1,,-47.40193902457389,0,0.0,0,0,1,0.0,0.0
604,20,4,False,0,-50.0,0,1,1,,-2.598060975426111,2.037621039635e-16,-47.40193902457389,0,0.0,0.0,0,-2.227981668117621,-2.5533604621887207,0.3253787940710997,0,0,0,0,-50.0,1,,-47.40193902457389,0,0.0,0,0,1,0.0,0.0
605,20,5,False,0,-50.0,0,0,0,,-2.598060975426111,2.037621039635e-16,-47.40193902457389,0,0.0,0.0,0,-2.7060804118188124,-2.3907394409179688,0.3153409709008437,0,0,0,0,-50.0,0,,-47.40193902457389,0,0.0,0,0,1,0.0,0.0
606,20,6,False,0,-50.0,0,3,1,,-2.598060975426111,2.037621039635e-16,-47.40193902457389,0,0.0,0.0,0,-2.304849396953877,-2.5821969509124756,0.2773475539585988,0,0,0,0,-50.0,1,,-47.40193902457389,0,0.0,0,0,1,0.0,0.0
607,20,7,False,0,-50.0,0,0,0,,-2.598060975426111,2.037621039635e-16,-47.40193902457389,0,0.0,0.0,0,-2.29678340038432,-2.732851266860962,0.436067866476642,0,0,0,0,-50.0,0,,-47.40193902457389,0,0.0,0,0,1,0.0,0.0
608,20,8,False,0,-50.0,0,3,1,,-2.1854041469022354,0.1230435794707954,-47.814595853097764,0,0.0,0.0,0,-2.8224728893009776,-2.180691719055176,0.6417811702458018,0,0,0,0,-50.0,1,,-47.814595853097764,0,0.0,0,0,1,0.0,0.0
609,20,9,False,0,-50.0,0,3,1,,-2.0721957573939718,0.14403148834624846,-47.92780424260603,0,0.0,0.0,0,-2.8205333017700402,-2.3294942378997803,0.49103906387026,0,0,0,0,-50.0,1,,-47.92780424260603,0,0.0,0,0,1,0.0,0.0
610,20,10,False,0,-50.0,0,3,1,,-2.1854041469022354,0.1230435794707954,-47.814595853097764,0,0.0,0.0,0,-2.818503259637711,-2.6067655086517334,0.2117377509859777,0,0,0,0,-50.0,1,,-47.814595853097764,0,0.0,0,0,1,0.0,0.0
611,20,11,False,0,-50.0,0,0,0,,-2.0883241967904715,0.14611755108460733,-47.911675803209526,0,0.0,0.0,0,-2.814029937021585,-2.4825260639190674,0.3315038731025175,0,0,0,0,-50.0,0,,-47.911675803209526,0,0.0,0,0,1,0.0,0.0
612,20,12,False,0,-50.0,0,3,1,,-1.4217516110842954,0.17380317988490698,-48.5782483889157,0,0.0,0.0,0,-2.7832645279495116,-2.4709155559539795,0.31234897199553213,0,0,0,0,-50.0,1,,-48.5782483889157,0,0.0,0,0,1,0.0,0.0
613,20,13,False,0,-50.0,0,3,1,,-1.518348432695008,0.19836368151040795,-48.48165156730499,0,0.0,0.0,0,-2.7825056866908895,-2.705096483230591,0.07740920346029867,0,0,0,0,-50.0,1,,-48.48165156730499,0,0.0,0,0,1,0.0,0.0
614,20,14,True,1,-1.4155020594720555,1,1,0,0.7745966692414834,-1.434796146599643,0.17634999692886902,0.01929408712758751,0,0.0,0.0,0,-2.7711459278953154,-2.61680006980896,0.15434585808635548,4,4,4,1,-2.787111786565331,0,0.7745966692414834,-1.352315639965688,0,0.0,0,0,1,0.0,0.0
615,20,15,True,2,-1.3298188717827093,3,3,0,0.9486832980505139,-1.355004330817939,0.20336654073231528,0.025185459035229618,0,0.0,0.0,0,-2.7426879613875697,-2.3868601322174072,0.3558278291701624,47,47,47,3,-1.4774335125725608,0,0.9486832980505139,-0.12242918175462192,0,0.0,0,0,1,0.0,0.0
616,20,16,True,4,-1.309850748399821,0,0,0,0.39999999999999997,-1.2152111684407667,0.18525775880719192,-0.09463957995905425,0,0.0,0.0,0,-2.7384036043754993,-2.6077959537506104,0.130607650624889,291,291,291,0,-1.4254103597954986,0,0.39999999999999997,-0.21019919135473186,0,0.0,0,0,1,0.0,0.0
617,20,17,True,3,-1.3268812383012378,0,2,1,0.39999999999999997,-1.3081404663626217,0.20327135523066459,-0.01874077193861612,0,0.0,0.0,0,-2.757882170609919,-2.635457754135132,0.12242441647478719,42,354,42,0,-1.4411215623859965,1,0.39999999999999997,-0.13298109602337482,0,0.0,0,0,1,0.0,0.0
618,20,18,True,2,0.22398242838350305,3,3,0,0.9486832980505139,0.10234572945615213,0.14259868806220025,0.12163669892735092,0,0.0,0.0,0,-0.4761152736652551,-1.057623028755188,0.5815077550899329,102,102,102,3,0.0991550251450124,0,0.9486832980505139,-0.0031907043111397276,0,0.0,0,0,1,0.0,0.0
619,20,19,True,4,0.26112974116472837,3,3,0,0.39999999999999997,0.13850216835196455,0.14459660371202435,0.12262757281276382,0,0.0,0.0,0,-0.4013384021923922,-0.892031729221344,0.4906933270289518,221,221,221,3,0.13485665235160568,0,0.39999999999999997,-0.003645516000358867,0,0.0,0,0,1,0.0,0.0
620,20,20,True,4,0.2998629362960903,3,3,0,0.39999999999999997,0.3135175422725992,0.013486368197128264,-0.013654605976508916,0,0.0,0.0,0,-0.3337360555526597,-0.6946454644203186,0.3609094088676589,283,283,283,3,0.17099618099883618,0,0.39999999999999997,-0.14252136127376303,0,0.0,0,0,1,0.0,0.0
621,20,21,True,3,0.3387500234504903,1,1,0,1.0,0.051689589047361886,0.20308342019917608,0.28706043440312845,0,0.0,0.0,0,-0.19480900678626903,-0.6413888931274414,0.4465798863411724,273,273,273,1,0.2075511769547952,0,0.7999999999999999,0.15586158790743332,0,0.0,0,0,1,0.0,0.0
622,20,22,True,2,0.37542182627682197,1,1,0,0.9486832980505139,0.24061712063394908,0.1498154065111047,0.1348047056428729,0,0.0,0.0,0,-0.07282227193730108,-0.3763759136199951,0.30355364168269405,14,14,14,1,-1.0079089886636858,0,0.9486832980505139,-1.248526109297635,0,0.0,0,0,1,0.0,0.0
623,20,23,True,2,0.4163827389903434,3,3,0,0.9486832980505139,0.42337611840518863,0.011753323390413965,-0.0069933794148452355,0,0.0,0.0,0,0.060162426102317014,-0.33714669942855835,0.3973091255308754,16,16,16,3,0.24051264732740815,0,0.9486832980505139,-0.18286347107778048,0,0.0,0,0,1,0.0,0.0
624,20,24,True,1,0.4607020466681164,1,1,0,0.7745966692414834,0.45626961847843417,0.012605681256512458,0.004432428189682258,0,0.0,0.0,0,0.10746379233445119,-0.08396731317043304,0.19143110550488424,24,24,24,1,0.31141701677619105,0,0.7745966692414834,-0.14485260170224312,0,0.0,0,0,1,0.0,0.0
625,20,25,True,1,0.5015719195197776,1,1,0,0.7745966692414834,0.18912563719702183,0.2135012522750349,0.31244628232275584,0,0.0,0.0,0,0.10111113873453031,-0.07020626962184906,0.17131740835637937,4,4,4,1,-2.1377689860018685,0,0.7745966692414834,-2.3268946231988905,0,0.0,0,0,1,0.0,0.0
626,20,26,False,0,-50.0,0,1,1,,-2.3861062763649343,0.1603832300605882,-47.613893723635066,0,0.0,0.0,0,-0.4077289969748623,-0.5274050831794739,0.11967608620461156,0,0,0,0,-50.0,1,,-47.613893723635066,0,0.0,0,0,1,0.0,0.0
627,20,27,False,0,-50.0,0,3,1,,-2.5380209960644975,0.060039979361613795,-47.461979003935504,0,0.0,0.0,0,-0.8514922712456569,-1.3118849992752075,0.46039272802955067,0,0,0,0,-50.0,1,,-47.461979003935504,0,0.0,0,0,1,0.0,0.0
628,20,28,False,0,-50.0,0,1,1,,-2.5380209960644975,0.060039979361613795,-47.461979003935504,0,0.0,0.0,0,-0.8278159946480386,-0.9232639074325562,0.09544791278451759,0,0,0,0,-50.0,1,,-47.461979003935504,0,0.0,0,0,1,0.0,0.0
629,20,29,False,0,-50.0,0,1,1,,-2.598060975426111,2.037621039635e-16,-47.40193902457389,0,0.0,0.0,0,-2.0103555610405692,-0.8360705971717834,1.1742849638687858,0,0,0,0,-50.0,1,,-47.40193902457389,0,0.0,0,0,1,0.0,0.0
630,21,0,False,0,-50.0,0,0,0,,-2.598060975426111,2.037621039635e-16,-47.40193902457389,0,0.0,0.0,0,-2.6208534518920894,-2.0145695209503174,0.606283930941772,0,0,0,0,-50.0,0,,-47.40193902457389,0,0.0,0,0,1,0.0,0.0
631,21,1,False,0,-50.0,0,3,1,,-2.598060975426111,2.037621039635e-16,-47.40193902457389,0,0.0,0.0,0,-2.8298021515245098,-2.1336669921875,0.6961351593370098,0,0,0,0,-50.0,1,,-47.40193902457389,0,0.0,0,0,1,0.0,0.0
632,21,2,False,0,-50.0,0,3,1,,-2.598060975426111,2.037621039635e-16,-47.40193902457389,0,0.0,0.0,0,-2.8278839712588084,-2.516550302505493,0.31133366875331525,0,0,0,0,-50.0,1,,-47.40193902457389,0,0.0,0,0,1,0.0,0.0
633,21,3,False,0,-50.0,0,2,1,,-2.598060975426111,2.037621039635e-16,-47.40193902457389,0,0.0,0.0,0,-2.8333363637886593,-2.326354503631592,0.5069818601570675,0,0,0,0,-50.0,1,,-47.40193902457389,0,0.0,0,0,1,0.0,0.0
634,21,4,False,0,-50.0,0,0,0,,-2.598060975426111,2.037621039635e-16,-47.40193902457389,0,0.0,0.0,0,-2.2914306645464686,-2.394422769546509,0.10299210500004019,0,0,0,0,-50.0,0,,-47.40193902457389,0,0.0,0,0,1,0.0,0.0
635,21,5,False,0,-50.0,0,3,1,,-2.598060975426111,2.037621039635e-16,-47.40193902457389,0,0.0,0.0,0,-2.3429241970223758,-2.4546375274658203,0.11171333044344456,0,0,0,0,-50.0,1,,-47.40193902457389,0,0.0,0,0,1,0.0,0.0
636,21,6,False,0,-50.0,0,0,0,,-2.598060975426111,2.037621039635e-16,-47.40193902457389,0,0.0,0.0,0,-2.314260494988374,-2.6308419704437256,0.31658147545535176,0,0,0,0,-50.0,0,,-47.40193902457389,0,0.0,0,0,1,0.0,0.0
637,21,7,False,0,-50.0,0,3,1,,-2.598060975426111,2.037621039635e-16,-47.40193902457389,0,0.0,0.0,0,-2.9999621804227927,-2.732109308242798,0.26785287217999487,0,0,0,0,-50.0,1,,-47.40193902457389,0,0.0,0,0,1,0.0,0.0
638,21,8,False,0,-50.0,0,1,1,,-2.598060975426111,2.037621039635e-16,-47.40193902457389,0,0.0,0.0,0,-2.9999617717349842,-2.820924997329712,0.17903677440527233,0,0,0,0,-50.0,1,,-47.40193902457389,0,0.0,0,0,1,0.0,0.0
639,21,9,False,0,-50.0,0,1,1,,-2.598060975426111,2.037621039635e-16,-47.40193902457389,0,0.0,0.0,0,-2.9999626246376727,-2.6929750442504883,0.30698758038718443,0,0,0,0,-50.0,1,,-47.40193902457389,0,0.0,0,0,1,0.0,0.0
640,21,10,False,0,-50.0,0,3,1,,-2.598060975426111,2.037621039635e-16,-47.40193902457389,0,0.0,0.0,0,-2.999960391267548,-2.88102650642395,0.11893388484359768,0,0,0,0,-50.0,1,,-47.40193902457389,0,0.0,0,0,1,0.0,0.0
641,21,11,False,0,-50.0,0,1,1,,-2.598060975426111,2.037621039635e-16,-47.40193902457389,0,0.0,0.0,0,-2.999959825592901,-2.7708141803741455,0.2291456452187557,0,0,0,0,-50.0,1,,-47.40193902457389,0,0.0,0,0,1,0.0,0.0
642,21,12,True,1,-1.4313470382067828,3,3,0,0.7745966692414834,-1.518348432695008,0.19836368151040795,0.0870013944882253,0,0.0,0.0,0,-2.727258665829149,-2.2403695583343506,0.4868891074947985,1,1,1,3,-2.7978524655615047,0,0.7745966692414834,-1.2795040328664966,0,0.0,0,0,1,0.0,0.0
643,21,13,True,1,-1.4155020594720555,3,3,0,0.7745966692414834,-1.434796146599643,0.17634999692886902,0.01929408712758751,0,0.0,0.0,0,-2.7727739407450334,-2.4847042560577393,0.2880696846872941,1,1,1,3,-1.5921211351228985,0,0.7745966692414834,-0.1573249885232555,0,0.0,0,0,1,0.0,0.0
644,21,14,True,2,-1.3994970304470786,3,3,0,0.9486832980505139,-1.2928000116940914,0.2069212621755677,-0.1066970187529872,0,0.0,0.0,0,-2.7719475316779323,-2.8217356204986572,0.04978808882072494,5,5,5,3,-1.5441597492892907,0,0.9486832980505139,-0.25135973759519925,0,0.0,0,0,1,0.0,0.0
645,21,15,True,2,-1.3833303344622534,3,3,0,0.316227766016838,-1.2808868298308371,0.17452235254324214,-0.10244350463141627,0,0.0,0.0,0,-2.7673749580716462,-2.8347654342651367,0.06739047619349048,20,20,20,3,-1.4933724058778026,0,0.316227766016838,-0.2124855760469655,0,0.0,0,0,1,0.0,0.0
646,21,16,True,3,-1.3633895949703085,3,3,0,0.7999999999999999,-1.4546985808824766,0.20836890797819732,0.09130898591216807,0,0.0,0.0,0,-2.764475274811181,-2.814049005508423,0.04957373069724191,214,214,214,3,-1.475547385194585,0,0.7999999999999999,-0.02084880431210845,0,0.0,0,0,1,0.0,0.0
647,21,17,True,2,-1.345491358277226,0,0,0,0.9486832980505139,-1.373667266667194,0.1902316413344008,0.028175908389967974,0,0.0,0.0,0,-2.7615582350691077,-2.6525392532348633,0.10901898183424441,1050,1050,1050,0,-1.4584185886781085,0,0.9486832980505139,-0.0847513220109144,0,0.0,0,0,1,0.0,0.0
648,21,18,True,4,0.19174260477022026,0,1,1,-0.316227766016838,-1.332169264432807,0.2431422075719735,1.5239118692030271,1,1.5239118692030271,0.5036017674869842,1,-1.3737747421290034,-1.2247815132141113,0.14899322891489208,2,80,2,0,0.06474389203788163,1,-0.316227766016838,1.3969131564706885,1,1.3969131564706885,1,1,1,1.3969131564706885,0.4648847835917772
649,21,19,True,1,0.3090589140505634,3,3,0,0.7745966692414834,0.3151369980090417,0.012894394104675822,-0.006078083958478309,0,0.0,0.0,0,-0.5258875092173685,-1.0518505573272705,0.525963048109902,2,2,2,3,0.20411299744679656,0,0.7745966692414834,-0.11102400056224515,0,0.0,0,0,1,0.0,0.0
650,21,20,True,2,0.34248375088890015,3,3,0,0.9486832980505139,0.051689589047361886,0.20308342019917608,0.2907941618415383,0,0.0,0.0,0,-0.2213051626386809,-0.8587274551391602,0.6374222925004792,8,8,8,3,0.24006278169560993,0,0.9486832980505139,0.18837319264824803,0,0.0,0,0,1,0.0,0.0
651,21,21,True,3,0.37624621234176553,3,1,1,0.7999999999999999,0.24232003617613884,0.14990352284030467,0.1339261761656267,1,0.1339261761656267,0.04425810992931981,0,-0.16474554441501477,-0.5108149647712708,0.346069420356256,41,225,41,1,0.2764159184437554,0,1.0,0.03409588226761656,0,0.0,0,0,0,0.0,0.0
652,21,22,True,2,0.41213970089150914,1,1,0,0.9486832980505139,0.4166324094472036,0.013571389208016059,-0.004492708555694447,0,0.0,0.0,0,-0.01666720233043836,-0.31578773260116577,0.29912053027072744,143,143,143,1,0.30510496006127136,0,0.9486832980505139,-0.11152744938593223,0,0.0,0,0,1,0.0,0.0
653,21,23,True,2,0.3822189122709922,0,2,1,0.7378647873726218,0.3841015569247008,0.012574195341672362,-0.0018826446537086317,0,0.0,0.0,0,-0.004535011298441772,-0.752202033996582,0.7476670226981402,16,8,8,2,0.26865076822457934,0,0.9486832980505139,-0.11545078870012149,0,0.0,0,0,0,0.0,0.0
654,21,24,True,2,0.49840801475176105,3,3,0,0.9486832980505139,0.34620088077359534,0.15535194385930096,0.1522071339781657,0,0.0,0.0,0,0.14636292404143697,-0.32433515787124634,0.4706980819126833,120,120,120,1,0.41668129055890774,1,0.7378647873726218,0.07048040978531239,1,0.07048040978531239,0,0,0,0.0,0.0
655,21,25,True,2,0.5369413321709348,1,1,0,0.9486832980505139,0.5300277712711129,0.01338902389056087,0.006913560899821869,0,0.0,0.0,0,0.18333139711514707,-0.10590611398220062,0.2892375110973477,104,104,104,1,0.3925999921735418,0,0.9486832980505139,-0.1374277790975711,0,0.0,0,0,1,0.0,0.0
656,21,26,False,0,-50.0,0,3,1,,-2.5380209960644975,0.060039979361613795,-47.461979003935504,0,0.0,0.0,0,-0.6390491206365672,-0.9797593355178833,0.34071021488131614,0,0,0,0,-50.0,1,,-47.461979003935504,0,0.0,0,0,1,0.0,0.0
657,21,27,False,0,-50.0,0,2,1,,-2.5380209960644975,0.060039979361613795,-47.461979003935504,0,0.0,0.0,0,-0.7024680288640389,-0.9954413771629333,0.29297334829889443,0,0,0,0,-50.0,1,,-47.461979003935504,0,0.0,0,0,1,0.0,0.0
658,21,28,False,0,-50.0,0,2,1,,-2.5380209960644975,0.060039979361613795,-47.461979003935504,0,0.0,0.0,0,-0.7655748608288593,-1.1252846717834473,0.359709810954588,0,0,0,0,-50.0,1,,-47.461979003935504,0,0.0,0,0,1,0.0,0.0
659,21,29,False,0,-50.0,0,1,1,,-2.598060975426111,2.037621039635e-16,-47.40193902457389,0,0.0,0.0,0,-2.6009680071890924,-1.2393800020217896,1.3615880051673028,0,0,0,0,-50.0,1,,-47.40193902457389,0,0.0,0,0,1,0.0,0.0
660,22,0,False,0,-50.0,0,0,0,,-2.598060975426111,2.037621039635e-16,-47.40193902457389,0,0.0,0.0,0,-2.7115884624777142,-1.8819782733917236,0.8296101890859906,0,0,0,0,-50.0,0,,-47.40193902457389,0,0.0,0,0,1,0.0,0.0
661,22,1,False,0,-50.0,0,0,0,,-2.598060975426111,2.037621039635e-16,-47.40193902457389,0,0.0,0.0,0,-2.8316420937448616,-2.1934964656829834,0.6381456280618782,0,0,0,0,-50.0,0,,-47.40193902457389,0,0.0,0,0,1,0.0,0.0
662,22,2,False,0,-50.0,0,3,1,,-2.598060975426111,2.037621039635e-16,-47.40193902457389,0,0.0,0.0,0,-2.6470601903080775,-2.175302743911743,0.4717574463963343,0,0,0,0,-50.0,1,,-47.40193902457389,0,0.0,0,0,1,0.0,0.0
663,22,3,False,0,-50.0,0,3,1,,-2.598060975426111,2.037621039635e-16,-47.40193902457389,0,0.0,0.0,0,-2.4910852399241223,-2.1797420978546143,0.3113431420695081,0,0,0,0,-50.0,1,,-47.40193902457389,0,0.0,0,0,1,0.0,0.0
664,22,4,False,0,-50.0,0,0,0,,-2.598060975426111,2.037621039635e-16,-47.40193902457389,0,0.0,0.0,0,-2.41923295973839,-2.3703901767730713,0.048842782965318854,0,0,0,0,-50.0,0,,-47.40193902457389,0,0.0,0,0,1,0.0,0.0
665,22,5,False,0,-50.0,0,3,1,,-2.598060975426111,2.037621039635e-16,-47.40193902457389,0,0.0,0.0,0,-2.9667583337388024,-2.724200963973999,0.24255736976480335,0,0,0,0,-50.0,1,,-47.40193902457389,0,0.0,0,0,1,0.0,0.0
666,22,6,False,0,-50.0,0,1,1,,-2.598060975426111,2.037621039635e-16,-47.40193902457389,0,0.0,0.0,0,-2.9988256080081213,-2.584413766860962,0.41441184114715934,0,0,0,0,-50.0,1,,-47.40193902457389,0,0.0,0,0,1,0.0,0.0
667,22,7,False,0,-50.0,0,1,1,,-2.598060975426111,2.037621039635e-16,-47.40193902457389,0,0.0,0.0,0,-2.999919841144115,-2.6870570182800293,0.31286282286408573,0,0,0,0,-50.0,1,,-47.40193902457389,0,0.0,0,0,1,0.0,0.0
668,22,8,False,0,-50.0,0,0,0,,-2.598060975426111,2.037621039635e-16,-47.40193902457389,0,0.0,0.0,0,-2.9999597145201133,-2.7845847606658936,0.21537495385421979,0,0,0,0,-50.0,0,,-47.40193902457389,0,0.0,0,0,1,0.0,0.0
669,22,9,False,0,-50.0,0,3,1,,-2.598060975426111,2.037621039635e-16,-47.40193902457389,0,0.0,0.0,0,-2.9999624486349,-2.8577630519866943,0.14219939664820558,0,0,0,0,-50.0,1,,-47.40193902457389,0,0.0,0,0,1,0.0,0.0
670,22,10,False,0,-50.0,0,0,0,,-2.598060975426111,2.037621039635e-16,-47.40193902457389,0,0.0,0.0,0,-2.999960636293384,-2.852524518966675,0.14743611732670914,0,0,0,0,-50.0,0,,-47.40193902457389,0,0.0,0,0,1,0.0,0.0
671,22,11,False,0,-50.0,0,0,0,,-2.598060975426111,2.037621039635e-16,-47.40193902457389,0,0.0,0.0,0,-2.999958541743615,-2.7632386684417725,0.23671987330184274,0,0,0,0,-50.0,0,,-47.40193902457389,0,0.0,0,0,1,0.0,0.0
672,22,12,True,3,-0.05178556392555164,1,1,0,0.7999999999999999,-0.058303547846180616,0.014427089831743638,0.006517983920628974,0,0.0,0.0,0,-1.1281906172655352,-1.7005815505981445,0.5723909333326094,22,22,22,1,-0.12608838586113175,0,0.7999999999999999,-0.06778483801495114,0,0.0,0,0,1,0.0,0.0
673,22,13,False,0,-50.0,0,3,1,,-0.02075262194699325,0.018117007889106813,-49.97924737805301,0,0.0,0.0,0,-1.0525851255398087,-1.6725481748580933,0.6199630493182846,0,0,0,0,-50.0,1,,-49.97924737805301,0,0.0,0,0,1,0.0,0.0
674,22,14,False,0,-50.0,0,1,1,,0.00495937003352836,0.01949220588494918,-50.004959370033525,0,0.0,0.0,0,-1.0408948602000305,-2.0076966285705566,0.9668017683705261,0,0,0,0,-50.0,1,,-50.004959370033525,0,0.0,0,0,1,0.0,0.0
675,22,15,False,0,-50.0,0,3,1,,-0.30985789342242737,0.17531407509574337,-49.690142106577575,0,0.0,0.0,0,-1.9064748163301617,-1.7911064624786377,0.115368353851524,0,0,0,0,-50.0,1,,-49.690142106577575,0,0.0,0,0,1,0.0,0.0
676,22,16,True,1,-0.0498376433835538,1,1,0,0.7745966692414834,-0.15502422393449145,0.11737784107985519,0.10518658055093764,0,0.0,0.0,0,-1.926290465595779,-1.857076644897461,0.06921382069831816,5,5,5,1,-1.3690666216338727,0,0.7745966692414834,-1.2140423976993813,0,0.0,0,0,1,0.0,0.0
677,22,17,True,2,0.10758389667771828,3,3,0,0.9486832980505139,-1.3395670153538783,0.241082528664222,1.4471509120315966,0,0.0,0.0,0,-1.443531839494967,-1.5666592121124268,0.12312737261745976,21,21,21,3,-0.038488963685815294,0,0.9486832980505139,1.3010780516680631,0,0.0,0,0,1,0.0,0.0
678,22,18,True,2,0.15295089605377793,0,0,0,0.9486832980505139,-1.3669433163263507,0.24183501022537246,1.5198942123801287,0,0.0,0.0,0,-1.4025872928969352,-1.2484204769134521,0.15416681598348303,82,82,82,0,0.029812327493388927,0,0.9486832980505139,1.3967556438197397,0,0.0,0,0,1,0.0,0.0
679,22,19,True,2,0.24353299628827946,0,3,1,0.7378647873726218,-2.56614083437926,0.0319201410468509,2.8096738306675397,1,2.8096738306675397,0.928502976964206,1,-1.3064444034589464,-1.1993509531021118,0.1070934503568346,2,2,2,0,0.16856209032021524,1,0.7378647873726218,2.7347029246994756,1,2.7347029246994756,1,1,1,2.7347029246994756,0.9100936385685707
680,22,20,True,1,0.21109766699594892,2,1,1,0.2581988897471611,-2.56614083437926,0.0319201410468509,2.777238501375209,1,2.777238501375209,0.9177841883710162,1,-1.406429923188051,-1.4189424514770508,0.012512528288999736,3,0,0,2,0.1334056338367931,1,0.2581988897471611,2.6995464682160533,1,2.6995464682160533,1,1,1,2.6995464682160533,0.8983937690466585
681,22,21,True,2,0.4104129543263759,3,3,0,0.9486832980505139,0.4200554416986759,0.013406564340184645,-0.009642487372300002,0,0.0,0.0,0,-0.15755984974786405,-0.6408098340034485,0.4832499842555844,243,243,243,3,0.31426276298732336,0,0.9486832980505139,-0.10579267871135256,0,0.0,0,0,1,0.0,0.0
682,22,22,True,3,0.4541012115907156,3,3,0,1.0,0.30268536036410687,0.1532636333709498,0.15141585122660872,0,0.0,0.0,0,0.024698823239551373,-0.4677121043205261,0.4924109275600775,286,286,286,3,0.37844423372717034,0,0.7999999999999999,0.07575887336306347,0,0.0,0,0,1,0.0,0.0
683,22,23,True,3,0.4964307849543217,3,3,0,0.39999999999999997,0.33942293461245504,0.15528386202937722,0.15700785034186665,0,0.0,0.0,0,0.1104957372669229,-0.5405445098876953,0.6510402471546182,269,269,269,3,0.41905365852794985,0,0.39999999999999997,0.0796307239154948,0,0.0,0,0,1,0.0,0.0
684,22,24,True,3,0.5354615007761189,3,3,0,1.0,0.5317828133171107,0.013121628666744442,0.003678687459008123,0,0.0,0.0,0,0.16178812300084552,-0.24174605309963226,0.4035341761004778,194,194,194,3,0.457487313836821,0,0.7999999999999999,-0.07429549948028974,0,0.0,0,0,1,0.0,0.0
685,22,25,True,2,0.575218881589259,1,1,0,0.9486832980505139,0.4120331224091583,0.15893303941049347,0.16318575918010075,0,0.0,0.0,0,0.23228567689391968,-0.08682005107402802,0.31910572796794767,254,254,254,1,0.4973847259944962,0,0.9486832980505139,0.08535160358533789,0,0.0,0,0,1,0.0,0.0
686,22,26,False,0,-50.0,0,1,1,,0.6268092698627526,0.008263234174164845,-50.626809269862754,0,0.0,0.0,0,0.3084918470720355,-0.6506134271621704,0.9591052742342059,0,0,0,0,-50.0,1,,-50.626809269862754,0,0.0,0,0,1,0.0,0.0
687,22,27,True,1,0.5178383532477177,1,3,1,0.2581988897471611,-2.598060975426111,2.037621039635e-16,3.1158993286738284,1,3.1158993286738284,1.0,1,-2.6169264545444504,-0.7807824015617371,1.8361440529827133,1,0,0,1,-0.8239347409387954,1,0.2581988897471611,1.7741262344873154,1,1.7741262344873154,1,1,1,1.7741262344873154,0.5904191586740463
688,22,28,False,0,-50.0,0,3,1,,-2.598060975426111,2.037621039635e-16,-47.40193902457389,0,0.0,0.0,0,-2.622107600498724,-0.8924911022186279,1.729616498280096,0,0,0,0,-50.0,1,,-47.40193902457389,0,0.0,0,0,1,0.0,0.0
689,22,29,False,0,-50.0,0,2,1,,-2.598060975426111,2.037621039635e-16,-47.40193902457389,0,0.0,0.0,0,-2.619898118162673,-1.0775765180587769,1.5423216001038962,0,0,0,0,-50.0,1,,-47.40193902457389,0,0.0,0,0,1,0.0,0.0
690,23,0,False,0,-50.0,0,3,1,,-2.598060975426111,2.037621039635e-16,-47.40193902457389,0,0.0,0.0,0,-2.922180993097127,-1.7003103494644165,1.2218706436327107,0,0,0,0,-50.0,1,,-47.40193902457389,0,0.0,0,0,1,0.0,0.0
691,23,1,False,0,-50.0,0,3,1,,-2.598060975426111,2.037621039635e-16,-47.40193902457389,0,0.0,0.0,0,-2.9828412432884415,-1.6458542346954346,1.336987008593007,0,0,0,0,-50.0,1,,-47.40193902457389,0,0.0,0,0,1,0.0,0.0
692,23,2,False,0,-50.0,0,1,1,,-2.598060975426111,2.037621039635e-16,-47.40193902457389,0,0.0,0.0,0,-2.984313225657358,-1.532494068145752,1.451819157511606,0,0,0,0,-50.0,1,,-47.40193902457389,0,0.0,0,0,1,0.0,0.0
693,23,3,False,0,-50.0,0,3,1,,-2.598060975426111,2.037621039635e-16,-47.40193902457389,0,0.0,0.0,0,-2.9562983080705534,-2.2545828819274902,0.7017154261430631,0,0,0,0,-50.0,1,,-47.40193902457389,0,0.0,0,0,1,0.0,0.0
694,23,4,False,0,-50.0,0,3,1,,-2.598060975426111,2.037621039635e-16,-47.40193902457389,0,0.0,0.0,0,-2.9684067708528996,-2.3572425842285156,0.611164186624384,0,0,0,0,-50.0,1,,-47.40193902457389,0,0.0,0,0,1,0.0,0.0
695,23,5,False,0,-50.0,0,0,0,,-2.598060975426111,2.037621039635e-16,-47.40193902457389,0,0.0,0.0,0,-2.967185386620298,-2.474555253982544,0.49263013263775424,0,0,0,0,-50.0,0,,-47.40193902457389,0,0.0,0,0,1,0.0,0.0
696,23,6,False,0,-50.0,0,0,0,,-2.598060975426111,2.037621039635e-16,-47.40193902457389,0,0.0,0.0,0,-2.998838499299083,-2.558615207672119,0.44022329162696394,0,0,0,0,-50.0,0,,-47.40193902457389,0,0.0,0,0,1,0.0,0.0
697,23,7,False,0,-50.0,0,0,0,,-2.598060975426111,2.037621039635e-16,-47.40193902457389,0,0.0,0.0,0,-2.9999208621934144,-2.7078869342803955,0.29203392791301885,0,0,0,0,-50.0,0,,-47.40193902457389,0,0.0,0,0,1,0.0,0.0
698,23,8,False,0,-50.0,0,3,1,,-2.598060975426111,2.037621039635e-16,-47.40193902457389,0,0.0,0.0,0,-2.9605368234921685,-1.6969339847564697,1.2636028387356988,0,0,0,0,-50.0,1,,-47.40193902457389,0,0.0,0,0,1,0.0,0.0
699,23,9,False,0,-50.0,0,3,1,,-2.598060975426111,2.037621039635e-16,-47.40193902457389,0,0.0,0.0,0,-2.9988131019444633,-2.087329149246216,0.9114839526982474,0,0,0,0,-50.0,1,,-47.40193902457389,0,0.0,0,0,1,0.0,0.0
700,23,10,False,0,-50.0,0,3,1,,-2.598060975426111,2.037621039635e-16,-47.40193902457389,0,0.0,0.0,0,-2.999921854816869,-2.398448944091797,0.601472910725072,0,0,0,0,-50.0,1,,-47.40193902457389,0,0.0,0,0,1,0.0,0.0
701,23,11,False,0,-50.0,0,0,0,,-2.598060975426111,2.037621039635e-16,-47.40193902457389,0,0.0,0.0,0,-2.9999563513081053,-2.6444504261016846,0.35550592520642077,0,0,0,0,-50.0,0,,-47.40193902457389,0,0.0,0,0,1,0.0,0.0
702,23,12,True,4,-0.02058752827455457,1,1,0,0.19999999999999998,-0.01934839427534617,0.017294262526885606,-0.0012391339992084,0,0.0,0.0,0,-0.9128224626442386,-1.4333163499832153,0.5204938873389767,142,142,142,1,-0.022495399659687127,0,0.316227766016838,-0.0031470053843409562,0,0.0,0,0,1,0.0,0.0
703,23,13,False,0,-50.0,0,3,1,,0.010967238972069592,0.019186931178491094,-50.01096723897207,0,0.0,0.0,0,-0.9041192286721436,-1.6800223588943481,0.7759031302222046,0,0,0,0,-50.0,1,,-50.01096723897207,0,0.0,0,0,1,0.0,0.0
704,23,14,True,1,0.052282795083477954,1,1,0,0.7745966692414834,0.04725365137758409,0.017302764507454715,0.005029143705893864,0,0.0,0.0,0,-0.8584861602126075,-1.6081794500350952,0.7496932898224877,1,1,1,1,-2.5611906406598823,0,0.7745966692414834,-2.6084442920374666,0,0.0,0,0,1,0.0,0.0
705,23,15,True,1,-0.07904717100297184,3,3,0,0.7745966692414834,-0.030212618987883178,0.013242806201087295,-0.04883455201508867,0,0.0,0.0,0,-1.9805936260051495,-1.3183742761611938,0.6622193498439557,2,2,2,3,-0.10448784325920658,0,0.7745966692414834,-0.07427522427132341,0,0.0,0,0,1,0.0,0.0
706,23,16,True,2,-0.020038024297076823,3,3,0,0.9486832980505139,-0.13841688544910608,0.13033441582576633,0.11837886115202925,0,0.0,0.0,0,-1.9694560774270018,-1.663582682609558,0.3058733948174437,4,4,4,3,-0.07286881888857276,0,0.9486832980505139,0.06554806656053332,0,0.0,0,0,1,0.0,0.0
707,23,17,True,2,0.08456760927886066,3,1,1,0.7378647873726218,-0.24663395755843115,0.180453376141153,0.3312015668372918,1,0.3312015668372918,0.10945101079956031,0,-1.9754234157387307,-1.4760231971740723,0.49940021856465844,1,17,1,3,-0.005017573153127888,1,0.7378647873726218,0.24161638440530325,1,0.24161638440530325,0,1,1,0.24161638440530325,0.08040856373654175
708,23,18,True,1,0.1157248571801095,3,3,0,0.7745966692414834,-2.4426916790882998,0.1258721508192768,2.5584165362684095,0,0.0,0.0,0,-1.4982811853861904,-1.6083091497421265,0.11002796435593609,1,1,1,3,0.030215216744292495,0,0.7745966692414834,2.472906895832592,0,0.0,0,0,1,0.0,0.0
709,23,19,True,1,0.14719682475712853,3,3,0,0.7745966692414834,-2.56614083437926,0.0319201410468509,2.7133376591363887,0,0.0,0.0,0,-1.4535348738238723,-1.5555589199066162,0.10202404608274396,1,1,1,3,0.06425743756591858,0,0.7745966692414834,2.630398271945179,0,0.0,0,0,1,0.0,0.0
710,23,20,True,1,0.1789866909965417,0,0,0,0.7745966692414834,-2.56614083437926,0.0319201410468509,2.745127525375802,0,0.0,0.0,0,-1.4324969171313695,-1.3578294515609741,0.07466746557039539,1,1,1,0,0.09863922226806919,0,0.7745966692414834,2.6647800566473294,0,0.0,0,0,1,0.0,0.0
711,23,21,True,1,0.18846312411919833,3,3,0,0.7745966692414834,-2.5456573481502134,0.038915682205840275,2.734120472269412,0,0.0,0.0,0,-2.7584300360205884,-0.5775384902954102,2.1808915457251783,18,18,18,3,-0.6835087439899842,0,0.7745966692414834,1.8621486041602293,0,0.0,0,0,1,0.0,0.0
712,23,22,True,3,0.21082379447061306,3,1,1,0.39999999999999997,-2.5456573481502134,0.038915682205840275,2.756481142620826,1,2.756481142620826,0.9109245774129786,1,-2.868521699432334,-0.3535439968109131,2.514977702621421,1,22,1,2,-0.7103003243933098,1,0.39999999999999997,1.8353570237569037,1,1.8353570237569037,1,0,0,0.0,0.0
713,23,23,True,1,0.2432563573737988,1,1,0,0.7745966692414834,-2.4063785341756136,0.15771458478712724,2.6496348915494123,0,0.0,0.0,0,-2.7652360412695467,-0.18054024875164032,2.5846957925179064,17,17,17,1,-0.751059293783498,0,0.7745966692414834,1.6553192403921155,0,0.0,0,0,1,0.0,0.0
714,23,24,True,2,0.5802492500311429,3,3,0,0.9486832980505139,0.26194435733600685,0.21899240813178947,0.31830489269513607,0,0.0,0.0,0,-0.15703903024287655,-0.39282530546188354,0.235786275219007,8,8,8,3,0.46864395126905245,0,0.9486832980505139,0.2066995939330456,0,0.0,0,0,1,0.0,0.0
715,23,25,True,3,0.6164133831925158,3,1,1,0.7999999999999999,0.6269172567183074,0.010396070281423813,-0.01050387352579163,0,0.0,0.0,0,0.28591794780155433,0.22276712954044342,0.06315081826111091,20,276,20,1,0.5394865336635282,0,0.7999999999999999,-0.08743072305477928,0,0.0,0,0,0,0.0,0.0
716,23,26,True,2,0.6527946216948334,1,1,0,0.9486832980505139,0.6617078433038943,0.010438881985276508,-0.00891322160906094,0,0.0,0.0,0,0.3479866048832605,0.10364849865436554,0.24433810622889496,26,26,26,1,-0.6696245577854615,0,0.9486832980505139,-1.3313324010893557,0,0.0,0,0,1,0.0,0.0
717,23,27,True,2,0.553372073310268,1,3,1,0.7378647873726218,-2.5729682955480078,0.0250926798781032,3.126340368858276,1,3.126340368858276,1.0,1,-2.6073410674865225,-0.4227909445762634,2.184550122910259,2,13,2,1,0.5289107602923016,1,0.7378647873726218,3.1018790558403095,1,3.1018790558403095,1,1,1,3.1018790558403095,1.0
718,23,28,True,2,0.5178383532477177,2,3,1,0.7378647873726218,-2.5729682955480078,0.0250926798781032,3.0908066487957253,1,3.0908066487957253,1.0,1,-2.6628152590583363,-0.8081672787666321,1.8546479802917042,13,7,7,2,0.48975609292594235,1,0.7378647873726218,3.06272438847395,1,3.06272438847395,1,1,1,3.06272438847395,1.0
719,23,29,True,2,0.4826599703857928,2,1,1,0.7378647873726218,-2.5729682955480078,0.0250926798781032,3.0556282659338008,1,3.0556282659338008,1.0,1,-2.7203623258341896,-0.8909649848937988,1.8293973409403907,7,4,4,2,0.4510358621589127,1,0.7378647873726218,3.0240041577069205,1,3.0240041577069205,1,1,1,3.0240041577069205,1.0
720,24,0,False,0,-50.0,0,3,1,,-2.598060975426111,2.037621039635e-16,-47.40193902457389,0,0.0,0.0,0,-2.9836644042759373,-1.2300395965576172,1.75362480771832,0,0,0,0,-50.0,1,,-47.40193902457389,0,0.0,0,0,1,0.0,0.0
721,24,1,False,0,-50.0,0,3,1,,-2.598060975426111,2.037621039635e-16,-47.40193902457389,0,0.0,0.0,0,-2.9845511946258405,-1.3762390613555908,1.6083121332702497,0,0,0,0,-50.0,1,,-47.40193902457389,0,0.0,0,0,1,0.0,0.0
722,24,2,False,0,-50.0,0,0,0,,-2.598060975426111,2.037621039635e-16,-47.40193902457389,0,0.0,0.0,0,-2.9844870383824462,-1.6056989431381226,1.3787880952443237,0,0,0,0,-50.0,0,,-47.40193902457389,0,0.0,0,0,1,0.0,0.0
723,24,3,False,0,-50.0,0,0,0,,-2.598060975426111,2.037621039635e-16,-47.40193902457389,0,0.0,0.0,0,-2.9567710167216092,-2.189314603805542,0.7674564129160673,0,0,0,0,-50.0,0,,-47.40193902457389,0,0.0,0,0,1,0.0,0.0
724,24,4,False,0,-50.0,0,3,1,,-2.598060975426111,2.037621039635e-16,-47.40193902457389,0,0.0,0.0,0,-2.9781897143881118,-2.419473886489868,0.5587158278982436,0,0,0,0,-50.0,1,,-47.40193902457389,0,0.0,0,0,1,0.0,0.0
725,24,5,False,0,-50.0,0,3,1,,-2.598060975426111,2.037621039635e-16,-47.40193902457389,0,0.0,0.0,0,-2.9992257884664415,-2.404675006866455,0.5945507815999864,0,0,0,0,-50.0,1,,-47.40193902457389,0,0.0,0,0,1,0.0,0.0
726,24,6,False,0,-50.0,0,3,1,,-2.598060975426111,2.037621039635e-16,-47.40193902457389,0,0.0,0.0,0,-2.9998987577568603,-2.4993977546691895,0.5005010030876709,0,0,0,0,-50.0,1,,-47.40193902457389,0,0.0,0,0,1,0.0,0.0
727,24,7,False,0,-50.0,0,0,0,,-2.598060975426111,2.037621039635e-16,-47.40193902457389,0,0.0,0.0,0,-2.999920684751319,-2.621119499206543,0.37880118554477615,0,0,0,0,-50.0,0,,-47.40193902457389,0,0.0,0,0,1,0.0,0.0
728,24,8,False,0,-50.0,0,1,1,,-0.21654199545597672,0.01330579256938372,-49.78345800454402,0,0.0,0.0,0,-1.8515096920244918,-1.5632622241973877,0.2882474678271041,0,0,0,0,-50.0,1,,-49.78345800454402,0,0.0,0,0,1,0.0,0.0
729,24,9,False,0,-50.0,0,1,1,,-0.16000002335391172,0.02453243539036046,-49.83999997664609,0,0.0,0.0,0,-0.9916186882360429,-1.4288532733917236,0.4372345851556807,0,0,0,0,-50.0,1,,-49.83999997664609,0,0.0,0,0,1,0.0,0.0
730,24,10,True,2,-0.051549971072767826,3,3,0,0.9486832980505139,-0.06240631547914159,0.01750100720985553,0.010856344406373765,0,0.0,0.0,0,-0.9204696039085156,-1.1337867975234985,0.21331719361498291,723,723,723,3,-0.05448055508291264,0,0.9486832980505139,0.00792576039622895,0,0.0,0,0,1,0.0,0.0
731,24,11,True,2,-0.018168881502140927,3,1,1,0.7378647873726218,-0.029399535011169937,0.020552675035550153,0.01123065350902901,1,0.01123065350902901,0.0037113543581353946,0,-0.8967048286230803,-1.3442296981811523,0.447524869558072,288,450,288,1,-0.019606362012301322,0,0.9486832980505139,0.009793172998868616,0,0.0,0,0,0,0.0,0.0
732,24,12,True,3,0.013245492982707753,3,3,0,0.7999999999999999,0.008236795248995427,0.02126163566644654,0.0050086977337123265,0,0.0,0.0,0,-0.8613460563246627,-1.5172126293182373,0.6558665729935746,421,421,421,3,0.012818793528288722,0,0.7999999999999999,0.004581998279293295,0,0.0,0,0,1,0.0,0.0
733,24,13,True,3,0.047544222943274206,1,1,0,0.39999999999999997,0.04725365137758409,0.017302764507454715,0.00029057156569011616,0,0.0,0.0,0,-0.8097108150856005,-1.1765801906585693,0.36686937557296884,471,471,471,1,0.04754960086251192,0,0.39999999999999997,0.00029594948492783074,0,0.0,0,0,1,0.0,0.0
734,24,14,True,2,0.08311393375043,3,3,0,0.9486832980505139,0.08968774382011561,0.023426490400237178,-0.006573810069685618,0,0.0,0.0,0,-0.8117254820278857,-1.2887303829193115,0.4770049008914258,19,19,19,3,0.007861127705650764,0,0.9486832980505139,-0.08182661611446485,0,0.0,0,0,1,0.0,0.0
735,24,15,True,2,0.11598664052215216,1,1,0,0.9486832980505139,0.11611347778138774,0.02300851964554812,-0.0001268372592355821,0,0.0,0.0,0,-0.7795119367500905,-1.1305160522460938,0.3510041154960033,53,53,53,1,0.11014083564351967,0,0.9486832980505139,-0.005972642137868064,0,0.0,0,0,1,0.0,0.0
736,24,16,True,1,0.04196933133161619,3,3,0,0.7745966692414834,-0.11426236591770478,0.13161012028880703,0.15623169724932096,0,0.0,0.0,0,-1.9380178917550748,-1.0346394777297974,0.9033784140252774,18,18,18,3,-0.056381193992243575,0,0.7745966692414834,0.0578811719254612,0,0.0,0,0,1,0.0,0.0
737,24,17,True,2,0.06752587471162118,3,3,0,0.9486832980505139,-0.06554156488103557,0.09681303114010482,0.13306743959265677,0,0.0,0.0,0,-2.0146870023057963,-1.2153139114379883,0.7993730908678081,22,22,22,3,-0.03068564378511722,0,0.9486832980505139,0.034855921095918355,0,0.0,0,0,1,0.0,0.0
738,24,18,True,2,0.10461688635866254,3,1,1,0.7378647873726218,0.07240569478078082,0.02184657666741268,0.032211191577881715,1,0.032211191577881715,0.01064471859515514,0,-2.0228098602831652,-1.1481928825378418,0.8746169777453234,2,26,2,3,0.0017400441009144164,1,0.7378647873726218,-0.07066565067986641,0,0.0,0,0,1,0.0,0.0
739,24,19,True,2,0.1359766522102124,1,1,0,0.9486832980505139,0.12008135297768263,0.017726861460462564,0.015895299232529775,0,0.0,0.0,0,-2.013400458408039,-1.0372542142868042,0.9761462441212347,4,4,4,1,0.06794740551159317,0,0.9486832980505139,-0.05213394746608946,0,0.0,0,0,1,0.0,0.0
740,24,20,True,2,0.23913357117998207,3,3,0,0.9486832980505139,0.11697153645622904,0.1432721711173822,0.12216203472375303,0,0.0,0.0,0,-1.9482166299080943,-0.8249964118003845,1.1232202181077098,19,19,19,3,0.20992407375470334,0,0.9486832980505139,0.0929525372984743,0,0.0,0,0,1,0.0,0.0
741,24,21,True,3,0.2718520914236665,1,1,0,1.0,0.2905003328350158,0.01596732518540465,-0.018648241411349298,0,0.0,0.0,0,-1.9327448737966835,-0.6890051960945129,1.2437396777021705,18,18,18,1,0.245964286990106,0,1.0,-0.044536045844909805,0,0.0,0,0,1,0.0,0.0
742,24,22,True,2,0.17636269598984095,3,3,0,0.9486832980505139,-2.5456573481502134,0.038915682205840275,2.7220200441400544,0,0.0,0.0,0,-2.87535982160323,-1.0082170963287354,1.8671427252744945,87,87,87,0,-0.7356986478628588,1,0.7378647873726218,1.8099587002873547,1,1.8099587002873547,1,0,0,0.0,0.0
743,24,23,True,3,0.21082379447061306,0,1,1,0.19999999999999998,-2.5456573481502134,0.038915682205840275,2.756481142620826,1,2.756481142620826,0.9109245774129786,1,-2.8748211372263497,-0.609688937664032,2.2651321995623177,2,378,2,2,-0.7605673830494469,1,0.39999999999999997,1.7850899651007666,1,1.7850899651007666,1,0,0,0.0,0.0
744,24,24,True,1,0.6174782083912755,3,3,0,0.7745966692414834,0.6304450685077375,0.008006450624339665,-0.012966860116461976,0,0.0,0.0,0,0.2971622489772378,-0.7170812487602234,1.0142434977374613,22,22,22,3,0.574831792283495,0,0.7745966692414834,-0.0556132762242425,0,0.0,0,0,1,0.0,0.0
745,24,25,True,3,0.6557584003630855,3,3,0,0.7999999999999999,0.6635533326927501,0.010530534124202908,-0.00779493232966455,0,0.0,0.0,0,0.3332026768182189,-0.04364650323987007,0.376849180058089,229,229,229,3,0.6138689944924329,0,0.7999999999999999,-0.049684338200317146,0,0.0,0,0,1,0.0,0.0
746,24,26,True,3,0.697667763391842,1,1,0,1.0,0.5379710649507933,0.1654004349920759,0.15969669844104872,0,0.0,0.0,0,0.40141983651486324,0.46594980359077454,0.0645299670759113,232,232,232,1,0.6563978796740992,0,0.7999999999999999,0.11842681472330596,0,0.0,0,0,1,0.0,0.0
747,24,27,True,2,0.6606910864284758,2,1,1,0.7378647873726218,-2.3461919040777146,0.17172925325073166,3.0068829905061905,1,3.0068829905061905,0.9936739907652253,1,-2.2441786042068785,-0.07537166774272919,2.1688069364641493,4,13,4,2,0.605068130508747,1,0.7378647873726218,2.9512600345864617,1,2.9512600345864617,1,1,1,2.9512600345864617,0.9821626177307586
748,24,28,True,2,0.4133550383095145,3,3,0,0.9486832980505139,-2.5729682955480078,0.0250926798781032,2.986323333857522,0,0.0,0.0,0,-2.8169828200483518,-1.5013004541397095,1.3156823659086423,5,5,5,3,0.37487948853221026,0,0.9486832980505139,2.947847784080218,0,0.0,0,0,1,0.0,0.0
749,24,29,True,2,0.4478333713524871,0,2,1,0.7378647873726218,-2.5729682955480078,0.0250926798781032,3.020801666900495,1,3.020801666900495,0.9982736465425092,1,-2.781098785230749,-1.2866568565368652,1.4944419286938837,4,6,4,0,0.4127452478834262,1,0.7378647873726218,2.985713543431434,1,2.985713543431434,1,1,1,2.985713543431434,0.9936285502614818
750,25,0,False,0,-50.0,0,3,1,,-2.598060975426111,2.037621039635e-16,-47.40193902457389,0,0.0,0.0,0,-2.9453749101037947,-1.2473417520523071,1.6980331580514876,0,0,0,0,-50.0,1,,-47.40193902457389,0,0.0,0,0,1,0.0,0.0
751,25,1,False,0,-50.0,0,0,0,,-2.598060975426111,2.037621039635e-16,-47.40193902457389,0,0.0,0.0,0,-2.983458075404663,-1.321643352508545,1.6618147228961182,0,0,0,0,-50.0,0,,-47.40193902457389,0,0.0,0,0,1,0.0,0.0
752,25,2,False,0,-50.0,0,3,1,,-0.3859373562372602,0.013173436704666261,-49.61406264376274,0,0.0,0.0,0,-1.5145994828661171,-1.1122663021087646,0.40233318075735247,0,0,0,0,-50.0,1,,-49.61406264376274,0,0.0,0,0,1,0.0,0.0
753,25,3,False,0,-50.0,0,3,1,,-0.3590403545223312,0.017703309554292786,-49.64095964547767,0,0.0,0.0,0,-1.5012094439856862,-1.1750755310058594,0.32613391297982686,0,0,0,0,-50.0,1,,-49.64095964547767,0,0.0,0,0,1,0.0,0.0
754,25,4,False,0,-50.0,0,3,1,,-0.3206135563345923,0.015072069798006868,-49.67938644366541,0,0.0,0.0,0,-1.4844621593943876,-1.2025808095932007,0.28188134980118695,0,0,0,0,-50.0,1,,-49.67938644366541,0,0.0,0,0,1,0.0,0.0
755,25,5,True,1,-0.3038541281782606,3,3,0,0.7745966692414834,-0.3095101298234175,0.017852907762346895,0.0056560016451569495,0,0.0,0.0,0,-1.4674383341430013,-1.2393288612365723,0.22810947290642902,1,1,1,3,-1.6357017914909924,0,0.7745966692414834,-1.3261916616675749,0,0.0,0,0,1,0.0,0.0
756,25,6,True,2,-0.276620332170518,1,1,0,0.9486832980505139,-0.27017022730472845,0.016771813158576742,-0.006450104865789563,0,0.0,0.0,0,-1.4502177712768114,-1.2464563846588135,0.20376138661799792,27,27,27,1,-0.3136604453313548,0,0.9486832980505139,-0.04349021802662634,0,0.0,0,0,1,0.0,0.0
757,25,7,True,3,-0.30536513834345763,2,2,0,1.0,-0.313605595283297,0.01750666223849776,0.00824045693983938,0,0.0,0.0,0,-1.4942680980054557,-1.3701568841934204,0.12411121381203527,113,113,113,2,-0.3426784259380914,0,0.9486832980505139,-0.02907283065479438,0,0.0,0,0,1,0.0,0.0
758,25,8,False,0,-50.0,0,1,1,,-0.19664421116771694,0.015860291496976812,-49.803355788832285,0,0.0,0.0,0,-1.3855481468677955,-1.3971138000488281,0.011565653181032642,0,0,0,0,-50.0,1,,-49.803355788832285,0,0.0,0,0,1,0.0,0.0
759,25,9,True,1,-0.11397595648342053,3,3,0,0.7745966692414834,-0.14013990492822245,0.023626150809760795,0.026163948444801924,0,0.0,0.0,0,-0.9678655188750662,-1.3018686771392822,0.334003158264216,1,1,1,3,-2.713849719519211,0,0.7745966692414834,-2.5737098145909885,0,0.0,0,0,1,0.0,0.0
760,25,10,True,1,-0.08482419914542705,0,0,0,0.7745966692414834,-0.08100021197807201,0.02133704641869188,-0.0038239871673550335,0,0.0,0.0,0,-0.9444042582757628,-1.2140986919403076,0.2696944336645448,25,25,25,0,-0.1547168320623648,0,0.7745966692414834,-0.07371662008429279,0,0.0,0,0,1,0.0,0.0
761,25,11,True,2,0.013859621948097924,3,3,0,0.9486832980505139,0.015271982766573,0.017194928733932555,-0.0014123608184750756,0,0.0,0.0,0,-0.8811425013748397,-1.1058387756347656,0.2246962742599259,434,434,434,3,0.013005759263969508,0,0.9486832980505139,-0.0022662235026034913,0,0.0,0,0,1,0.0,0.0
762,25,12,True,2,0.04776172081648237,3,3,0,0.9486832980505139,0.0487937376691944,0.0173810458504332,-0.0010320168527120296,0,0.0,0.0,0,-0.8549189827382755,-0.9626466035842896,0.10772762084601406,164,164,164,3,0.0467892237403303,0,0.9486832980505139,-0.002004513928864096,0,0.0,0,0,1,0.0,0.0
763,25,13,True,3,0.08142986106153978,3,3,0,0.7999999999999999,0.08786974587211319,0.021760169379643268,-0.006439884810573407,0,0.0,0.0,0,-0.7625780840623478,-1.108265995979309,0.34568791191696124,580,580,580,3,0.08176754625169799,0,1.0,-0.006102199620415194,0,0.0,0,0,1,0.0,0.0
764,25,14,True,3,0.11752159085819505,1,1,0,0.39999999999999997,0.1200482065365327,0.017387132607949385,-0.002526615678337646,0,0.0,0.0,0,-0.7115920706232228,-0.8335580229759216,0.1219659523526988,444,444,444,1,0.11729065091241947,0,0.39999999999999997,-0.002757555624113228,0,0.0,0,0,1,0.0,0.0
765,25,15,True,2,0.15070148001177236,3,3,0,0.9486832980505139,0.12780960751144638,0.027847668995489946,0.022891872500325983,0,0.0,0.0,0,-0.7344588037296124,-0.821894645690918,0.0874358419613056,457,457,457,3,0.146867923962272,0,0.9486832980505139,0.01905831645082562,0,0.0,0,0,1,0.0,0.0
766,25,16,True,3,0.18614995802906215,1,1,0,1.0,0.1934499482628224,0.021225212503174797,-0.007299990233760267,0,0.0,0.0,0,-0.7020945865023235,-0.6792498230934143,0.022844763408909174,383,383,383,1,0.18222438006438704,0,1.0,-0.01122556819843537,0,0.0,0,0,1,0.0,0.0
767,25,17,False,0,-50.0,0,3,1,,0.08132813113054657,0.01917416615900352,-50.08132813113055,0,0.0,0.0,0,-2.023222224069603,-0.7083832621574402,1.3148389619121628,0,0,0,0,-50.0,1,,-50.08132813113055,0,0.0,0,0,1,0.0,0.0
768,25,18,True,2,0.1359766522102124,3,3,0,0.9486832980505139,0.12165270925929708,0.017755446524596888,0.014323942950915325,0,0.0,0.0,0,-2.012549981935038,-0.9241235852241516,1.0884263967108865,17,17,17,3,-1.2026823799653739,0,0.9486832980505139,-1.324335089224671,0,0.0,0,0,1,0.0,0.0
769,25,19,True,2,0.1676531833733941,3,3,0,0.9486832980505139,0.17350644234912416,0.014567628982932785,-0.005853258975730052,0,0.0,0.0,0,-1.9921640327614942,-0.9597151875495911,1.0324488452119032,21,21,21,3,0.1032388128280335,0,0.9486832980505139,-0.07026762952109065,0,0.0,0,0,1,0.0,0.0
770,25,20,True,2,0.2067422361387345,0,0,0,0.9486832980505139,0.21832595888234652,0.012973830164243645,-0.011583722743612024,0,0.0,0.0,0,-1.9651752952651518,-0.6690563559532166,1.2961189393119352,18,18,18,0,0.17337520374367538,0,0.9486832980505139,-0.04495075513867114,0,0.0,0,0,1,0.0,0.0
771,25,21,True,1,0.309032228064217,1,1,0,0.7745966692414834,0.31505552618265464,0.011804418849796043,-0.006023298118437659,0,0.0,0.0,0,-1.8875274439926937,-0.4761592745780945,1.4113681694145992,21,21,21,1,0.3075052049963681,0,0.7745966692414834,-0.007550321186286568,0,0.0,0,0,1,0.0,0.0
772,25,22,True,1,0.14056971215863626,3,3,0,0.7745966692414834,-2.5456573481502134,0.038915682205840275,2.6862270603088496,0,0.0,0.0,0,-2.878234996874936,-1.1970252990722656,1.6812096978026703,102,102,102,3,-0.8093196679929642,0,0.7745966692414834,1.7363376801572492,0,0.0,0,0,1,0.0,0.0
773,25,23,True,2,0.17463011660313896,0,0,0,0.9486832980505139,-2.5456573481502134,0.038915682205840275,2.720287464753352,0,0.0,0.0,0,-2.8769041478124864,-0.9065276980400085,1.9703764497724778,373,373,373,0,-0.7853974148451941,0,0.9486832980505139,1.7602599333050193,0,0.0,0,0,1,0.0,0.0
774,25,24,True,2,0.4228274381610748,3,3,0,0.9486832980505139,0.4284004055985903,0.009444029973342602,-0.0055729674375154525,0,0.0,0.0,0,-1.9246604045598934,-1.4341256618499756,0.4905347427099178,1022,1022,1022,3,0.41858524045543866,0,0.9486832980505139,-0.009815165143151616,0,0.0,0,0,1,0.0,0.0
775,25,25,True,2,0.459536260023874,1,1,0,0.9486832980505139,0.4597287836406765,0.012416434631600113,-0.00019252361680249797,0,0.0,0.0,0,-1.91372127071537,-1.2248928546905518,0.6888284160248181,582,582,582,1,0.45496009210901384,0,0.9486832980505139,-0.00476869153166265,0,0.0,0,0,1,0.0,0.0
776,25,26,True,2,0.7400130284020163,1,1,0,0.9486832980505139,0.7398395356052354,0.011126133574743215,0.00017349279678091634,0,0.0,0.0,0,0.6764484328305562,0.16653002798557281,0.5099184048449834,244,244,244,1,0.7347009485509256,0,0.9486832980505139,-0.005138587054309807,0,0.0,0,0,1,0.0,0.0
777,25,27,True,2,0.27503241898576364,1,1,0,0.9486832980505139,-2.508798402345749,0.06766035478700311,2.7838308213315126,0,0.0,0.0,0,-2.817187049251517,-0.7535020709037781,2.063684978347739,52,52,52,1,0.23861796565109142,0,0.9486832980505139,2.7474163679968404,0,0.0,0,0,1,0.0,0.0
778,25,28,True,3,0.3792214885969716,0,1,1,0.19999999999999998,-2.508798402345749,0.06766035478700311,2.8880198909427204,1,2.8880198909427204,0.9543937225037477,1,-2.8434987004178693,-1.4732249975204468,1.3702737028974226,2,129,2,0,0.33743406467144477,1,0.19999999999999998,2.8462324670171935,1,2.8462324670171935,1,1,1,2.8462324670171935,0.9472100383277781
779,25,29,True,1,0.8373602167429304,1,1,0,0.7745966692414834,0.8695718179799998,0.004944004787010432,-0.032211601237069454,0,0.0,0.0,0,0.8393831827498964,0.48317521810531616,0.35620796464458027,3,3,3,1,0.8640480838524142,0,0.7745966692414834,-0.005523734127585667,0,0.0,0,0,1,0.0,0.0
780,26,0,False,0,-50.0,0,3,1,,-0.5063744538343651,0.11059520685433315,-49.49362554616563,0,0.0,0.0,0,-1.487941571470987,-1.131266474723816,0.356675096747171,0,0,0,0,-50.0,1,,-49.49362554616563,0,0.0,0,0,1,0.0,0.0
781,26,1,False,0,-50.0,0,3,1,,-0.48929843319702354,0.11150606585262732,-49.51070156680298,0,0.0,0.0,0,-1.431431722117607,-1.0116784572601318,0.4197532648574751,0,0,0,0,-50.0,1,,-49.51070156680298,0,0.0,0,0,1,0.0,0.0
782,26,2,False,0,-50.0,0,1,1,,-0.675436664027219,0.17937714329354246,-49.32456333597278,0,0.0,0.0,0,-1.4127590047427598,-1.0956165790557861,0.3171424256869737,0,0,0,0,-50.0,1,,-49.32456333597278,0,0.0,0,0,1,0.0,0.0
783,26,3,False,0,-50.0,0,3,1,,-2.598060975426111,2.037621039635e-16,-47.40193902457389,0,0.0,0.0,0,-2.9319777757129337,-0.9869832396507263,1.9449945360622074,0,0,0,0,-50.0,1,,-47.40193902457389,0,0.0,0,0,1,0.0,0.0
784,26,4,False,0,-50.0,0,3,1,,-2.598060975426111,2.037621039635e-16,-47.40193902457389,0,0.0,0.0,0,-2.9782331339268264,-1.2262651920318604,1.751967941894966,0,0,0,0,-50.0,1,,-47.40193902457389,0,0.0,0,0,1,0.0,0.0
785,26,5,False,0,-50.0,0,0,0,,-2.598060975426111,2.037621039635e-16,-47.40193902457389,0,0.0,0.0,0,-2.979253464363406,-1.261936902999878,1.717316561363528,0,0,0,0,-50.0,0,,-47.40193902457389,0,0.0,0,0,1,0.0,0.0
786,26,6,True,2,-0.24447513644996843,3,3,0,0.9486832980505139,-0.2206796691986626,0.01387342704664702,-0.023795467251305824,0,0.0,0.0,0,-1.1925365674335404,-1.287764549255371,0.09522798182183068,279,279,279,3,-0.2478104711198841,0,0.9486832980505139,-0.027130801921221498,0,0.0,0,0,1,0.0,0.0
787,26,7,True,4,-0.21350387191091935,1,1,0,0.316227766016838,-0.19664421116771694,0.015860291496976812,-0.016859660743202415,0,0.0,0.0,0,-1.137064297163874,-1.1417219638824463,0.004657666718572262,1035,1035,1035,1,-0.2159768023778311,0,0.316227766016838,-0.01933259121011416,0,0.0,0,0,1,0.0,0.0
788,26,8,False,0,-50.0,0,1,1,,-0.16264519643543235,0.015838968295204196,-49.837354803564565,0,0.0,0.0,0,-1.1708447820416645,-1.2474610805511475,0.07661629850948293,0,0,0,0,-50.0,1,,-49.837354803564565,0,0.0,0,0,1,0.0,0.0
789,26,9,False,0,-50.0,0,0,0,,-0.16000002335391172,0.02453243539036046,-49.83999997664609,0,0.0,0.0,0,-0.989825807504518,-1.3441888093948364,0.35436300189031844,0,0,0,0,-50.0,0,,-49.83999997664609,0,0.0,0,0,1,0.0,0.0
790,26,10,True,1,-0.11702635691642771,3,3,0,0.7745966692414834,-0.11766427998636378,0.01958627692444772,0.0006379230699360694,0,0.0,0.0,0,-1.0393900496791277,-1.3151185512542725,0.2757285015751447,27,27,27,3,-0.11587650483519359,0,0.7745966692414834,0.0017877751511701928,0,0.0,0,0,1,0.0,0.0
791,26,11,True,2,-0.08678537534969681,1,1,0,0.9486832980505139,-0.08424003450979127,0.019198909109520525,-0.002545340839905541,0,0.0,0.0,0,-1.0185167631886167,-1.3782662153244019,0.35974945213578513,37,37,37,1,-0.08516650746208544,0,0.9486832980505139,-0.0009264729522941717,0,0.0,0,0,1,0.0,0.0
792,26,12,True,2,0.01624261465788458,3,3,0,0.9486832980505139,-0.058126009296007156,0.016207097953064797,0.07436862395389174,0,0.0,0.0,0,-0.87050271377213,-1.1745712757110596,0.3040685619389296,434,434,434,3,0.017400704282078603,0,0.9486832980505139,0.07552671357808576,0,0.0,0,0,1,0.0,0.0
793,26,13,True,3,0.048194083765456315,1,1,0,0.39999999999999997,-0.013504913763780374,0.01587183753433571,0.06169899752923669,0,0.0,0.0,0,-0.8469634065451159,-0.9682024121284485,0.12123900558333256,313,313,313,1,0.04955646861320506,0,0.39999999999999997,0.06306138237698544,0,0.0,0,0,1,0.0,0.0
794,26,14,True,1,0.1528517684073866,3,3,0,0.7745966692414834,0.14139912915323516,0.024345356968074782,0.011452639254151437,0,0.0,0.0,0,-0.6596634218613776,-0.5618123412132263,0.09785108064815129,508,508,508,3,0.15229158277098026,0,0.7745966692414834,0.010892453617745101,0,0.0,0,0,1,0.0,0.0
795,26,15,True,2,0.18830521817377502,3,3,0,0.9486832980505139,0.1934499482628224,0.021225212503174797,-0.005144730089047395,0,0.0,0.0,0,-0.6294313444690993,-0.5040012001991272,0.12543014426997212,513,513,513,3,0.1885786394156939,0,0.9486832980505139,-0.004871308847128525,0,0.0,0,0,1,0.0,0.0
796,26,16,True,2,0.22368446451708882,3,3,0,0.9486832980505139,0.2382150460687166,0.017642230805908328,-0.014530581551627786,0,0.0,0.0,0,-0.6025669281896009,-0.6653305888175964,0.06276366062799554,733,733,733,3,0.22437868423809473,0,0.9486832980505139,-0.013836361830621868,0,0.0,0,0,1,0.0,0.0
797,26,17,True,3,0.26039860268621484,3,3,0,0.7999999999999999,0.26799844862439554,0.020739471463866517,-0.007599845938180694,0,0.0,0.0,0,-0.5189138148783932,-0.4833216071128845,0.03559220776550864,747,747,747,3,0.26268607786608156,0,0.7999999999999999,-0.005312370758313978,0,0.0,0,0,1,0.0,0.0
798,26,18,True,3,0.2969044458042993,1,1,0,0.7999999999999999,0.3005581418745901,0.017120073688831672,-0.0036536960702908128,0,0.0,0.0,0,-0.48897214117757204,-0.4959748387336731,0.007002697556101056,649,649,649,3,0.29934998042786526,1,0.7999999999999999,-0.0012081614467248647,0,0.0,0,0,0,0.0,0.0
799,26,19,True,2,0.32753383474802555,3,3,0,0.9486832980505139,0.3419128933210801,0.013193905001084624,-0.014379058573054548,0,0.0,0.0,0,-0.43136431936530156,-0.585560142993927,0.15419582362862544,202,202,202,3,0.33544686465244666,0,0.9486832980505139,-0.006466028668633439,0,0.0,0,0,1,0.0,0.0
800,26,20,True,2,0.3668816946737972,1,1,0,0.9486832980505139,0.377374527938272,0.013487983697581874,-0.010492833264474755,0,0.0,0.0,0,-0.40075593743315513,-0.4666963219642639,0.06594038453110879,138,138,138,1,0.3728455723030968,0,0.9486832980505139,-0.004528955635175191,0,0.0,0,0,1,0.0,0.0
801,26,21,True,1,0.3441280237112821,3,3,0,0.7745966692414834,0.3401612405904902,0.012233792183754305,0.003966783120791906,0,0.0,0.0,0,-1.8727934963371866,-0.27057939767837524,1.6022140986588114,62,62,62,3,0.3452864660071446,0,0.7745966692414834,0.005125225416654389,0,0.0,0,0,1,0.0,0.0
802,26,22,True,2,0.3800734731083665,3,3,0,0.9486832980505139,0.37246692107896384,0.015606615051929054,0.007606552029402636,0,0.0,0.0,0,-1.9332982792604252,-0.7607818245887756,1.1725164546716496,82,82,82,3,0.3778754785488453,0,0.9486832980505139,0.005408557469881448,0,0.0,0,0,1,0.0,0.0
803,26,23,True,3,0.41785699494209594,3,3,0,0.7999999999999999,0.41675008940871744,0.014977863761146988,0.0011069055333784994,0,0.0,0.0,0,-1.925071548987215,-1.1607636213302612,0.7643079276569538,213,213,213,3,0.41564269978378443,0,0.7999999999999999,-0.0011073896249330084,0,0.0,0,0,1,0.0,0.0
804,26,24,True,4,0.45772032479993635,3,3,0,0.39999999999999997,0.46144890034995906,0.012139508557751288,-0.003728575550022706,0,0.0,0.0,0,-1.9115222521396613,-1.1361212730407715,0.7754009790988898,949,949,949,3,0.4539622910733313,0,0.39999999999999997,-0.007486609276627754,0,0.0,0,0,1,0.0,0.0
805,26,25,True,3,0.49753174807609213,1,1,0,0.7999999999999999,0.49637775606644186,0.011722301737024637,0.0011539920096502732,0,0.0,0.0,0,-1.8778035868320782,-0.9918203949928284,0.8859831918392498,3971,3971,3971,1,0.4936713981417915,0,0.7999999999999999,-0.002706357924650349,0,0.0,0,0,1,0.0,0.0
806,26,26,True,4,0.7806502179386227,3,1,1,-0.39999999999999997,0.783209026117152,0.00925887962095712,-0.0025588081785293815,0,0.0,0.0,0,0.7271707314680059,0.42052537202835083,0.3066453594396551,1,668,1,1,0.77760022285091,0,0.316227766016838,-0.005608803266242024,0,0.0,0,0,0,0.0,0.0
807,26,27,True,2,0.3034273199579449,3,0,1,0.7378647873726218,-2.508798402345749,0.06766035478700311,2.812225722303694,1,2.812225722303694,0.9293462915707618,1,-2.838453226984603,-1.2736420631408691,1.5648111638437339,108,34,34,3,0.2640796506920785,1,0.7378647873726218,2.7728780530378274,1,2.7728780530378274,1,1,1,2.7728780530378274,0.9227981049800698
808,26,28,True,2,0.3413591406236301,0,2,1,0.7378647873726218,-2.508798402345749,0.06766035478700311,2.850157542969379,1,2.850157542969379,0.9418814862347606,1,-2.843005428784939,-1.3591656684875488,1.48383976029739,129,90,90,0,0.3004115897711778,1,0.7378647873726218,2.8092099921169265,1,2.8092099921169265,1,1,1,2.8092099921169265,0.9348891684495625
809,26,29,True,2,0.8955020371927442,1,1,0,0.632455532033676,0.912578802,0.004570205132911241,-0.01707676480725573,0,0.0,0.0,0,0.8873878599677104,0.8445393443107605,0.042848515656949915,21,21,21,1,0.9062435311235298,0,0.632455532033676,-0.006335270876470123,0,0.0,0,0,1,0.0,0.0
810,27,0,False,0,-50.0,0,0,0,,-0.5399424261930477,0.10908501524817331,-49.46005757380695,0,0.0,0.0,0,-1.5095070709017433,-1.1506693363189697,0.35883773458277357,0,0,0,0,-50.0,0,,-49.46005757380695,0,0.0,0,0,1,0.0,0.0
811,27,1,False,0,-50.0,0,3,1,,-0.6617481791555913,0.1728630265853741,-49.338251820844405,0,0.0,0.0,0,-1.3185351099944234,-0.8267964720726013,0.49173863792182204,0,0,0,0,-50.0,1,,-49.338251820844405,0,0.0,0,0,1,0.0,0.0
812,27,2,False,0,-50.0,0,3,1,,-0.5317371143092731,0.1495120039116048,-49.46826288569073,0,0.0,0.0,0,-1.2996677253087177,-1.0524272918701172,0.24724043343860047,0,0,0,0,-50.0,1,,-49.46826288569073,0,0.0,0,0,1,0.0,0.0
813,27,3,False,0,-50.0,0,3,1,,-0.31209355828432384,0.01873457614154931,-49.687906441715675,0,0.0,0.0,0,-1.2451651442604734,-1.0711510181427002,0.17401412611777323,0,0,0,0,-50.0,1,,-49.687906441715675,0,0.0,0,0,1,0.0,0.0
814,27,4,False,0,-50.0,0,3,1,,-0.4239454292008853,0.12285805266095223,-49.576054570799116,0,0.0,0.0,0,-1.1767842169141005,-0.9267342686653137,0.2500499482487868,0,0,0,0,-50.0,1,,-49.576054570799116,0,0.0,0,0,1,0.0,0.0
815,27,5,True,1,-0.2562290173797529,3,3,0,0.7745966692414834,-0.24857183396928217,0.0345654263369218,-0.007657183410470725,0,0.0,0.0,0,-1.1550026914758018,-0.9621039032936096,0.1928987881821922,6,6,6,3,-1.577462131407423,0,0.7745966692414834,-1.328890297438141,0,0.0,0,0,1,0.0,0.0
816,27,6,True,2,-0.21465673078028286,3,3,0,0.9486832980505139,-0.19522310471317234,0.015972769385752907,-0.01943362606711052,0,0.0,0.0,0,-1.1342443809945628,-0.9625903964042664,0.17165398459029646,137,137,137,3,-0.2532107626565717,0,0.9486832980505139,-0.057987657943399384,0,0.0,0,0,1,0.0,0.0
817,27,7,True,4,-0.18186174895644955,1,1,0,0.39999999999999997,-0.16264519643543235,0.015838968295204196,-0.0192165525210172,0,0.0,0.0,0,-1.0952651166077993,-1.087165117263794,0.008099999344005404,999,999,999,1,-0.1847148692327724,0,0.19999999999999998,-0.02206967279734004,0,0.0,0,0,1,0.0,0.0
818,27,8,True,1,-0.14225035932197588,3,3,0,0.7745966692414834,-0.13248308291024366,0.0164643953903449,-0.009767276411732223,0,0.0,0.0,0,-1.052638671535452,-1.1068376302719116,0.054198958736459524,3,3,3,3,-1.4456483227163515,0,0.7745966692414834,-1.3131652398061078,0,0.0,0,0,1,0.0,0.0
819,27,9,True,2,-0.11338420201265469,3,3,0,0.9486832980505139,-0.11902938917638455,0.02018277421842909,0.005645187163729859,0,0.0,0.0,0,-1.029429883835221,-1.1691168546676636,0.13968697083244264,29,29,29,3,-0.15126591398891687,0,0.9486832980505139,-0.03223652481253232,0,0.0,0,0,1,0.0,0.0
820,27,10,True,2,-0.08380935770099712,3,3,0,0.9486832980505139,-0.08424003450979127,0.019198909109520525,0.0004306768087941476,0,0.0,0.0,0,-1.0193883173534544,-1.2969563007354736,0.27756798338201927,19,19,19,3,-0.08684398535138467,0,0.9486832980505139,-0.0026039508415934,0,0.0,0,0,1,0.0,0.0
821,27,11,True,2,-0.05087102781774269,3,3,0,0.9486832980505139,-0.06669686605307108,0.018642742984482322,0.01582583823532839,0,0.0,0.0,0,-0.9785133971753457,-1.3068122863769531,0.32829888920160744,39,39,39,3,-0.05250649396455492,0,0.9486832980505139,0.01419037208851616,0,0.0,0,0,1,0.0,0.0
822,27,12,True,2,-0.019431122990949377,1,1,0,0.9486832980505139,-0.0220757705208443,0.019417878821347115,0.002644647529894923,0,0.0,0.0,0,-0.9242242467506387,-1.111572265625,0.18734801887436126,31,31,31,1,-0.018509089316733614,0,0.9486832980505139,0.0035666812041106853,0,0.0,0,0,1,0.0,0.0
823,27,13,True,2,0.08372825786568189,3,3,0,0.9486832980505139,0.027094784295337626,0.014046393774352508,0.05663347357034426,0,0.0,0.0,0,-0.8037326576867699,-0.8371497392654419,0.03341708157867196,279,279,279,3,0.08372673326330327,0,0.9486832980505139,0.05663194896796564,0,0.0,0,0,1,0.0,0.0
824,27,14,True,3,0.11851131599120063,0,3,1,0.7999999999999999,0.05934837140968021,0.01565165919124645,0.05916294458152042,1,0.05916294458152042,0.019551369119901983,1,-0.7724658735607356,-0.7882804870605469,0.01581461349981128,78,204,78,3,0.11832458353108702,0,1.0,0.05897621212140681,0,0.0,0,0,0,0.0,0.0
825,27,15,True,3,0.14908649204288296,3,3,0,1.0,0.09824535459057009,0.01788893637821846,0.050841137452312876,0,0.0,0.0,0,-0.7823644904220035,-0.6260995864868164,0.1562649039351871,306,306,306,3,0.15239377206316582,0,1.0,0.05414841747259573,0,0.0,0,0,1,0.0,0.0
826,27,16,True,4,0.18506961612736175,0,1,1,-0.6000000000000001,0.1341762804198044,0.017279365149271007,0.05089333570755736,1,0.05089333570755736,0.016818540713275137,1,-0.7583418797803945,-0.4260452389717102,0.33229664080868426,17,539,17,0,0.18773873535751537,1,-0.6000000000000001,0.053562454937710974,1,0.053562454937710974,1,1,1,0.05089333570755736,0.016937013762865164
827,27,17,True,1,0.29835199535590495,3,3,0,0.7745966692414834,0.3052723694422902,0.01435123518705963,-0.006920374086385239,0,0.0,0.0,0,-0.49323054503855507,-0.3152020573616028,0.17802848767695229,27,27,27,3,0.29749122565016883,0,0.7745966692414834,-0.007781143792121359,0,0.0,0,0,1,0.0,0.0
828,27,18,True,2,0.3329500925059121,3,3,0,0.9486832980505139,0.3419128933210801,0.013193905001084624,-0.008962800815167982,0,0.0,0.0,0,-0.46584349312503026,-0.3554156422615051,0.11042785086352513,531,531,531,3,0.3334998658429088,0,0.9486832980505139,-0.008413027478171298,0,0.0,0,0,1,0.0,0.0
829,27,19,True,3,0.37208058110886927,3,3,0,0.7999999999999999,0.37906041432503984,0.013333799683962994,-0.006979833216170572,0,0.0,0.0,0,-0.3673400577140508,-0.30430132150650024,0.06303873620755057,653,653,653,3,0.37279487454345867,0,0.7999999999999999,-0.006265539781581175,0,0.0,0,0,1,0.0,0.0
830,27,20,True,4,0.4096852144590493,1,1,0,0.39999999999999997,0.41322640635115315,0.013905607436445153,-0.0035411918921038343,0,0.0,0.0,0,-0.3348727620019532,-0.15414635837078094,0.18072640363117226,713,713,713,1,0.41068785866660706,0,0.19999999999999998,-0.0025385476845460886,0,0.0,0,0,1,0.0,0.0
831,27,21,True,2,0.529922947359425,3,3,0,0.9486832980505139,0.5510366846780147,0.007424287901910203,-0.021113737318589676,0,0.0,0.0,0,0.14102317650308646,0.0933966189622879,0.04762655754079856,1804,1804,1804,3,0.5289051583314116,0,0.9486832980505139,-0.022131526346603092,0,0.0,0,0,1,0.0,0.0
832,27,22,True,4,0.5740634941743363,3,3,0,0.316227766016838,0.5905592648056254,0.008586258823772671,-0.016495770631289042,0,0.0,0.0,0,0.2439596139563979,-0.005629468709230423,0.24958908266562832,1769,1769,1769,3,0.573489722109897,0,0.316227766016838,-0.017069542695728357,0,0.0,0,0,1,0.0,0.0
833,27,23,True,3,0.6147704652112956,1,1,0,1.0,0.6251271228573053,0.010976362171409218,-0.010356657646009682,0,0.0,0.0,0,0.28502527265508387,0.30022066831588745,0.015195395660803579,1726,1726,1726,1,0.6137172571081132,0,1.0,-0.011409865749192116,0,0.0,0,0,1,0.0,0.0
834,27,24,True,4,0.5780361979295915,2,2,0,0.316227766016838,0.5905592648056254,0.008586258823772671,-0.012523066876033884,0,0.0,0.0,0,-1.6902338322337112,-0.5060985684394836,1.1841352637942275,62,62,62,2,0.5736208708171785,0,0.316227766016838,-0.016938393988446876,0,0.0,0,0,1,0.0,0.0
835,27,25,True,2,0.5382755744133265,2,2,0,0.9486832980505139,0.5510366846780147,0.007424287901910203,-0.01276111026468818,0,0.0,0.0,0,-1.848823379873709,-0.9497774839401245,0.8990458959335845,956,956,956,2,0.5339417985847875,0,0.9486832980505139,-0.01709488609322718,0,0.0,0,0,1,0.0,0.0
836,27,26,True,3,0.8188386033010813,3,3,0,0.7999999999999999,0.8233440684069822,0.009336726644933265,-0.0045054651059008854,0,0.0,0.0,0,0.7707077472551159,0.36865073442459106,0.40205701283052486,701,701,701,3,0.8200110983818232,0,0.7999999999999999,-0.0033329700251589767,0,0.0,0,0,1,0.0,0.0
837,27,27,True,4,0.8609201615349913,3,3,0,0.316227766016838,0.8658633448855839,0.009733270413091303,-0.004943183350592628,0,0.0,0.0,0,0.8183174303646924,0.7646642327308655,0.05365319763382692,741,741,741,3,0.8628719011699293,0,0.316227766016838,-0.002991443715654629,0,0.0,0,0,1,0.0,0.0
838,27,28,True,4,0.9039634586414802,3,3,0,0.316227766016838,0.9125984040000003,0.005369426615104918,-0.008634945358520052,0,0.0,0.0,0,0.8719457540360065,0.8999536633491516,0.02800790931314512,747,747,747,3,0.9062129045886624,0,0.316227766016838,-0.006385499411337814,0,0.0,0,0,1,0.0,0.0
839,27,29,True,3,0.9475291207325063,1,1,0,1.0,0.9501396000000002,0.005629749706692124,-0.002610479267493915,0,0.0,0.0,0,0.9325803614311425,1.0771205425262451,0.14454018109510258,650,650,650,1,0.9500401706334348,0,0.7999999999999999,-9.942936656537338e-05,0,0.0,0,0,1,0.0,0.0
840,28,0,False,0,-50.0,0,0,0,,-0.6588701980066654,0.14866810023961433,-49.34112980199333,0,0.0,0.0,0,-1.493140598905097,-1.1724050045013428,0.3207355944037542,0,0,0,0,-50.0,0,,-49.34112980199333,0,0.0,0,0,1,0.0,0.0
841,28,1,False,0,-50.0,0,0,0,,-0.48929843319702354,0.11150606585262732,-49.51070156680298,0,0.0,0.0,0,-1.33670204712478,-1.0491158962249756,0.2875861508998043,0,0,0,0,-50.0,0,,-49.51070156680298,0,0.0,0,0,1,0.0,0.0
842,28,2,False,0,-50.0,0,3,1,,-1.3496536258950127,0.1785547336090822,-48.650346374104984,0,0.0,0.0,0,-1.3174705806002636,-0.8778945207595825,0.43957605984068104,0,0,0,0,-50.0,1,,-48.650346374104984,0,0.0,0,0,1,0.0,0.0
843,28,3,False,0,-50.0,0,1,1,,-1.4748631150574414,0.16540802272934615,-48.52513688494256,0,0.0,0.0,0,-1.2985755151039768,-0.9839579463005066,0.31461756880347025,0,0,0,0,-50.0,1,,-48.52513688494256,0,0.0,0,0,1,0.0,0.0
844,28,4,False,0,-50.0,0,3,1,,-1.4107000784199393,0.17943954206316926,-48.589299921580064,0,0.0,0.0,0,-1.2683435507345002,-0.9368781447410583,0.3314654059934419,0,0,0,0,-50.0,1,,-48.589299921580064,0,0.0,0,0,1,0.0,0.0
845,28,5,True,1,-0.27008506050335623,3,3,0,0.7745966692414834,-1.2229333162539526,0.15847691715086046,0.9528482557505964,0,0.0,0.0,0,-1.2488883306051992,-1.007086992263794,0.24180133834140527,2,2,2,3,-1.6740786744422202,0,0.7745966692414834,-0.4511453581882676,0,0.0,0,0,1,0.0,0.0
846,28,6,True,3,-0.24251016280192778,0,1,1,0.316227766016838,-1.2868409886004932,0.17365499169822954,1.0443308257985655,1,1.0443308257985655,0.34511631567535966,1,-1.229214802852546,-1.0816707611083984,0.1475440417441476,16,5,5,0,-0.3534936173162219,1,0.316227766016838,0.9333473712842713,1,0.9333473712842713,1,1,1,0.9333473712842713,0.3106127168360928
847,28,7,True,4,-0.15074172962047,1,1,0,0.19999999999999998,-0.13248308291024366,0.0164643953903449,-0.01825864671022634,0,0.0,0.0,0,-1.0436528889413317,-0.9401669502258301,0.1034859387155016,733,733,733,1,-0.1512757673870159,0,0.316227766016838,-0.018792684476772237,0,0.0,0,0,1,0.0,0.0
848,28,8,True,2,-0.12051535071467864,3,3,0,0.9486832980505139,-0.12171879079164447,0.021563477319629452,0.0012034400769658227,0,0.0,0.0,0,-1.0066214706310102,-1.1104384660720825,0.10381699544107237,39,39,39,3,-0.15542488863721682,0,0.9486832980505139,-0.03370609784557235,0,0.0,0,0,1,0.0,0.0
849,28,9,True,4,-0.0898574477097718,1,1,0,0.19999999999999998,-0.09268939670505631,0.02146951783248883,0.0028319489952845084,0,0.0,0.0,0,-0.9777459462223967,-0.9510421752929688,0.026703770929427995,178,178,178,1,-0.08949119373458356,0,0.19999999999999998,0.003198202970472755,0,0.0,0,0,1,0.0,0.0
850,28,10,True,1,-0.052532754244284434,3,3,0,0.7745966692414834,-0.06819121024173429,0.01846815815495173,0.015658455997449854,0,0.0,0.0,0,-0.9099787878851794,-0.9230391383171082,0.013060350431928769,347,347,347,3,-0.05074985701408985,0,0.7745966692414834,0.017441353227644438,0,0.0,0,0,1,0.0,0.0
851,28,11,True,3,-0.021229059428454333,1,1,0,0.39999999999999997,-0.0220757705208443,0.019417878821347115,0.0008467110923899672,0,0.0,0.0,0,-0.8878577023729765,-0.895959198474884,0.00810149610190758,370,370,370,1,-0.019368235281378744,0,0.39999999999999997,0.0027075352394655555,0,0.0,0,0,1,0.0,0.0
852,28,12,True,2,0.012727188014579621,3,3,0,0.9486832980505139,0.010548150743398616,0.01547223386364227,0.0021790372711810047,0,0.0,0.0,0,-0.8624137940527972,-1.007102131843567,0.14468833779076973,31,31,31,3,0.014967672760106398,0,0.9486832980505139,0.004419522016707781,0,0.0,0,0,1,0.0,0.0
853,28,13,True,1,0.04766715836614714,3,3,0,0.7745966692414834,0.04887029234111617,0.018066803602659685,-0.0012031339749690312,0,0.0,0.0,0,-0.8277940218965809,-0.9077873826026917,0.07999336070611074,32,32,32,3,0.04879593002355478,0,0.7745966692414834,-7.436231756139527e-05,0,0.0,0,0,1,0.0,0.0
854,28,14,True,2,0.08284110611492967,3,3,0,0.632455532033676,0.09969256588486915,0.016877003570003525,-0.016851459769939472,0,0.0,0.0,0,-0.8030370008900867,-0.856390655040741,0.053353654150654295,267,267,267,3,0.08300309209563328,0,0.632455532033676,-0.016689473789235867,0,0.0,0,0,1,0.0,0.0
855,28,15,True,4,0.11624619280184666,1,1,0,0.316227766016838,0.12192996990762568,0.02005568674582059,-0.005683777105779025,0,0.0,0.0,0,-0.7782585847261247,-0.7347888946533203,0.043469690072804434,375,375,375,1,0.11759403742158499,0,0.316227766016838,-0.0043359324860406945,0,0.0,0,0,1,0.0,0.0
856,28,16,True,2,0.15277802497061066,3,3,0,0.9486832980505139,0.17661598961191188,0.013584412915658829,-0.023837964641301224,0,0.0,0.0,0,-0.7347918742195917,-0.664646565914154,0.07014530830543764,1091,1091,1091,3,0.15538083667952537,0,0.9486832980505139,-0.02123515293238651,0,0.0,0,0,1,0.0,0.0
857,28,17,True,3,0.18668754741546698,1,1,0,0.39999999999999997,0.2087549690831227,0.014422541372826123,-0.022067421667655712,0,0.0,0.0,0,-0.7022023970766909,-0.5888911485671997,0.11331124850949115,892,892,892,1,0.18896309207075113,0,0.39999999999999997,-0.01979187701237156,0,0.0,0,0,1,0.0,0.0
858,28,18,True,2,0.29750036168532945,0,0,0,0.9486832980505139,0.30198421831942457,0.014730133267712858,-0.004483856634095118,0,0.0,0.0,0,-0.5942797054180018,-0.418182909488678,0.1760967959293238,99,99,99,0,0.29661170219414756,0,0.9486832980505139,-0.005372516125277005,0,0.0,0,0,1,0.0,0.0
859,28,19,True,3,0.26272595918065794,2,1,1,0.7999999999999999,0.26471029750152997,0.020694039194318198,-0.0019843383208720256,0,0.0,0.0,0,-0.5830826533241681,-0.5770745873451233,0.0060080659790447966,861,799,799,1,0.2637139713088266,0,1.0,-0.000996326192703345,0,0.0,0,0,0,0.0,0.0
860,28,20,True,3,0.44982322559904053,3,3,0,0.7999999999999999,0.4469380464934349,0.022854498427205674,0.002885179105605651,0,0.0,0.0,0,-0.2924406331158184,-0.27279895544052124,0.019641677675297176,887,887,887,3,0.44997950653033725,0,0.7999999999999999,0.003041460036902366,0,0.0,0,0,1,0.0,0.0
861,28,21,True,4,0.488647782005176,0,0,0,0.19999999999999998,0.4681548127610576,0.02561648134289706,0.02049296924411842,0,0.0,0.0,0,-0.2557274051486285,-0.15881280601024628,0.09691459913838224,1673,1673,1673,0,0.4887152568442118,0,0.39999999999999997,0.020560444083154217,0,0.0,0,0,1,0.0,0.0
862,28,22,True,4,0.44985235178110283,2,2,0,0.19999999999999998,0.4632209715513789,0.012602723357748594,-0.013368619770276091,0,0.0,0.0,0,-0.34167143555042184,-0.26510196924209595,0.0765694663083259,6847,6847,6847,2,0.45000657408895234,0,0.316227766016838,-0.013214397462426586,0,0.0,0,0,1,0.0,0.0
863,28,23,True,2,0.655849297554997,3,3,0,0.9486832980505139,0.6634988870648003,0.00952353658075964,-0.007649589509803323,0,0.0,0.0,0,0.46742530630671225,0.3699929118156433,0.09743239449106894,1711,1711,1711,3,0.6553500058091644,0,0.9486832980505139,-0.008148881255635954,0,0.0,0,0,1,0.0,0.0
864,28,24,True,3,0.6960840529600041,3,1,1,0.7999999999999999,0.7005960181127155,0.011286111616541406,-0.004511965152711461,0,0.0,0.0,0,0.5091652453911485,0.5278083086013794,0.018643063210230904,91,1918,91,3,0.695366546713029,1,0.7999999999999999,-0.005229471399686547,0,0.0,0,0,1,0.0,0.0
865,28,25,True,4,0.736550033038223,3,3,0,0.316227766016838,0.7417036663010493,0.010847956690178443,-0.005153633262826363,0,0.0,0.0,0,0.5046060958159515,0.3110164403915405,0.19358965542441098,735,735,735,3,0.7357401915585131,0,0.316227766016838,-0.005963474742536223,0,0.0,0,0,1,0.0,0.0
866,28,26,True,3,0.7785884463612534,1,1,0,0.39999999999999997,0.785073156812966,0.008432320004077646,-0.006484710451712616,0,0.0,0.0,0,0.5446070362912518,0.47184640169143677,0.07276063459981508,600,600,600,1,0.7776256948350743,0,0.39999999999999997,-0.007447461977891701,0,0.0,0,0,1,0.0,0.0
867,28,27,True,2,0.9079316670656289,3,3,0,0.9486832980505139,0.9086780040000001,0.005735114245859471,-0.0007463369343712056,0,0.0,0.0,0,0.7984664403840996,0.8395861983299255,0.0411197579458259,3239,3239,3239,3,0.9074002403094698,0,0.9486832980505139,-0.0012777636905303424,0,0.0,0,0,1,0.0,0.0
868,28,28,True,3,0.951579715618053,1,1,0,0.39999999999999997,0.9481990020000002,0.007038703788191314,0.003380713618052811,0,0.0,0.0,0,0.8588241595897721,1.045285940170288,0.186461780580516,1773,1773,1773,1,0.9512416464404253,0,0.39999999999999997,0.003042644440425124,0,0.0,0,0,1,0.0,0.0
869,28,29,True,3,0.994694601576754,1,1,0,1.0,0.9960000000000001,0.002752988806446743,-0.0013053984232460625,0,0.0,0.0,0,0.9934221751171962,1.185873031616211,0.19245085649901472,627,627,627,1,0.9955428660948737,0,1.0,-0.0004571339051263612,0,0.0,0,0,1,0.0,0.0
870,29,0,False,0,-50.0,0,3,1,,-1.3855793333983566,0.14581851951855407,-48.614420666601646,0,0.0,0.0,0,-1.3890191922550563,-1.1294217109680176,0.25959748128703874,0,0,0,0,-50.0,1,,-48.614420666601646,0,0.0,0,0,1,0.0,0.0
871,29,1,False,0,-50.0,0,3,1,,-1.5713457243049103,0.17010410999182235,-48.42865427569509,0,0.0,0.0,0,-1.3551561914773569,-0.9511272311210632,0.40402896035629365,0,0,0,0,-50.0,1,,-48.42865427569509,0,0.0,0,0,1,0.0,0.0
872,29,2,False,0,-50.0,0,0,0,,-1.4748631150574414,0.16540802272934615,-48.52513688494256,0,0.0,0.0,0,-1.336258220253188,-0.9823057651519775,0.35395245510121054,0,0,0,0,-50.0,0,,-48.52513688494256,0,0.0,0,0,1,0.0,0.0
873,29,3,False,0,-50.0,0,3,1,,-1.25612681799797,0.16809737817532355,-48.74387318200203,0,0.0,0.0,0,-1.3071797903426547,-1.1464056968688965,0.16077409347375826,0,0,0,0,-50.0,1,,-48.74387318200203,0,0.0,0,0,1,0.0,0.0
874,29,4,False,0,-50.0,0,0,0,,-1.297722974003229,0.16148280684709132,-48.70227702599677,0,0.0,0.0,0,-1.2877097254615912,-1.0181615352630615,0.2695481901985297,0,0,0,0,-50.0,0,,-48.70227702599677,0,0.0,0,0,1,0.0,0.0
875,29,5,False,0,-50.0,0,3,1,,-1.3296962689606542,0.18251628361468905,-48.67030373103935,0,0.0,0.0,0,-1.2679522986275562,-1.2113127708435059,0.05663952778405035,0,0,0,0,-50.0,1,,-48.67030373103935,0,0.0,0,0,1,0.0,0.0
876,29,6,True,1,-0.27008506050335623,0,0,0,0.7745966692414834,-1.2657885966141138,0.1689951587234986,0.9957035361107576,0,0.0,0.0,0,-1.249028381868334,-1.0864059925079346,0.16262238936039952,5,5,5,0,-1.6740786744422202,0,0.7745966692414834,-0.40829007782810645,0,0.0,0,0,1,0.0,0.0
877,29,7,True,2,-0.11912468688000603,3,3,0,0.9486832980505139,-0.12171879079164447,0.021563477319629452,0.002594103911638432,0,0.0,0.0,0,-0.9823007547628806,-0.9463478922843933,0.03595286247848728,682,682,682,3,-0.11926390814943758,0,0.9486832980505139,0.0024548826422068903,0,0.0,0,0,1,0.0,0.0
878,29,8,True,2,-0.08692415652950293,3,3,0,0.9486832980505139,-0.09268939670505631,0.02146951783248883,0.005765240175553382,0,0.0,0.0,0,-0.9527350719243218,-0.8297716975212097,0.12296337440311211,693,693,693,3,-0.08694105318396043,0,0.9486832980505139,0.005748343521095878,0,0.0,0,0,1,0.0,0.0
879,29,9,True,3,-0.05485985972081572,3,3,0,1.0,-0.06957010841347244,0.01918936270349315,0.014710248692656726,0,0.0,0.0,0,-0.9295508962789721,-0.8651164770126343,0.06443441926633786,652,652,652,3,-0.054256826999351165,0,0.7999999999999999,0.015313281414121277,0,0.0,0,0,1,0.0,0.0
880,29,10,True,2,-0.021139944528453455,3,3,0,0.9486832980505139,-0.02056633194643704,0.019520315560219798,-0.0005736125820164154,0,0.0,0.0,0,-0.8843026845233268,-0.8116218447685242,0.07268083975480266,519,519,519,3,-0.020253641736154255,0,0.9486832980505139,0.0003126902102827851,0,0.0,0,0,1,0.0,0.0
881,29,11,True,3,0.012244586570596086,3,3,0,1.0,0.013462718154623122,0.014319495097770696,-0.0012181315840270358,0,0.0,0.0,0,-0.8437226420728694,-0.733888566493988,0.10983407557888136,658,658,658,3,0.01402844807660194,0,1.0,0.0005657299219788189,0,0.0,0,0,1,0.0,0.0
882,29,12,True,2,0.04659537595564722,3,3,0,0.9486832980505139,0.04880960679628243,0.017535719040342027,-0.002214230840635205,0,0.0,0.0,0,-0.7948671788329787,-0.6990902423858643,0.09577693644711449,672,672,672,3,0.048770827674463536,0,0.9486832980505139,-3.877912181889098e-05,0,0.0,0,0,1,0.0,0.0
883,29,13,True,2,0.08083690952713776,3,3,0,0.9486832980505139,0.09677799847364463,0.0185911363789055,-0.015941088946506865,0,0.0,0.0,0,-0.7693936469807091,-0.6752175688743591,0.09417607810634998,661,661,661,3,0.08300242163765405,0,0.9486832980505139,-0.01377557683599058,0,0.0,0,0,1,0.0,0.0
884,29,14,True,2,0.11539611198564219,3,3,0,0.9486832980505139,0.12034274134033837,0.019899090443930127,-0.004946629354696183,0,0.0,0.0,0,-0.7442707686437758,-0.5861042141914368,0.15816655445233907,677,677,677,3,0.1175940199635787,0,0.9486832980505139,-0.0027487213767596747,0,0.0,0,0,1,0.0,0.0
885,29,15,True,3,0.1502546815261639,3,3,0,1.0,0.16906803438176032,0.01783631891061173,-0.018813352855596432,0,0.0,0.0,0,-0.718861734410174,-0.4844183921813965,0.2344433422287775,702,702,702,3,0.15257308876860454,0,1.0,-0.016494945613155787,0,0.0,0,0,1,0.0,0.0
886,29,16,True,3,0.18685544460513234,3,3,0,1.0,0.2087549690831227,0.014422541372826123,-0.021899524477990345,0,0.0,0.0,0,-0.6544730452127072,-0.4366564154624939,0.21781662975021332,729,729,729,3,0.18888998132819956,0,1.0,-0.019864987754923125,0,0.0,0,0,1,0.0,0.0
887,29,17,True,3,0.22265376095437153,3,3,0,1.0,0.246088979245857,0.014911717806646815,-0.023435218291485455,0,0.0,0.0,0,-0.626855437746271,-0.4340530037879944,0.19280243395827656,1056,1056,1056,3,0.2246942323837627,0,1.0,-0.021394746862094277,0,0.0,0,0,1,0.0,0.0
888,29,18,True,4,0.2602419116984198,3,3,0,0.632455532033676,0.2632842210566955,0.02233311540229936,-0.0030423093582757077,0,0.0,0.0,0,-0.5477084805039284,-0.43461304903030396,0.11309543147362444,1131,1131,1131,3,0.26184131757099705,0,0.632455532033676,-0.0014429034856984768,0,0.0,0,0,1,0.0,0.0
889,29,19,True,3,0.29749735345395006,3,3,0,1.0,0.30852763905392716,0.013517287331723781,-0.011030285599977097,0,0.0,0.0,0,-0.5181819117999051,-0.49899840354919434,0.0191835082507108,1191,1191,1191,3,0.2984646356535458,0,1.0,-0.010063003400381354,0,0.0,0,0,1,0.0,0.0
890,29,20,True,3,0.3371650673876377,3,3,0,0.7999999999999999,0.3417806963269327,0.011380115030253189,-0.004615628939295013,0,0.0,0.0,0,-0.43708071154578365,-0.49718958139419556,0.060108869848411906,1189,1189,1189,3,0.3364129320462407,0,0.7999999999999999,-0.005367764280692022,0,0.0,0,0,1,0.0,0.0
891,29,21,True,4,0.3740690613765443,3,3,0,0.316227766016838,0.3774246004498454,0.014105496510807936,-0.003355539073301106,0,0.0,0.0,0,-0.4055771702486745,-0.5442364811897278,0.13865931094105327,1855,1855,1855,3,0.3738722273300863,0,0.316227766016838,-0.003552373119759089,0,0.0,0,0,1,0.0,0.0
892,29,22,True,2,0.41196967936005047,0,0,0,0.9486832980505139,0.41494550638562666,0.013925586613121467,-0.0029758270255761943,0,0.0,0.0,0,-0.37527208167525344,-0.3744277358055115,0.0008443458697419692,7703,7703,7703,0,0.4117273622813022,0,0.9486832980505139,-0.003218144104324472,0,0.0,0,0,1,0.0,0.0
893,29,23,True,2,0.6917492492525109,3,3,0,0.9486832980505139,0.7005960181127155,0.011286111616541406,-0.008846768860204635,0,0.0,0.0,0,0.5072349779497781,0.2431778460741043,0.2640571318756738,114,114,114,3,0.6932798343234489,0,0.9486832980505139,-0.007316183789266684,0,0.0,0,0,1,0.0,0.0
894,29,24,True,4,0.7353372989923749,3,3,0,0.39999999999999997,0.7417036663010493,0.010847956690178443,-0.006366367308674459,0,0.0,0.0,0,0.5511241823270776,0.5510943531990051,2.9829128072478284e-05,1708,1708,1708,3,0.7346356209453031,0,0.39999999999999997,-0.007068045355746233,0,0.0,0,0,1,0.0,0.0
895,29,25,True,3,0.7779708089611984,3,3,0,0.7999999999999999,0.786975136912766,0.008419444465738609,-0.009004327951567581,0,0.0,0.0,0,0.6084422754769567,0.5725351572036743,0.03590711827328241,1750,1750,1750,3,0.7775969330016425,0,0.7999999999999999,-0.00937820391112354,0,0.0,0,0,1,0.0,0.0
896,29,26,True,4,0.8209868460585564,3,3,0,0.39999999999999997,0.8214991496313682,0.010815021658143794,-0.0005123035728117342,0,0.0,0.0,0,0.6531946654320151,0.6363564133644104,0.016838252067604698,2293,2293,2293,3,0.8200094493034833,0,0.39999999999999997,-0.0014897003278848686,0,0.0,0,0,1,0.0,0.0
897,29,27,True,2,0.864988529474797,0,0,0,0.9486832980505139,0.8658633448855839,0.009733270413091305,-0.0008748154107869333,0,0.0,0.0,0,0.7296685725449616,0.7405813932418823,0.010912820696920678,2292,2292,2292,0,0.864015785306321,0,0.9486832980505139,-0.0018475595792629695,0,0.0,0,0,1,0.0,0.0
898,29,28,True,2,0.9958232306288658,3,3,0,0.9486832980505139,0.998,0.002000000000000002,-0.0021767693711342018,0,0.0,0.0,0,0.9843845560911103,1.0967978239059448,0.11241326781483452,1677,1677,1677,3,0.9955741512355608,0,0.9486832980505139,-0.002425848764439187,0,0.0,0,0,1,0.0,0.0
