state,row,col,covered,n_actions_covered,pi_d_star_V,pi_d_star_action,best_config_action,argmax_disagree,rank_correlation,ppo_discounted_return,ppo_discounted_return_stderr,value_gap,is_disagreement,severity_raw,severity,statistically_significant,true_value_pi_beta,critic_pred_pi_beta,critic_abs_error,n_pi_d_star_action,n_best_config_action,pair_min_samples,pi_d_star_action_cross,pi_d_star_V_cross,argmax_disagree_cross,rank_correlation_cross,value_gap_cross,is_disagreement_cross,severity_raw_cross,statistically_significant_cross,is_disagreement_strict,severity_raw_strict,severity_strict,total_samples,log_coverage,goal_distance,hazard_distance,local_connectivity,action_sample_gap,log_n_best_config_action,log_pair_min_samples,pi_beta_prob_gap
0,0,0,True,3,-0.149195231993416,3,3,0,0.316227766016838,-0.1955464796003343,0.018301949589182,0.0463512476069182,0,0.0,0.0,0,-0.6583917841081031,-0.6400913000106812,0.0183004840974219,4476,4476,4476,3,-0.1539541784191466,0,0.316227766016838,0.0415923011811876,0,0.0,0,0,0.0,0.0,4483,8.40827078419205,64,32,1,0.0,8.406708458240965,8.406708458240965,0.0
1,0,1,True,3,-0.139865450940646,3,3,0,1.0,-0.1942592755967786,0.0203379373776157,0.0543938246561325,0,0.0,0.0,0,-0.654656812301944,-0.6249808669090271,0.0296759453929168,4477,4477,4477,3,-0.1447153488087794,0,1.0,0.0495439267879991,0,0.0,0,0,0.0,0.0,4498,8.411610428841172,63,31,2,0.0,8.4069317971587,8.4069317971587,0.0
2,0,2,True,3,-0.1302203800787751,3,3,0,1.0,-0.1958528277166546,0.0230270807568941,0.0656324476378795,0,0.0,0.0,0,-0.6507640823934605,-0.5981927514076233,0.0525713309858372,5825,5825,5825,3,-0.1351259329806014,0,1.0,0.0607268947360531,0,0.0,0,0,0.0,0.0,5852,8.67470962929122,62,30,2,0.0,8.67008593751938,8.67008593751938,0.0
3,0,3,True,4,-0.1205004621774223,1,1,0,0.7999999999999999,-0.1796829713228548,0.0202093909893069,0.0591825091454325,0,0.0,0.0,0,-0.6468213996900594,-0.59195476770401,0.0548666319860493,5599,5599,5599,1,-0.1254223253236791,0,0.632455532033676,0.0542606459991757,0,0.0,0,0,0.0,0.0,7785,8.960082528170402,61,29,2,0.0,8.630521876723241,8.630521876723241,0.0
12,0,12,True,2,-0.9999989913057296,1,1,0,0.948683298050514,-0.8635585061861437,0.0024618189558938,-0.1364404851195858,0,0.0,0.0,0,-0.998749913994299,-0.3140861392021179,0.6846637747921811,1,1,1,1,-2.2528573830706264,0,0.948683298050514,-1.3892988768844827,0,0.0,0,0,0.0,0.0,4,1.6094379124341003,62,26,3,0.0,0.6931471805599453,0.6931471805599453,0.0
13,0,13,True,2,-0.9999989913057296,1,1,0,0.948683298050514,-0.8660203251420378,1.2490984923352586e-17,-0.1339786661636919,0,0.0,0.0,0,-0.9994451719727506,-0.3009601533412933,0.6984850186314573,30,30,30,3,-1.03474469578154,1,0.7378647873726218,-0.1687243706395023,0,0.0,0,0,0.0,0.0,59,4.0943445622221,63,27,3,0.0,3.4339872044851463,3.4339872044851463,0.0
14,0,14,True,2,-0.9999989913057308,1,3,1,0.8944271909999159,-0.8660203251420378,1.2490984923352586e-17,-0.133978666163693,0,0.0,0.0,0,-0.9997803120841644,-0.4522630572319031,0.5475172548522613,7,523,7,3,-1.002882465580305,0,0.948683298050514,-0.1368621404382672,0,0.0,0,0,0.0,0.0,530,6.274762021241939,64,28,2,4.182050142641206,6.261491684321042,2.0794415416798357,0.9778393041342497
15,0,15,True,3,-0.9999989913057308,2,3,1,-0.6000000000000001,-0.8660203251420378,1.2490984923352586e-17,-0.1339786661636931,0,0.0,0.0,0,-0.9997872254058288,-0.5152255296707153,0.4845616957351133,478,985,478,0,-1.00205280729751,1,-0.1054092553389459,-0.1360324821554723,0,0.0,0,0,0.0,0.0,1510,7.32052696227274,65,29,1,0.7219557571917203,6.893656354602635,6.171700597410915,0.32510268688201904
16,0,16,True,2,-0.9999989913057288,1,1,0,0.948683298050514,-0.8660203251420378,1.2490984923352586e-17,-0.1339786661636911,0,0.0,0.0,0,-0.9977852855838,-0.1733897626399994,0.8243955229438007,3,3,3,1,-1.0060852069265718,0,0.948683298050514,-0.140064881784534,0,0.0,0,0,0.0,0.0,10,2.3978952727983707,54,16,2,0.0,1.3862943611198906,1.3862943611198906,0.0
17,0,17,True,1,-0.9999989913057306,3,3,0,0.7745966692414834,-0.8660203251420378,1.2490984923352586e-17,-0.1339786661636928,0,0.0,0.0,0,-0.9949664673455912,-0.2312313616275787,0.7637351057180125,7,7,7,3,-1.2274552118945723,0,0.7745966692414834,-0.3614348867525347,0,0.0,0,0,0.0,0.0,7,2.0794415416798357,53,15,2,0.0,2.0794415416798357,2.0794415416798357,0.0
18,0,18,True,1,-0.9999989913057304,3,1,1,0.2581988897471611,-0.8641729607551556,0.0018473643868821,-0.1358260305505748,0,0.0,0.0,0,-0.9948326245647072,-0.1975308656692505,0.7973017588954567,8,0,0,3,-1.2359220054783078,1,0.2581988897471611,-0.3717490447231522,0,0.0,0,0,0.0,0.0,8,2.1972245773362196,52,14,2,-2.1972245773362196,0.0,0.0,-0.9746611062437296
19,0,19,True,2,-0.9999989913057304,1,3,1,0.8944271909999159,-0.856118177724283,0.0062809498286142,-0.1438808135814474,0,0.0,0.0,0,-0.9947717991073046,-0.0156972929835319,0.9790745061237728,1,8,1,1,-1.2387271157065545,1,0.7378647873726218,-0.3826089379822714,0,0.0,0,0,0.0,0.0,9,2.302585092994046,51,13,3,1.5040773967762742,2.1972245773362196,0.6931471805599453,0.5197968631982803
20,0,20,True,1,-0.9999989913057304,1,3,1,0.2581988897471611,-0.856118177724283,0.0062809498286142,-0.1438808135814473,0,0.0,0.0,0,-0.9993302343215454,-0.0768525674939155,0.92247766682763,7,0,0,1,-3.445447913737099,1,0.2581988897471611,-2.589329736012816,0,0.0,0,0,0.0,0.0,7,2.0794415416798357,52,12,2,-2.0794415416798357,0.0,0.0,-0.972218532115221
33,1,3,True,4,-0.1105703161820236,1,1,0,0.3999999999999999,-0.1571713453265765,0.018361627378894,0.0466010291445529,0,0.0,0.0,0,-0.6404924696698217,-0.5844153761863708,0.0560770934834508,5687,5687,5687,1,-0.115609667899538,0,0.316227766016838,0.0415616774270385,0,0.0,0,0,0.0,0.0,7041,8.859647499714997,60,28,2,0.0,8.646113971483077,8.646113971483077,0.0
34,1,4,True,3,-0.0706106872777191,3,3,0,1.0,-0.1459576853083643,0.0229802086715564,0.0753469980306451,0,0.0,0.0,0,-0.5549039749984941,-0.5718774199485779,0.0169734449500837,49,49,49,3,-0.0721163825637018,0,1.0,0.0738413027446624,0,0.0,0,0,0.0,0.0,127,4.852030263919617,57,25,2,0.0,3.912023005428146,3.912023005428146,0.0
35,1,5,True,2,-0.0607870481355399,3,3,0,0.948683298050514,-0.1462541640957811,0.0264046867707061,0.0854671159602412,0,0.0,0.0,0,-0.5042573417023475,-0.5307928919792175,0.02653555027687,50,50,50,3,-0.0622069350371312,0,0.948683298050514,0.0840472290586499,0,0.0,0,0,0.0,0.0,51,3.9512437185814275,58,26,2,0.0,3.9318256327243257,3.9318256327243257,0.0
36,1,6,True,1,-0.0502764685058096,3,3,0,0.7745966692414834,-0.1349761266619147,0.0266749848669153,0.084699658156105,0,0.0,0.0,0,-0.497402133337797,-0.5272975564002991,0.029895423062502,52,52,52,3,-0.0516984016210276,0,0.7745966692414834,0.083277725040887,0,0.0,0,0,0.0,0.0,52,3.970291913552122,59,27,2,0.0,3.970291913552122,3.970291913552122,0.0
37,1,7,True,3,-0.0394459303675319,1,1,0,1.0,-0.0685516052105319,0.0123973183522966,0.0291056748429999,0,0.0,0.0,0,-0.4916877289783841,-0.5317800641059875,0.0400923351276034,48,48,48,1,-0.0410589233947389,0,1.0,0.0274926818157929,0,0.0,0,0,0.0,0.0,53,3.9889840465642745,60,28,2,0.0,3.8918202981106265,3.8918202981106265,0.0
40,1,10,True,1,-0.0716096369886086,3,3,0,0.7745966692414834,-0.6148661768433523,0.0351262156158429,0.5432565398547436,0,0.0,0.0,0,-0.945799658110508,-0.4447296261787414,0.5010700319317666,1,1,1,3,-2.634357212225069,0,0.7745966692414834,-2.0194910353817166,0,0.0,0,0,0.0,0.0,1,0.6931471805599453,61,27,3,0.0,0.6931471805599453,0.6931471805599453,0.0
41,1,11,True,2,-0.06223195742665,1,1,0,0.948683298050514,-0.6414037876583543,0.0331763364672555,0.5791718302317043,0,0.0,0.0,0,-0.9445517198504224,-0.3623524010181427,0.5821993188322798,70,70,70,1,-0.0918993954366854,0,0.948683298050514,0.5495043922216688,0,0.0,0,0,0.0,0.0,139,4.941642422609304,60,26,3,0.0,4.2626798770413155,4.2626798770413155,0.0
42,1,12,True,2,-0.9999989913057294,1,1,0,0.948683298050514,-0.855324104587757,0.0106962205542806,-0.1446748867179724,0,0.0,0.0,0,-0.9981780544037128,-0.2747661769390106,0.7234118774647023,57,57,57,1,-1.0089972561062646,0,0.948683298050514,-0.1536731515185075,0,0.0,0,0,0.0,0.0,83,4.430816798843313,61,25,4,0.0,4.060443010546419,4.060443010546419,0.0
43,1,13,True,3,-0.9999989913057296,2,0,1,0.1999999999999999,-0.852232007376578,0.0090078722380887,-0.1477669839291515,0,0.0,0.0,0,-0.999177392638572,-0.4499306678771972,0.5492467247613746,10,43,10,2,-1.0095730275546275,1,0.1999999999999999,-0.1573410201780497,0,0.0,0,0,0.0,0.0,55,4.02535169073515,62,26,2,1.3862943611198904,3.784189633918261,2.3978952727983707,0.5724882036447525
44,1,14,True,2,-0.9999989913057292,3,3,0,0.948683298050514,-0.8660203251420378,1.2490984923352586e-17,-0.1339786661636915,0,0.0,0.0,0,-0.9997841815402128,-0.3218069076538086,0.6779772738864042,60,60,60,1,-1.0000085933467218,1,0.7378647873726218,-0.133988268204684,0,0.0,0,0,0.0,0.0,161,5.087596335232384,59,21,2,0.0,4.110873864173311,4.110873864173311,0.0
45,1,15,True,3,-0.9999989913057292,1,1,0,1.0,-0.8660203251420378,1.2490984923352586e-17,-0.1339786661636914,0,0.0,0.0,0,-0.9997740367481146,-0.3140559494495392,0.6857180872985754,65,65,65,2,-1.000009897030401,1,0.1999999999999999,-0.1339895718883632,0,0.0,0,0,0.0,0.0,67,4.219507705176107,58,20,2,0.0,4.189654742026425,4.189654742026425,0.0
46,1,16,True,2,-0.9999989913057288,1,1,0,0.4472135954999579,-0.8660203251420378,1.2490984923352586e-17,-0.1339786661636911,0,0.0,0.0,0,-0.9997631807900634,-0.1658081114292144,0.833955069360849,193,193,193,3,-1.0001686908776193,1,0.2108185106778919,-0.1341483657355815,0,0.0,0,0,0.0,0.0,303,5.717027701406222,55,17,3,0.0,5.267858159063328,5.267858159063328,0.0
47,1,17,True,3,-0.9999989913057288,3,3,0,1.0,-0.8660203251420378,1.2490984923352586e-17,-0.133978666163691,0,0.0,0.0,0,-0.9998869856878384,-0.3089138567447662,0.6909731289430722,2391,2391,2391,3,-1.000013450196993,0,1.0,-0.1339931250549553,0,0.0,0,0,0.0,0.0,2414,7.789454566086673,56,18,2,0.0,7.779885115070522,7.779885115070522,0.0
48,1,18,True,3,-0.9999989913057288,0,2,1,0.2581988897471611,-0.8660203251420378,1.2490984923352586e-17,-0.1339786661636909,0,0.0,0.0,0,-0.999889177169402,-0.3866180777549743,0.6132710994144277,21,2297,21,0,-1.000009407896271,1,-0.2108185106778919,-0.1339890827542329,0,0.0,0,0,0.0,0.0,4434,8.39728289474368,57,19,1,4.648752005050385,7.739794458408701,3.091042453358316,0.5157547174021602
49,1,19,True,2,-0.9999989913057304,3,1,1,0.2108185106778919,-0.7797111226779925,0.0208931907284913,-0.2202878686277378,0,0.0,0.0,0,-0.9811418747180852,-0.0319647416472435,0.9491771330708418,3,5,3,1,-1.1817687366505327,0,0.632455532033676,-0.4020576139725402,0,0.0,0,0,0.0,0.0,8,2.1972245773362196,50,12,3,0.4054651081081644,1.791759469228055,1.3862943611198906,0.4381532371044159
50,1,20,True,1,-0.9999989913057304,3,1,1,0.2581988897471611,-0.8409860138378331,0.0102383047549286,-0.1590129774678972,0,0.0,0.0,0,-0.9994501646216882,-0.1390483081340789,0.8604018564876093,8,0,0,3,-3.531793340370053,1,0.2581988897471611,-2.6908073265322203,0,0.0,0,0,0.0,0.0,8,2.1972245773362196,51,11,3,-2.1972245773362196,0.0,0.0,-0.9655334800481796
51,1,21,True,2,-0.9999989913057304,1,0,1,-0.2108185106778919,-0.8660203251420378,1.2490984923352586e-17,-0.1339786661636925,0,0.0,0.0,0,-0.9999530949396328,0.00954020768404,1.0094933026236728,11,0,0,1,-3.6252883959855193,1,-0.2108185106778919,-2.759268070843482,0,0.0,0,0,0.0,0.0,13,2.6390573296152584,52,10,3,-2.4849066497880004,0.0,0.0,-0.916373199201189
63,2,3,True,4,-0.1005982445109704,1,1,0,0.1999999999999999,-0.1701274245797527,0.0239465038665593,0.0695291800687823,0,0.0,0.0,0,-0.6342396553910409,-0.6305562853813171,0.0036833700097237,4415,4415,4415,1,-0.1056869088581651,0,0.316227766016838,0.0644405157215876,0,0.0,0,0,0.0,0.0,5887,8.680671660408713,59,27,2,0.0,8.392989587956931,8.392989587956931,0.0
64,2,4,True,3,-0.0624973280232457,3,3,0,0.7999999999999999,-0.1379908925960838,0.0240434273618443,0.075493564572838,0,0.0,0.0,0,-0.5874585068946582,-0.5369592308998108,0.0504992759948473,4094,4094,4094,3,-0.0638634693600062,0,0.7999999999999999,0.0741274232360776,0,0.0,0,0,0.0,0.0,4691,8.453614209773367,56,24,3,0.0,8.31752199628717,8.31752199628717,0.0
65,2,5,True,2,-0.0515773600944114,1,1,0,0.948683298050514,-0.1342935632607295,0.0259760038671909,0.082716203166318,0,0.0,0.0,0,-0.5802196227788678,-0.5499200224876404,0.0302996002912274,3903,3903,3903,1,-0.0528401889919087,0,0.948683298050514,0.0814533742688208,0,0.0,0,0,0.0,0.0,7083,8.865593998902725,55,23,3,0.0,8.269756947532983,8.269756947532983,0.0
66,2,6,True,3,-0.0617687489792841,2,2,0,0.7999999999999999,-0.1378602323076615,0.0240549681127883,0.0760914833283773,0,0.0,0.0,0,-0.5855725353185728,-0.599087655544281,0.0135151202257082,3253,3253,3253,2,-0.063071458891953,0,0.948683298050514,0.0747887734157084,0,0.0,0,0,0.0,0.0,3906,8.27052509505507,56,24,1,0.0,8.087640287778983,8.087640287778983,0.0
67,2,7,True,1,-0.029536926657846,3,3,0,0.7745966692414834,-0.0795170399273755,0.0191379306028242,0.0499801132695295,0,0.0,0.0,0,-0.4850422298251066,-0.4909098148345947,0.0058675850094881,50,50,50,3,-0.0302997229011121,0,0.7745966692414834,0.0492173170262634,0,0.0,0,0,0.0,0.0,50,3.9318256327243257,59,27,2,0.0,3.9318256327243257,3.9318256327243257,0.0
68,2,8,True,1,-0.0184510383672474,3,3,0,0.7745966692414834,-0.0560921345985136,0.0163226880264341,0.0376410962312661,0,0.0,0.0,0,-0.4792281262727008,-0.5112529993057251,0.0320248730330242,58,58,58,3,-0.0194197960836491,0,0.7745966692414834,0.0366723385148644,0,0.0,0,0,0.0,0.0,58,4.07753744390572,58,26,2,0.0,4.07753744390572,4.07753744390572,0.0
69,2,9,True,3,-0.0071792160267207,1,1,0,1.0,-0.0395352829867603,0.0132756420812891,0.0323560669600395,0,0.0,0.0,0,-0.4733443816480646,-0.5129793286323547,0.0396349469842901,145,145,145,1,-0.0084177974729134,0,1.0,0.0311174855138468,0,0.0,0,0,0.0,0.0,158,5.0689042022202315,57,25,2,0.0,4.983606621708336,4.983606621708336,0.0
70,2,10,True,1,-0.0043789448869842,3,3,0,0.7745966692414834,-0.6269752572229141,0.0340896319917096,0.6225963123359299,0,0.0,0.0,0,-0.8949692318260641,-0.502613365650177,0.3923558661758871,7,7,7,3,0.0005921010414546,0,0.7745966692414834,0.6275673582643688,0,0.0,0,0,0.0,0.0,7,2.0794415416798357,60,28,1,0.0,2.0794415416798357,2.0794415416798357,0.0
71,2,11,True,4,0.0056778331483034,1,0,1,-0.3999999999999999,-0.6171719868859171,0.0353802562962284,0.6228498200342206,1,0.6228498200342206,0.6977580579716991,1,-0.8938184708962957,-0.3390867710113525,0.5547316998849432,10,146,10,1,0.0115185777066798,1,-0.3999999999999999,0.628690564592597,1,0.628690564592597,1,1,0.6228498200342206,0.5857944828927827,172,5.153291594497779,59,27,3,2.5925373139803654,4.990432586778736,2.3978952727983707,0.7629969641566277
72,2,12,True,1,-0.9999989913057292,3,3,0,0.7745966692414834,-0.8660203251420378,1.2490984923352586e-17,-0.1339786661636915,0,0.0,0.0,0,-0.9997490046450276,-0.4495322704315185,0.5502167342135091,63,63,63,3,-1.0002485385874555,0,0.7745966692414834,-0.1342282134454178,0,0.0,0,0,0.0,0.0,63,4.1588830833596715,62,24,2,0.0,4.1588830833596715,4.1588830833596715,0.0
73,2,13,True,2,-0.9999989913057292,3,3,0,0.948683298050514,-0.8660203251420378,1.2490984923352586e-17,-0.1339786661636915,0,0.0,0.0,0,-0.9997890595982284,-0.4742652773857116,0.5255237822125167,124,124,124,3,-1.0000148073168975,0,0.948683298050514,-0.1339944821748599,0,0.0,0,0,0.0,0.0,125,4.836281906951478,61,23,2,0.0,4.8283137373023015,4.8283137373023015,0.0
74,2,14,True,3,-0.9999989913057292,0,0,0,0.7745966692414834,-0.8660203251420378,1.2490984923352586e-17,-0.1339786661636915,0,0.0,0.0,0,-0.9997877880849432,-0.4388028383255005,0.5609849497594427,167,167,167,0,-1.0000086584663963,0,0.7999999999999999,-0.1339883333243587,0,0.0,0,0,0.0,0.0,222,5.407171771460119,60,22,2,0.0,5.123963979403259,5.123963979403259,0.0
75,2,15,True,1,-0.999998991305729,3,3,0,0.7745966692414834,-0.8660203251420378,1.2490984923352586e-17,-0.1339786661636912,0,0.0,0.0,0,-0.9997711493947576,-0.340906023979187,0.6588651254155705,197,197,197,3,-1.0000623731803275,0,0.7745966692414834,-0.1340420480382897,0,0.0,0,0,0.0,0.0,197,5.288267030694535,57,19,2,0.0,5.288267030694535,5.288267030694535,0.0
76,2,16,True,3,-0.9999989913057288,0,0,0,-0.1054092553389459,-0.8660203251420378,1.2490984923352586e-17,-0.1339786661636911,0,0.0,0.0,0,-0.9997686127587576,-0.3565570712089538,0.6432115415498038,239,239,239,2,-1.000064479086658,1,-0.6000000000000001,-0.1340441539446202,0,0.0,0,0,0.0,0.0,381,5.945420608606575,56,18,2,0.0,5.480638923341991,5.480638923341991,0.0
77,2,17,True,2,-0.9999989913057308,3,1,1,0.7378647873726218,-0.5668548608697044,0.0416946616193443,-0.4331441304360263,0,0.0,0.0,0,-0.7285407971139668,-0.1478426158428192,0.5806981812711476,1,2,1,3,-1.1509778368116228,1,0.7378647873726218,-0.5841229759419184,0,0.0,0,0,0.0,0.0,3,1.3862943611198906,47,15,2,0.4054651081081645,1.0986122886681098,0.6931471805599453,0.1289762556552887
78,2,18,True,1,-0.9999989913057306,3,1,1,0.2581988897471611,-0.7192344766334239,0.0299380869428697,-0.2807645146723067,0,0.0,0.0,0,-0.966426468003318,-0.1827185153961181,0.7837079526071998,6,0,0,3,-1.118291720740807,1,0.2581988897471611,-0.3990572441073831,0,0.0,0,0,0.0,0.0,6,1.9459101490553132,48,14,2,-1.9459101490553132,0.0,0.0,-0.9803762836381793
79,2,19,True,2,-0.9999989913057304,0,1,1,-0.1054092553389459,-0.7762256801857816,0.0210013781955931,-0.2237733111199488,0,0.0,0.0,0,-0.97278417587355,-0.2044628262519836,0.7683213496215665,5,0,0,2,-1.1187000662311335,1,0.1054092553389459,-0.3424743860453521,0,0.0,0,0,0.0,0.0,10,2.3978952727983707,49,13,2,-1.791759469228055,0.0,0.0,-0.3846259370620828
80,2,20,True,2,-0.9999989913057304,3,3,0,0.948683298050514,-0.8660203251420378,1.2490984923352586e-17,-0.1339786661636925,0,0.0,0.0,0,-0.9999789406738392,-0.1298694908618927,0.8701094498119464,3,3,3,1,-2.385403133235846,1,0.7378647873726218,-1.5193828080938083,0,0.0,0,0,0.0,0.0,14,2.70805020110221,52,12,2,0.0,1.3862943611198906,1.3862943611198906,0.0
81,2,21,True,2,-0.9999989913057302,0,1,1,-0.4472135954999579,-0.8660203251420378,1.2490984923352586e-17,-0.1339786661636924,0,0.0,0.0,0,-0.9999679500563544,-0.2361650168895721,0.7638029331667823,4,0,0,2,-2.4031128894436744,1,-0.2108185106778919,-1.5370925643016369,0,0.0,0,0,0.0,0.0,13,2.6390573296152584,53,11,2,-1.6094379124341003,0.0,0.0,-0.39293441563495435
93,3,3,True,3,-0.0905450830902286,3,3,0,0.1999999999999999,-0.1382028180068133,0.0188462690385537,0.0476577349165846,0,0.0,0.0,0,-0.6269368354096164,-0.626750648021698,0.0001861873879184,4393,4393,4393,3,-0.095652817460319,0,0.1999999999999999,0.0425500005464942,0,0.0,0,0,0.0,0.0,4869,8.490849216076635,58,26,3,0.0,8.387995252944556,8.387995252944556,0.0
94,3,4,True,4,-0.0800392667127592,0,0,0,0.7999999999999999,-0.1491658412279216,0.0229667118672454,0.0691265745151623,0,0.0,0.0,0,-0.6063343237987391,-0.5613827109336853,0.0449516128650537,4689,4689,4689,0,-0.0852349477037916,0,0.7999999999999999,0.0639308935241299,0,0.0,0,0,0.0,0.0,4891,8.495356496807062,57,25,3,0.0,8.453187861440325,8.453187861440325,0.0
95,3,5,True,2,-0.0407855064700934,3,3,0,0.316227766016838,-0.0780315055675116,0.0160138416554066,0.0372459990974181,0,0.0,0.0,0,-0.5674864417813945,-0.5043124556541443,0.0631739861272502,4028,4028,4028,3,-0.0419227462082858,0,0.316227766016838,0.0361087593592257,0,0.0,0,0,0.0,0.0,4031,8.302017809751204,54,22,2,0.0,8.301273485191347,8.301273485191347,0.0
96,3,6,True,2,-0.0301138796480842,3,3,0,0.948683298050514,-0.0822648882037999,0.0191475520564239,0.0521510085557157,0,0.0,0.0,0,-0.5624079285130568,-0.5667696595191956,0.0043617310061387,2008,2008,2008,3,-0.0311654661136126,0,0.948683298050514,0.0510994220901873,0,0.0,0,0,0.0,0.0,3929,8.276394704863307,53,21,3,0.0,7.605392364814935,7.605392364814935,0.0
97,3,7,True,3,-0.0185717396093979,3,3,0,0.7999999999999999,-0.0560921345985136,0.0163226880264341,0.0375203949891157,0,0.0,0.0,0,-0.4947826804124337,-0.5076467990875244,0.0128641186750906,2173,2173,2173,3,-0.0197261385918773,0,0.7999999999999999,0.0363659960066363,0,0.0,0,0,0.0,0.0,2185,7.689828668736484,54,22,2,0.0,7.684324067681155,7.684324067681155,0.0
98,3,8,True,2,-0.0075678168642861,3,3,0,0.948683298050514,-0.0389154718277276,0.0132910150099259,0.0313476549634414,0,0.0,0.0,0,-0.4873227263032924,-0.5113561749458313,0.0240334486425389,3482,3482,3482,3,-0.0087123663067233,0,0.948683298050514,0.0302031055210042,0,0.0,0,0,0.0,0.0,6553,8.787830829258759,55,23,3,0.0,8.155649270366002,8.155649270366002,0.0
99,3,9,True,2,0.0039248652068965,3,3,0,0.316227766016838,-0.0627485589376034,0.0240140878833997,0.0666734241444999,0,0.0,0.0,0,-0.4667662653797523,-0.4543457329273224,0.0124205324524299,3584,3584,3584,3,0.0027076423204495,0,0.316227766016838,0.0654562012580529,0,0.0,0,0,0.0,0.0,3587,8.185350223178686,56,24,3,0.0,8.184513753033722,8.184513753033722,0.0
100,3,10,True,3,0.0155578517492,3,3,0,1.0,-0.0560867697429174,0.0247378165782515,0.0716446214921175,0,0.0,0.0,0,-0.4601939225143163,-0.4946437478065491,0.0344498252922327,3541,3541,3541,3,0.0142665571678404,0,1.0,0.0703533269107579,0,0.0,0,0,0.0,0.0,3560,8.177796683277778,57,25,2,0.0,8.17244681834278,8.17244681834278,0.0
101,3,11,True,2,0.0268645090349298,3,3,0,0.316227766016838,-0.0412539389106693,0.0251772320366968,0.0681184479455992,0,0.0,0.0,0,-0.4540806737136358,-0.4470531344413757,0.0070275392722601,3572,3572,3572,3,0.0256547621517737,0,0.316227766016838,0.0669087010624431,0,0.0,0,0,0.0,0.0,3577,8.182559264068665,58,26,3,0.0,8.181160858023409,8.181160858023409,0.0
102,3,12,True,3,0.0387618829738765,1,1,0,1.0,-0.0188163218174111,0.0222149802812567,0.0575782047912876,0,0.0,0.0,0,-0.4360337424282499,-0.4805168211460113,0.0444830787177614,3617,3617,3617,1,0.037544771717454,0,1.0,0.0563610935348651,0,0.0,0,0,0.0,0.0,3844,8.254528881939745,57,27,2,0.0,8.193676665955241,8.193676665955241,0.0
103,3,13,True,2,0.0740543779031296,3,3,0,0.948683298050514,0.0255274274870626,0.0190875653549391,0.0485269504160669,0,0.0,0.0,0,-0.4086464649065113,-0.3933848738670349,0.0152615910394763,3376,3376,3376,3,0.0728722088545196,0,0.948683298050514,0.047344781367457,0,0.0,0,0,0.0,0.0,8261,9.01942196795671,54,30,2,0.0,8.124743020385568,8.124743020385568,0.0
104,3,14,True,3,0.0860792923671301,3,3,0,1.0,0.0515093279690613,0.0141146729875387,0.0345699643980687,0,0.0,0.0,0,-0.3748873905723694,-0.367435872554779,0.0074515180175904,3558,3558,3558,3,0.0849097134899657,0,1.0,0.0334003855209043,0,0.0,0,0,0.0,0.0,3582,8.183955717304954,53,29,2,0.0,8.177234885510194,8.177234885510194,0.0
105,3,15,True,3,0.0984215744372217,3,3,0,1.0,0.0502064256083054,0.0195093403365813,0.0482151488289162,0,0.0,0.0,0,-0.3670621147491872,-0.3340957164764404,0.0329663982727468,3767,3767,3767,3,0.0970822773716222,0,1.0,0.0468758517633167,0,0.0,0,0,0.0,0.0,3803,8.24380842366528,52,28,2,0.0,8.234299635696253,8.234299635696253,0.0
106,3,16,True,3,0.1107333343610088,1,1,0,1.0,0.0628182896432267,0.0197075759043091,0.0479150447177821,0,0.0,0.0,0,-0.3598788045077449,-0.3196269571781158,0.040251847329629,11774,11774,11774,1,0.1093914160336885,0,1.0,0.0465731263904617,0,0.0,0,0,0.0,0.0,12018,9.39424400995279,51,27,2,0.0,9.373733918884618,9.373733918884618,0.0
107,3,17,True,1,-0.9999989913057308,0,0,0,0.7745966692414834,-0.5528176102597484,0.0420291223231915,-0.4471813810459822,0,0.0,0.0,0,-0.537315612441952,-0.2034194767475128,0.3338961356944392,1,1,1,0,-2.4213655420180498,0,0.7745966692414834,-1.8685479317583011,0,0.0,0,0,0.0,0.0,1,0.6931471805599453,46,16,2,0.0,0.6931471805599453,0.6931471805599453,0.0
110,3,20,True,3,-0.9999989913057302,3,0,1,-0.1999999999999999,-0.8660203251420378,1.2490984923352586e-17,-0.1339786661636924,0,0.0,0.0,0,-0.9999876016677344,-0.1774848401546478,0.8225027615130867,1,5,1,0,-2.4000531146886077,0,0.3999999999999999,-1.5340327895465695,0,0.0,0,0,0.0,0.0,13,2.6390573296152584,51,13,2,1.0986122886681096,1.791759469228055,0.6931471805599453,0.3382076770067215
123,4,3,True,4,-0.1002431482871545,0,0,0,0.3999999999999999,-0.1705424808166638,0.0239472934437979,0.0702993325295093,0,0.0,0.0,0,-0.7540346191209741,-0.7362136840820312,0.0178209350389428,385,385,385,0,-0.1056871060324903,0,0.316227766016838,0.0648553747841735,0,0.0,0,0,0.0,0.0,882,6.78332520060396,59,25,2,0.0,5.955837369464831,5.955837369464831,0.0
124,4,4,True,2,-0.3602392699033599,1,0,1,-0.1054092553389459,-0.1390020465012068,0.0188205886193257,-0.2212372234021531,0,0.0,0.0,0,-0.9678732519267323,-0.6506583094596863,0.317214942467046,43,0,0,1,-0.4959597353401627,1,-0.1054092553389459,-0.3569576888389559,0,0.0,0,0,0.0,0.0,515,6.246106765481563,58,24,3,-3.784189633918261,0.0,0.0,-0.09297816900652833
125,4,5,True,4,-0.3674245398774288,2,2,0,0.3999999999999999,-0.1592102116963171,0.0215547228097275,-0.2082143281811116,0,0.0,0.0,0,-0.978293413649758,-0.7434723973274231,0.2348210163223349,304,304,304,2,-0.5015791250163917,0,0.316227766016838,-0.3423689133200745,0,0.0,0,0,0.0,0.0,681,6.525029657843462,57,23,2,0.0,5.720311776607412,5.720311776607412,0.0
126,4,6,True,2,-0.0510221722660723,3,3,0,0.948683298050514,-0.095173540500651,0.0211454453255213,0.0441513682345787,0,0.0,0.0,0,-0.6242874043841083,-0.5648267865180969,0.0594606178660114,1528,1528,1528,3,-0.0522150078080338,0,0.948683298050514,0.0429585326926172,0,0.0,0,0,0.0,0.0,1995,7.59890045687141,52,20,3,0.0,7.332369205929062,7.332369205929062,0.0
127,4,7,True,3,-0.0296941699924258,3,3,0,0.7999999999999999,-0.0809061066532564,0.0191340596979214,0.0512119366608305,0,0.0,0.0,0,-0.5076747027140286,-0.5289687514305115,0.0212940487164828,3555,3555,3555,3,-0.030878150203525,0,0.7999999999999999,0.0500279564497313,0,0.0,0,0,0.0,0.0,3572,8.181160858023409,53,21,2,0.0,8.176391596633795,8.176391596633795,0.0
128,4,8,True,3,-0.0186163497198209,0,0,0,0.7999999999999999,-0.0563433153281851,0.0163117873688564,0.0377269656083642,0,0.0,0.0,0,-0.4989137488747882,-0.5260427594184875,0.0271290105436993,4576,4576,4576,0,-0.0197186571939029,0,0.7999999999999999,0.0366246581342822,0,0.0,0,0,0.0,0.0,6603,8.795430805040018,54,22,2,0.0,8.428799040653642,8.428799040653642,0.0
129,4,9,True,2,-0.524656697102266,1,3,1,0.7378647873726218,-0.8660203251420378,1.2490984923352586e-17,0.3413636280397717,1,0.3413636280397717,0.382418384820466,1,-0.9997106327914796,-0.5375686883926392,0.4621419443988404,10,5,5,1,-0.6495678374101318,1,0.7378647873726218,0.2164524877319059,1,0.2164524877319059,1,1,0.2164524877319059,0.2035750337293214,15,2.772588722239781,49,17,2,-0.6061358035703157,1.791759469228055,1.791759469228055,-0.20911911129951477
130,4,10,True,1,-0.5383695757127787,3,3,0,0.7745966692414834,-0.8660203251420378,1.2490984923352586e-17,0.3276507494292591,0,0.0,0.0,0,-0.9997279038406024,-0.4301338791847229,0.5695940246558795,7,7,7,3,-0.6663644620401431,0,0.7745966692414834,0.1996558631018946,0,0.0,0,0,0.0,0.0,7,2.0794415416798357,50,18,2,0.0,2.0794415416798357,2.0794415416798357,0.0
131,4,11,True,1,-0.53363766240256,1,1,0,0.7745966692414834,-0.8660203251420378,1.2490984923352586e-17,0.3323826627394777,0,0.0,0.0,0,-0.9997254103175832,-0.5342176556587219,0.4655077546588612,4,4,4,1,-0.6631751211861688,0,0.7745966692414834,0.2028452039558689,0,0.0,0,0,0.0,0.0,4,1.6094379124341003,51,19,2,0.0,1.6094379124341003,1.6094379124341003,0.0
132,4,12,True,4,0.0503480752159214,3,3,0,0.3999999999999999,0.0040453231771248,0.0186589791500595,0.0463027520387966,0,0.0,0.0,0,-0.4286176399928106,-0.4391800165176391,0.0105623765248284,8187,8187,8187,3,0.0491961235644887,0,0.632455532033676,0.0451508003873639,0,0.0,0,0,0.0,0.0,8206,9.012742727629712,56,28,2,0.0,9.01042494678118,9.01042494678118,0.0
133,4,13,True,3,0.0621420858564455,0,0,0,0.7999999999999999,0.0398951842116326,0.0044984375310115,0.0222469016448129,0,0.0,0.0,0,-0.4221664105763174,-0.4520541429519653,0.0298877323756479,8284,8284,8284,0,0.0609682580923172,0,0.7999999999999999,0.0210730738806845,0,0.0,0,0,0.0,0.0,12940,9.46815584482167,55,29,2,0.0,9.022201929860664,9.022201929860664,0.0
134,4,14,True,3,0.1486878185339229,1,1,0,1.0,0.1105547328784515,0.0147034015524264,0.0381330856554713,0,0.0,0.0,0,-0.2783178612016014,-0.4727890789508819,0.1944712177492805,129,129,129,1,0.1474939778904314,0,0.948683298050514,0.0369392450119799,0,0.0,0,0,0.0,0.0,150,5.017279836814924,48,24,1,0.0,4.867534450455582,4.867534450455582,0.0
135,4,15,True,2,0.1357936426648056,1,1,0,0.948683298050514,0.0987209115305001,0.0146535574157749,0.0370727311343054,0,0.0,0.0,0,-0.3327118315441032,-0.3378897309303283,0.0051778993862251,7495,7495,7495,1,0.1344255643210409,0,0.948683298050514,0.0357046527905407,0,0.0,0,0,0.0,0.0,13041,9.475930197953147,49,25,2,0.0,8.922124823918258,8.922124823918258,0.0
136,4,16,True,4,0.1231402404783336,2,2,0,0.3999999999999999,0.0905297732332134,0.0145610075041859,0.0326104672451201,0,0.0,0.0,0,-0.3525225627888036,-0.3342422246932983,0.0182803380955052,8935,8935,8935,2,0.1218386618346418,0,0.316227766016838,0.0313088886014283,0,0.0,0,0,0.0,0.0,17238,9.754929537894979,50,26,2,0.0,9.097843340749037,9.097843340749037,0.0
140,4,20,True,2,-0.9999989913057304,3,3,0,0.948683298050514,-0.8660203251420378,1.2490984923352586e-17,-0.1339786661636927,0,0.0,0.0,0,-0.9999946776215908,-0.2078115046024322,0.7921831730191586,7,7,7,3,-3.507780682830446,0,0.948683298050514,-2.6417603576884083,0,0.0,0,0,0.0,0.0,8,2.1972245773362196,50,14,3,0.0,2.0794415416798357,2.0794415416798357,0.0
141,4,21,True,2,-0.9999989913057304,1,1,0,0.8944271909999159,-0.8660203251420378,1.2490984923352586e-17,-0.1339786661636925,0,0.0,0.0,0,-1.0000005203976636,-0.071058802306652,0.9289417180910116,1,1,1,1,-2.308557796336445,0,0.948683298050514,-1.4425374711944077,0,0.0,0,0,0.0,0.0,7,2.0794415416798357,51,15,4,0.0,0.6931471805599453,0.6931471805599453,0.0
142,4,22,True,1,-0.9999989913057304,1,1,0,0.7745966692414834,-0.8660203251420378,1.2490984923352586e-17,-0.1339786661636925,0,0.0,0.0,0,-1.0000006407509217,-0.2049866914749145,0.7950139492760071,6,6,6,1,-1.0358747796305592,0,0.7745966692414834,-0.1698544544885214,0,0.0,0,0,0.0,0.0,6,1.9459101490553132,52,16,2,0.0,1.9459101490553132,1.9459101490553132,0.0
143,4,23,True,2,-0.9999989913057304,1,1,0,0.948683298050514,-0.8660203251420378,1.2490984923352586e-17,-0.1339786661636927,0,0.0,0.0,0,-1.0000008833452654,-0.3037141859531402,0.6962866973921251,16,16,16,3,-0.9999996429992944,1,0.7378647873726218,-0.1339793178572565,0,0.0,0,0,0.0,0.0,17,2.8903717578961645,57,21,1,0.0,2.833213344056216,2.833213344056216,0.0
153,5,3,True,4,-0.1102193849639234,0,0,0,0.316227766016838,-0.1610336110360679,0.0188980318285591,0.0508142260721444,0,0.0,0.0,0,-0.8497460044380336,-0.7929185032844543,0.0568275011535792,280,280,280,0,-0.1156172401902914,0,0.316227766016838,0.0454163708457765,0,0.0,0,0,0.0,0.0,518,6.251903883165888,60,24,2,0.0,5.638354669333745,5.638354669333745,0.0
154,5,4,True,1,-0.3672959436809476,0,0,0,0.7745966692414834,-0.158795155459406,0.021551083101993,-0.2085007882215416,0,0.0,0.0,0,-0.9682281070533464,-0.7391508221626282,0.2290772848907183,53,53,53,0,-0.5014044046855408,0,0.7745966692414834,-0.3426092492261348,0,0.0,0,0,0.0,0.0,53,3.9889840465642745,59,25,1,0.0,3.9889840465642745,3.9889840465642745,0.0
155,5,5,True,4,-0.3804213304023358,0,0,0,0.316227766016838,-0.1656208544007359,0.02116684099635,-0.2148004760015999,0,0.0,0.0,0,-0.9891447100097384,-0.727896511554718,0.2612481984550203,174,174,174,0,-0.5081143713309468,0,0.316227766016838,-0.3424935169302109,0,0.0,0,0,0.0,0.0,359,5.886104031450156,56,22,2,0.0,5.1647859739235145,5.1647859739235145,0.0
156,5,6,True,1,-0.4450749762011162,3,3,0,0.7745966692414834,-0.8660203251420378,1.2490984923352586e-17,0.4209453489409215,0,0.0,0.0,0,-0.9895264103428508,-0.5279939770698547,0.4615324332729961,509,509,509,3,-0.4797848496857712,0,0.7745966692414834,0.3862354754562665,0,0.0,0,0,0.0,0.0,509,6.234410725718371,51,19,2,0.0,6.234410725718371,6.234410725718371,0.0
157,5,7,True,3,-0.4506242262138574,2,3,1,0.3999999999999999,-0.8660203251420378,1.2490984923352586e-17,0.4153960989281803,1,0.4153960989281803,0.4653545139681058,1,-0.999400069823854,-0.5279534459114075,0.4714466239124465,1,508,1,2,-0.4856600362366376,1,0.3999999999999999,0.3803602889054001,1,0.3803602889054001,1,1,0.3803602889054001,0.3577314331407312,510,6.236369590203704,50,18,2,5.539300835990577,6.2324480165505225,0.6931471805599453,0.9916547660250217
158,5,8,True,3,-0.4561179837264709,2,3,1,0.3999999999999999,-0.8660203251420378,1.2490984923352586e-17,0.4099023414155668,1,0.4099023414155668,0.4592000390856084,1,-0.9996888000293078,-0.4941097497940063,0.5055790502353015,2,515,2,2,-0.4952278118713528,1,0.3999999999999999,0.3707925132706849,1,0.3707925132706849,1,1,0.3707925132706849,0.3487328752218027,518,6.251903883165888,49,17,2,5.147494476813453,6.246106765481563,1.0986122886681098,0.9912395621649921
159,5,9,True,2,-0.5169407784607711,3,2,1,0.1054092553389459,-0.8660203251420378,1.2490984923352586e-17,0.3490795466812666,1,0.3490795466812666,0.3910622733367399,1,-0.9996940731798248,-0.4193222522735595,0.5803718209062652,576,0,0,1,-0.6452871515597263,1,-0.1054092553389459,0.2207331735823114,1,0.2207331735823114,1,1,0.2207331735823114,0.2076010478237414,577,6.359573868672378,48,16,3,-6.3578422665081,0.0,0.0,-0.9967128943535499
160,5,10,True,3,-0.5132646785980919,1,1,0,0.7999999999999999,-0.8660203251420378,1.2490984923352586e-17,0.3527556465439458,0,0.0,0.0,0,-0.99969045836536,-0.6155509352684021,0.3841395230969577,524,524,524,1,-0.6477474835048123,0,1.0,0.2182728416372255,0,0.0,0,0,0.0,0.0,590,6.3818160174060985,47,15,2,0.0,6.263398262591624,6.263398262591624,0.0
161,5,11,True,1,-0.5289269321780795,3,3,0,0.7745966692414834,-0.8660203251420378,1.2490984923352586e-17,0.3370933929639582,0,0.0,0.0,0,-0.9997220495128332,-0.4175201058387756,0.5822019436740575,7,7,7,3,-0.6594107914663403,0,0.7745966692414834,0.2066095336756974,0,0.0,0,0,0.0,0.0,7,2.0794415416798357,50,18,2,0.0,2.0794415416798357,2.0794415416798357,0.0
162,5,12,True,3,-0.5233755665936747,1,3,1,0.3999999999999999,-0.8660203251420378,1.2490984923352586e-17,0.342644758548363,1,0.342644758548363,0.3838535929668437,1,-0.9997188722649524,-0.4110027849674225,0.5887160872975298,1,101,1,3,-0.6555898149852109,0,0.7999999999999999,0.2104305101568269,0,0.0,0,0,0.0,0.0,103,4.6443908991413725,49,17,2,3.9318256327243253,4.624972813284271,0.6931471805599453,0.9897367672529072
163,5,13,True,3,-0.518561178835771,1,1,0,0.7999999999999999,-0.8660203251420378,1.2490984923352586e-17,0.3474591463062667,0,0.0,0.0,0,-0.9997156666131902,-0.5111013650894165,0.4886143015237737,1559,1559,1559,1,-0.6517255824055849,0,0.7999999999999999,0.2142947427364528,0,0.0,0,0,0.0,0.0,1650,7.409136443920128,48,16,2,0.0,7.352441100243583,7.352441100243583,0.0
164,5,14,True,2,0.1612657597704479,1,1,0,0.948683298050514,0.108979180013295,0.0205597006887503,0.0522865797571528,0,0.0,0.0,0,-0.2694964646497816,-0.3313586115837097,0.061862146933928,3459,3459,3459,1,0.1600246246596417,0,0.948683298050514,0.0510454446463466,0,0.0,0,0,0.0,0.0,4963,8.509967146324497,47,23,3,0.0,8.14902386805177,8.14902386805177,0.0
165,5,15,True,3,0.1484372796910778,2,2,0,0.7999999999999999,0.1108725206105253,0.0147419354377296,0.0375647590805525,0,0.0,0.0,0,-0.3056773126681208,-0.3584635853767395,0.0527862727086186,4904,4904,4904,2,0.1471536904250527,0,0.7999999999999999,0.0362811698145274,0,0.0,0,0,0.0,0.0,9059,9.111624399037025,48,24,2,0.0,8.498010371999463,8.498010371999463,0.0
166,5,16,True,2,0.1883820810828754,1,1,0,0.948683298050514,0.1313118808295149,0.0210445402918713,0.0570702002533605,0,0.0,0.0,0,-0.2325803443518243,-0.3179313242435455,0.0853509798917212,49,49,49,1,0.1532093117003388,0,0.948683298050514,0.0218974308708239,0,0.0,0,0,0.0,0.0,96,4.574710978503383,45,19,2,0.0,3.912023005428146,3.912023005428146,0.0
167,5,17,True,1,0.2007984823935898,3,3,0,0.7745966692414834,0.1620190149055874,0.0155283674165836,0.0387794674880024,0,0.0,0.0,0,-0.2258991915716872,-0.1972196698188781,0.028679521752809,54,54,54,3,-1.10714842391018,0,0.7745966692414834,-1.2691674388157674,0,0.0,0,0,0.0,0.0,54,4.007333185232471,44,18,3,0.0,4.007333185232471,4.007333185232471,0.0
168,5,18,True,2,0.2141281643705717,1,1,0,0.948683298050514,0.1582987365266503,0.0214446931614868,0.0558294278439213,0,0.0,0.0,0,-0.2147357359382112,-0.2854751050472259,0.0707393691090147,179,179,179,1,0.1790462125219915,0,0.948683298050514,0.0207474759953411,0,0.0,0,0,0.0,0.0,182,5.209486152841421,43,19,2,0.0,5.19295685089021,5.19295685089021,0.0
169,5,19,True,3,0.285030694906508,3,3,0,1.0,0.2132542965677101,0.0272510935755269,0.0717763983387978,0,0.0,0.0,0,-0.1608748996635731,-0.1047389283776283,0.0561359712859447,3448,3448,3448,3,0.2843846954801078,0,1.0,0.0711303989123977,0,0.0,0,0,0.0,0.0,5316,8.57866451350434,38,15,2,0.0,8.145839612936841,8.145839612936841,0.0
170,5,20,True,3,0.2993130033425892,1,1,0,1.0,0.2104442534938696,0.031533625715033,0.0888687498487196,0,0.0,0.0,0,-0.1396759425768971,-0.1165637299418449,0.0231122126350522,3544,3544,3544,1,0.2987953537604317,0,1.0,0.0883511002665621,0,0.0,0,0,0.0,0.0,3631,8.197538739721184,37,14,2,0.0,8.173293438966228,8.173293438966228,0.0
171,5,21,True,1,-0.9999989913057304,3,3,0,0.7745966692414834,-0.8660203251420378,1.2490984923352586e-17,-0.1339786661636925,0,0.0,0.0,0,-1.0000007036772065,-0.267613798379898,0.7323869052973082,1,1,1,3,-1.0358747796305592,0,0.7745966692414834,-0.1698544544885214,0,0.0,0,0,0.0,0.0,1,0.6931471805599453,52,16,2,0.0,0.6931471805599453,0.6931471805599453,0.0
172,5,22,True,2,-0.9999989913057304,1,0,1,-0.2108185106778919,-0.8660203251420378,1.2490984923352586e-17,-0.1339786661636925,0,0.0,0.0,0,-1.000000758332976,-0.147135853767395,0.852864904565581,7,0,0,1,-1.001869700838095,1,-0.2108185106778919,-0.1358493756960572,0,0.0,0,0,0.0,0.0,9,2.302585092994046,53,17,3,-2.0794415416798357,0.0,0.0,-0.8456434514373541
173,5,23,True,3,-0.9999989913057304,1,0,1,-0.2108185106778919,-0.8660203251420378,1.2490984923352586e-17,-0.1339786661636925,0,0.0,0.0,0,-1.000001060738978,-0.2467373013496399,0.7532637593893381,10,13,10,0,-0.9999997398652348,0,0.3999999999999999,-0.1339794147231972,0,0.0,0,0,0.0,0.0,27,3.332204510175204,56,20,2,0.24116205681688774,2.6390573296152584,2.3978952727983707,0.25733014941215515
183,6,3,True,2,-0.1370191537767319,0,3,1,0.2108185106778919,-0.545974402150671,0.0269615465251813,0.408955248373939,1,0.408955248373939,0.4581390420680474,1,-0.9740815851491638,-0.7019159197807312,0.2721656653684325,3,1395,3,0,-0.1257058364336885,1,0.2108185106778919,0.4202685657169823,1,0.4202685657169823,1,1,0.408955248373939,0.3846251865888618,1398,7.243512974665482,59,23,2,5.855071922202427,7.241366283322318,1.3862943611198906,0.9977775432635099
184,6,4,True,4,-0.1644677573508838,2,2,0,0.1999999999999999,-0.5389348528918371,0.0293965574582816,0.3744670955409532,0,0.0,0.0,0,-0.9772330627656116,-0.8990042209625244,0.078228841803087,1232,1232,1232,2,-0.1457337303465226,0,0.316227766016838,0.3932011225453144,0,0.0,0,0,0.0,0.0,1496,7.311218384419629,58,22,2,0.0,7.117205503164344,7.117205503164344,0.0
185,6,5,True,2,-0.6215554536345284,1,0,1,-0.1054092553389459,-0.1974443296697753,0.0227382506915183,-0.424111123964753,0,0.0,0.0,0,-0.9994459766033912,-0.7233418822288513,0.2761040943745397,103,0,0,1,-0.5511768168250173,1,-0.1054092553389459,-0.3537324871552419,0,0.0,0,0,0.0,0.0,845,6.740519359606223,55,21,3,-4.6443908991413725,0.0,0.0,-0.1198166251560906
186,6,6,True,3,-0.6330197400373492,2,1,1,0.1999999999999999,-0.5499967020639188,0.0292550199104407,-0.0830230379734303,0,0.0,0.0,0,-0.9997574211519528,-0.7508584856987,0.2488989354532527,2,5818,2,2,-0.5562882960710582,1,0.3999999999999999,-0.0062915940071394,0,0.0,0,0,0.0,0.0,14933,9.611395771595648,54,20,3,7.57027141598856,8.66888370465667,1.0986122886681098,0.3940498240845045
187,6,7,True,4,-0.6370869928421473,2,2,0,0.3999999999999999,-0.5546006021006511,0.0287237346907915,-0.0824863907414962,0,0.0,0.0,0,-0.9997641883148788,-0.8018632531166077,0.197900935198271,8947,8947,8947,2,-0.561212214154622,0,0.316227766016838,-0.0066116120539708,0,0.0,0,0,0.0,0.0,14952,9.612667227583843,53,19,2,0.0,9.09918532261002,9.09918532261002,0.0
188,6,8,True,2,-0.5403555764835692,3,3,0,0.948683298050514,-0.8660203251420378,1.2490984923352586e-17,0.3256647486584685,0,0.0,0.0,0,-0.9995201281080272,-0.7103106379508972,0.28920949015713,42,42,42,1,-0.800157479712184,1,0.7378647873726218,0.0658628454298537,1,0.0658628454298537,1,0,0.0,0.0,114,4.74493212836325,52,20,2,0.0,3.7612001156935624,3.7612001156935624,0.0
189,6,9,True,3,-0.5354805603517543,1,2,1,0.3999999999999999,-0.8660203251420378,1.2490984923352586e-17,0.3305397647902834,1,0.3305397647902834,0.3702927687284532,1,-0.9994933262088976,-0.729401171207428,0.2700921550014695,47,30,30,2,-0.8024352146848642,0,0.7999999999999999,0.0635851104571735,0,0.0,0,0,0.0,0.0,81,4.406719247264253,51,19,2,-0.4372138064227449,3.4339872044851463,3.4339872044851463,-0.2629883289337158
190,6,10,True,2,-0.5077443090193484,1,1,0,0.632455532033676,-0.8660203251420378,1.2490984923352586e-17,0.3582760161226893,0,0.0,0.0,0,-0.9996861452352496,-0.5157756805419922,0.4839104646932572,497,497,497,1,-0.6439673776718234,0,0.632455532033676,0.2220529474702143,0,0.0,0,0,0.0,0.0,859,6.756932389247553,46,14,3,0.0,6.210600077024653,6.210600077024653,0.0
191,6,11,True,3,-0.5131171617000958,2,2,0,0.948683298050514,-0.8660203251420378,1.2490984923352586e-17,0.3529031634419419,0,0.0,0.0,0,-0.9996894601192648,-0.541607677936554,0.4580817821827108,378,378,378,2,-0.6478132606749225,0,0.948683298050514,0.2182070644671152,0,0.0,0,0,0.0,0.0,380,5.942799375126701,47,15,1,0.0,5.937536205082426,5.937536205082426,0.0
192,6,12,True,2,-0.5076738062467988,1,3,1,0.7378647873726218,-0.8660203251420378,1.2490984923352586e-17,0.3583465188952389,1,0.3583465188952389,0.4014437558824743,1,-0.9997033499531284,-0.5343406796455383,0.46536267030759,2265,1666,1666,1,-0.6438665410608423,1,0.7378647873726218,0.2221537840811954,1,0.2221537840811954,1,1,0.2221537840811954,0.2089371416393262,3931,8.276903481267057,46,14,2,-0.30699055883715776,7.418780882750794,7.418780882750794,-0.17012962698936462
193,6,13,True,3,-0.5131729819592863,2,2,0,1.0,-0.8660203251420378,1.2490984923352586e-17,0.3528473431827514,0,0.0,0.0,0,-0.9997121634344842,-0.4208984673023224,0.5788136961321618,1720,1720,1720,2,-0.6478179832802003,0,1.0,0.2182023418618374,0,0.0,0,0,0.0,0.0,3212,8.074960359115858,47,15,2,0.0,7.450660796211539,7.450660796211539,0.0
194,6,14,True,3,0.1745872881872928,3,3,0,0.1999999999999999,0.107236299265247,0.0250704552504941,0.0673509889220458,0,0.0,0.0,0,-0.2408984153579794,-0.3429866433143616,0.102088227956382,3531,3531,3531,3,0.1733786354447254,0,0.1999999999999999,0.0661423361794784,0,0.0,0,0,0.0,0.0,3539,8.17188200612782,46,22,2,0.0,8.16961956172385,8.16961956172385,0.0
195,6,15,True,3,0.1878916437389943,3,3,0,0.7999999999999999,0.1310139002162979,0.0210347105898837,0.0568777435226964,0,0.0,0.0,0,-0.2318190551365109,-0.3241021037101745,0.0922830485736636,3501,3501,3501,3,0.186552862167497,0,0.7999999999999999,0.0555389619511991,0,0.0,0,0,0.0,0.0,3533,8.170185652879642,45,21,2,0.0,8.161089512845797,8.161089512845797,0.0
196,6,16,True,3,0.2011856332909342,3,3,0,0.7999999999999999,0.1624909378188161,0.0155620752460342,0.038694695472118,0,0.0,0.0,0,-0.2230559541978091,-0.2530120611190796,0.0299561069212704,3457,3457,3457,3,0.1998660925612328,0,0.7999999999999999,0.0373751547424167,0,0.0,0,0,0.0,0.0,3488,8.157370441186774,44,20,3,0.0,8.148445666243235,8.148445666243235,0.0
197,6,17,True,2,0.2150893492809641,1,3,1,0.7378647873726218,0.1591958095828559,0.0214614993597979,0.0558935396981082,1,0.0558935396981082,0.062615684324631,1,-0.214018334936771,-0.2962520122528076,0.0822336773160365,488,2878,488,1,0.2145894545095423,1,0.7378647873726218,0.0553936449266863,1,0.0553936449266863,1,1,0.0553936449266863,0.0520980989985544,3366,8.121777419161074,43,20,3,1.7728358011373038,7.965198290612176,6.192362489474872,0.6849860846996307
198,6,18,True,4,0.2278343082500714,1,1,0,0.1999999999999999,0.1771869573177089,0.0204899564611804,0.0506473509323624,0,0.0,0.0,0,-0.2055742119601498,-0.2057250142097473,0.0001508022495975,2999,2999,2999,1,0.2266834272387987,0,0.1999999999999999,0.0494964699210897,0,0.0,0,0,0.0,0.0,3162,8.059276223305648,42,19,3,0.0,8.006367567650246,8.006367567650246,0.0
199,6,19,True,3,0.270679887343212,0,0,0,0.1999999999999999,0.2330627292261033,0.0145207472188866,0.0376171581171086,0,0.0,0.0,0,-0.1728936320870663,-0.2144375741481781,0.0415439420611117,5386,5386,5386,0,0.2701336504132169,0,0.1999999999999999,0.0370709211871135,0,0.0,0,0,0.0,0.0,6045,8.707152175339404,39,16,2,0.0,8.591743922680534,8.591743922680534,0.0
200,6,20,True,2,0.3138330068265947,3,3,0,0.632455532033676,0.2713218289492666,0.0166326073458874,0.0425111778773281,0,0.0,0.0,0,-0.1293492168618825,-0.0357456281781196,0.0936035886837629,3291,3291,3291,3,0.3133676904571746,0,0.632455532033676,0.042045861507908,0,0.0,0,0,0.0,0.0,5315,8.578476419833136,36,13,3,0.0,8.09925056179696,8.09925056179696,0.0
201,6,21,True,3,0.3285036754200274,1,1,0,1.0,0.2706705497085061,0.0232534616383679,0.0578331257115213,0,0.0,0.0,0,-0.0971531574439318,-0.1373684406280517,0.0402152831841198,3286,3286,3286,1,0.3284885169144876,0,1.0,0.0578179672059814,0,0.0,0,0,0.0,0.0,3410,8.134760782418645,37,14,2,0.0,8.097730573664219,8.097730573664219,0.0
202,6,22,True,1,-0.9999989913057302,3,3,0,0.7745966692414834,-0.8660203251420378,1.2490984923352586e-17,-0.1339786661636924,0,0.0,0.0,0,-1.00000090500067,-0.312885969877243,0.6871149351234269,15,15,15,3,-1.0000520121406975,0,0.7745966692414834,-0.1340316869986599,0,0.0,0,0,0.0,0.0,15,2.772588722239781,54,18,2,0.0,2.772588722239781,2.772588722239781,0.0
203,6,23,True,2,-0.9999989913057302,1,3,1,0.7378647873726218,-0.8660203251420378,1.2490984923352586e-17,-0.1339786661636924,0,0.0,0.0,0,-1.0000010101165575,-0.2975849211215973,0.7024160889949604,3,273,3,3,-1.0000034599087346,0,0.948683298050514,-0.1339831347666968,0,0.0,0,0,0.0,0.0,276,5.6240175061873385,55,19,3,4.22683374526818,5.6131281063880705,1.3862943611198906,0.982708403840661
204,6,24,True,2,-0.9999989913057302,2,2,0,0.8944271909999159,-0.8660203251420378,1.2490984923352586e-17,-0.1339786661636924,0,0.0,0.0,0,-1.0000009834705246,-0.4201672077178955,0.5798337757526291,265,265,265,3,-1.0000022925266572,1,0.7378647873726218,-0.1339819673846194,0,0.0,0,0,0.0,0.0,290,5.673323267171493,56,20,1,0.0,5.583496308781699,5.583496308781699,0.0
214,7,4,True,1,-0.6184021466597054,3,2,1,0.2581988897471611,-0.4776233018780275,0.0278705670766079,-0.1407788447816779,0,0.0,0.0,0,-0.9988564131986806,-0.7052227854728699,0.2936336277258107,185,0,0,3,-0.5416077163771436,1,0.2581988897471611,-0.063984414499116,0,0.0,0,0,0.0,0.0,185,5.225746673713202,57,21,2,-5.225746673713202,0.0,0.0,-0.998200858666678
215,7,5,True,2,-0.6222181249677922,2,0,1,0.2108185106778919,-0.1888129781041354,0.0171779740604327,-0.4334051468636567,0,0.0,0.0,0,-0.9994412447600854,-0.760040819644928,0.2394004251151574,2,320,2,2,-0.5473013645542048,1,0.2108185106778919,-0.3584883864500693,0,0.0,0,0,0.0,0.0,322,5.777652323222656,56,20,3,4.672828834461906,5.771441123130016,1.0986122886681098,0.9851333843544126
216,7,6,True,4,-0.6370702842698478,0,0,0,0.3999999999999999,-0.5619908185859389,0.028675407310494,-0.0750794656839088,0,0.0,0.0,0,-0.9997612685730458,-0.8140208721160889,0.1857403964569569,5913,5913,5913,0,-0.5612116539627359,0,0.316227766016838,0.000779164623203,0,0.0,0,0,0.0,0.0,8097,8.999372396592106,55,21,2,0.0,8.685077700412423,8.685077700412423,0.0
217,7,7,True,4,-0.6411211558650658,0,0,0,0.1999999999999999,-0.5535751870123781,0.0290071868652506,-0.0875459688526877,0,0.0,0.0,0,-0.999768518641505,-0.7778770327568054,0.2218914858846995,5391,5391,5391,0,-0.5661091889701498,0,0.316227766016838,-0.0125340019577717,0,0.0,0,0,0.0,0.0,7336,8.900685318713995,52,18,2,0.0,8.592671652592143,8.592671652592143,0.0
218,7,8,True,3,-0.5455209049786076,0,0,0,0.7999999999999999,-0.8660203251420378,1.2490984923352586e-17,0.3204994201634301,0,0.0,0.0,0,-0.999530825357826,-0.7469120621681213,0.2526187631897048,84,84,84,1,-0.7979136368038149,1,0.3999999999999999,0.0681066883382228,1,0.0681066883382228,1,0,0.0,0.0,119,4.787491742782046,53,21,2,0.0,4.442651256490317,4.442651256490317,0.0
219,7,9,True,3,-0.5297450857713044,1,0,1,0.3999999999999999,-0.8660203251420378,1.2490984923352586e-17,0.3362752393707333,1,0.3362752393707333,0.37671803124933,1,-0.99946867101966,-0.7068676948547363,0.2926009761649236,13,37,13,0,-0.806887252995711,0,0.7999999999999999,0.0591330721463267,0,0.0,0,0,0.0,0.0,52,3.970291913552122,50,18,2,0.9985288301111273,3.6375861597263857,2.6390573296152584,0.4656761884689331
220,7,10,True,2,-0.5021250971522591,3,3,0,0.316227766016838,-0.8660203251420378,1.2490984923352586e-17,0.3638952279897787,0,0.0,0.0,0,-0.9996779629931724,-0.4554041624069214,0.544273800586251,578,578,578,3,-0.6398733897779053,0,0.316227766016838,0.2261469353641324,0,0.0,0,0,0.0,0.0,579,6.363028103540465,45,13,2,0.0,6.361302477572996,6.361302477572996,0.0
221,7,11,True,2,-0.4965448102596373,1,3,1,0.7378647873726218,-0.8660203251420378,1.2490984923352586e-17,0.3694755148824004,1,0.3694755148824004,0.4139112020908555,1,-0.9996741570298648,-0.6041157841682434,0.3955583728616214,467,2489,467,1,-0.6358301549763656,1,0.7378647873726218,0.2301901701656721,1,0.2301901701656721,1,1,0.2301901701656721,0.2164954172930369,2956,7.9919305198524775,44,12,3,1.6715696935411062,7.820037989458753,6.148468295917647,0.6716266870498657
222,7,12,True,3,-0.5021346299188519,2,2,0,0.7999999999999999,-0.8660203251420378,1.2490984923352586e-17,0.3638856952231858,0,0.0,0.0,0,-0.9996915806100264,-0.4562239646911621,0.5434676159188644,2446,2446,2446,2,-0.6398707641007648,0,0.7999999999999999,0.2261495610412729,0,0.0,0,0,0.0,0.0,4697,8.454892165218858,45,13,2,0.0,7.802618063442671,7.802618063442671,0.0
223,7,13,True,2,-0.4617604241778832,3,3,0,0.948683298050514,-0.8660203251420378,1.2490984923352586e-17,0.4042599009641545,0,0.0,0.0,0,-0.999798023739096,-0.5104015469551086,0.4893964767839873,429,429,429,3,-0.5985523557218898,0,0.948683298050514,0.2674679694201479,0,0.0,0,0,0.0,0.0,885,6.786716950605081,40,16,2,0.0,6.063785208687608,6.063785208687608,0.0
224,7,14,True,3,-0.4558422493309628,3,3,0,0.7999999999999999,-0.8660203251420378,1.2490984923352586e-17,0.4101780758110749,0,0.0,0.0,0,-0.9997929010389168,-0.2922715246677398,0.7075213763711771,467,467,467,3,-0.5940400280927297,0,0.7999999999999999,0.271980297049308,0,0.0,0,0,0.0,0.0,476,6.1675164908883415,39,15,2,0.0,6.148468295917647,6.148468295917647,0.0
225,7,15,True,3,-0.4496519044363165,3,3,0,1.0,-0.8660203251420378,1.2490984923352586e-17,0.4163684207057212,0,0.0,0.0,0,-0.9997903567974608,-0.3916906118392944,0.6080997449581664,1753,1753,1753,3,-0.5894849859660098,0,0.7999999999999999,0.2765353391760279,0,0.0,0,0,0.0,0.0,2030,7.616283561580385,38,14,3,0.0,7.469654172932128,7.469654172932128,0.0
226,7,16,True,3,-0.4433561946348205,1,1,0,0.7999999999999999,-0.8660203251420378,1.2490984923352586e-17,0.4226641305072172,0,0.0,0.0,0,-0.9997874120746602,-0.4266344606876373,0.5731529513870228,21541,21541,21541,1,-0.5847552920291748,0,0.7999999999999999,0.281265033112863,0,0.0,0,0,0.0,0.0,22930,10.040244985890988,37,13,2,0.0,9.977759796910716,9.977759796910716,0.0
227,7,17,True,2,0.2282851313631043,3,3,0,0.632455532033676,0.1785590848169422,0.0205204648991552,0.0497260465461621,0,0.0,0.0,0,-0.2047016983984329,-0.2605246007442474,0.0558229023458144,678,678,678,3,0.2279238491896045,0,0.632455532033676,0.0493647643726622,0,0.0,0,0,0.0,0.0,679,6.522092798170152,42,19,2,0.0,6.520621127558696,6.520621127558696,0.0
228,7,18,True,3,0.242013517762858,3,3,0,0.7999999999999999,0.1726573872529936,0.0264504574741084,0.0693561305098644,0,0.0,0.0,0,-0.1957452467288319,-0.1989715695381164,0.0032263228092845,4590,4590,4590,3,0.2416931800771039,0,0.7999999999999999,0.0690357928241103,0,0.0,0,0,0.0,0.0,4610,8.436200032206706,41,18,3,0.0,8.431853144249223,8.431853144249223,0.0
229,7,19,True,3,0.2564470194307167,0,0,0,1.0,0.2011780465979165,0.0210118493064451,0.0552689728328001,0,0.0,0.0,0,-0.1863962675293635,-0.2289440035820007,0.0425477360526371,4143,4143,4143,0,0.2560302962365194,0,1.0,0.0548522496386028,0,0.0,0,0,0.0,0.0,5200,8.556606193773073,40,17,2,0.0,8.329416783939319,8.329416783939319,0.0
230,7,20,True,3,0.3199842440990898,1,0,1,-0.6000000000000001,0.2106065291509617,0.0315389139688775,0.109377714948128,1,0.109377714948128,0.1225322373271213,1,-0.1556465168211203,-0.170813649892807,0.0151671330716866,169,1888,169,0,0.2991230605392666,0,0.1999999999999999,0.0885165313883049,0,0.0,0,0,0.0,0.0,2070,7.635786861395585,35,12,2,2.408004430451247,7.543802867501509,5.135798437050262,0.812483936548233
231,7,21,True,2,0.343462719457174,3,3,0,0.948683298050514,0.2369172812677664,0.0361403169825511,0.1065454381894075,0,0.0,0.0,0,-0.0859111031482038,-0.0684415325522422,0.0174695705959616,3302,3302,3302,3,0.3434042970116356,0,0.948683298050514,0.1064870157438692,0,0.0,0,0,0.0,0.0,3324,8.109224953089955,36,13,2,0.0,8.10258642539079,8.10258642539079,0.0
232,7,22,True,3,0.3583996529285838,1,1,0,0.7999999999999999,0.3018471744135918,0.0238374616570177,0.0565524785149919,0,0.0,0.0,0,-0.0755356956145334,-0.1160576418042182,0.0405219461896848,3305,3305,3305,1,0.3584774157968071,0,0.7999999999999999,0.0566302413832152,0,0.0,0,0,0.0,0.0,3424,8.138856750696325,35,12,2,0.0,8.10349427838097,8.10349427838097,0.0
233,7,23,True,2,0.3773995065191986,1,3,1,0.2108185106778919,0.2853319909275613,0.0334774423372411,0.0920675155916373,1,0.0920675155916373,0.1031401933743361,1,-0.0552370626554147,0.0228808298707008,0.0781178925261155,1,3,1,1,0.3760569759903895,1,0.2108185106778919,0.0907249850628282,1,0.0907249850628282,1,1,0.0907249850628282,0.0853274641829629,4,1.6094379124341003,34,12,2,0.6931471805599453,1.3862943611198906,0.6931471805599453,0.18260222673416138
234,7,24,True,1,0.3867814023777276,1,1,0,0.7745966692414834,0.3337952976468238,0.0233108483341956,0.0529861047309038,0,0.0,0.0,0,-0.0454446537467388,0.026494987308979,0.0719396410557179,5,5,5,1,0.3903039131595289,0,0.7745966692414834,0.056508615512705,0,0.0,0,0,0.0,0.0,5,1.791759469228055,33,11,2,0.0,1.791759469228055,1.791759469228055,0.0
243,8,3,True,1,-0.6518910013860298,3,2,1,0.2581988897471611,-0.7698566638722769,0.0186913937158083,0.117965662486247,1,0.117965662486247,0.132153030981411,1,-0.9997618020297712,-0.7692127823829651,0.230549019646806,1,0,0,3,-1.9004613327969548,1,0.2581988897471611,-1.1306046689246778,0,0.0,0,0,0.0,0.0,1,0.6931471805599453,53,17,2,-0.6931471805599453,0.0,0.0,-0.9840080193243921
244,8,4,True,1,-0.6483747491023738,3,3,0,0.7745966692414834,-0.5766687148121536,0.0298312228171478,-0.0717060342902201,0,0.0,0.0,0,-0.9997589369233212,-0.7552013993263245,0.2445575375969967,28,28,28,3,-0.6103068488382386,0,0.7745966692414834,-0.0336381340260849,0,0.0,0,0,0.0,0.0,28,3.367295829986474,54,18,2,0.0,3.367295829986474,3.367295829986474,0.0
245,8,5,True,3,-0.644561200516395,3,3,0,0.1999999999999999,-0.5429923066360921,0.0297815929970881,-0.1015688938803028,0,0.0,0.0,0,-0.9997561493284176,-0.6959783434867859,0.3037778058416318,1160,1160,1160,3,-0.5711823552652314,0,0.1999999999999999,-0.0281900486291393,0,0.0,0,0,0.0,0.0,1166,7.062191632286556,55,19,3,0.0,7.057036981697891,7.057036981697891,0.0
246,8,6,True,2,-0.6411045883746725,0,0,0,0.632455532033676,-0.5672979350233496,0.0283782347442726,-0.0738066533513229,0,0.0,0.0,0,-0.9997619868713408,-0.7315372228622437,0.2682247640090972,2151,2151,2151,0,-0.5660876753383222,0,0.632455532033676,0.0012102596850274,0,0.0,0,0,0.0,0.0,3263,8.090708716083997,56,20,2,0.0,7.674152921281675,7.674152921281675,0.0
247,8,7,True,4,-0.6450560714468386,0,0,0,0.316227766016838,-0.5762344912928341,0.0288576355298737,-0.0688215801540045,0,0.0,0.0,0,-0.999770680563573,-0.840965986251831,0.1588046943117419,1947,1947,1947,0,-0.571987838551391,0,0.316227766016838,0.004246652741443,0,0.0,0,0,0.0,0.0,2303,7.742402021815782,51,17,2,0.0,7.5745584842024805,7.5745584842024805,0.0
248,8,8,True,3,-0.551279916656359,0,0,0,0.7999999999999999,-0.8660203251420378,1.2490984923352586e-17,0.3147404084856787,0,0.0,0.0,0,-0.9995389822551144,-0.8103194236755371,0.1892195585795772,54,54,54,1,-0.7956462071081218,1,0.3999999999999999,0.0703741180339159,1,0.0703741180339159,1,0,0.0,0.0,67,4.219507705176107,54,20,2,0.0,4.007333185232471,4.007333185232471,0.0
249,8,9,True,1,-0.5241313912854342,3,2,1,0.2581988897471611,-0.8660203251420378,1.2490984923352586e-17,0.3418889338566035,1,0.3418889338566035,0.3830068675570808,1,-0.9993832436608846,-0.566327691078186,0.4330555525826985,87,0,0,3,-0.8935873181766275,1,0.2581988897471611,-0.0275669930345897,0,0.0,0,0,0.0,0.0,87,4.477336814478207,49,17,2,-4.477336814478207,0.0,0.0,-0.9985626577108633
250,8,10,True,3,-0.5187606677197844,1,2,1,0.3999999999999999,-0.8660203251420378,1.2490984923352586e-17,0.3472596574222534,1,0.3472596574222534,0.3890235115770868,1,-0.9993742459888656,-0.8273014426231384,0.172072803365727,41,77,41,2,-0.8947685355341032,0,0.7999999999999999,-0.0287482103920654,0,0.0,0,0,0.0,0.0,123,4.820281565605037,48,16,2,0.6190392084062233,4.356708826689592,3.7376696182833684,0.2810690701007843
251,8,11,True,2,-0.490905939238684,3,3,0,0.948683298050514,-0.8660203251420378,1.2490984923352586e-17,0.3751143859033538,0,0.0,0.0,0,-0.999576290267418,-0.5873415470123291,0.4122347432550888,661,661,661,3,-0.631634934059781,0,0.948683298050514,0.2343853910822567,0,0.0,0,0,0.0,0.0,1851,7.524021415206125,43,11,3,0.0,6.495265555937008,6.495265555937008,0.0
252,8,12,True,3,-0.4852189718000852,1,1,0,0.7999999999999999,-0.8660203251420378,1.2490984923352586e-17,0.3808013533419525,0,0.0,0.0,0,-0.9997186039457734,-0.7264924645423889,0.2732261394033844,460,460,460,1,-0.6273765413934959,0,0.7999999999999999,0.2386437837485419,0,0.0,0,0,0.0,0.0,684,6.529418838262226,42,12,2,0.0,6.133398042996649,6.133398042996649,0.0
253,8,13,True,3,-0.4675913977501592,0,0,0,0.7999999999999999,-0.8660203251420378,1.2490984923352586e-17,0.3984289273918786,0,0.0,0.0,0,-0.9997990987824898,-0.5863417983055115,0.4134573004769784,869,869,869,0,-0.6033074096207188,0,0.7999999999999999,0.2627129155213189,0,0.0,0,0,0.0,0.0,927,6.833031732786201,41,15,2,0.0,6.76849321164863,6.76849321164863,0.0
255,8,15,True,3,-0.4557760337649337,0,0,0,0.3999999999999999,-0.8660203251420378,1.2490984923352586e-17,0.410244291377104,0,0.0,0.0,0,-0.9997914045244916,-0.490953654050827,0.5088377504736645,359,359,359,0,-0.5940639673813772,0,0.3999999999999999,0.2719563577606605,0,0.0,0,0,0.0,0.0,377,5.934894195619588,39,13,2,0.0,5.886104031450156,5.886104031450156,0.0
256,8,16,True,3,-0.437098066158457,1,0,1,-0.6000000000000001,-0.8660203251420378,1.2490984923352586e-17,0.4289222589835808,1,0.4289222589835808,0.4805074238165056,1,-0.9997848406272288,-0.4146739542484283,0.5851108863788004,970,21258,970,1,-0.5800929857181781,1,-0.6000000000000001,0.2859273394238596,1,0.2859273394238596,1,1,0.2859273394238596,0.2689166032567955,22303,10.012521313560251,36,12,2,3.086209145809736,9.964535614101061,6.878326468291325,0.9033711589872837
259,8,19,True,1,0.3196809015241734,3,3,0,0.7745966692414834,0.2246484983323454,0.0350687898700779,0.0950324031918279,0,0.0,0.0,0,-0.2906707116511621,-0.1334402859210968,0.1572304257300653,7,7,7,3,-1.0263542969622703,0,0.7745966692414834,-1.251002795294616,0,0.0,0,0,0.0,0.0,7,2.0794415416798357,35,12,2,0.0,2.0794415416798357,2.0794415416798357,0.0
260,8,20,True,2,0.3352326963965757,1,1,0,0.948683298050514,0.2276233281682095,0.0365465822244885,0.1076093682283662,0,0.0,0.0,0,-0.2823585739078947,-0.1617275178432464,0.1206310560646483,206,206,206,1,0.296969959855159,0,0.948683298050514,0.0693466316869494,0,0.0,0,0,0.0,0.0,207,5.337538079701318,34,11,3,0.0,5.332718793265369,5.332718793265369,0.0
261,8,21,True,2,0.3592855519970583,3,3,0,0.632455532033676,0.3032089570135142,0.0238754997993021,0.056076594983544,0,0.0,0.0,0,-0.1601898439874796,-0.107883833348751,0.0523060106387285,53,53,53,3,0.3589849476053885,0,0.632455532033676,0.0557759905918743,0,0.0,0,0,0.0,0.0,107,4.68213122712422,33,10,2,0.0,3.9889840465642745,3.9889840465642745,0.0
262,8,22,True,3,0.3737041499560954,1,1,0,0.3999999999999999,0.2876587944000254,0.0326985452369276,0.08604535555607,0,0.0,0.0,0,-0.0647224219723912,-0.0778630897402763,0.013140667767885,3259,3259,3259,1,0.3737193856006849,0,0.3999999999999999,0.0860605912006595,0,0.0,0,0,0.0,0.0,3277,8.094988759303774,34,11,3,0.0,8.089482474360754,8.089482474360754,0.0
263,8,23,True,2,0.3913126326219002,1,3,1,0.7378647873726218,0.3339659885283264,0.0233132272394224,0.0573466440935738,1,0.0573466440935738,0.0642435491299135,1,-0.0448322099406595,0.0282774195075035,0.0731096294481631,24,67,24,3,0.3906984808388391,0,0.948683298050514,0.0567324923105127,0,0.0,0,0,0.0,0.0,91,4.5217885770490405,33,11,3,1.0006318803079064,4.219507705176107,3.2188758248682006,0.5876965522766113
264,8,24,True,1,0.4066367422517788,1,1,0,0.7745966692414834,0.3277909310154746,0.0289196461471232,0.0788458112363042,0,0.0,0.0,0,-0.0343650163451419,0.0435069426894187,0.0778719590345607,129,129,129,1,0.4058710994292876,0,0.7745966692414834,0.0780801684138129,0,0.0,0,0,0.0,0.0,129,4.867534450455582,32,10,3,0.0,4.867534450455582,4.867534450455582,0.0
276,9,6,True,2,-0.6492543454568148,3,3,0,0.948683298050514,-0.582350348528722,0.0282228861473168,-0.0669039969280927,0,0.0,0.0,0,-0.9997496943472176,-0.9565609097480774,0.0431887845991402,8,8,8,3,-1.9388189302918284,0,0.948683298050514,-1.3564685817631064,0,0.0,0,0,0.0,0.0,11,2.4849066497880004,49,15,3,0.0,2.1972245773362196,2.1972245773362196,0.0
277,9,7,True,3,-0.6457114602941997,0,0,0,1.0,-0.5901304791574883,0.0271974545585829,-0.0555809811367113,0,0.0,0.0,0,-0.999767308316807,-0.8290092349052429,0.1707580734115641,371,371,371,0,-0.6165636664160434,0,1.0,-0.0264331872585551,0,0.0,0,0,0.0,0.0,373,5.924255797414532,50,16,3,0.0,5.918893854273146,5.918893854273146,0.0
278,9,8,True,2,-0.5560796303735788,0,0,0,0.948683298050514,-0.862430109922844,0.0035902152191936,0.3063504795492652,0,0.0,0.0,0,-0.9995467460498714,-0.873389720916748,0.1261570251331233,30,30,30,1,-0.7933533795746529,1,0.7378647873726218,0.069076730348191,1,0.069076730348191,1,0,0.0,0.0,34,3.5553480614894135,53,19,2,0.0,3.4339872044851463,3.4339872044851463,0.0
279,9,9,True,2,-0.5078561608978046,1,3,1,0.7378647873726218,-0.8660203251420378,1.2490984923352586e-17,0.3581641642442331,1,0.3581641642442331,0.4012394699967676,1,-0.9992844047077232,-0.8604894876480103,0.1387949170597128,59,31,31,3,-0.8978470755339443,0,0.948683298050514,-0.0318267503919065,0,0.0,0,0,0.0,0.0,90,4.51085950651685,46,14,2,-0.6286086594223739,3.4657359027997265,3.4657359027997265,-0.1715168058872223
280,9,10,True,2,-0.5129129007944857,2,0,1,0.2108185106778919,-0.8660203251420378,1.2490984923352586e-17,0.353107424347552,1,0.353107424347552,0.395574571498792,1,-0.9993397916541767,-0.6091629862785339,0.3901768053756429,37,34,34,0,-0.8959558143447689,0,0.632455532033676,-0.0299354892027311,0,0.0,0,0,0.0,0.0,71,4.276666119016055,47,15,2,-0.08223809823697215,3.5553480614894135,3.5553480614894135,0.08069339394569397
281,9,11,True,2,-0.4867110755410819,1,0,1,0.2108185106778919,-0.8660203251420378,1.2490984923352586e-17,0.3793092496009558,1,0.3793092496009558,0.4249276099296682,1,-0.9994876373041508,-0.7399373650550842,0.2595502722490667,52,1192,52,0,-0.6361658730520539,0,0.632455532033676,0.2298544520899839,0,0.0,0,0,0.0,0.0,1244,7.126890808898808,42,10,2,3.113934508545794,7.084226422097916,3.970291913552122,0.9207575432956219
282,9,12,True,2,-0.4794712295174945,3,2,1,-0.2108185106778919,-0.8660203251420378,1.2490984923352586e-17,0.3865490956245432,1,0.3865490956245432,0.4330381700341167,1,-0.9997829214239292,-0.4459379017353058,0.5538450196886235,476,0,0,3,-0.6231923974986621,1,-0.2108185106778919,0.2428279276433756,1,0.2428279276433756,1,1,0.2428279276433756,0.2283813139706164,477,6.169610732491456,41,13,2,-6.1675164908883415,0.0,0.0,-0.9986053056782112
283,9,13,True,4,-0.4736787717991432,0,0,0,1.0,-0.8660203251420378,1.2490984923352586e-17,0.3923415533428945,0,0.0,0.0,0,-0.9997823461917732,-0.5830320715904236,0.4167502746013497,489,489,489,0,-0.6189645694303081,0,1.0,0.2470557557117296,0,0.0,0,0,0.0,0.0,523,6.261491684321042,40,14,3,0.0,6.194405391104672,6.194405391104672,0.0
285,9,15,True,2,-0.4616452929731531,0,0,0,0.948683298050514,-0.8660203251420378,1.2490984923352586e-17,0.4043750321688846,0,0.0,0.0,0,-0.9997748141297236,-0.5493037104606628,0.4504711036690607,56,56,56,0,-0.5994717211303493,0,0.948683298050514,0.2665486040116884,0,0.0,0,0,0.0,0.0,57,4.060443010546419,38,12,2,0.0,4.04305126783455,4.04305126783455,0.0
286,9,16,True,3,-0.4309067046138745,1,0,1,-0.6000000000000001,-0.8660203251420378,1.2490984923352586e-17,0.4351136205281632,1,0.4351136205281632,0.4874434014287511,1,-0.999718963776964,-0.4697324335575104,0.5299865302194537,46,1522,46,1,-0.5753815882585376,1,-0.6000000000000001,0.2906387368835001,1,0.2906387368835001,1,1,0.2906387368835001,0.2733477045428501,1570,7.359467638255621,35,11,2,3.4782897511851036,7.328437352895162,3.8501476017100584,0.9297400414943695
290,9,20,True,2,0.3503465884234817,3,3,0,0.632455532033676,0.3038780132399214,0.023885505918458,0.0464685751835602,0,0.0,0.0,0,-0.2777466379516705,-0.1129105165600776,0.1648361213915928,211,211,211,3,0.3468402145238471,0,0.632455532033676,0.0429622012839257,0,0.0,0,0,0.0,0.0,213,5.365976015021851,33,10,2,0.0,5.356586274672012,5.356586274672012,0.0
291,9,21,True,2,0.3660539678957236,3,3,0,0.632455532033676,0.2814314522668558,0.0333064143737759,0.0846225156288678,0,0.0,0.0,0,-0.2696716218454681,-0.1123178377747535,0.1573537840707145,268,268,268,3,0.3628955690947327,0,0.632455532033676,0.0814641168278768,0,0.0,0,0,0.0,0.0,365,5.902633333401366,32,9,4,0.0,5.594711379601839,5.594711379601839,0.0
292,9,22,True,3,0.3896220596330793,3,3,0,1.0,0.3332985734875676,0.0233150422588312,0.0563234861455116,0,0.0,0.0,0,-0.0514292453377652,-0.0370349362492561,0.0143943090885091,3425,3425,3425,3,0.3895305894762365,0,1.0,0.0562320159886689,0,0.0,0,0,0.0,0.0,3431,8.140898460607852,33,10,3,0.0,8.139148678884066,8.139148678884066,0.0
293,9,23,True,3,0.4059473506169075,3,3,0,1.0,0.3276150337417016,0.0289140255508706,0.0783323168752058,0,0.0,0.0,0,-0.034533325721219,0.0097314938902854,0.0442648196115045,3360,3360,3360,3,0.4058514739371969,0,1.0,0.0782364401954952,0,0.0,0,0,0.0,0.0,3365,8.121480374750751,32,10,3,0.0,8.119993827725105,8.119993827725105,0.0
294,9,24,True,3,0.4221103127427769,1,1,0,0.3999999999999999,0.3585881987132603,0.0248878379377076,0.0635221140295166,0,0.0,0.0,0,-0.0232046573342824,0.0006783828139305,0.0238830401482129,3396,3396,3396,1,0.4220540327239455,0,0.3999999999999999,0.0634658340106852,0,0.0,0,0,0.0,0.0,3402,8.132412674500905,31,9,3,0.0,8.130647968160584,8.130647968160584,0.0
306,10,6,True,1,-0.6539154169664331,0,0,0,0.7745966692414834,-0.5990618442045037,0.0276193885609168,-0.0548535727619293,0,0.0,0.0,0,-0.999674919448488,-1.0160068273544312,0.016331907905943,4,4,4,0,-3.180403403908083,0,0.7745966692414834,-2.58134155970358,0,0.0,0,0,0.0,0.0,4,1.6094379124341003,48,16,2,0.0,1.6094379124341003,1.6094379124341003,0.0
307,10,7,True,1,-0.565349493571738,3,2,1,0.2581988897471611,-0.7314608705622526,0.0221417107976062,0.1661113769905146,1,0.1661113769905146,0.1860890829342106,1,-0.9995728419370704,-0.7190445065498352,0.2805283353872352,22,0,0,3,-0.7886902623919817,1,0.2581988897471611,-0.057229391829729,0,0.0,0,0,0.0,0.0,22,3.1354942159291497,51,17,2,-3.1354942159291497,0.0,0.0,-0.9983124993159436
308,10,8,True,2,-0.5607500177933845,0,3,1,0.1054092553389459,-0.818336916221386,0.0128864445832861,0.2575868984280015,1,0.2575868984280015,0.2885660848327784,1,-0.9995628046319596,-0.7426890730857849,0.2568737315461746,20,0,0,2,-0.7910348279114329,1,-0.1054092553389459,0.0273020883099531,1,0.0273020883099531,1,1,0.0273020883099531,0.0256777993490363,27,3.332204510175204,52,18,2,-3.044522437723423,0.0,0.0,-0.5618102561275009
309,10,9,True,2,-0.502528400962786,1,0,1,0.2108185106778919,-0.8660203251420378,1.2490984923352586e-17,0.3634919241792518,1,0.3634919241792518,0.4072079832820308,1,-0.9992312772859612,-0.8995814323425293,0.0996498449434319,2,57,2,0,-0.9265498306672938,0,0.632455532033676,-0.060529505525256,0,0.0,0,0,0.0,0.0,59,4.0943445622221,45,13,2,2.961830721878309,4.060443010546419,1.0986122886681098,0.9379394706338644
310,10,10,True,2,-0.4875732346456151,3,1,1,0.7378647873726218,-0.863839522282916,0.0021808028591215,0.3762662876373009,1,0.3762662876373009,0.4215186802616387,1,-0.998117751307553,-0.8789497017860413,0.1191680495215117,19,27,19,3,-0.6615120252271208,1,0.7378647873726218,0.2023274970557952,1,0.2023274970557952,1,1,0.2023274970557952,0.1902903841351013,46,3.8501476017100584,42,10,2,0.33647223662121295,3.332204510175204,2.995732273553991,0.0754731297492981
311,10,11,True,2,-0.4811232970998357,3,2,1,0.1054092553389459,-0.8660203251420378,1.2490984923352586e-17,0.384897028042202,1,0.384897028042202,0.4311874133495775,1,-0.998074014149628,-0.6989006400108337,0.2991733741387942,934,0,0,3,-0.6568069295777239,1,0.1054092553389459,0.2092133955643138,1,0.2092133955643138,1,1,0.2092133955643138,0.1967666184155065,1694,7.43543801981455,41,9,4,-6.840546529288687,0.0,0.0,-0.5612931445066351
312,10,12,True,3,-0.4749096174370856,1,2,1,0.3999999999999999,-0.8660203251420378,1.2490984923352586e-17,0.3911107077049521,1,0.3911107077049521,0.4381483932116261,1,-0.9979509605115404,-0.8704609274864197,0.1274900330251208,468,903,468,1,-0.653336016816838,1,0.3999999999999999,0.2126843083251998,1,0.2126843083251998,1,1,0.2126843083251998,0.2000310354234739,1417,7.257002707092073,40,8,2,0.6562265919458969,6.806829360392176,6.150602768446279,0.35009127855300903
313,10,13,True,2,-0.4791392270133111,3,3,0,0.948683298050514,-0.8660203251420378,1.2490984923352586e-17,0.3868810981287266,0,0.0,0.0,0,-0.9995003995571754,-0.6145780086517334,0.384922390905442,31,31,31,1,-1.0400979463197442,1,0.7378647873726218,-0.1740776211777064,0,0.0,0,0,0.0,0.0,74,4.31748811353631,39,13,3,0.0,3.4657359027997265,3.4657359027997265,0.0
314,10,14,True,1,-0.4738846487339188,3,3,0,0.7745966692414834,-0.8660203251420378,1.2490984923352586e-17,0.3921356764081189,0,0.0,0.0,0,-0.999461571852426,-0.3757283091545105,0.6237332626979156,44,44,44,3,-1.904376065557182,0,0.7745966692414834,-1.0383557404151442,0,0.0,0,0,0.0,0.0,44,3.8066624897703196,38,12,3,0.0,3.8066624897703196,3.8066624897703196,0.0
315,10,15,True,4,-0.4681921819929572,0,0,0,0.3999999999999999,-0.8660203251420378,1.2490984923352586e-17,0.3978281431490805,0,0.0,0.0,0,-0.9994503617130684,-0.5557803511619568,0.4436700105511115,36,36,36,0,-0.6377290022332887,0,0.3999999999999999,0.2282913229087491,0,0.0,0,0,0.0,0.0,77,4.356708826689592,37,11,3,0.0,3.6109179126442243,3.6109179126442243,0.0
316,10,16,True,2,-0.4247562835180346,1,0,1,0.7378647873726218,-0.8660203251420378,1.2490984923352586e-17,0.4412640416240031,1,0.4412640416240031,0.4943335148100243,1,-0.998612718663987,-0.5264795422554016,0.4721331764085854,2,89,2,1,-0.5706174154993879,1,0.7378647873726218,0.2954029096426498,1,0.2954029096426498,1,1,0.2954029096426498,0.2778284413562678,91,4.5217885770490405,34,10,2,3.401197381662155,4.499809670330265,1.0986122886681098,0.9481509886682034
320,10,20,True,1,0.0509861233082606,3,2,1,0.2581988897471611,-0.7031716435546491,0.031221725525574,0.7541577668629098,1,0.7541577668629098,0.844858008920394,1,-0.8205459664186805,-0.1491748392581939,0.6713711271604865,51,0,0,3,-0.062210009495751,1,0.2581988897471611,0.640961634058898,1,0.640961634058898,1,1,0.640961634058898,0.6028287669040604,51,3.9512437185814275,32,9,1,-3.9512437185814275,0.0,0.0,-0.9562472401303239
321,10,21,True,3,0.0627560598802375,2,1,1,0.0,-0.6168340981532315,0.0451717658738212,0.679590158033469,1,0.679590158033469,0.7613223824325107,1,-0.8185012312042956,-0.2058741748332977,0.6126270563709979,14,1241,14,3,-0.051969332558773,1,-0.3999999999999999,0.5648647655944585,1,0.5648647655944585,1,1,0.5648647655944585,0.5312591456598297,1261,7.140453043101158,31,8,3,4.416428061391214,7.124478262493424,2.70805020110221,0.979542775079608
322,10,22,True,2,0.4014399115633185,3,3,0,0.948683298050514,0.328316670938214,0.0289349429168112,0.0731232406251045,0,0.0,0.0,0,-0.0473494056746385,-0.1743396520614624,0.1269902463868238,3,3,3,3,0.406738045196827,0,0.948683298050514,0.078421374258613,0,0.0,0,0,0.0,0.0,4,1.6094379124341003,32,10,2,0.0,1.3862943611198906,1.3862943611198906,0.0
323,10,23,True,2,0.4226738492786455,3,3,0,0.948683298050514,0.3596487351120582,0.0249137103699814,0.0630251141665873,0,0.0,0.0,0,-0.0246033141259598,-0.0171429440379142,0.0074603700880455,108,108,108,3,0.4224985043049225,0,0.948683298050514,0.0628497691928643,0,0.0,0,0,0.0,0.0,110,4.709530201312334,31,9,2,0.0,4.6913478822291435,4.6913478822291435,0.0
324,10,24,True,3,0.4382505002579357,1,1,0,0.3999999999999999,0.376080269938831,0.0252411148888294,0.0621702303191047,0,0.0,0.0,0,-0.0118871470951946,-0.0432298108935356,0.0313426637983409,3460,3460,3460,1,0.4384581618599043,0,0.3999999999999999,0.0623778919210733,0,0.0,0,0,0.0,0.0,3473,8.153061946801051,30,8,3,0.0,8.149312843635345,8.149312843635345,0.0
339,11,9,True,1,-0.4975034357742672,3,3,0,0.7745966692414834,-0.863839522282916,0.0021808028591215,0.3663360865086488,0,0.0,0.0,0,-0.9981680436203978,-0.6294940114021301,0.3686740322182676,3,3,3,3,-1.9588749346749004,0,0.7745966692414834,-1.0950354123919843,0,0.0,0,0,0.0,0.0,3,1.3862943611198906,44,12,3,0.0,1.3862943611198906,1.3862943611198906,0.0
340,11,10,True,1,-0.4924277133616219,3,3,0,0.7745966692414834,-0.8660203251420378,1.2490984923352586e-17,0.3735926117804158,0,0.0,0.0,0,-0.99811833587027,-0.5924639105796814,0.4056544252905886,48,48,48,3,-0.6988377525330367,0,0.7745966692414834,0.167182572609001,0,0.0,0,0,0.0,0.0,48,3.8918202981106265,43,11,3,0.0,3.8918202981106265,3.8918202981106265,0.0
341,11,11,True,2,-0.4869540050099576,0,0,0,0.948683298050514,-0.8660203251420378,1.2490984923352586e-17,0.3790663201320801,0,0.0,0.0,0,-0.9980961906547416,-0.825002908706665,0.1730932819480765,800,800,800,0,-0.662502802137786,0,0.948683298050514,0.2035175230042517,0,0.0,0,0,0.0,0.0,801,6.687108607866515,42,10,3,0.0,6.68586094706836,6.68586094706836,0.0
342,11,12,True,3,-0.4690033260678286,1,0,1,0.3999999999999999,-0.8660203251420378,1.2490984923352586e-17,0.3970169990742091,1,0.3970169990742091,0.4447650161327041,1,-0.9976328859339147,-0.83002108335495,0.1676118025789648,5,470,5,1,-0.6494566340575963,1,0.3999999999999999,0.2165636910844414,1,0.2165636910844414,1,1,0.2165636910844414,0.2036796212370947,476,6.1675164908883415,39,7,2,4.363098624788362,6.154858094016418,1.791759469228055,0.9774342915043235
343,11,13,True,2,-0.4854034169308654,0,0,0,0.632455532033676,-0.8660203251420378,1.2490984923352586e-17,0.3806169082111723,0,0.0,0.0,0,-0.9995058023075746,-0.649257481098175,0.3502483212093995,47,47,47,2,-1.0285589327115852,1,0.2108185106778919,-0.1625386075695474,0,0.0,0,0,0.0,0.0,48,3.8918202981106265,40,14,1,0.0,3.871201010907891,3.871201010907891,0.0
344,11,14,True,1,-0.4450740162626696,1,3,1,0.2581988897471611,-0.8660203251420378,1.2490984923352586e-17,0.4209463088793681,1,0.4209463088793681,0.471572230650858,1,-0.9904088708609816,-0.7063612937927246,0.2840475770682571,1,0,0,1,-0.587375325249812,1,0.2581988897471611,0.2786449998922258,1,0.2786449998922258,1,1,0.2786449998922258,0.2620675135035887,1,0.6931471805599453,35,9,2,-0.6931471805599453,0.0,0.0,0.22666266560554504
345,11,15,True,1,-0.4729230525508814,0,0,0,0.7745966692414834,-0.8660203251420378,1.2490984923352586e-17,0.3930972725911563,0,0.0,0.0,0,-0.9989792996375848,-0.4452835619449615,0.5536957376926231,31,31,31,0,-0.6402292194570015,0,0.7745966692414834,0.2257911056850362,0,0.0,0,0,0.0,0.0,31,3.4657359027997265,36,10,2,0.0,3.4657359027997265,3.4657359027997265,0.0
346,11,16,True,2,-0.4189457413856296,3,3,0,0.948683298050514,-0.8602854063927821,0.0057349187492556,0.4413396650071524,0,0.0,0.0,0,-0.9774834752475056,-0.4784790873527527,0.4990043878947529,6,6,6,3,-0.5657997915622374,0,0.948683298050514,0.2944856148305447,0,0.0,0,0,0.0,0.0,9,2.302585092994046,33,9,3,0.0,1.9459101490553132,1.9459101490553132,0.0
347,11,17,True,2,-0.4130765069084527,3,3,0,0.948683298050514,-0.8602854063927821,0.0057349187492556,0.4472088994843293,0,0.0,0.0,0,-0.9770405979947632,-0.4982993900775909,0.4787412079171722,14,14,14,3,-0.560765084414814,0,0.948683298050514,0.2995203219779681,0,0.0,0,0,0.0,0.0,17,2.8903717578961645,32,9,3,0.0,2.70805020110221,2.70805020110221,0.0
348,11,18,True,2,-0.4066919472596201,1,1,0,0.948683298050514,-0.8602854063927821,0.0057349187492556,0.4535934591331619,0,0.0,0.0,0,-0.9767135698042808,-0.505623459815979,0.4710901099883019,12,12,12,1,-0.5556998784341342,0,0.948683298050514,0.3045855279586479,0,0.0,0,0,0.0,0.0,13,2.6390573296152584,31,8,2,0.0,2.5649493574615367,2.5649493574615367,0.0
349,11,19,True,1,-0.3995737034638141,3,3,0,0.7745966692414834,-0.8492105086722674,0.0124070428532797,0.4496368052084533,0,0.0,0.0,0,-0.9773477878818032,-0.2738900780677795,0.7034577098140236,1,1,1,3,-1.804115949188852,0,0.7745966692414834,-0.9549054405165842,0,0.0,0,0,0.0,0.0,1,0.6931471805599453,30,7,3,0.0,0.6931471805599453,0.6931471805599453,0.0
350,11,20,True,1,-0.3813357850927889,1,1,0,0.7745966692414834,-0.8472842327800695,0.014143273891165,0.4659484476872805,0,0.0,0.0,0,-0.9772147331481008,-0.3970171213150024,0.5801976118330983,1,1,1,1,-0.5443174918815546,0,0.7745966692414834,0.3029667408985148,0,0.0,0,0,0.0,0.0,1,0.6931471805599453,31,8,2,0.0,0.6931471805599453,0.6931471805599453,0.0
351,11,21,True,3,0.0423664688429666,0,0,0,0.1999999999999999,-0.5321033364777101,0.051055401094986,0.5744698053206768,0,0.0,0.0,0,-0.8320090054631716,-0.2794787287712097,0.5525302766919619,1162,1162,1162,0,-0.0735508633598509,0,0.1999999999999999,0.4585524731178592,0,0.0,0,0,0.0,0.0,1228,7.113956109566034,30,7,2,0.0,7.0587581525186645,7.0587581525186645,0.0
352,11,22,True,1,0.3933015507582568,3,3,0,0.7745966692414834,0.3340520534485028,0.0232559457551959,0.0592494973097539,0,0.0,0.0,0,-0.0501869652879691,-0.1495312452316284,0.0993442799436592,1,1,1,3,0.3919800663576302,0,0.7745966692414834,0.0579280129091273,0,0.0,0,0,0.0,0.0,1,0.6931471805599453,33,11,2,0.0,0.6931471805599453,0.6931471805599453,0.0
353,11,23,True,1,0.4073753035704438,1,1,0,0.7745966692414834,0.34638088649208,0.0235397613796043,0.0609944170783638,0,0.0,0.0,0,-0.0397763988890141,-0.2661187350749969,0.2263423361859828,3,3,3,1,0.4067816395897418,0,0.7745966692414834,0.0604007530976618,0,0.0,0,0,0.0,0.0,3,1.3862943611198906,32,10,2,0.0,1.3862943611198906,1.3862943611198906,0.0
354,11,24,True,2,0.4549076224927855,3,3,0,0.632455532033676,0.3899872103285804,0.0254987536391949,0.0649204121642051,0,0.0,0.0,0,-0.0003803612445105,-0.0091429874300956,0.008762626185585,3414,3414,3414,3,0.4550408376329863,0,0.632455532033676,0.0650536273044059,0,0.0,0,0,0.0,0.0,4022,8.299783171949787,29,7,3,0.0,8.13593277200489,8.13593277200489,0.0
355,11,25,True,3,0.4716663651410644,3,3,0,1.0,0.3685786727365413,0.0356075930006336,0.103087692404523,0,0.0,0.0,0,0.015782736502054,0.0247342661023139,0.0089515296002599,3457,3457,3457,3,0.4718146839933306,0,1.0,0.1032360112567893,0,0.0,0,0,0.0,0.0,4056,8.308199063206446,28,6,3,0.0,8.148445666243235,8.148445666243235,0.0
356,11,26,True,3,0.4886024519491065,1,1,0,1.0,0.4168731862345566,0.0259569750870154,0.0717292657145498,0,0.0,0.0,0,0.0319004761665057,0.0791413113474845,0.0472408351809788,3442,3442,3442,1,0.4887816245234259,0,1.0,0.0719084382888692,0,0.0,0,0,0.0,0.0,3541,8.17244681834278,27,5,2,0.0,8.144098463338524,8.144098463338524,0.0
357,11,27,True,2,0.4668554928503866,1,1,0,0.948683298050514,0.4582183251491932,0.018919110959768,0.0086371677011933,0,0.0,0.0,0,-0.232724090769461,0.1231923475861549,0.3559164383556159,66,66,66,1,0.470839357418407,0,0.948683298050514,0.0126210322692137,0,0.0,0,0,0.0,0.0,92,4.532599493153256,28,2,2,0.0,4.204692619390966,4.204692619390966,0.0
358,11,28,True,2,0.4003645287554899,1,1,0,0.948683298050514,0.3795902440902167,0.0444116611943578,0.0207742846652732,0,0.0,0.0,0,-0.8046283574895476,0.2169082462787628,1.0215366037683105,18,18,18,1,0.4187240032187234,0,0.948683298050514,0.0391337591285066,0,0.0,0,0,0.0,0.0,105,4.663439094112067,27,1,3,0.0,2.9444389791664403,2.9444389791664403,0.0
370,12,10,True,1,-0.4974986202968727,3,3,0,0.7745966692414834,-0.8660203251420378,1.2490984923352586e-17,0.368521704845165,0,0.0,0.0,0,-0.99814670424257,-0.6805725693702698,0.3175741348723002,2,2,2,3,-1.987407762953117,0,0.7745966692414834,-1.1213874378110793,0,0.0,0,0,0.0,0.0,2,1.0986122886681098,42,8,2,0.0,1.0986122886681098,1.0986122886681098,0.0
371,12,11,True,2,-0.4924228492430416,0,0,0,0.632455532033676,-0.8660203251420378,1.2490984923352586e-17,0.3735974758989961,0,0.0,0.0,0,-0.998123305670786,-0.6899515390396118,0.308171766631174,16,16,16,0,-0.7005526386462504,0,0.632455532033676,0.1654676864957873,0,0.0,0,0,0.0,0.0,19,2.995732273553991,43,9,2,0.0,2.833213344056216,2.833213344056216,0.0
372,12,12,True,1,-0.4636397237591588,3,2,1,0.2581988897471611,-0.8660203251420378,1.2490984923352586e-17,0.4023806013828789,1,0.4023806013828789,0.4507736824439898,1,-0.988593843950208,-0.5551037192344666,0.4334901247157414,31,0,0,3,-0.6455238486666668,1,0.2581988897471611,0.2204964764753709,1,0.2204964764753709,1,1,0.2204964764753709,0.2073784325882504,31,3.4657359027997265,38,6,2,-3.4657359027997265,0.0,0.0,-0.9984613835258642
373,12,13,True,2,-0.457022005684339,1,2,1,0.7378647873726218,-0.8660203251420378,1.2490984923352586e-17,0.4089983194576987,1,0.4089983194576987,0.4581872931789769,1,-0.9882224551612044,-0.9597476124763488,0.0284748426848554,7,22,7,1,-0.6415466739019504,1,0.7378647873726218,0.2244736512400873,1,0.2244736512400873,1,1,0.2244736512400873,0.211118992446714,29,3.4011973816621555,37,5,2,1.056052674249314,3.1354942159291497,2.0794415416798357,0.5605462342500687
374,12,14,True,1,-0.4394687037539477,3,2,1,0.2581988897471611,-0.8602854063927821,0.0057349187492556,0.4208167026388343,1,0.4208167026388343,0.4714270370652022,1,-0.9768913229295167,-0.4392283856868744,0.5376629372426424,2,0,0,3,-0.5814409756690208,1,0.2581988897471611,0.2788444307237613,1,0.2788444307237613,1,1,0.2788444307237613,0.2622550795541429,2,1.0986122886681098,34,8,2,-1.0986122886681098,0.0,0.0,-0.9980791624839185
375,12,15,True,1,-0.4338067719269558,3,3,0,0.7745966692414834,-0.8602854063927821,0.0057349187492556,0.4264786344658262,0,0.0,0.0,0,-0.9762712633368722,-0.6940832734107971,0.2821879899260751,7,7,7,3,-0.5767099187266977,0,0.7745966692414834,0.2835754876660843,0,0.0,0,0,0.0,0.0,7,2.0794415416798357,33,7,3,0.0,2.0794415416798357,2.0794415416798357,0.0
376,12,16,True,2,-0.4261908063886284,3,3,0,0.948683298050514,-0.8602854063927821,0.0057349187492556,0.4340946000041537,0,0.0,0.0,0,-0.9759179500880126,-0.5659621357917786,0.409955814296234,5,5,5,3,-0.5718319044422355,0,0.948683298050514,0.2884535019505465,0,0.0,0,0,0.0,0.0,9,2.302585092994046,32,8,4,0.0,1.791759469228055,1.791759469228055,0.0
377,12,17,True,1,-0.4203947543862294,0,0,0,0.7745966692414834,-0.8602854063927821,0.0057349187492556,0.4398906520065526,0,0.0,0.0,0,-0.9772357792823096,-0.38950115442276,0.5877346248595496,10,10,10,0,-0.5656743458047998,0,0.7745966692414834,0.2946110605879822,0,0.0,0,0,0.0,0.0,10,2.3978952727983707,33,9,2,0.0,2.3978952727983707,2.3978952727983707,0.0
378,12,18,True,2,-0.3995737034638141,3,3,0,0.632455532033676,-0.8602854063927821,0.0057349187492556,0.4607117029289679,0,0.0,0.0,0,-0.9763822061111896,-0.2430793344974517,0.7333028716137378,11,11,11,3,-0.5507112187963119,0,0.632455532033676,0.3095741875964701,0,0.0,0,0,0.0,0.0,12,2.5649493574615367,30,7,2,0.0,2.4849066497880004,2.4849066497880004,0.0
379,12,19,True,2,-0.3935087918359118,3,2,1,-0.1054092553389459,-0.8602854063927821,0.0057349187492556,0.4667766145568702,1,0.4667766145568702,0.5229144066573089,1,-0.9761138023771272,-0.3684547841548919,0.6076590182222352,8,0,0,3,-0.5456701517608455,1,-0.1054092553389459,0.3146152546319365,1,0.3146152546319365,1,1,0.3146152546319365,0.2958977822088326,13,2.6390573296152584,29,6,4,-2.1972245773362196,0.0,0.0,-0.7173882191127632
380,12,20,True,1,-0.3750866520419915,3,3,0,0.7745966692414834,-0.854323676680299,0.008219850589039,0.4792370246383074,0,0.0,0.0,0,-0.9769346616193868,-0.1627548336982727,0.8141798279211142,16,16,16,3,-0.505292826962797,0,0.7745966692414834,0.349030849717502,0,0.0,0,0,0.0,0.0,16,2.833213344056216,30,7,3,0.0,2.833213344056216,2.833213344056216,0.0
381,12,21,True,2,-0.3679369705246146,1,3,1,0.2108185106778919,-0.8602854063927821,0.0057349187492556,0.4923484358681674,1,0.4923484358681674,0.5515616725038169,1,-0.9767005280854096,-0.2680730819702148,0.7086274461151947,129,378,129,3,-0.4977446195091523,0,0.632455532033676,0.3625407868836297,0,0.0,0,0,0.0,0.0,507,6.230481447578482,29,6,4,1.070001754626844,5.937536205082426,4.867534450455582,0.45726343989372253
382,12,22,True,4,-0.3747154430064907,2,1,1,-0.3999999999999999,-0.8602854063927821,0.0057349187492556,0.4855699633862914,1,0.4855699633862914,0.5439679739221772,1,-0.9816444519570816,-0.3298955857753753,0.6517488661817062,205,3342,205,2,-0.5033134484046154,1,-0.316227766016838,0.3569719579881666,1,0.3569719579881666,1,1,0.3569719579881666,0.3357345491813952,3616,8.193400231952097,30,7,2,2.786747717630517,8.114623886420098,5.327876168789581,0.8774547725915909
383,12,23,True,2,0.4215912155019459,3,3,0,0.632455532033676,0.3607183675019069,0.0249459984175432,0.0608728480000389,0,0.0,0.0,0,-0.0282124165532359,-0.1804039478302002,0.1521915312769643,62,62,62,3,0.4225437529759194,0,0.632455532033676,0.0618253854740125,0,0.0,0,0,0.0,0.0,76,4.343805421853684,31,9,3,0.0,4.143134726391533,4.143134726391533,0.0
384,12,24,True,3,0.4386286002402437,0,0,0,0.7999999999999999,0.3759008373056814,0.0252364088927265,0.0627277629345622,0,0.0,0.0,0,-0.0131957761070421,-0.112412579357624,0.0992168032505819,679,679,679,0,0.4388864860058509,0,0.7999999999999999,0.0629856487001694,0,0.0,0,0,0.0,0.0,735,6.601230118728877,30,8,2,0.0,6.522092798170152,6.522092798170152,0.0
385,12,25,True,3,0.455249525490965,0,0,0,0.3999999999999999,0.3892548884664166,0.0254741032939412,0.0659946370245483,0,0.0,0.0,0,0.0013513842617228,-0.1240104809403419,0.1253618652020648,691,691,691,0,0.4554843303334161,0,0.3999999999999999,0.0662294418669994,0,0.0,0,0,0.0,0.0,797,6.682108597449809,29,7,2,0.0,6.539585955617669,6.539585955617669,0.0
386,12,26,True,2,0.5054951266227093,1,3,1,0.2108185106778919,0.4584070049709942,0.0189246115456181,0.0470881216517151,1,0.0470881216517151,0.0527512656508927,1,0.0441865504982502,0.1240552738308906,0.0798687233326403,600,2766,600,1,0.5054977020810061,1,0.2108185106778919,0.0470906971100119,1,0.0470906971100119,1,1,0.0470881216517151,0.0442866979906061,3366,8.121777419161074,26,4,3,1.526924045251718,7.925518979786926,6.398594934535208,0.6272854655981064
387,12,27,True,3,0.4898442378937828,2,3,1,0.7999999999999999,0.4367717037387643,0.0322147699527161,0.0530725341550185,1,0.0530725341550185,0.0594554050952568,0,0.044314244411156,0.1248525604605674,0.0805383160494114,26,2790,26,2,0.4883094623494758,1,0.3999999999999999,0.0515377586107115,1,0.0515377586107115,0,1,0.0515377586107115,0.0484716117492914,2826,7.946971357693591,27,3,3,4.638318367531993,7.934155233536322,3.295836866004329,0.9799405438825488
388,12,28,True,3,0.5062635483103841,3,3,0,0.7999999999999999,0.4680191898163179,0.0267903481141821,0.0382443584940662,0,0.0,0.0,0,0.0634226348640124,0.1871128380298614,0.123690203165849,2697,2697,2697,2,0.4711518537187599,1,0.7999999999999999,0.003132663902442,1,0.003132663902442,0,0,0.0,0.0,2729,7.912056888179006,26,2,3,0.0,7.900266036767701,7.900266036767701,0.0
389,12,29,True,3,0.526319874112362,3,1,1,0.1999999999999999,0.510009651830569,0.0178584232647285,0.016310222281793,1,0.016310222281793,0.0182718027016614,0,0.0996552971870296,0.2355889976024627,0.1359337004154331,1,3224,1,1,0.4831529742636272,0,0.7999999999999999,-0.0268566775669418,0,0.0,0,0,0.0,0.0,3227,8.07961802938984,25,1,3,7.385541048669927,8.078688229229872,0.6931471805599453,0.998343162733363
403,13,13,True,2,-0.4506232756463044,3,3,0,0.948683298050514,-0.8602854063927821,0.0057349187492556,0.4096621307464776,0,0.0,0.0,0,-0.9864029530319504,-0.8111088871955872,0.1752940658363633,5,5,5,3,-0.6375248686325624,0,0.948683298050514,0.2227605377602196,0,0.0,0,0,0.0,0.0,8,2.1972245773362196,36,4,3,0.0,1.791759469228055,1.791759469228055,0.0
404,13,14,True,1,-0.4450740162626696,3,3,0,0.7745966692414834,-0.8602854063927821,0.0057349187492556,0.4152113901301124,0,0.0,0.0,0,-0.9778587868170232,-0.5289499163627625,0.4489088704542608,5,5,5,3,-0.5873030948102543,0,0.7745966692414834,0.2729823115825277,0,0.0,0,0,0.0,0.0,5,1.791759469228055,35,5,2,0.0,1.791759469228055,1.791759469228055,0.0
405,13,15,True,1,-0.4394687037539477,0,0,0,0.7745966692414834,-0.8602854063927821,0.0057349187492556,0.4208167026388343,0,0.0,0.0,0,-0.9765810875368708,-0.5225113034248352,0.4540697841120354,5,5,5,0,-0.5814390948657672,0,0.7745966692414834,0.2788463115270149,0,0.0,0,0,0.0,0.0,5,1.791759469228055,34,6,2,0.0,1.791759469228055,1.791759469228055,0.0
406,13,16,True,2,-0.4653335515569236,3,3,0,0.948683298050514,-0.8602854063927821,0.0057349187492556,0.3949518548358584,0,0.0,0.0,0,-0.9722022281389217,-0.5917535424232483,0.3804486857156732,3,3,3,3,-0.6278184623166592,0,0.948683298050514,0.2324669440761229,0,0.0,0,0,0.0,0.0,4,1.6094379124341003,31,8,3,0.0,1.3862943611198906,1.3862943611198906,0.0
407,13,17,True,1,-0.4599328809700984,3,3,0,0.7745966692414834,-0.8602854063927821,0.0057349187492556,0.4003525254226837,0,0.0,0.0,0,-0.9736118652468974,-0.3390859067440033,0.6345259585028941,3,3,3,3,-0.602150639486648,0,0.7745966692414834,0.258134766906134,0,0.0,0,0,0.0,0.0,3,1.3862943611198906,30,7,2,0.0,1.3862943611198906,1.3862943611198906,0.0
408,13,18,True,1,-0.4544776581551233,3,3,0,0.7745966692414834,-0.8602854063927821,0.0057349187492556,0.4058077482376587,0,0.0,0.0,0,-0.973485666680588,-0.2805067300796509,0.6929789366009371,3,3,3,3,-0.5971123951908459,0,0.7745966692414834,0.2631730112019361,0,0.0,0,0,0.0,0.0,3,1.3862943611198906,29,6,2,0.0,1.3862943611198906,1.3862943611198906,0.0
409,13,19,True,1,-0.448967332079391,3,2,1,0.2581988897471611,-0.8602854063927821,0.0057349187492556,0.411318074313391,1,0.411318074313391,0.4607860378378247,1,-0.9731430973194168,-0.1992656290531158,0.7738774682663009,10,0,0,3,-0.5925766893889183,1,0.2581988897471611,0.2677087170038638,1,0.2677087170038638,1,1,0.2677087170038638,0.2517818652248347,10,2.3978952727983707,28,5,3,-2.3978952727983707,0.0,0.0,-0.9747921507805586
410,13,20,True,2,-0.4489421671909721,3,3,0,0.948683298050514,-0.8506337246515183,0.0143930367423647,0.4016915574605462,0,0.0,0.0,0,-0.9727512636016424,-0.3485254943370819,0.6242257692645606,19,19,19,3,-0.5892727800117759,0,0.948683298050514,0.2613609446397424,0,0.0,0,0,0.0,0.0,23,3.1780538303479458,27,4,3,0.0,2.995732273553991,2.995732273553991,0.0
411,13,21,True,2,-0.3778907658271907,0,0,0,0.948683298050514,-0.854323676680299,0.008219850589039,0.4764329108531082,0,0.0,0.0,0,-0.9767398344677564,-0.2022947967052459,0.7744450377625104,146,146,146,0,-0.5054120322150962,0,0.948683298050514,0.3489116444652027,0,0.0,0,0,0.0,0.0,155,5.049856007249537,28,5,2,0.0,4.990432586778736,4.990432586778736,0.0
412,13,22,True,3,-0.3814475052165019,0,0,0,0.632455532033676,-0.8602854063927821,0.0057349187492556,0.4788379011762801,0,0.0,0.0,0,-0.9818429659265034,-0.3559548258781433,0.6258881400483601,3310,3310,3310,0,-0.5086786825561361,0,0.632455532033676,0.3516067238366459,0,0.0,0,0,0.0,0.0,3313,8.105911197986508,31,8,1,0.0,8.105005537547246,8.105005537547246,0.0
413,13,23,True,1,0.409800453039409,3,3,0,0.7745966692414834,0.3632878505121919,0.016252933384923,0.0465126025272171,0,0.0,0.0,0,-0.0356352091704606,-0.1926945745944976,0.157059365424037,23,23,23,3,0.4083898969721746,0,0.7745966692414834,0.0451020464599827,0,0.0,0,0,0.0,0.0,23,3.1780538303479458,32,10,2,0.0,3.1780538303479458,3.1780538303479458,0.0
414,13,24,True,2,0.4249978464425576,3,3,0,0.948683298050514,0.3782921420620683,0.0180362868012593,0.0467057043804893,0,0.0,0.0,0,-0.0251366813280133,-0.1228926256299018,0.0977559443018885,26,26,26,3,0.4233869933779939,0,0.948683298050514,0.0450948513159256,0,0.0,0,0,0.0,0.0,32,3.4965075614664802,31,9,2,0.0,3.295836866004329,3.295836866004329,0.0
415,13,25,True,2,0.4393917638576163,0,0,0,0.948683298050514,0.3766010173728272,0.0252427835150522,0.0627907464847891,0,0.0,0.0,0,-0.0114272784335229,-0.1294246912002563,0.1179974127667334,141,141,141,0,0.4393357218189702,0,0.948683298050514,0.0627347044461429,0,0.0,0,0,0.0,0.0,150,5.017279836814924,30,8,2,0.0,4.955827057601261,4.955827057601261,0.0
416,13,26,True,2,0.5232780171878458,3,3,0,0.632455532033676,0.4951829896190819,0.0225244053215448,0.0280950275687639,0,0.0,0.0,0,0.1000083502903431,0.0976253226399421,0.0023830276504009,709,709,709,3,0.5228540863274876,0,0.632455532033676,0.0276710967084057,0,0.0,0,0,0.0,0.0,925,6.8308742346461795,25,5,3,0.0,6.565264970035361,6.565264970035361,0.0
417,13,27,True,4,0.5410816617193931,1,1,0,0.7999999999999999,0.5045370361706445,0.0236515595770761,0.0365446255487486,0,0.0,0.0,0,0.1279223502074773,0.1418478488922119,0.0139254986847345,1157,1157,1157,1,0.5404101050941101,0,0.632455532033676,0.0358730689234656,0,0.0,0,0,0.0,0.0,1216,7.104144092987527,24,6,2,0.0,7.05444965813294,7.05444965813294,0.0
418,13,28,True,2,0.5589291436423935,1,1,0,0.948683298050514,0.5566263640657947,0.0047969423961441,0.0023027795765988,0,0.0,0.0,0,0.1671917103005905,0.2518819272518158,0.0846902169512252,2556,2556,2556,1,0.5581026532325111,0,0.948683298050514,0.0014762891667163,0,0.0,0,0,0.0,0.0,3230,8.080546965824498,23,3,2,0.0,7.846589975291186,7.846589975291186,0.0
419,13,29,True,4,0.5417372463523683,2,2,0,0.1999999999999999,0.536775486164978,0.0046115827389072,0.0049617601873902,0,0.0,0.0,0,0.1424785067481656,0.2117355167865753,0.0692570100384097,3243,3243,3243,2,0.539758591068592,0,0.316227766016838,0.0029831049036139,0,0.0,0,0,0.0,0.0,3939,8.27893600229198,24,2,2,0.0,8.084562415235304,8.084562415235304,0.0
433,14,13,True,2,-0.9999989913057314,3,3,0,0.632455532033676,-0.8710445629492114,0.0028637913753287,-0.12895442835652,0,0.0,0.0,0,-0.9993248155151248,-0.899170458316803,0.1001543571983218,3,3,3,3,-2.345254102759717,0,0.632455532033676,-1.4742095398105055,0,0.0,0,0,0.0,0.0,4,1.6094379124341003,35,3,4,0.0,1.3862943611198906,1.3862943611198906,0.0
434,14,14,True,2,-0.9999989913057312,3,3,0,0.948683298050514,-0.8676950710777621,0.0016747459357245,-0.1323039202279692,0,0.0,0.0,0,-0.9996548986891332,-0.917904496192932,0.081750402496201,78,78,78,3,-1.115405461572449,0,0.948683298050514,-0.2477103904946865,0,0.0,0,0,0.0,0.0,84,4.442651256490317,34,4,3,0.0,4.3694478524670215,4.3694478524670215,0.0
435,14,15,True,3,-0.9999989913057312,3,2,1,0.316227766016838,-0.8693698170134867,0.0023534104960733,-0.1306291742922446,0,0.0,0.0,0,-0.9996606724716168,-0.9951547384262084,0.0045059340454082,2,81,2,1,-1.081695457081984,1,0.3999999999999999,-0.2123256400684972,0,0.0,0,0,0.0,0.0,103,4.6443908991413725,35,5,2,3.3081069585961433,4.406719247264253,1.0986122886681098,0.7553343549370766
436,14,16,True,1,-0.9999989913057348,3,3,0,0.7745966692414834,-0.8660203251420378,1.2490984923352586e-17,-0.133978666163697,0,0.0,0.0,0,-0.9666365343874468,-0.4128601253032684,0.5537764090841784,3,3,3,3,-1.4831380862878172,0,0.7745966692414834,-0.6171177611457794,0,0.0,0,0,0.0,0.0,3,1.3862943611198906,30,9,2,0.0,1.3862943611198906,1.3862943611198906,0.0
437,14,17,True,2,-0.9999989913057348,1,2,1,0.8944271909999159,-0.8660203251420378,1.2490984923352586e-17,-0.133978666163697,0,0.0,0.0,0,-0.9661194046186508,-0.7314652800559998,0.234654124562651,2,4,2,2,-1.5115307060664729,0,0.948683298050514,-0.6455103809244349,0,0.0,0,0,0.0,0.0,6,1.9459101490553132,29,10,2,0.5108256237659905,1.6094379124341003,1.0986122886681098,-0.09429493546485901
440,14,20,True,1,-0.9999997977669054,3,3,0,0.7745966692414834,-0.9966505081285508,0.0023534104960733,-0.0033492896383544,0,0.0,0.0,0,-0.944134251161362,-0.1650899946689605,0.7790442564924014,7,7,7,3,-3.522866147458109,0,0.7745966692414834,-2.526215639329558,0,0.0,0,0,0.0,0.0,7,2.0794415416798357,26,3,3,0.0,2.0794415416798357,2.0794415416798357,0.0
441,14,21,True,1,-0.9999997979425332,3,3,0,0.7745966692414834,-0.9983252540642756,0.0016747459357245,-0.0016745438782577,0,0.0,0.0,0,-0.942678847994452,-0.283187985420227,0.6594908625742251,7,7,7,3,-2.373563428048768,0,0.7745966692414834,-1.3752381739844923,0,0.0,0,0,0.0,0.0,7,2.0794415416798357,25,2,3,0.0,2.0794415416798357,2.0794415416798357,0.0
442,14,22,True,1,-0.999999798261147,3,3,0,0.7745966692414834,-0.9983252540642756,0.0016747459357245,-0.0016745441968715,0,0.0,0.0,0,-0.9354879243665576,-0.1798658072948455,0.7556221170717119,5,5,5,3,-1.070299531858818,0,0.7745966692414834,-0.0719742777945424,0,0.0,0,0,0.0,0.0,5,1.791759469228055,24,1,3,0.0,1.791759469228055,1.791759469228055,0.0
445,14,25,True,2,0.4892769028740652,3,1,1,0.7378647873726218,-0.1657429399341288,0.0472692203386764,0.655019842808194,1,0.655019842808194,0.7337970707379543,1,-0.0108567451902455,-0.1575429737567901,0.1466862285665445,55,178,55,3,0.4882858723226478,1,0.7378647873726218,0.6540288122567766,1,0.6540288122567766,1,1,0.6540288122567766,0.6151185366833525,233,5.455321115357702,27,4,2,1.1620341151056053,5.187385805840755,4.02535169073515,0.5198526084423065
446,14,26,True,2,0.5061515315958242,0,0,0,0.948683298050514,0.4586487265935534,0.0248390923518181,0.0475028050022707,0,0.0,0.0,0,0.0670734135066942,-0.017811007797718,0.0848844213044123,232,232,232,0,0.5059323565432745,0,0.948683298050514,0.0472836299497211,0,0.0,0,0,0.0,0.0,287,5.662960480135946,26,5,2,0.0,5.4510384535657,5.4510384535657,0.0
447,14,27,True,2,0.5586108680351393,1,1,0,0.948683298050514,0.55642595641841,0.004776422578815,0.0021849116167292,0,0.0,0.0,0,0.1426184897267449,0.1114673390984535,0.0311511506282914,648,648,648,1,0.5577058872567253,0,0.948683298050514,0.0012799308383153,0,0.0,0,0,0.0,0.0,1155,7.052721049232323,23,7,2,0.0,6.47543271670409,6.47543271670409,0.0
448,14,28,True,3,0.576274163839867,3,3,0,0.7999999999999999,0.5766281633809698,0.00454187540379,-0.0003539995411028,0,0.0,0.0,0,0.1905600022818855,0.2533639073371887,0.0628039050553032,2676,2676,2676,3,0.5756129366841979,0,0.948683298050514,-0.0010152266967718,0,0.0,0,0,0.0,0.0,2847,7.954372272531867,22,4,2,0.0,7.892452043520352,7.892452043520352,0.0
449,14,29,True,3,0.5937335859705479,1,1,0,1.0,0.5792598291082747,0.0145901014342451,0.0144737568622732,0,0.0,0.0,0,0.2050184798131367,0.3454929888248443,0.1404745090117076,2600,2600,2600,1,0.5932918980625994,0,1.0,0.0140320689543247,0,0.0,0,0,0.0,0.0,2734,7.913886714856082,21,5,2,0.0,7.8636512654486515,7.8636512654486515,0.0
463,15,13,True,1,-0.9999989913057314,3,2,1,0.2581988897471611,-0.9062142275994264,0.0069077247053245,-0.0937847637063049,0,0.0,0.0,0,-0.999662424845204,-0.619183361530304,0.3804790633149,4,0,0,3,-2.446174414686764,1,0.2581988897471611,-1.5399601870873372,0,0.0,0,0,0.0,0.0,4,1.6094379124341003,34,2,3,-1.6094379124341003,0.0,0.0,-0.930351983755827
464,15,14,True,2,-0.9999989913057314,0,0,0,0.8944271909999159,-0.8727193088849358,0.0032852784028697,-0.1272796824207956,0,0.0,0.0,0,-0.9996589770213063,-0.9816361665725708,0.0180228104487355,11,11,11,0,-1.1794557083855377,0,0.948683298050514,-0.3067363995006019,0,0.0,0,0,0.0,0.0,12,2.5649493574615367,33,3,3,0.0,2.4849066497880004,2.4849066497880004,0.0
465,15,15,True,2,-0.9999989913057314,0,0,0,0.948683298050514,-0.8693698170134867,0.0023534104960733,-0.1306291742922447,0,0.0,0.0,0,-0.9996644320543252,-0.9632462859153748,0.0364181461389503,24,24,24,0,-1.0816764979974391,0,0.948683298050514,-0.2123066809839524,0,0.0,0,0,0.0,0.0,25,3.258096538021482,34,6,2,0.0,3.2188758248682006,3.2188758248682006,0.0
467,15,17,True,1,-0.9999989913057348,0,0,0,0.7745966692414834,-0.8660203251420378,1.2490984923352586e-17,-0.133978666163697,0,0.0,0.0,0,-0.965017061542767,-0.4553488790988922,0.5096681824438748,2,2,2,0,-2.768736711282898,0,0.7745966692414834,-1.90271638614086,0,0.0,0,0,0.0,0.0,2,1.0986122886681098,28,11,2,0.0,1.0986122886681098,1.0986122886681098,0.0
472,15,22,True,1,-0.9999989913057348,3,3,0,0.7745966692414834,-0.8577951257968259,0.006050613984946,-0.1422038655089088,0,0.0,0.0,0,-0.4936305580673268,-0.0507062152028083,0.4429243428645184,1,1,1,3,-2.396522175867002,0,0.7745966692414834,-1.538727050070176,0,0.0,0,0,0.0,0.0,1,0.6931471805599453,23,2,2,0.0,0.6931471805599453,0.6931471805599453,0.0
473,15,23,True,1,-0.9999989913057348,1,1,0,0.7745966692414834,-0.8631668972496129,0.0028534278924247,-0.1368320940561219,0,0.0,0.0,0,-0.4755627192848252,-0.1214473769068718,0.3541153423779534,1,1,1,1,-2.447616078965521,0,0.7745966692414834,-1.584449181715908,0,0.0,0,0,0.0,0.0,1,0.6931471805599453,22,3,2,0.0,0.6931471805599453,0.6931471805599453,0.0
474,15,24,True,1,0.4563171439965158,3,3,0,0.7745966692414834,-0.2002808255164288,0.0454354410962568,0.6565979695129447,0,0.0,0.0,0,-0.0373903381067565,-0.1276294589042663,0.0902391207975097,10,10,10,3,-0.8917389299185651,0,0.7745966692414834,-0.6914581044021362,0,0.0,0,0,0.0,0.0,10,2.3978952727983707,27,2,2,0.0,2.3978952727983707,2.3978952727983707,0.0
475,15,25,True,2,0.4726618928365245,0,0,0,0.948683298050514,-0.1672063868791038,0.0471539379150993,0.6398682797156283,0,0.0,0.0,0,-0.0232564928916214,-0.1702485978603363,0.1469921049687148,181,181,181,0,0.4366935813403264,0,0.948683298050514,0.6038999682194304,0,0.0,0,0,0.0,0.0,187,5.236441962829949,28,3,2,0.0,5.204006687076795,5.204006687076795,0.0
476,15,26,True,2,0.5918392952160876,1,1,0,0.948683298050514,0.5040639945747555,0.02886505978075,0.0877753006413321,0,0.0,0.0,0,0.1761671810213659,0.1168045476078987,0.0593626334134672,66,66,66,1,0.5595021343627412,0,0.948683298050514,0.0554381397879857,0,0.0,0,0,0.0,0.0,79,4.382026634673881,21,9,2,0.0,4.204692619390966,4.204692619390966,0.0
477,15,27,True,3,0.5765253502405868,3,3,0,1.0,0.5772175614743261,0.0045216145612125,-0.0006922112337393,0,0.0,0.0,0,0.1753925550386066,0.1902133524417877,0.014820797403181,1015,1015,1015,3,0.5751835061276966,0,0.7999999999999999,-0.0020340553466294,0,0.0,0,0,0.0,0.0,1070,6.976348070447749,22,8,3,0.0,6.923628628138427,6.923628628138427,0.0
478,15,28,True,3,0.5937259366001234,3,3,0,0.7999999999999999,0.5796647134900587,0.0146013871208504,0.0140612231100647,0,0.0,0.0,0,0.189753827844389,0.3344999849796295,0.1447461571352404,666,666,666,3,0.5932807161517383,0,0.7999999999999999,0.0136160026616796,0,0.0,0,0,0.0,0.0,1112,7.014814351275545,21,7,2,0.0,6.502790045915623,6.502790045915623,0.0
479,15,29,True,3,0.6116380887025817,1,1,0,0.3999999999999999,0.6128671674461261,0.0035680432848964,-0.0012290787435443,0,0.0,0.0,0,0.2199125792774175,0.3292406499385834,0.1093280706611658,3181,3181,3181,1,0.6111684727551917,0,0.3999999999999999,-0.0016986946909344,0,0.0,0,0,0.0,0.0,3211,8.074649075066652,20,6,3,0.0,8.065265208897733,8.065265208897733,0.0
494,16,14,True,1,-0.9999989913057316,3,2,1,0.2581988897471611,-0.8676950710777621,0.0016747459357245,-0.1323039202279694,0,0.0,0.0,0,-0.9996251983635916,-0.618724524974823,0.3809006733887686,1,0,0,3,-2.3551037432853628,1,0.2581988897471611,-1.4874086722076003,0,0.0,0,0,0.0,0.0,1,0.6931471805599453,32,4,3,-0.6931471805599453,0.0,0.0,-0.8964385166764259
495,16,15,True,1,-0.9999989913057314,0,0,0,0.7745966692414834,-0.8693698170134867,0.0023534104960733,-0.1306291742922447,0,0.0,0.0,0,-0.9996667834675728,-0.6863240599632263,0.3133427235043465,2,2,2,0,-1.1139758699978215,0,0.7745966692414834,-0.244606052984335,0,0.0,0,0,0.0,0.0,2,1.0986122886681098,33,5,2,0.0,1.0986122886681098,1.0986122886681098,0.0
503,16,23,True,1,-0.9999989913057348,3,3,0,0.7745966692414834,-0.8524233543440388,0.0080216755491544,-0.147575636961696,0,0.0,0.0,0,-0.4651608705662048,0.0276967510581016,0.4928576216243064,1,1,1,3,-2.464804989371601,0,0.7745966692414834,-1.6123816350275622,0,0.0,0,0,0.0,0.0,1,0.6931471805599453,21,4,2,0.0,0.6931471805599453,0.6931471805599453,0.0
504,16,24,True,1,-0.9999989913057348,3,3,0,0.7745966692414834,-0.8631668972496129,0.0028534278924247,-0.1368320940561219,0,0.0,0.0,0,-0.4588353019709916,0.0312322005629539,0.4900675025339455,5,5,5,3,-2.4812652517168323,0,0.7745966692414834,-1.6180983544672194,0,0.0,0,0,0.0,0.0,5,1.791759469228055,20,5,3,0.0,1.791759469228055,1.791759469228055,0.0
505,16,25,True,2,-0.9999989913057348,1,1,0,0.948683298050514,-0.8524233543440388,0.0080216755491544,-0.1475756369616959,0,0.0,0.0,0,-0.4584089889289698,-0.0165231600403785,0.4418858288885913,8,8,8,2,-2.465692338201581,1,0.7378647873726218,-1.6132689838575422,0,0.0,0,0,0.0,0.0,12,2.5649493574615367,21,6,2,0.0,2.1972245773362196,2.1972245773362196,0.0
506,16,26,True,2,0.6092028456497177,3,3,0,0.632455532033676,0.5160176811340103,0.0309534680070021,0.0931851645157074,0,0.0,0.0,0,0.1925302617037253,0.1985314488410949,0.0060011871373696,79,79,79,3,0.5761080938412505,0,0.632455532033676,0.0600904127072402,0,0.0,0,0,0.0,0.0,80,4.394449154672439,20,10,2,0.0,4.382026634673881,4.382026634673881,0.0
507,16,27,True,2,0.6275334779634848,1,1,0,0.948683298050514,0.523384651441454,0.0319457240033752,0.1041488265220308,0,0.0,0.0,0,0.2065532588241738,0.2151374518871307,0.0085841930629568,68,68,68,1,0.59376802115275,0,0.948683298050514,0.070383369711296,0,0.0,0,0,0.0,0.0,77,4.356708826689592,19,11,2,0.0,4.23410650459726,4.23410650459726,0.0
508,16,28,True,2,0.6151388951363105,1,1,0,0.948683298050514,0.5685122458829307,0.0278929739705159,0.0466266492533797,0,0.0,0.0,0,0.2229877206728577,0.2275102734565735,0.0045225527837157,92,92,92,1,0.6130518527420695,0,0.948683298050514,0.0445396068591388,0,0.0,0,0,0.0,0.0,122,4.812184355372417,20,8,2,0.0,4.532599493153256,4.532599493153256,0.0
509,16,29,True,4,0.6301278626668423,1,1,0,0.3999999999999999,0.6166139145736558,0.013860121804888,0.0135139480931865,0,0.0,0.0,0,0.2347132625745875,0.3429657518863678,0.1082524893117803,3082,3082,3082,1,0.6297290536201975,0,0.3999999999999999,0.0131151390465417,0,0.0,0,0,0.0,0.0,3116,8.044626279767337,19,7,3,0.0,8.03365842788615,8.03365842788615,0.0
534,17,24,True,1,-0.9999989913057348,3,3,0,0.7745966692414834,-0.8427933106945265,0.0106721124950463,-0.1572056806112083,0,0.0,0.0,0,-0.4070676774139067,0.14948171377182,0.5565493911857268,3,3,3,3,-3.67241472141022,0,0.7745966692414834,-2.8296214107156934,0,0.0,0,0,0.0,0.0,3,1.3862943611198906,19,6,3,0.0,1.3862943611198906,1.3862943611198906,0.0
535,17,25,True,2,-0.9999989913057348,0,0,0,0.8944271909999159,-0.8631668972496129,0.0028534278924247,-0.1368320940561218,0,0.0,0.0,0,-0.4513499434898886,0.1095214411616325,0.5608713846515212,8,8,8,0,-2.481693859284565,0,0.948683298050514,-1.6185269620349525,0,0.0,0,0,0.0,0.0,10,2.3978952727983707,20,7,2,0.0,2.1972245773362196,2.1972245773362196,0.0
536,17,26,True,2,0.6621908208661633,1,1,0,0.948683298050514,-0.1973112227152532,0.0593603628884928,0.8595020435814165,0,0.0,0.0,0,0.2430831857745347,0.2561097145080566,0.0130265287335218,4,4,4,3,0.5937458790236966,1,0.7378647873726218,0.7910571017389498,1,0.7910571017389498,1,0,0.0,0.0,6,1.9459101490553132,17,11,2,0.0,1.6094379124341003,1.6094379124341003,0.0
537,17,27,True,3,0.6455689128810191,2,3,1,0.3999999999999999,0.5435862580555819,0.0322542005215984,0.1019826548254372,1,0.1019826548254372,0.1142477959998215,1,0.2234919625902191,0.3498855531215668,0.1263935905313476,4,72,4,3,0.6116492806804453,0,0.7999999999999999,0.0680630226248634,0,0.0,0,0,0.0,0.0,77,4.356708826689592,18,10,3,2.6810215287142904,4.290459441148391,1.6094379124341003,0.8662874326109886
538,17,28,True,2,0.632894629669399,1,1,0,0.948683298050514,0.6172273654310694,0.0138662152391359,0.0156672642383296,0,0.0,0.0,0,0.2364150112440227,0.2195391952991485,0.0168758159448741,219,219,219,1,0.6302156614296885,0,0.948683298050514,0.0129882959986191,0,0.0,0,0,0.0,0.0,308,5.733341276897746,19,9,4,0.0,5.393627546352362,5.393627546352362,0.0
539,17,29,True,2,0.6490433317594068,1,1,0,0.948683298050514,0.6440848634097833,0.0042653000570687,0.0049584683496234,0,0.0,0.0,0,0.2492177370182569,0.363776296377182,0.114558559358925,3159,3159,3159,1,0.6484780851619332,0,0.948683298050514,0.0043932217521498,0,0.0,0,0,0.0,0.0,3246,8.085486772102845,18,8,3,0.0,8.058327306580958,8.058327306580958,0.0
565,18,25,True,2,0.7071897623217115,1,1,0,0.948683298050514,-0.1909340569079288,0.0599779585062125,0.8981238192296404,0,0.0,0.0,0,0.3025592752746671,0.279973953962326,0.022585321312341,4,4,4,3,0.52766462418978,1,0.7378647873726218,0.7185986810977089,1,0.7185986810977089,1,0,0.0,0.0,6,1.9459101490553132,15,13,2,0.0,1.6094379124341003,1.6094379124341003,0.0
566,18,26,True,2,0.6901178649220118,2,2,0,0.632455532033676,-0.175932687747863,0.0601224073622882,0.8660505526698747,0,0.0,0.0,0,0.268376926231427,0.433647096157074,0.1652701699256469,3,3,3,0,0.5752577466224589,1,0.2108185106778919,0.7511904343703218,1,0.7511904343703218,1,0,0.0,0.0,4,1.6094379124341003,16,12,2,0.0,1.3862943611198906,1.3862943611198906,0.0
567,18,27,True,2,0.6627914897250927,1,1,0,0.948683298050514,-0.195301411700721,0.0596162887158862,0.8580929014258138,0,0.0,0.0,0,0.2530653343800192,0.2447978556156158,0.0082674787644033,21,21,21,3,0.6301769199910106,1,0.7378647873726218,0.8254783316917316,1,0.8254783316917316,1,0,0.0,0.0,29,3.4011973816621555,17,11,2,0.0,3.091042453358316,3.091042453358316,0.0
568,18,28,True,2,0.6499898962429557,1,1,0,0.948683298050514,0.6201875389725935,0.0181293436901537,0.0298023572703621,0,0.0,0.0,0,0.2507329035451092,0.24514901638031,0.0055838871647991,210,210,210,1,0.648489736030274,0,0.948683298050514,0.0283021970576805,0,0.0,0,0,0.0,0.0,227,5.429345628954441,18,10,3,0.0,5.351858133476067,5.351858133476067,0.0
569,18,29,True,4,0.6676605416284322,1,1,0,0.7999999999999999,0.666046432809752,0.0039242364571611,0.0016141088186802,0,0.0,0.0,0,0.2642205393716291,0.4361474812030792,0.1719269418314501,3034,3034,3034,1,0.6674797934552996,0,0.632455532033676,0.0014333606455476,0,0.0,0,0,0.0,0.0,3226,8.079308192051961,17,9,2,0.0,8.017966703493599,8.017966703493599,0.0
595,19,25,True,1,0.724434103129489,1,1,0,0.7745966692414834,-0.2020232089763514,0.0593017742921412,0.9264573121058404,0,0.0,0.0,0,0.3359975373228914,0.3097093403339386,0.0262881969889528,18,18,18,1,-0.6160426738234676,0,0.7745966692414834,-0.414019464847116,0,0.0,0,0,0.0,0.0,18,2.9444389791664403,14,13,3,0.0,2.9444389791664403,2.9444389791664403,0.0
596,19,26,True,2,0.7071897623217115,2,2,0,0.948683298050514,-0.1806477489707662,0.0610704885701781,0.8878375112924777,0,0.0,0.0,0,0.3011963852285011,0.4448130428791046,0.1436166576506035,12,12,12,3,0.562350711254029,1,0.7378647873726218,0.7429984602247952,1,0.7429984602247952,1,0,0.0,0.0,19,2.995732273553991,15,13,2,0.0,2.5649493574615367,2.5649493574615367,0.0
597,19,27,True,2,0.6810672364774019,2,2,0,0.632455532033676,-0.175932687747863,0.0601224073622882,0.8569999242252648,0,0.0,0.0,0,0.2727453102364535,0.4342613518238067,0.1615160415873532,24,24,24,0,0.6112600679487692,1,0.2108185106778919,0.7871927556966322,1,0.7871927556966322,1,0,0.0,0.0,32,3.4965075614664802,16,12,2,0.0,3.2188758248682006,3.2188758248682006,0.0
598,19,28,True,3,0.6678142684680647,3,3,0,0.7999999999999999,0.6660485614541798,0.0039359315846188,0.0017657070138848,0,0.0,0.0,0,0.2656168364654844,0.3341309428215027,0.0685141063560182,542,542,542,3,0.6674800968314085,0,0.948683298050514,0.0014315353772287,0,0.0,0,0,0.0,0.0,555,6.320768294250582,17,11,2,0.0,6.297109319933935,6.297109319933935,0.0
599,19,29,True,3,0.68631873242643,1,1,0,0.3999999999999999,0.6671965708021096,0.0159750581911731,0.0191221616243204,0,0.0,0.0,0,0.2802165931104645,0.4152680933475494,0.1350515002370849,3248,3248,3248,1,0.6862022506923335,0,0.3999999999999999,0.0190056798902239,0,0.0,0,0,0.0,0.0,3517,8.165647925297504,16,10,3,0.0,8.0861025356691,8.0861025356691,0.0
625,20,25,True,2,0.7492928281900514,1,1,0,0.948683298050514,-0.1506585735802729,0.0608961271206975,0.8999514017703243,0,0.0,0.0,0,0.3607757892190764,0.654984176158905,0.2942083869398286,17,17,17,1,-0.6746093335501729,0,0.948683298050514,-0.5239507599699,0,0.0,0,0,0.0,0.0,20,3.044522437723423,13,12,4,0.0,2.8903717578961645,2.8903717578961645,0.0
626,20,26,True,2,0.7317999001316683,2,1,1,0.7378647873726218,-0.1386376591949167,0.0510102550511229,0.870437559326585,1,0.870437559326585,0.9751224154612008,1,0.162349206950796,0.166266918182373,0.0039177112315769,6,7,6,1,0.5786899150501696,0,0.948683298050514,0.7173275742450863,0,0.0,0,0,0.0,0.0,13,2.6390573296152584,14,13,2,0.13353139262452252,2.0794415416798357,1.9459101490553132,0.39572229981422424
627,20,27,True,2,0.6695635186758466,3,3,0,0.632455532033676,0.6668936122184117,0.0039768388710478,0.0026699064574349,0,0.0,0.0,0,0.2550014577007661,0.2484662234783172,0.0065352342224488,13,13,13,3,0.668001561591977,0,0.632455532033676,0.0011079493735652,0,0.0,0,0,0.0,0.0,14,2.70805020110221,17,13,1,0.0,2.6390573296152584,2.6390573296152584,0.0
628,20,28,True,3,0.6864277964164942,3,3,0,0.7999999999999999,0.6674094567463422,0.0159797151470385,0.0190183396701519,0,0.0,0.0,0,0.2728198202423597,0.3654125034809112,0.0925926832385515,622,622,622,3,0.6862161568591566,0,0.7999999999999999,0.0188067001128143,0,0.0,0,0,0.0,0.0,659,6.492239835020471,16,12,3,0.0,6.434546518787453,6.434546518787453,0.0
629,20,29,True,4,0.7058840925172202,1,1,0,0.3999999999999999,0.7014132116709106,0.0042311583669652,0.0044708808463095,0,0.0,0.0,0,0.2974527198570219,0.4327079951763153,0.1352552753192934,3575,3575,3575,1,0.7056276141994018,0,0.3999999999999999,0.0042144025284911,0,0.0,0,0,0.0,0.0,4109,8.32117830749028,15,11,3,0.0,8.182000136293405,8.182000136293405,0.0
654,21,24,True,1,0.7539342851015424,1,1,0,0.7745966692414834,-0.1609039310121452,0.0618791983129335,0.9148382161136877,0,0.0,0.0,0,0.4069553408565288,0.1398715376853943,0.2670838031711345,8,8,8,1,-1.8073430452194463,0,0.7745966692414834,-1.6464391142073012,0,0.0,0,0,0.0,0.0,8,2.1972245773362196,13,10,3,0.0,2.1972245773362196,2.1972245773362196,0.0
655,21,25,True,2,0.7716507928060858,1,1,0,0.948683298050514,-0.1915229651249143,0.0596383756311169,0.9631737579310002,0,0.0,0.0,0,0.4115778144554178,0.3711138367652893,0.0404639776901284,7,7,7,1,0.6266067673813445,0,0.948683298050514,0.8181297325062589,0,0.0,0,0,0.0,0.0,17,2.8903717578961645,12,11,3,0.0,2.0794415416798357,2.0794415416798357,0.0
656,21,26,True,2,0.635994348959529,3,3,0,0.948683298050514,-0.0943069663374656,0.051055459754998,0.7303013152969946,0,0.0,0.0,0,0.090531977933205,0.2304363250732422,0.1399043471400371,168,168,168,3,0.6298021788267028,0,0.948683298050514,0.7241091451641684,0,0.0,0,0,0.0,0.0,170,5.14166355650266,15,14,2,0.0,5.1298987149230735,5.1298987149230735,0.0
657,21,27,True,3,0.6495788259818696,3,2,1,0.3999999999999999,-0.1069539708765707,0.0532019854380905,0.7565327968584402,1,0.7565327968584402,0.8475186764906516,1,0.1006594680803243,0.247772067785263,0.1471125997049387,59,171,59,3,0.6489810489514487,1,0.3999999999999999,0.7559350198280194,1,0.7559350198280194,1,1,0.7559350198280194,0.7109620165200825,232,5.4510384535657,16,14,2,1.0531499145913523,5.147494476813453,4.0943445622221,0.45045962929725647
658,21,28,True,2,0.6681940214069959,0,0,0,0.948683298050514,0.6386267259644565,0.0199374600731538,0.0295672954425394,0,0.0,0.0,0,0.1673471812700191,0.2853786647319793,0.1180314834619602,53,53,53,0,0.667506287854099,0,0.948683298050514,0.0288795618896425,0,0.0,0,0,0.0,0.0,121,4.804021044733257,17,13,2,0.0,3.9889840465642745,3.9889840465642745,0.0
659,21,29,True,4,0.725425925244901,1,1,0,0.3999999999999999,0.7234659852129284,0.0037159030809651,0.0019599400319726,0,0.0,0.0,0,0.3187075904147622,0.522731602191925,0.2040240117771628,4234,4234,4234,1,0.7253027301786156,0,0.632455532033676,0.0018367449656871,0,0.0,0,0,0.0,0.0,4603,8.434680769841773,14,12,2,0.0,8.351138607086154,8.351138607086154,0.0
683,22,23,True,1,0.7539342851015424,2,2,0,0.7745966692414834,-0.4380785822408447,0.0459070740024922,1.192012867342387,0,0.0,0.0,0,0.138534109663883,0.0795163884758949,0.059017721187988,1,1,1,2,-48.19762343638037,0,0.7745966692414834,-47.75954485413953,0,0.0,0,0,0.0,0.0,1,0.6931471805599453,13,8,2,0.0,0.6931471805599453,0.6931471805599453,0.0
684,22,24,True,2,0.7716507928060858,3,3,0,0.948683298050514,-0.190729099927439,0.0596536008691887,0.9623798927335248,0,0.0,0.0,0,0.4239500719025915,0.2795378565788269,0.1444122153237646,31,31,31,3,-0.5794374254359304,0,0.948683298050514,-0.3887083255084913,0,0.0,0,0,0.0,0.0,32,3.4965075614664802,12,9,3,0.0,3.4657359027997265,3.4657359027997265,0.0
685,22,25,True,2,0.7895462551339075,1,2,1,0.7378647873726218,-0.1443394082447547,0.0637298800809859,0.9338856633786624,1,0.9338856633786624,1.0,1,0.4636300885670352,0.4219437837600708,0.0416863048069644,16,24,16,1,0.7453197611391804,1,0.7378647873726218,0.8896591693839352,1,0.8896591693839352,1,1,0.8896591693839352,0.8367304867350711,40,3.713572066704308,11,10,3,0.3856624808119844,3.2188758248682006,2.833213344056216,0.4739817678928375
686,22,26,True,1,0.8076224797074648,1,1,0,0.7745966692414834,0.7518710873969854,0.0084790837108703,0.0557513923104794,0,0.0,0.0,0,0.6142928189132256,0.2705661952495575,0.3437266236636681,4,4,4,1,0.8052036514604206,0,0.7745966692414834,0.0533325640634352,0,0.0,0,0,0.0,0.0,4,1.6094379124341003,10,11,1,0.0,1.6094379124341003,1.6094379124341003,0.0
687,22,27,True,3,0.7841715551249788,1,1,0,1.0,0.78371757124389,0.003173808348283,0.0004539838810888,0,0.0,0.0,0,0.3900587382660241,0.5992260575294495,0.2091673192634253,3208,3208,3208,1,0.784044950517807,0,1.0,0.000327379273917,0,0.0,0,0,0.0,0.0,4617,8.43771698991444,11,14,2,0.0,8.073714641109857,8.073714641109857,0.0
688,22,28,True,3,0.7644786234083386,2,2,0,1.0,0.7643577868642041,0.0033408154745007,0.0001208365441345,0,0.0,0.0,0,0.3568815001882006,0.5615650415420532,0.2046835413538526,4562,4562,4562,2,0.7642502526050461,0,1.0,-0.0001075342591579,0,0.0,0,0,0.0,0.0,7004,8.854379458771108,12,14,2,0.0,8.425735580927402,8.425735580927402,0.0
689,22,29,True,4,0.7447543052628999,2,2,0,0.632455532033676,0.7245323910442031,0.0204598359254379,0.0202219142186967,0,0.0,0.0,0,0.3365609470067174,0.5353993773460388,0.1988384303393214,5652,5652,5652,2,0.7446748147238208,0,0.632455532033676,0.0201424236796177,0,0.0,0,0,0.0,0.0,6625,8.798756582859841,13,13,2,0.0,8.63994165667529,8.63994165667529,0.0
712,23,22,True,1,0.7356937973218574,3,3,0,0.7745966692414834,0.6988671566831721,0.0207401535868227,0.0368266406386852,0,0.0,0.0,0,0.3294127879712688,0.2305812835693359,0.0988315044019328,1,1,1,3,-1.3048624640569773,0,0.7745966692414834,-2.0037296207401494,0,0.0,0,0,0.0,0.0,1,0.6931471805599453,13,6,3,0.0,0.6931471805599453,0.6931471805599453,0.0
713,23,23,True,2,0.7532260576750909,3,3,0,0.632455532033676,0.7401704570098169,0.0131364739406241,0.013055600665274,0,0.0,0.0,0,0.425160992342733,0.3477176427841186,0.0774433495586143,35,35,35,3,0.332300272782443,0,0.632455532033676,-0.4078701842273738,0,0.0,0,0,0.0,0.0,36,3.6109179126442243,12,7,3,0.0,3.58351893845611,3.58351893845611,0.0
714,23,24,True,3,0.783600918812372,3,3,0,0.7999999999999999,0.7425507126080786,0.0291727969666568,0.0410502062042934,0,0.0,0.0,0,0.474967312233828,0.4057625830173492,0.0692047292164788,4,4,4,3,0.7721515913616014,0,0.7999999999999999,0.0296008787535227,0,0.0,0,0,0.0,0.0,43,3.784189633918261,11,8,2,0.0,1.6094379124341003,1.6094379124341003,0.0
715,23,25,True,2,0.8076224797074648,3,1,1,0.7378647873726218,0.8053885139366173,0.0033970148080471,0.0022339657708475,1,0.0022339657708475,0.002502637983834,0,0.6343171315506048,0.7180273532867432,0.0837102217361384,4,97,4,3,0.8033913795662972,1,0.7378647873726218,-0.00199713437032,0,0.0,0,0,0.0,0.0,101,4.624972813284271,10,9,4,2.975529566236472,4.584967478670572,1.6094379124341003,0.8522346466779709
716,23,26,True,3,0.8258812924080277,1,2,1,0.7999999999999999,0.7436723281756125,0.0291937708668493,0.0822089642324152,1,0.0822089642324152,0.0920959842735819,1,0.6320058340608474,0.6895840167999268,0.0575781827390793,46,82,46,1,0.8249164950472119,1,0.3999999999999999,0.0812441668715994,1,0.0812441668715994,1,1,0.0812441668715994,0.0764106903297952,129,4.867534450455582,9,10,3,0.5686930060865398,4.418840607796598,3.8501476017100584,0.395826518535614
717,23,27,True,2,0.8043639404850288,1,1,0,0.632455532033676,0.8055853734914402,0.0031946743193581,-0.0012214330064114,0,0.0,0.0,0,0.4266555593052947,0.6095518469810486,0.1828962876757538,3489,3489,3489,1,0.8040617326947318,0,0.632455532033676,-0.0015236407967084,0,0.0,0,0,0.0,0.0,3609,8.191463051326927,10,13,3,0.0,8.157657015196472,8.157657015196472,0.0
718,23,28,True,3,0.7836422681677923,2,2,0,1.0,0.7834982359811484,0.0032072566605543,0.0001440321866438,0,0.0,0.0,0,0.1706425744538435,0.6510564684867859,0.4804138940329423,423,423,423,2,0.7840449507908163,0,1.0,0.0005467148096678,0,0.0,0,0,0.0,0.0,725,6.587550014824796,11,14,2,0.0,6.049733455231958,6.049733455231958,0.0
719,23,29,True,4,0.7639981377212857,2,2,0,0.316227766016838,0.745634623099183,0.0206590415604298,0.0183635146221026,0,0.0,0.0,0,-0.1682184771377034,0.2517016530036926,0.419920130141396,506,506,506,2,0.7642502630897012,0,0.316227766016838,0.0186156399905181,0,0.0,0,0,0.0,0.0,1490,7.307202314764738,12,15,2,0.0,6.2285110035911835,6.2285110035911835,0.0
742,24,22,True,1,0.3703476266069604,3,3,0,0.7745966692414834,0.1803340177710442,0.044734245218148,0.1900136088359161,0,0.0,0.0,0,0.0810365451949245,-0.4909948110580444,0.572031356252969,27,27,27,3,-13.30792294432684,0,0.7745966692414834,-13.488256962097884,0,0.0,0,0,0.0,0.0,27,3.332204510175204,14,7,2,0.0,3.332204510175204,3.332204510175204,0.0
743,24,23,True,1,0.3706830263702396,2,2,0,0.7745966692414834,0.1919467877214384,0.0447464159311458,0.1787362386488012,0,0.0,0.0,0,0.0861489702449551,-0.2048993110656738,0.291048281310629,27,27,27,2,-13.766732637288836,0,0.7745966692414834,-13.958679425010274,0,0.0,0,0,0.0,0.0,27,3.332204510175204,13,8,3,0.0,3.332204510175204,3.332204510175204,0.0
744,24,24,True,2,0.8026830950002165,3,3,0,0.632455532033676,0.8065235591166158,0.0034015786800283,-0.0038404641163992,0,0.0,0.0,0,0.6390649694491789,0.0804876908659935,0.5585772785831854,24,24,24,3,0.8052036514604204,0,0.632455532033676,-0.0013199076561953,0,0.0,0,0,0.0,0.0,32,3.4965075614664802,10,11,1,0.0,3.2188758248682006,3.2188758248682006,0.0
745,24,25,True,3,0.8245337989111071,3,3,0,0.3999999999999999,0.8254335263850102,0.0032616245920051,-0.0008997274739031,0,0.0,0.0,0,0.6636396690394989,0.6249844431877136,0.0386552258517852,233,233,233,3,0.8249164950472118,0,0.3999999999999999,-0.0005170313377984,0,0.0,0,0,0.0,0.0,246,5.5093883366279774,9,10,3,0.0,5.455321115357702,5.455321115357702,0.0
746,24,26,True,3,0.8459928129170498,1,1,0,1.0,0.8474991640318172,0.0026624314730431,-0.0015063511147674,0,0.0,0.0,0,0.6854277451020211,0.6908199787139893,0.0053922336119681,4261,4261,4261,1,0.8459591425354978,0,0.7999999999999999,-0.0015400214963194,0,0.0,0,0,0.0,0.0,4556,8.424419791263883,8,11,4,0.0,8.357493812658563,8.357493812658563,0.0
747,24,27,True,4,0.8250820964438441,2,2,0,0.1999999999999999,0.8254175848192901,0.0031494200962983,-0.0003354883754459,0,0.0,0.0,0,0.4587127483882222,0.6338568925857544,0.1751441441975322,3035,3035,3035,2,0.8248440947345331,0,0.1999999999999999,-0.0005734900847569,0,0.0,0,0,0.0,0.0,4331,8.37378460812088,9,12,3,0.0,8.01829613851552,8.01829613851552,0.0
748,24,28,True,3,0.7248827664673716,3,1,1,0.3999999999999999,-0.8591659195399112,0.0068544056021265,1.5840486860072829,1,1.5840486860072829,1.0,1,-0.3838511921821352,-0.0530651062726974,0.3307860859094377,3260,7425,3260,3,0.725317417820695,1,0.3999999999999999,1.5844833373606062,1,1.5844833373606062,1,1,1.5840486860072829,1.0,10686,9.276783328524896,14,17,2,0.8229534589477066,8.912742634737025,8.089789175789319,0.41018831729888916
749,24,29,True,4,0.7442935065927629,0,2,1,-0.632455532033676,-0.8591659195399112,0.0068544056021265,1.603459426132674,1,1.603459426132674,1.0,1,-0.3295442681011119,0.2100645005702972,0.5396087686714092,1130,3162,1130,0,0.7446752072755982,1,-0.632455532033676,1.6038411268155093,1,1.6038411268155093,1,1,1.603459426132674,1.0,4305,8.367764677924308,13,16,2,1.0284187471895274,8.059276223305648,7.030857476116121,0.45337578654289246
776,25,26,True,4,0.867997433701718,1,1,0,0.3999999999999999,0.8668758100734546,0.0027811599739601,0.0011216236282634,0,0.0,0.0,0,0.729353633217853,0.7130699753761292,0.0162836578417238,3904,3904,3904,1,0.8678251539022451,0,0.316227766016838,0.0009493438287905,0,0.0,0,0,0.0,0.0,5476,8.608312784783722,7,12,2,0.0,8.270013062273787,8.270013062273787,0.0
777,25,27,True,4,0.801547104266294,0,0,0,0.316227766016838,0.7851004747963304,0.0211388572188022,0.0164466294699636,0,0.0,0.0,0,-0.0210410775023639,0.1826804876327514,0.2037215651351153,637,637,637,0,0.801680433485928,0,0.316227766016838,0.0165799586895976,0,0.0,0,0,0.0,0.0,1448,7.278628942320682,10,13,2,0.0,6.45833828334479,6.45833828334479,0.0
778,25,28,True,4,0.7057637479175722,0,0,0,0.1999999999999999,-0.8591659195399112,0.0068544056021265,1.5649296674574833,0,0.0,0.0,0,-0.3983188955320804,-0.0813745930790901,0.3169443024529902,7842,7842,7842,0,0.7061771545834997,0,0.316227766016838,1.565343074123411,0,0.0,0,0,0.0,0.0,11849,9.380083146563278,13,16,2,0.0,8.967376693212666,8.967376693212666,0.0
779,25,29,True,1,0.9293879194012996,1,1,0,0.7745966692414834,0.93238194470255,0.001637940605249,-0.0029940253012502,0,0.0,0.0,0,0.8539624492872334,0.9400618672370912,0.0860994179498576,5,5,5,1,0.932024041932534,0,0.7745966692414834,-0.000357902770016,0,0.0,0,0,0.0,0.0,5,1.791759469228055,4,11,1,0.0,1.791759469228055,1.791759469228055,0.0
806,26,26,True,4,0.888741003865748,1,1,0,0.1999999999999999,0.8883297642693861,0.0027212817162509,0.0004112395963618,0,0.0,0.0,0,0.772213961035002,0.7689467072486877,0.0032672537863142,2740,2740,2740,1,0.8888127982597109,0,0.316227766016838,0.0004830339903247,0,0.0,0,0,0.0,0.0,4046,8.305731144875866,6,13,2,0.0,7.916078096302786,7.916078096302786,0.0
807,26,27,True,3,0.6721510585094194,3,3,0,0.1999999999999999,-0.8591659195399112,0.0068544056021265,1.5313169780493303,0,0.0,0.0,0,-0.4030068685059929,-0.2653336524963379,0.137673216009655,5181,5181,5181,3,0.6725766575848822,0,0.316227766016838,1.5317425771247932,0,0.0,0,0,0.0,0.0,5239,8.564076777315087,11,14,2,0.0,8.552946361122055,8.552946361122055,0.0
808,26,28,True,3,0.6868679560403543,0,0,0,0.3999999999999999,-0.8591659195399112,0.0068544056021265,1.5460338755802656,0,0.0,0.0,0,-0.4068821123230685,-0.2263089418411255,0.180573170481943,4572,4572,4572,0,0.6873519217096957,0,0.3999999999999999,1.546517841249607,0,0.0,0,0,0.0,0.0,8938,9.098179005087852,12,15,2,0.0,8.427924723658055,8.427924723658055,0.0
809,26,29,True,3,0.95374887769738,1,1,0,1.0,0.9541108849476748,0.001674153006877,-0.0003620072502947,0,0.0,0.0,0,0.874405884389387,1.056530475616455,0.182124591227068,249,249,249,1,0.9531217655681608,0,1.0,-0.0009891193795139,0,0.0,0,0,0.0,0.0,251,5.529429087511423,3,10,2,0.0,5.521460917862246,5.521460917862246,0.0
836,27,26,True,3,0.9099930917703976,3,3,0,1.0,0.9118836049943952,0.0019733308285502,-0.0018905132239976,0,0.0,0.0,0,0.8199388299189645,0.7712165713310242,0.0487222585879403,3350,3350,3350,3,0.9100058882738462,0,0.948683298050514,-0.001877716720549,0,0.0,0,0,0.0,0.0,3393,8.129764445794171,5,12,2,0.0,8.11701408773731,8.11701408773731,0.0
837,27,27,True,3,0.9312530937171292,3,3,0,0.7999999999999999,0.9333641795906976,0.0017868835380892,-0.0021110858735684,0,0.0,0.0,0,0.8414069113102127,0.7726691961288452,0.0687377151813675,3720,3720,3720,3,0.9314359596476798,0,0.7999999999999999,-0.0019282199430179,0,0.0,0,0,0.0,0.0,4348,8.37770121259764,4,11,2,0.0,8.221747728346623,8.221747728346623,0.0
838,27,28,True,3,0.9528849122049012,3,3,0,0.7999999999999999,0.9541157854476748,0.0017440988124447,-0.0012308732427733,0,0.0,0.0,0,0.8688289741752693,0.8744597434997559,0.0056307693244865,6940,6940,6940,3,0.9531064525365458,0,0.7999999999999999,-0.0010093329111289,0,0.0,0,0,0.0,0.0,7900,8.974744612722734,3,10,2,0.0,8.845201135339584,8.845201135339584,0.0
839,27,29,True,4,0.974805256802138,1,1,0,0.1999999999999999,0.9762974000000002,0.0011150304158875,-0.001492143197862,0,0.0,0.0,0,0.8960410412538379,0.8601918816566467,0.0358491595971911,2660,2660,2660,1,0.975020085323185,0,0.1999999999999999,-0.0012773146768152,0,0.0,0,0,0.0,0.0,6977,8.85051762174672,2,9,3,0.0,7.886457270977689,7.886457270977689,0.0
869,28,29,True,4,0.9977303761352038,1,1,0,0.3999999999999999,0.99875,0.0005446808379132,-0.0010196238647962,0,0.0,0.0,0,0.9931496771071442,0.9827681183815002,0.0103815587256439,2630,2630,2630,1,0.9977714330476052,0,0.632455532033676,-0.0009785669523947,0,0.0,0,0,0.0,0.0,2733,7.913521017283895,1,8,2,0.0,7.875119281040293,7.875119281040293,0.0
