state,row,col,covered,n_actions_covered,pi_d_star_V,pi_d_star_action,best_config_action,argmax_disagree,rank_correlation,ppo_discounted_return,ppo_discounted_return_stderr,value_gap,is_disagreement,severity_raw,severity,statistically_significant,true_value_pi_beta,critic_pred_pi_beta,critic_abs_error,n_pi_d_star_action,n_best_config_action,pair_min_samples,pi_d_star_action_cross,pi_d_star_V_cross,argmax_disagree_cross,rank_correlation_cross,value_gap_cross,is_disagreement_cross,severity_raw_cross,statistically_significant_cross,is_disagreement_strict,severity_raw_strict,severity_strict,total_samples,log_coverage,goal_distance,hazard_distance,local_connectivity,action_sample_gap,log_n_best_config_action,log_pair_min_samples,pi_beta_prob_gap
0,0,0,True,2,-1.0108733140913695,3,3,0,0.632455532033676,-2.598060975426111,2.037621039635e-16,1.587187661334741,0,0.0,0.0,0,-2.941119432899005,-3.014535665512085,0.0734162326130798,961,961,961,3,-1.164055287358153,0,0.632455532033676,1.434005688067958,0,0.0,0,0,0.0,0.0,966,6.874198495453294,64,26,1,0.0,6.8690144506657065,6.8690144506657065,0.0
1,0,1,True,4,-0.9891048893624784,3,3,0,0.1999999999999999,-2.598060975426111,2.037621039635e-16,1.6089560860636325,0,0.0,0.0,0,-2.940471282830884,-2.967349052429199,0.0268777695983151,1040,1040,1040,3,-1.1440067510475675,0,0.316227766016838,1.4540542243785433,0,0.0,0,0,0.0,0.0,1279,7.154615356913663,63,25,2,0.0,6.947937068614969,6.947937068614969,0.0
2,0,2,True,4,-0.9664255754044784,3,3,0,0.3999999999999999,-2.598060975426111,2.037621039635e-16,1.6316354000216324,0,0.0,0.0,0,-2.939530707339816,-2.9302492141723637,0.0092814931674523,1235,1235,1235,3,-1.1231974321688218,0,0.316227766016838,1.474863543257289,0,0.0,0,0,0.0,0.0,1588,7.370860166536716,62,24,2,0.0,7.119635638017636,7.119635638017636,0.0
3,0,3,True,4,-0.943655964295454,1,3,1,0.0,-2.598060975426111,2.037621039635e-16,1.6544050111306567,1,1.6544050111306567,0.5681740731741333,1,-2.9384178189861943,-2.85587739944458,0.0825404195416141,3378,3,3,1,-1.1021403136096508,1,0.316227766016838,1.49592066181646,1,1.49592066181646,1,1,1.49592066181646,0.5039337440729809,3836,8.252446090246952,61,23,2,-6.7390407255944,1.3862943611198906,1.3862943611198906,-0.8808935364941135
30,1,0,True,1,-2.9999989435144254,3,3,0,0.7745966692414834,-2.598060975426111,2.037621039635e-16,-0.4019379680883146,0,0.0,0.0,0,-3.0000090015486665,-3.130660057067871,0.1306510555192046,1,1,1,3,-4.255455946689682,0,0.7745966692414834,-1.657394971263571,0,0.0,0,0,0.0,0.0,1,0.6931471805599453,67,29,2,0.0,0.6931471805599453,0.6931471805599453,0.0
31,1,1,True,2,-2.9999989435144254,3,3,0,0.948683298050514,-2.598060975426111,2.037621039635e-16,-0.4019379680883146,0,0.0,0.0,0,-3.0000091827760147,-3.0883820056915283,0.0883728229155136,3,3,3,1,-3.0328265213820997,1,0.7378647873726218,-0.4347655459559885,0,0.0,0,0,0.0,0.0,5,1.791759469228055,66,28,3,0.0,1.3862943611198906,1.3862943611198906,0.0
32,1,2,True,2,-2.999998943514425,1,2,1,0.2108185106778919,-2.598060975426111,2.037621039635e-16,-0.4019379680883141,0,0.0,0.0,0,-3.0000089748515597,-3.0689897537231445,0.0689807788715852,24,3,3,1,-3.0010017993406817,1,0.2108185106778919,-0.4029408239145708,0,0.0,0,0,0.0,0.0,27,3.332204510175204,67,29,2,-1.83258146374831,1.3862943611198906,1.3862943611198906,-0.5151196420192719
33,1,3,True,4,-0.9205399078954664,1,0,1,-0.1999999999999999,-2.598060975426111,2.037621039635e-16,1.6775210675306444,1,1.6775210675306444,0.5761128450178717,1,-2.937481770367163,-2.881727695465088,0.055754074902075,1784,2628,1784,1,-1.0808465537972096,1,-0.316227766016838,1.5172144216289012,1,1.5172144216289012,1,1,1.5172144216289012,0.5111070149432718,4793,8.475120414994329,60,22,2,0.38718513051614156,7.874358824729881,7.487173694213739,0.19020941853523254
34,1,4,True,2,-0.844441249078721,1,3,1,0.7378647873726218,-2.598060975426111,2.037621039635e-16,1.7536197263473898,1,1.7536197263473898,0.6022474883803515,1,-2.99040017318862,-2.756469488143921,0.2339306850446991,68,115,68,1,-1.0152173268458011,1,0.7378647873726218,1.5828436485803097,1,1.5828436485803097,1,1,1.5828436485803097,0.5332156620810679,183,5.214935757608986,57,19,2,0.5194836865091048,4.7535901911063645,4.23410650459726,0.4551323354244232
35,1,5,True,4,-0.8691580833214572,2,3,1,-0.1999999999999999,-2.598060975426111,2.037621039635e-16,1.7289028921046536,1,1.7289028921046536,0.5937589596989328,1,-2.9920950571853195,-2.753676652908325,0.2384184042769943,168,365,168,2,-1.0372373374606614,1,-0.316227766016838,1.5608236379654494,1,1.5608236379654494,1,1,1.5608236379654494,0.5257977376704251,544,6.300785794663244,58,18,2,0.7727346184782924,5.902633333401366,5.1298987149230735,0.35468795895576477
36,1,6,True,4,-0.8929603865134261,2,3,1,-0.3999999999999999,-2.598060975426111,2.037621039635e-16,1.705100588912685,1,1.705100588912685,0.585584509389293,1,-2.9927945811818493,-2.7452800273895264,0.2475145537923229,427,592,427,2,-1.0589423110026652,1,-0.316227766016838,1.5391186644234456,1,1.5391186644234456,1,1,1.5391186644234456,0.518485940419931,1046,6.953684210870537,59,17,2,0.3260712034159292,6.385194398997726,6.059123195581797,0.07032904028892517
37,1,7,True,3,-0.9097882559242538,1,1,0,0.7999999999999999,-2.598060975426111,2.037621039635e-16,1.688272719501857,0,0.0,0.0,0,-2.9932571266511565,-2.8034915924072266,0.1897655342439299,2039,2039,2039,1,-1.0777605991285863,0,0.7999999999999999,1.5203003762975245,0,0.0,0,0,0.0,0.0,2663,7.88758403166028,60,16,2,0.0,7.620705086838262,7.620705086838262,0.0
41,1,11,True,2,-0.9082178213660944,1,3,1,0.7378647873726218,-2.598060975426111,2.037621039635e-16,1.6898431540600165,1,1.6898431540600165,0.580344632304718,1,-2.994787836993102,-2.2260630130767822,0.7687248239163198,9,2,2,1,-3.627217982595484,1,0.7378647873726218,-1.0291570071693732,0,0.0,0,0,0.0,0.0,11,2.4849066497880004,60,12,3,-1.2039728043259361,1.0986122886681098,1.0986122886681098,-0.7402164787054062
61,2,1,True,1,-2.9999989435144254,3,3,0,0.7745966692414834,-2.598060975426111,2.037621039635e-16,-0.4019379680883146,0,0.0,0.0,0,-3.0000092180969493,-3.090958833694458,0.0909496155975086,15,15,15,3,-3.0010010872519226,0,0.7745966692414834,-0.4029401118258118,0,0.0,0,0,0.0,0.0,15,2.772588722239781,65,27,3,0.0,2.772588722239781,2.772588722239781,0.0
62,2,2,True,3,-2.999998943514425,0,0,0,0.948683298050514,-2.598060975426111,2.037621039635e-16,-0.4019379680883141,0,0.0,0.0,0,-3.000009226500773,-3.0438239574432373,0.0438147309424641,24,24,24,1,-3.0001526221821084,1,0.1999999999999999,-0.4020916467559976,0,0.0,0,0,0.0,0.0,42,3.7612001156935624,66,28,3,0.0,3.2188758248682006,3.2188758248682006,0.0
63,2,3,True,4,-0.8974787864567646,1,0,1,-0.3999999999999999,-2.598060975426111,2.037621039635e-16,1.7005821889693462,1,1.7005821889693462,0.584032750489408,1,-2.9343281603760976,-2.8856201171875,0.0487080431885975,717,1116,717,1,-1.059313870185541,1,-0.316227766016838,1.53874710524057,1,1.53874710524057,1,1,1.53874710524057,0.5183607725450894,1972,7.587310506022615,59,21,2,0.4419322300209769,7.018401799069201,6.576469569048224,0.17769616842269897
64,2,4,True,2,-0.8209024885996296,3,3,0,0.948683298050514,-2.598060975426111,2.037621039635e-16,1.7771584868264814,0,0.0,0.0,0,-2.9857756957865407,-2.74794864654541,0.2378270492411305,354,354,354,3,-0.9929483429590856,0,0.948683298050514,1.605112632467025,0,0.0,0,0,0.0,0.0,368,5.910796644040527,56,18,3,0.0,5.872117789475416,5.872117789475416,0.0
65,2,5,True,3,-0.7950151191147465,1,3,1,0.7999999999999999,-2.598060975426111,2.037621039635e-16,1.8030458563113645,1,1.8030458563113645,0.6192219567807301,1,-2.989546177776133,-2.7269413471221924,0.2626048306539408,935,392,392,1,-0.969834672212512,1,0.7999999999999999,1.6282263032135988,1,1.6282263032135988,1,1,1.6282263032135988,0.5485038064653792,1334,7.19668657083435,55,17,3,-0.8678058646083304,5.973809611869261,5.973809611869261,-0.4465292692184448
66,2,6,True,2,-0.8181587662548174,2,2,0,0.948683298050514,-2.598060975426111,2.037621039635e-16,1.7799022091712935,0,0.0,0.0,0,-2.989666606871475,-2.7255213260650635,0.2641452808064115,398,398,398,2,-0.991764624443541,0,0.948683298050514,1.6062963509825698,0,0.0,0,0,0.0,0.0,422,6.0473721790462776,56,18,1,0.0,5.988961416889864,5.988961416889864,0.0
67,2,7,True,4,-0.8873069133936018,3,3,0,0.316227766016838,-2.598060975426111,2.037621039635e-16,1.710754062032509,0,0.0,0.0,0,-2.9933061400194734,-2.785172939300537,0.2081332007189362,187,187,187,3,-1.0572783262619767,0,0.316227766016838,1.540782649164134,0,0.0,0,0,0.0,0.0,2336,7.756623334538858,59,15,2,0.0,5.236441962829949,5.236441962829949,0.0
68,2,8,True,4,-0.8634519768650171,3,3,0,0.3999999999999999,-2.598060975426111,2.037621039635e-16,1.7346089985610935,0,0.0,0.0,0,-2.9930333332015397,-2.63729190826416,0.3557414249373791,212,212,212,3,-1.0355102094278743,0,0.316227766016838,1.5625507659982365,0,0.0,0,0,0.0,0.0,557,6.324358962381311,58,14,2,0.0,5.3612921657094255,5.3612921657094255,0.0
69,2,9,True,3,-0.8393775733285986,1,3,1,-0.3999999999999999,-2.598060975426111,2.037621039635e-16,1.7586834020975122,1,1.7586834020975122,0.6039865119307055,1,-2.992370099475787,-2.631530523300171,0.360839576175616,960,0,0,1,-1.013469631980574,1,-0.3999999999999999,1.5845913434455368,1,1.5845913434455368,1,1,1.5845913434455368,0.5338044114976724,1246,7.1284959456800365,57,13,2,-6.8679744089702925,0.0,0.0,-0.764930231613107
70,2,10,True,3,-0.9107050771468062,3,3,0,0.948683298050514,-2.598060975426111,2.037621039635e-16,1.6873558982793049,0,0.0,0.0,0,-2.994187468849553,-2.4216790199279785,0.5725084489215746,47,47,47,3,-1.1476579395368571,0,0.948683298050514,1.4504030358892537,0,0.0,0,0,0.0,0.0,54,4.007333185232471,60,12,1,0.0,3.871201010907891,3.871201010907891,0.0
71,2,11,True,3,-0.8870887091279259,1,0,1,0.3999999999999999,-2.598060975426111,2.037621039635e-16,1.7109722662981848,1,1.7109722662981848,0.5876010258009569,1,-2.994117157276494,-2.424781084060669,0.5693360732158252,10,11,10,1,-1.127430344009004,1,0.1999999999999999,1.470630631417107,1,1.470630631417107,1,1,1.470630631417107,0.4954142416473708,63,4.1588830833596715,59,11,3,0.08701137698962969,2.4849066497880004,2.3978952727983707,-0.05355110764503479
77,2,17,True,3,-1.1772247486647789,1,1,0,1.0,-1.1690826738471372,0.0062424440886313,-0.0081420748176415,0,0.0,0.0,0,-1.429506664488465,-1.3412060737609863,0.0883005907274787,180,180,180,1,-1.209840045672321,0,1.0,-0.0407573718251839,0,0.0,0,0,0.0,0.0,189,5.247024072160486,47,9,2,0.0,5.198497031265826,5.198497031265826,0.0
78,2,18,True,1,-1.1966547306424469,2,2,0,0.7745966692414834,-1.187445753715855,0.0053183062850923,-0.0092089769265919,0,0.0,0.0,0,-1.449328683976875,-1.2063881158828735,0.2429405680940015,16,16,16,2,-2.499117329641692,0,0.7745966692414834,-1.3116715759258368,0,0.0,0,0,0.0,0.0,16,2.833213344056216,48,10,2,0.0,2.833213344056216,2.833213344056216,0.0
90,3,0,True,2,-2.99999894351441,1,3,1,0.7378647873726218,-2.598060975426111,2.037621039635e-16,-0.401937968088299,0,0.0,0.0,0,-3.0000043471288564,-3.061389207839966,0.0613848607111093,1,2,1,1,-3.000355728138423,1,0.7378647873726218,-0.4022947527123124,0,0.0,0,0,0.0,0.0,3,1.3862943611198906,63,25,2,0.4054651081081645,1.0986122886681098,0.6931471805599453,0.8452612534165382
91,3,1,True,1,-2.9999989435144254,0,0,0,0.7745966692414834,-2.598060975426111,2.037621039635e-16,-0.4019379680883146,0,0.0,0.0,0,-3.0000083287887747,-2.982675313949585,0.0173330148391896,2,2,2,0,-3.0009737401664576,0,0.7745966692414834,-0.4029127647403467,0,0.0,0,0,0.0,0.0,2,1.0986122886681098,64,26,2,0.0,1.0986122886681098,1.0986122886681098,0.0
92,3,2,True,2,-2.9999989435144254,0,0,0,0.948683298050514,-2.598060975426111,2.037621039635e-16,-0.4019379680883146,0,0.0,0.0,0,-3.0000093543684447,-3.1884191036224365,0.1884097492539918,8,8,8,2,-3.000108417400244,1,0.7378647873726218,-0.4020474419741329,0,0.0,0,0,0.0,0.0,9,2.302585092994046,67,29,1,0.0,2.1972245773362196,2.1972245773362196,0.0
93,3,3,True,2,-0.8731708821354508,3,3,0,0.948683298050514,-2.598060975426111,2.037621039635e-16,1.72489009329066,0,0.0,0.0,0,-2.927972873689717,-2.8966381549835205,0.0313347187061965,1072,1072,1072,3,-1.037539592033716,0,0.948683298050514,1.5605213833923948,0,0.0,0,0,0.0,0.0,1104,7.007600613951853,58,20,3,0.0,6.9782137426306985,6.9782137426306985,0.0
94,3,4,True,4,-0.8489407771823863,0,0,0,0.3999999999999999,-2.598060975426111,2.037621039635e-16,1.7491201982437246,0,0.0,0.0,0,-2.926895610760992,-2.810833692550659,0.1160619182103324,245,245,245,0,-1.0149552142548184,0,0.3999999999999999,1.5831057611712924,0,0.0,0,0,0.0,0.0,1076,6.981934677156389,57,19,3,0.0,5.5053315359323625,5.5053315359323625,0.0
95,3,5,True,4,-0.7691102547472961,3,3,0,0.316227766016838,-2.598060975426111,2.037621039635e-16,1.8289507206788147,0,0.0,0.0,0,-2.989491752980121,-2.719310760498047,0.2701809924820746,278,278,278,3,-0.9464478494480342,0,0.316227766016838,1.6516131259780766,0,0.0,0,0,0.0,0.0,922,6.827629234502852,54,16,2,0.0,5.631211781821365,5.631211781821365,0.0
96,3,6,True,3,-0.7436275706302399,1,3,1,0.7999999999999999,-2.598060975426111,2.037621039635e-16,1.8544334047958708,1,1.8544334047958708,0.6368700372304632,1,-2.989004146896701,-2.684727907180786,0.3042762397159144,335,110,110,1,-0.9233909612482628,1,0.7999999999999999,1.674670014177848,1,1.674670014177848,1,1,1.674670014177848,0.5641493909888511,446,6.102558594613569,53,15,3,-1.1075809586508703,4.709530201312334,4.709530201312334,-0.5301277041435242
97,3,7,True,4,-0.7669540198931325,2,3,1,-0.316227766016838,-2.598060975426111,2.037621039635e-16,1.8311069555329784,1,1.8311069555329784,0.6288590099419701,1,-2.9907839140177392,-2.6285934448242188,0.3621904691935205,120,213,120,2,-0.9464010536556452,1,-0.316227766016838,1.6516599217704655,1,1.6516599217704655,1,1,1.6516599217704655,0.5563979357718095,340,5.831882477283517,54,14,2,0.5701854694251098,5.365976015021851,4.795790545596741,0.29668766260147095
98,3,8,True,3,-0.7894262648010982,2,3,1,0.1999999999999999,-2.598060975426111,2.037621039635e-16,1.808634710625013,1,1.808634710625013,0.6211413429639189,1,-2.9916143804541897,-2.6688790321350098,0.3227353483191799,34,1412,34,1,-0.9680375247108636,1,0.3999999999999999,1.6300234507152471,1,1.6300234507152471,1,1,1.6300234507152471,0.549109215089161,7344,8.901775088607979,55,13,3,3.698122321195114,7.253470382684528,3.5553480614894135,0.18487611040472984
99,3,9,True,4,-0.8143015218582121,2,3,1,0.0,-2.598060975426111,2.037621039635e-16,1.783759453567899,1,1.783759453567899,0.6125984069668048,1,-2.9920433201411827,-2.5803112983703613,0.4117320217708213,1401,26,26,2,-0.991181007386509,1,-0.3999999999999999,1.6068799680396018,1,1.6068799680396018,1,1,1.6068799680396018,0.5413128244293353,2495,7.822444729489319,56,12,3,-3.9498182015902064,3.295836866004329,3.295836866004329,-0.5429884884506464
100,3,10,True,3,-0.8374142648560193,2,3,1,0.3999999999999999,-2.598060975426111,2.037621039635e-16,1.7606467105700916,1,1.7606467105700916,0.6046607730483023,1,-2.9923658268538675,-2.472669839859009,0.5196959869948587,77,19,19,2,-1.0135572043717318,1,0.3999999999999999,1.584503771054379,1,1.584503771054379,1,1,1.584503771054379,0.5337749108135252,98,4.59511985013459,57,11,2,-1.3609765531356008,2.995732273553991,2.995732273553991,-0.549592450261116
101,3,11,True,2,-0.8657461715136143,2,3,1,0.1054092553389459,-2.598060975426111,2.037621039635e-16,1.7323148039124965,1,1.7323148039124965,0.5949307162011983,1,-2.993064052165946,-2.438234567642212,0.5548294845237343,22,0,0,2,-1.0388733430761732,1,0.1054092553389459,1.5591876323499376,1,1.5591876323499376,1,1,1.5591876323499376,0.5252466132316811,34,3.5553480614894135,58,10,3,-3.1354942159291497,0.0,0.0,-0.6412281645461917
102,3,12,True,2,-0.8870887091279259,2,2,0,0.948683298050514,-2.598060975426111,2.037621039635e-16,1.7109722662981848,0,0.0,0.0,0,-2.9929862174441544,-2.4402003288269043,0.5527858886172501,3,3,3,2,-1.0946390673697604,0,0.948683298050514,1.5034219080563505,0,0.0,0,0,0.0,0.0,11,2.4849066497880004,57,9,2,0.0,1.3862943611198906,1.3862943611198906,0.0
107,3,17,True,3,-1.155553900612046,1,1,0,1.0,-1.1497114952233152,0.0054711935023109,-0.0058424053887309,0,0.0,0.0,0,-1.4083916108630272,-1.424831748008728,0.0164401371457008,719,719,719,1,-1.1554461474233246,0,1.0,-0.0057346522000094,0,0.0,0,0,0.0,0.0,1156,7.053585727193677,46,8,2,0.0,6.579251212010101,6.579251212010101,0.0
108,3,18,True,2,-1.175871553963893,1,1,0,0.632455532033676,-1.1690826738471372,0.0062424440886313,-0.0067888801167559,0,0.0,0.0,0,-1.4406441359108844,-1.4722014665603638,0.0315573306494794,763,763,763,1,-1.1750244932878022,0,0.632455532033676,-0.005941819440665,0,0.0,0,0,0.0,0.0,821,6.71174039505618,47,9,2,0.0,6.638567789166521,6.638567789166521,0.0
109,3,19,True,2,-1.195751638039091,2,2,0,0.948683298050514,-1.187454797536605,0.0051575603037173,-0.0082968405024856,0,0.0,0.0,0,-1.5150861205520303,-1.5297926664352417,0.0147065458832111,75,75,75,2,-1.1956021552230058,0,0.948683298050514,-0.0081473576864008,0,0.0,0,0,0.0,0.0,209,5.3471075307174685,48,10,2,0.0,4.330733340286331,4.330733340286331,0.0
110,3,20,True,2,-1.2848769278766528,1,2,1,0.2108185106778919,-1.7215019179603992,0.0810948336822405,0.4366249900837464,1,0.4366249900837464,0.149950584890912,1,-1.6298740603642978,-1.7244915962219238,0.094617535857626,1,2,1,1,-2.978986899803923,1,0.2108185106778919,-1.2574849818435236,0,0.0,0,0,0.0,0.0,3,1.3862943611198906,51,13,2,0.4054651081081645,1.0986122886681098,0.6931471805599453,0.20493489503860474
111,3,21,True,2,-1.535220968989078,1,1,0,0.948683298050514,-2.57629423584506,0.0203504901619004,1.0410732668559814,0,0.0,0.0,0,-2.0566071239498105,-1.853124499320984,0.2034826246288266,1,1,1,2,-13.451656734835996,1,0.7378647873726218,-10.875362498990937,0,0.0,0,0,0.0,0.0,3,1.3862943611198906,52,14,1,0.0,0.6931471805599453,0.6931471805599453,0.0
120,4,0,True,1,-2.999998943514409,0,0,0,0.7745966692414834,-2.598060975426111,2.037621039635e-16,-0.4019379680882986,0,0.0,0.0,0,-2.999968328273978,-2.992711305618286,0.007257022655692,3,3,3,0,-3.0003429204703065,0,0.7745966692414834,-0.4022819450441957,0,0.0,0,0,0.0,0.0,3,1.3862943611198906,62,24,2,0.0,1.3862943611198906,1.3862943611198906,0.0
121,4,1,True,2,-2.9999989435144085,1,3,1,0.7378647873726218,-2.598060975426111,2.037621039635e-16,-0.4019379680882977,0,0.0,0.0,0,-2.999856910294775,-2.9755728244781494,0.0242840858166255,217,2014,217,3,-2.999999032683733,0,0.948683298050514,-0.4019380572576221,0,0.0,0,0,0.0,0.0,2231,7.710653323501202,59,21,2,2.223879411591694,7.608374474380783,5.384495062789089,0.8098700791597366
122,4,2,True,4,-2.9999989435144085,1,3,1,0.2581988897471611,-2.598060975426111,2.037621039635e-16,-0.4019379680882977,0,0.0,0.0,0,-2.999854534507629,-2.9111945629119877,0.0886599715956415,13899,24,24,0,-2.999999026625304,1,0.1054092553389459,-0.4019380511991928,0,0.0,0,0,0.0,0.0,15563,9.652715834104445,58,20,2,-6.320768294250582,3.2188758248682006,3.2188758248682006,-0.892867028946057
123,4,3,True,4,-0.8959623688596153,0,0,0,0.3999999999999999,-2.598060975426111,2.037621039635e-16,1.7020986065664956,0,0.0,0.0,0,-2.929504940510622,-2.955615282058716,0.0261103415480938,88,88,88,0,-1.058473995553105,0,0.948683298050514,1.5395869798730055,0,0.0,0,0,0.0,0.0,150,5.017279836814924,59,21,2,0.0,4.48863636973214,4.48863636973214,0.0
124,4,4,True,2,-0.8957472476862466,3,3,0,0.948683298050514,-2.598060975426111,2.037621039635e-16,1.702313727739864,0,0.0,0.0,0,-2.8918492294044915,-2.9517369270324707,0.0598876976279791,752,752,752,3,-1.0045867771472474,0,0.948683298050514,1.5934741982788634,0,0.0,0,0,0.0,0.0,781,6.661854740545311,58,20,3,0.0,6.6240652277998935,6.6240652277998935,0.0
125,4,5,True,4,-0.8736583943458484,1,3,1,0.316227766016838,-2.598060975426111,2.037621039635e-16,1.7244025810802626,1,1.7244025810802626,0.5922134130957275,1,-2.8895809329328084,-2.917928457260132,0.0283475243273234,1212,1,1,1,-0.9819340593075332,1,0.316227766016838,1.6161269161185776,1,1.6161269161185776,1,1,1.6161269161185776,0.5444278620684494,1441,7.273786317844895,57,21,2,-6.407704728384105,0.6931471805599453,0.6931471805599453,-0.8426901188213378
126,4,6,True,2,-0.7197492426500456,1,3,1,0.7378647873726218,-2.598060975426111,2.037621039635e-16,1.8783117327760648,1,1.8783117327760648,0.6450705968140097,1,-2.9882417325515838,-2.6607353687286377,0.3275063638229456,58,1378,58,1,-0.8994693143385774,1,0.7378647873726218,1.6985916610875336,1,1.6985916610875336,1,1,1.6985916610875336,0.572207923369139,1436,7.270312886079025,52,16,3,3.1515764338875822,7.229113877793302,4.07753744390572,0.9173550009727478
127,4,7,True,4,-0.7445631509702517,2,3,1,-0.1999999999999999,-2.598060975426111,2.037621039635e-16,1.853497824455859,1,1.853497824455859,0.6365487298788838,1,-2.99053951674135,-2.6905291080474854,0.3000104086938648,1026,2444,1026,2,-0.9227751354299704,1,-0.316227766016838,1.6752858399961403,1,1.6752858399961403,1,1,1.6752858399961403,0.5643568454469853,3530,8.169336395928386,53,15,2,0.867403191980415,7.801800401908973,6.934397209928558,0.3941901922225952
128,4,8,True,2,-0.7693887251624633,2,0,1,0.7378647873726218,-2.598060975426111,2.037621039635e-16,1.828672250263648,1,1.828672250263648,0.6280228565209232,1,-2.9914218701338453,-2.6822359561920166,0.3091859139418287,2017,6038,2017,2,-0.9458077422478582,1,0.7378647873726218,1.652253233178253,1,1.652253233178253,1,1,1.652253233178253,0.5565978057560668,8055,8.994172434398399,54,14,2,1.0961315133943472,8.705993714307901,7.609862200913554,0.498898983001709
129,4,9,True,2,-0.6470165960907283,1,3,1,0.7378647873726218,-2.598060975426111,2.037621039635e-16,1.9510443793353829,1,1.9510443793353829,0.6700492470056576,1,-2.8643273042187776,-2.282670497894287,0.5816568063244905,72,59,59,1,-0.8272891142992375,1,0.7378647873726218,1.7707718611268732,1,1.7707718611268732,1,1,1.7707718611268732,0.5965234097329634,131,4.882801922586371,49,17,2,-0.19611487892629054,4.0943445622221,4.0943445622221,-0.06444460153579712
130,4,10,True,3,-0.6715044156325154,2,3,1,0.3999999999999999,-2.598060975426111,2.037621039635e-16,1.9265565597935956,1,1.9265565597935956,0.6616393690866457,1,-2.862352945861303,-2.1247572898864746,0.7375956559748285,44,54,44,2,-0.8513308320541605,1,0.3999999999999999,1.7467301433719502,1,1.7467301433719502,1,1,1.7467301433719502,0.5884244288501986,102,4.634728988229636,50,18,2,0.20067069546215155,4.007333185232471,3.8066624897703196,-0.02516975998878479
131,4,11,True,2,-0.6895937593461379,1,1,0,0.632455532033676,-2.598060975426111,2.037621039635e-16,1.908467216079973,0,0.0,0.0,0,-2.857213589483828,-2.359365701675415,0.4978478878084127,150,150,150,1,-0.8727252302203148,0,0.632455532033676,1.725335745205796,0,0.0,0,0,0.0,0.0,192,5.262690188904886,51,19,2,0.0,5.017279836814924,5.017279836814924,0.0
132,4,12,True,1,-0.9082178213660944,0,0,0,0.7745966692414834,-2.598060975426111,2.037621039635e-16,1.6898431540600165,0,0.0,0.0,0,-2.9928135848986988,-2.2599551677703857,0.732858417128313,8,8,8,0,-2.388128065169761,0,0.7745966692414834,0.2099329102563496,0,0.0,0,0,0.0,0.0,8,2.1972245773362196,56,8,2,0.0,2.1972245773362196,2.1972245773362196,0.0
134,4,14,True,2,-1.0250990819836665,1,1,0,0.948683298050514,-1.0239501,0.0023081844105612,-0.0011489819836665,0,0.0,0.0,0,-1.035879577851648,-1.7517167329788208,0.7158371551271729,31,31,31,1,-1.0243635181230142,0,0.948683298050514,-0.0004134181230142,0,0.0,0,0,0.0,0.0,32,3.4965075614664802,48,2,1,0.0,3.4657359027997265,3.4657359027997265,0.0
137,4,17,True,3,-1.134857732293883,1,1,0,0.7999999999999999,-1.1282436906264512,0.0047602402861043,-0.006614041667432,0,0.0,0.0,0,-1.376400011301679,-1.2856521606445312,0.0907478506571477,782,782,782,1,-1.133833493852558,0,0.7999999999999999,-0.0055898032261068,0,0.0,0,0,0.0,0.0,2356,7.7651449029361315,45,7,3,0.0,6.663132695990803,6.663132695990803,0.0
138,4,18,True,2,-1.1557363821808746,2,2,0,0.948683298050514,-1.1478752332814035,0.0050278766278291,-0.0078611488994708,0,0.0,0.0,0,-1.4137263854630475,-1.426793098449707,0.0130667129866592,1590,1590,1590,2,-1.1545395878004767,0,0.948683298050514,-0.0066643545190729,0,0.0,0,0,0.0,0.0,2317,7.748460023899697,46,8,2,0.0,7.372118028337787,7.372118028337787,0.0
139,4,19,True,3,-1.2180672382746434,0,0,0,1.0,-1.2073886555669109,0.0050088040415947,-0.0106785827077324,0,0.0,0.0,0,-1.534849899005275,-1.4135396480560305,0.1213102509492447,136,136,136,0,-1.227926012572215,0,1.0,-0.0205373570053037,0,0.0,0,0,0.0,0.0,154,5.043425116919247,49,11,2,0.0,4.919980925828125,4.919980925828125,0.0
140,4,20,True,2,-1.267552453077985,2,2,0,0.948683298050514,-1.3009742440755172,0.0684497490631111,0.0334217909975322,0,0.0,0.0,0,-1.5716826508334143,-1.4899177551269531,0.0817648957064611,11,11,11,2,-1.7079192446231268,0,0.948683298050514,-0.4069450005476096,0,0.0,0,0,0.0,0.0,12,2.5649493574615367,50,12,3,0.0,2.4849066497880004,2.4849066497880004,0.0
141,4,21,True,1,-1.5204252218784142,1,1,0,0.7745966692414834,-2.5103853516096253,0.0678757002136373,0.9899601297312112,0,0.0,0.0,0,-2.041780048292533,-1.762850642204285,0.2789294060882485,9,9,9,1,-17.67454834487078,0,0.7745966692414834,-15.164162993261154,0,0.0,0,0,0.0,0.0,9,2.302585092994046,51,13,4,0.0,2.302585092994046,2.302585092994046,0.0
142,4,22,True,1,-1.535220968989078,2,2,0,0.7745966692414834,-2.57629423584506,0.0203504901619004,1.0410732668559814,0,0.0,0.0,0,-2.060166284800933,-1.871565103530884,0.1886011812700494,1,1,1,2,-18.361880743624845,0,0.7745966692414834,-15.785586507779785,0,0.0,0,0,0.0,0.0,1,0.6931471805599453,52,14,2,0.0,0.6931471805599453,0.6931471805599453,0.0
150,5,0,True,2,-2.999998943514409,1,3,1,0.8944271909999159,-2.598060975426111,2.037621039635e-16,-0.4019379680882982,0,0.0,0.0,0,-2.99986786408926,-3.028674840927124,0.0288069768378642,2,128,2,3,-3.0000079902425028,0,0.948683298050514,-0.4019470148163919,0,0.0,0,0,0.0,0.0,130,4.875197323201151,61,23,3,3.761200115693562,4.859812404361672,1.0986122886681098,0.9695433303713799
151,5,1,True,3,-2.9999989435144085,1,0,1,0.316227766016838,-2.598060975426111,2.037621039635e-16,-0.4019379680882977,0,0.0,0.0,0,-2.999863795179607,-2.936198234558105,0.0636655606215015,160,269,160,0,-2.999999265780612,0,0.7999999999999999,-0.4019382903545012,0,0.0,0,0,0.0,0.0,558,6.326149473155099,60,22,3,0.5170175940139119,5.598421958998375,5.081404364984463,0.14227166771888733
152,5,2,True,4,-2.999998943514408,1,0,1,-0.2581988897471611,-2.598060975426111,2.037621039635e-16,-0.4019379680882973,0,0.0,0.0,0,-2.99985218489547,-2.898770809173584,0.1010813757218858,8771,13380,8771,0,-2.999999027054016,0,0.632455532033676,-0.4019380516279054,0,0.0,0,0,0.0,0.0,23379,10.05963623502606,57,19,2,0.42227095976721074,9.50159106930499,9.079320109537779,0.1866365373134613
153,5,3,True,4,-0.918077005014454,0,0,0,0.632455532033676,-2.598060975426111,2.037621039635e-16,1.6799839704116568,0,0.0,0.0,0,-2.930150008840809,-3.019770860671997,0.0896208518311878,85,85,85,1,-1.0485919744788197,1,-0.632455532033676,1.5494690009472911,1,1.5494690009472911,1,0,0.0,0.0,134,4.90527477843843,60,22,2,0.0,4.454347296253507,4.454347296253507,0.0
154,5,4,True,2,-0.9167897745388318,0,0,0,0.948683298050514,-2.598060975426111,2.037621039635e-16,1.681271200887279,0,0.0,0.0,0,-2.8930380084705387,-3.0317203998565674,0.1386823913860286,40,40,40,0,-1.02614133532011,0,0.948683298050514,1.571919640106001,0,0.0,0,0,0.0,0.0,42,3.7612001156935624,59,21,1,0.0,3.713572066704308,3.713572066704308,0.0
155,5,5,True,4,-0.8499555534600642,1,0,1,-0.1999999999999999,-2.598060975426111,2.037621039635e-16,1.7481054219660466,1,1.7481054219660466,0.6003537049597315,1,-2.887683623482109,-2.9198272228240967,0.0321435993419871,496,710,496,1,-0.9592845215805798,1,-0.316227766016838,1.638776453845531,1,1.638776453845531,1,1,1.638776453845531,0.552057856519095,1304,7.173958319756794,56,20,2,0.3580824037066117,6.566672429803241,6.208590026096629,0.18816646933555603
156,5,6,True,3,-0.6963123225654994,3,3,0,0.7999999999999999,-2.5277491966015107,0.0703117788246007,1.8314368740360112,0,0.0,0.0,0,-2.95319895134904,-2.7108378410339355,0.2423611103151044,36,36,36,3,-0.8752550782592533,0,0.7999999999999999,1.6524941183422572,0,0.0,0,0,0.0,0.0,107,4.68213122712422,51,17,2,0.0,3.6109179126442243,3.6109179126442243,0.0
157,5,7,True,3,-0.6717082795461563,3,3,0,0.3999999999999999,-2.5112548441683926,0.0713703807241223,1.8395465646222364,0,0.0,0.0,0,-2.889813519438655,-2.6335809230804443,0.2562325963582106,64,64,64,3,-0.8513984016986519,0,0.3999999999999999,1.6598564424697408,0,0.0,0,0,0.0,0.0,80,4.394449154672439,50,18,2,0.0,4.174387269895637,4.174387269895637,0.0
158,5,8,True,3,-0.6474315337303349,3,3,0,0.7999999999999999,-2.598060975426111,2.037621039635e-16,1.950629441695776,0,0.0,0.0,0,-2.871569024007956,-2.5084805488586426,0.3630884751493131,105,105,105,3,-0.8272908737402698,0,0.7999999999999999,1.770770101685841,0,0.0,0,0,0.0,0.0,144,4.976733742420574,49,17,2,0.0,4.663439094112067,4.663439094112067,0.0
159,5,9,True,4,-0.6214753929769801,3,3,0,0.1999999999999999,-2.5112548441683926,0.0713703807241223,1.8897794511914128,0,0.0,0.0,0,-2.863354406403038,-2.352712869644165,0.510641536758873,11,11,11,3,-0.80291331154582,0,0.1999999999999999,1.7083415326225726,0,0.0,0,0,0.0,0.0,180,5.198497031265826,48,16,3,0.0,2.4849066497880004,2.4849066497880004,0.0
160,5,10,True,2,-0.592451728457558,1,1,0,0.632455532033676,-2.5277491966015107,0.0703117788246007,1.9352974681439528,0,0.0,0.0,0,-2.7905089763128963,-2.3941566944122314,0.3963522819006648,15,15,15,1,-0.7776034424035851,0,0.632455532033676,1.7501457541979255,0,0.0,0,0,0.0,0.0,19,2.995732273553991,47,15,2,0.0,2.772588722239781,2.772588722239781,0.0
161,5,11,True,3,-0.6645699780345402,3,3,0,0.7999999999999999,-2.598060975426111,2.037621039635e-16,1.9334909973915704,0,0.0,0.0,0,-2.8538792471285808,-2.1681296825408936,0.6857495645876872,18,18,18,3,-0.8500735934819206,0,0.7999999999999999,1.7479873819441902,0,0.0,0,0,0.0,0.0,163,5.099866427824199,50,18,2,0.0,2.9444389791664403,2.9444389791664403,0.0
162,5,12,True,2,-0.639592117554217,3,2,1,0.7378647873726218,-2.598060975426111,2.037621039635e-16,1.9584688578718936,1,1.9584688578718936,0.6725990435687135,1,-2.824206462032307,-1.9057986736297607,0.918407788402546,6,19,6,3,-0.8259841672471883,1,0.7378647873726218,1.7720768081789229,1,1.7720768081789229,1,1,1.7720768081789229,0.5969630098204156,25,3.258096538021482,49,17,2,1.0498221244986776,2.995732273553991,1.9459101490553132,0.36582303047180176
163,5,13,True,2,-0.6157496143684538,1,1,0,0.948683298050514,-2.598060975426111,2.037621039635e-16,1.982311361057657,0,0.0,0.0,0,-2.7562501529541565,-2.0468006134033203,0.7094495395508362,19,19,19,1,-0.8015928250393392,0,0.948683298050514,1.7964681503867717,0,0.0,0,0,0.0,0.0,22,3.1354942159291497,48,16,2,0.0,2.995732273553991,2.995732273553991,0.0
164,5,14,True,2,-1.0030132499563238,3,3,0,0.948683298050514,-1.001,0.001,-0.0020132499563239,0,0.0,0.0,0,-1.013172678127506,-1.5272912979125977,0.5141186197850918,675,675,675,3,-1.0027895461669456,0,0.948683298050514,-0.0017895461669457,0,0.0,0,0,0.0,0.0,808,6.695798917058491,47,1,3,0.0,6.516193076042964,6.516193076042964,0.0
166,5,16,True,3,-1.0917125801093956,1,1,0,0.7999999999999999,-1.0883755162596,0.0035370589838591,-0.0033370638497955,0,0.0,0.0,0,-1.1860646326968085,-1.4592554569244385,0.2731908242276299,867,867,867,1,-1.0905781723976615,0,0.7999999999999999,-0.0022026561380614,0,0.0,0,0,0.0,0.0,1022,6.930494765951626,45,5,2,0.0,6.7661917146603505,6.7661917146603505,0.0
167,5,17,True,4,-1.1135346438409637,2,2,0,0.7999999999999999,-1.105608800798202,0.0028838652052684,-0.0079258430427615,0,0.0,0.0,0,-1.2482203121796906,-1.2565295696258545,0.0083092574461638,831,831,831,2,-1.112311185293932,0,0.3999999999999999,-0.0067023844957301,0,0.0,0,0,0.0,0.0,972,6.880384082186005,44,6,3,0.0,6.723832440821209,6.723832440821209,0.0
168,5,18,True,2,-1.1340955734224762,2,1,1,0.7378647873726218,-1.1319814609675882,0.0051652866242915,-0.002114112454888,0,0.0,0.0,0,-1.7968664890419683,-1.4622162580490112,0.3346502309929571,12,20,12,2,-1.132207802500924,1,0.7378647873726218,-0.0002263415333356,0,0.0,0,0,0.0,0.0,32,3.4965075614664802,43,7,2,0.4795730802618863,3.044522437723423,2.5649493574615367,0.48915526270866394
171,5,21,True,1,-1.535220968989078,0,2,1,0.2581988897471611,-2.57629423584506,0.0203504901619004,1.0410732668559814,1,1.0410732668559814,0.3575368996845656,1,-2.054074288790596,-1.6560134887695312,0.3980608000210646,6,0,0,0,-18.361880743624845,1,0.2581988897471611,-15.785586507779785,0,0.0,0,0,0.0,0.0,6,1.9459101490553132,52,14,2,-1.9459101490553132,0.0,0.0,-0.7397934347391129
180,6,0,True,2,-2.9999989435144085,1,3,1,0.7378647873726218,-2.598060975426111,2.037621039635e-16,-0.4019379680882977,0,0.0,0.0,0,-2.999867243778741,-3.0887320041656494,0.0888647603869086,2,29,2,3,-2.9999994932552423,0,0.948683298050514,-0.4019385178291315,0,0.0,0,0,0.0,0.0,31,3.4657359027997265,62,24,3,2.302585092994046,3.4011973816621555,1.0986122886681098,0.9728968301787972
181,6,1,True,2,-2.999998943514409,0,0,0,0.8944271909999159,-2.598060975426111,2.037621039635e-16,-0.4019379680882982,0,0.0,0.0,0,-2.9998656590500747,-2.964782953262329,0.0350827057877456,197,197,197,0,-2.999999269018789,0,0.948683298050514,-0.4019382935926781,0,0.0,0,0,0.0,0.0,216,5.37989735354046,61,23,2,0.0,5.288267030694535,5.288267030694535,0.0
182,6,2,True,4,-2.999998943514408,3,0,1,0.316227766016838,-2.598060975426111,2.037621039635e-16,-0.4019379680882973,0,0.0,0.0,0,-2.999845290566008,-2.894899606704712,0.1049456838612963,142,8871,142,0,-2.999999049576748,0,0.632455532033676,-0.4019380741506371,0,0.0,0,0,0.0,0.0,15966,9.678279371339702,56,18,2,4.127810898770296,9.090655529030203,4.962844630259907,0.5493443412706256
183,6,3,True,3,-0.921852948969756,3,0,1,0.7999999999999999,-2.598060975426111,2.037621039635e-16,1.6762080264563548,1,1.6762080264563548,0.5756619059247206,1,-2.9289557463400286,-3.0916531085968018,0.1626973622567731,17,78,17,3,-1.0270154958800746,1,0.3999999999999999,1.5710454795460362,1,1.5710454795460362,1,1,1.5710454795460362,0.5292411896064195,96,4.574710978503383,59,21,2,1.479076094570857,4.3694478524670215,2.8903717578961645,0.6189325302839279
184,6,4,True,3,-0.8995496038134586,1,1,0,0.3999999999999999,-2.598060975426111,2.037621039635e-16,1.698511371612652,0,0.0,0.0,0,-2.9206544599052475,-3.013823747634888,0.0931692877296401,209,209,209,1,-1.0048873354798369,0,0.3999999999999999,1.593173639946274,0,0.0,0,0,0.0,0.0,262,5.572154032177765,58,20,2,0.0,5.3471075307174685,5.3471075307174685,0.0
185,6,5,True,2,-0.8259720966096353,3,3,0,0.948683298050514,-2.598060975426111,2.037621039635e-16,1.7720888788164757,0,0.0,0.0,0,-2.881701243927373,-2.937353134155273,0.0556518902278999,637,637,637,3,-0.9363877366033084,0,0.948683298050514,1.6616732388228024,0,0.0,0,0,0.0,0.0,660,6.493753839851686,55,19,3,0.0,6.45833828334479,6.45833828334479,0.0
186,6,6,True,3,-0.801197633669011,3,3,0,1.0,-2.598060975426111,2.037621039635e-16,1.7968633417570998,0,0.0,0.0,0,-2.879113713914999,-2.9473180770874023,0.0682043631724034,831,831,831,3,-0.91259967388639,0,1.0,1.6854613015397208,0,0.0,0,0,0.0,0.0,2819,7.944492163932159,54,18,3,0.0,6.723832440821209,6.723832440821209,0.0
187,6,7,True,3,-0.7765706312505188,1,3,1,0.7999999999999999,-2.598060975426111,2.037621039635e-16,1.821490344175592,1,1.821490344175592,0.6255563668719247,1,-2.8662391608446414,-2.896411180496216,0.0301720196515744,1805,2,2,1,-0.8885363521518294,1,0.7999999999999999,1.7095246232742816,1,1.7095246232742816,1,1,1.7095246232742816,0.5758909319064275,2194,7.693937325509272,53,17,2,-6.400257445308821,1.0986122886681098,1.0986122886681098,-0.8307724451879039
188,6,8,True,2,-0.7497550497188878,3,3,0,0.948683298050514,-2.598060975426111,2.037621039635e-16,1.848305925707223,0,0.0,0.0,0,-2.89523830190183,-2.8444321155548096,0.050806186347021,842,842,842,3,-0.8626192843210513,0,0.948683298050514,1.7354416911050596,0,0.0,0,0,0.0,0.0,1295,7.16703787691222,52,20,2,0.0,6.736966958001855,6.736966958001855,0.0
189,6,9,True,3,-0.7245008360619389,1,3,1,-0.3999999999999999,-2.598060975426111,2.037621039635e-16,1.873560139364172,1,1.873560139364172,0.6434387520331131,1,-2.89188533053032,-2.8028194904327397,0.0890658400975801,2647,0,0,1,-0.8386389525911324,1,-0.3999999999999999,1.7594220228349784,1,1.7594220228349784,1,1,1.7594220228349784,0.5926999673198394,3280,8.0959035329611,51,19,2,-7.881559917056899,0.0,0.0,-0.8150841844617389
190,6,10,True,2,-0.5643228930645342,1,3,1,0.7378647873726218,-2.5112548441683926,0.0713703807241223,1.9469319511038583,1,1.9469319511038583,0.6686369114026939,1,-2.776320477198948,-2.2337958812713623,0.5425245959275853,9,217,9,1,-0.7526507972086798,1,0.7378647873726218,1.7586040469597128,1,1.7586040469597128,1,1,1.7586040469597128,0.5924244141732685,226,5.424950017481403,46,14,3,3.081909969795043,5.384495062789089,2.302585092994046,0.8731876239180565
191,6,11,True,2,-0.5904513903329041,2,2,0,0.948683298050514,-2.5277491966015107,0.0703117788246007,1.9372978062686064,0,0.0,0.0,0,-2.7788019791680285,-2.3412325382232666,0.4375694409447619,219,219,219,2,-0.7769267810357533,0,0.948683298050514,1.7508224155657572,0,0.0,0,0,0.0,0.0,222,5.407171771460119,47,15,1,0.0,5.393627546352362,5.393627546352362,0.0
192,6,12,True,2,-0.5673396752401314,1,1,0,0.948683298050514,-2.5268359771060225,0.0712249983200885,1.959496301865891,0,0.0,0.0,0,-2.6928116414589764,-2.0406687259674072,0.6521429154915692,14,14,14,1,-0.7519843426929764,0,0.948683298050514,1.774851634413046,0,0.0,0,0,0.0,0.0,20,3.044522437723423,46,14,2,0.0,2.70805020110221,2.70805020110221,0.0
193,6,13,True,2,-0.5916662778171778,2,0,1,0.7378647873726218,-2.5268359771060225,0.0712249983200885,1.9351696992888447,1,1.9351696992888447,0.6645973887474349,1,-2.7325559795143515,-2.004689693450928,0.7278662860634237,10,15,10,2,-0.7769269692170613,1,0.7378647873726218,1.7499090078889612,1,1.7499090078889612,1,1,1.7499090078889612,0.589495299210404,25,3.258096538021482,47,15,2,0.3746934494414105,2.772588722239781,2.3978952727983707,0.17241564393043518
194,6,14,True,4,-1.0257099095827429,0,0,0,0.316227766016838,-1.0249301999999998,0.002814874853346,-0.0007797095827428,0,0.0,0.0,0,-1.044425739677601,-1.5852259397506714,0.5408002000730703,834,834,834,0,-1.024949811142187,0,0.316227766016838,-1.961114218729243e-05,0,0.0,0,0,0.0,0.0,975,6.883462586413092,46,2,2,0.0,6.727431724850855,6.727431724850855,0.0
195,6,15,True,4,-1.047787847622048,2,2,0,0.1999999999999999,-1.04661179301,0.0038060862985061,-0.0011760546120478,0,0.0,0.0,0,-1.0861888764123182,-1.395033359527588,0.3088444831152697,821,821,821,2,-1.0468795389199397,0,0.316227766016838,-0.0002677459099393,0,0.0,0,0,0.0,0.0,1013,6.921658184151129,45,3,2,0.0,6.71174039505618,6.71174039505618,0.0
196,6,16,True,4,-1.070517857847465,2,2,0,0.1999999999999999,-1.0690277532293009,0.0045102265831996,-0.0014901046181641,0,0.0,0.0,0,-1.1516865088067565,-1.3449316024780271,0.1932450936712708,881,881,881,2,-1.0691398864624106,0,0.3999999999999999,-0.0001121332331097,0,0.0,0,0,0.0,0.0,1071,6.977281341630747,44,4,3,0.0,6.782192056006791,6.782192056006791,0.0
197,6,17,True,3,-1.0936254276091095,2,2,0,1.0,-1.089316996409001,0.0040296256431179,-0.0043084312001084,0,0.0,0.0,0,-1.9654035382033264,-1.53519868850708,0.4302048496962465,6,6,6,2,-1.0911889591793646,0,1.0,-0.0018719627703636,0,0.0,0,0,0.0,0.0,1066,6.9726062513017535,43,5,3,0.0,1.9459101490553132,1.9459101490553132,0.0
198,6,18,True,3,-1.1164452314583435,2,2,0,1.0,-1.104667320648801,0.002490813415888,-0.0117779108095428,0,0.0,0.0,0,-1.9805187235008173,-1.4928703308105469,0.4876483926902704,61,61,61,2,-1.1137191250185776,0,0.7999999999999999,-0.0090518043697767,0,0.0,0,0,0.0,0.0,113,4.736198448394496,42,6,3,0.0,4.127134385045092,4.127134385045092,0.0
210,7,0,True,1,-2.999998943514409,0,0,0,0.7745966692414834,-2.598060975426111,2.037621039635e-16,-0.4019379680882986,0,0.0,0.0,0,-2.999868959643988,-3.109436273574829,0.1095673139308415,1,1,1,0,-2.999999488041247,0,0.7745966692414834,-0.401938512615136,0,0.0,0,0,0.0,0.0,1,0.6931471805599453,63,25,1,0.0,0.6931471805599453,0.6931471805599453,0.0
211,7,1,True,2,-2.999998943514408,3,1,1,0.7378647873726218,-2.5419236552200952,0.0561373202060159,-0.4580752882943129,0,0.0,0.0,0,-2.9997520406576115,-2.868443250656128,0.1313087900014835,1257,95,95,3,-3.000031929837537,1,0.7378647873726218,-0.4581082746174423,0,0.0,0,0,0.0,0.0,1352,7.210079628170788,54,16,2,-2.5729302457925494,4.564348191467836,4.564348191467836,-0.8583823963999748
212,7,2,True,4,-2.9999989435144085,0,0,0,0.7745966692414834,-2.598060975426111,2.037621039635e-16,-0.4019379680882977,0,0.0,0.0,0,-2.999832112987701,-2.916038274765014,0.0837938382226863,6592,6592,6592,0,-2.99999989867828,0,0.3999999999999999,-0.4019389232521688,0,0.0,0,0,0.0,0.0,8839,9.08704215563169,55,17,3,0.0,8.7937637591133,8.7937637591133,0.0
213,7,3,True,2,-2.9999989435144085,0,2,1,0.8944271909999159,-2.598060975426111,2.037621039635e-16,-0.4019379680882977,0,0.0,0.0,0,-2.999834380667161,-2.9563841819763184,0.0434501986908424,339,1377,339,0,-2.999999643107462,1,0.7378647873726218,-0.401938667681351,0,0.0,0,0,0.0,0.0,1716,7.448333860897476,56,18,1,1.3994428339633966,7.228388451573604,5.8289456176102075,0.6336586028337479
214,7,4,True,3,-0.8757573949639592,3,0,1,0.3999999999999999,-2.598060975426111,2.037621039635e-16,1.7223035804621516,1,1.7223035804621516,0.5914925510802214,1,-2.9174710153177483,-3.0777530670166016,0.1602820516988532,72,232,72,3,-0.9825026250074288,1,0.3999999999999999,1.615558350418682,1,1.615558350418682,1,1,1.615558350418682,0.5442363282196209,305,5.723585101952381,57,19,2,1.1605790124173092,5.4510384535657,4.290459441148391,0.5946773588657379
215,7,5,True,3,-0.8505473236270875,0,0,0,0.7999999999999999,-2.598060975426111,2.037621039635e-16,1.7475136517990233,0,0.0,0.0,0,-2.9019539155524043,-2.9482929706573486,0.0463390551049442,115,115,115,0,-0.9598665394664864,0,0.7999999999999999,1.6381944359596243,0,0.0,0,0,0.0,0.0,327,5.793013608384144,56,18,3,0.0,4.7535901911063645,4.7535901911063645,0.0
216,7,6,True,4,-0.825082842342315,0,0,0,0.3999999999999999,-2.598060975426111,2.037621039635e-16,1.7729781330837957,0,0.0,0.0,0,-2.8834521402081443,-2.9801394939422607,0.0966873537341164,1814,1814,1814,0,-0.9357604441911976,0,0.632455532033676,1.662300531234913,0,0.0,0,0,0.0,0.0,3027,8.01565761455734,55,19,2,0.0,7.503840746698951,7.503840746698951,0.0
217,7,7,True,4,-0.7516473559097271,1,0,1,-0.3999999999999999,-2.598060975426111,2.037621039635e-16,1.846413619516384,1,1.846413619516384,0.6341157938392913,1,-2.8615665756569517,-2.8842294216156006,0.0226628459586493,1198,1310,1198,1,-0.8648287860132412,1,-0.316227766016838,1.7332321894128695,1,1.7332321894128695,1,1,1.7332321894128695,0.583877346475078,2725,7.9105906122564775,52,16,2,0.08930232873618582,7.1785454837637,7.089243155027514,0.015631437301635742
218,7,8,True,4,-0.7752328197652952,0,0,0,0.3999999999999999,-2.598060975426111,2.037621039635e-16,1.822828155660816,0,0.0,0.0,0,-2.898217550301763,-2.9335920810699463,0.0353745307681832,604,604,604,0,-0.8863033903769535,0,0.316227766016838,1.711757585049157,0,0.0,0,0,0.0,0.0,1186,7.079184394609668,53,19,2,0.0,6.405228458030842,6.405228458030842,0.0
219,7,9,True,4,-0.6989880381140546,1,1,0,0.1999999999999999,-2.598060975426111,2.037621039635e-16,1.8990729373120565,0,0.0,0.0,0,-2.889605266341006,-2.8013298511505127,0.0882754151904934,3185,3185,3185,1,-0.8143887492775597,0,0.316227766016838,1.7836722261485511,0,0.0,0,0,0.0,0.0,6257,8.741615924228828,50,18,2,0.0,8.066521490469993,8.066521490469993,0.0
220,7,10,True,2,-0.536644744884077,3,3,0,0.948683298050514,-2.403392726594882,0.1340236333539142,1.8667479817108048,0,0.0,0.0,0,-2.718183656786779,-2.344834566116333,0.3733490906704459,4,4,4,3,-0.7267792158860402,0,0.948683298050514,1.6766135107088416,0,0.0,0,0,0.0,0.0,10,2.3978952727983707,45,13,2,0.0,1.6094379124341003,1.6094379124341003,0.0
221,7,11,True,1,-0.5117623692471003,1,1,0,0.7745966692414834,-2.50308697665942,0.0949739987666913,1.99132460741232,0,0.0,0.0,0,-2.609964777187121,-2.31562614440918,0.2943386327779418,8,8,8,1,-0.701256388172281,0,0.7745966692414834,1.8018305884871395,0,0.0,0,0,0.0,0.0,8,2.1972245773362196,44,12,3,0.0,2.1972245773362196,2.1972245773362196,0.0
222,7,12,True,2,-0.536644744884077,2,0,1,0.7378647873726218,-2.598060975426111,2.037621039635e-16,2.061416230542034,1,2.061416230542034,0.7079543692955101,1,-2.6667824188146083,-2.2131450176239014,0.4536374011907069,4,8,4,2,-0.7267618621256365,1,0.7378647873726218,1.8712991133004744,1,1.8712991133004744,1,1,1.8712991133004744,0.6303882234642594,12,2.5649493574615367,45,13,2,0.5877866649021193,2.1972245773362196,1.6094379124341003,0.3019891083240509
227,7,17,True,3,-1.1148131179622711,0,0,0,0.7999999999999999,-1.10748234629551,0.0037524924892005,-0.0073307716667612,0,0.0,0.0,0,-1.9798993722851788,-1.4116467237472534,0.5682526485379253,1026,1026,1026,0,-1.113237699697496,0,0.7999999999999999,-0.0057553534019858,0,0.0,0,0,0.0,0.0,1191,7.083387847625295,42,6,2,0.0,6.934397209928558,6.934397209928558,0.0
228,7,18,True,4,-1.1351895044278986,2,2,0,0.7999999999999999,-1.1292037188762758,0.0043494629051295,-0.0059857855516227,0,0.0,0.0,0,-1.9915296327733207,-1.3487670421600342,0.6427625906132866,185,185,185,2,-1.1667128967259273,0,0.7999999999999999,-0.0375091778496514,0,0.0,0,0,0.0,0.0,214,5.3706380281276624,41,7,3,0.0,5.225746673713202,5.225746673713202,0.0
229,7,19,True,1,-1.1538376087130673,2,2,0,0.7745966692414834,-1.146066192298657,0.0039099417318917,-0.0077714164144102,0,0.0,0.0,0,-2.0140287629818507,-1.5526340007781982,0.4613947622036525,5,5,5,2,-2.4575668965563056,0,0.7745966692414834,-1.3115007042576483,0,0.0,0,0,0.0,0.0,5,1.791759469228055,40,8,2,0.0,1.791759469228055,1.791759469228055,0.0
240,8,0,True,1,-2.999998943514413,3,1,1,0.2581988897471611,-2.598060975426111,2.037621039635e-16,-0.4019379680883022,0,0.0,0.0,0,-2.9902619339858463,-2.760078191757202,0.2301837422286441,6,0,0,3,-3.046070691226217,1,0.2581988897471611,-0.4480097158001066,0,0.0,0,0,0.0,0.0,6,1.9459101490553132,52,14,2,-1.9459101490553132,0.0,0.0,-0.8972995020449162
241,8,1,True,2,-2.999998943514409,0,0,0,0.948683298050514,-2.598060975426111,2.037621039635e-16,-0.4019379680882986,0,0.0,0.0,0,-2.998944638587144,-2.749336242675781,0.2496083959113626,120,120,120,0,-3.0012303834435072,0,0.948683298050514,-0.4031694080173964,0,0.0,0,0,0.0,0.0,126,4.844187086458591,53,15,2,0.0,4.795790545596741,4.795790545596741,0.0
243,8,3,True,1,-0.914811970788018,3,3,0,0.7745966692414834,-2.598060975426111,2.037621039635e-16,1.6832490046380928,0,0.0,0.0,0,-2.9043332352442914,-2.9081642627716064,0.003831027527315,7,7,7,3,-2.3336453953822573,0,0.7745966692414834,0.2644155800438534,0,0.0,0,0,0.0,0.0,7,2.0794415416798357,53,15,2,0.0,2.0794415416798357,2.0794415416798357,0.0
244,8,4,True,2,-0.8937494661197679,3,3,0,0.948683298050514,-2.598060975426111,2.037621039635e-16,1.704311509306343,0,0.0,0.0,0,-2.903484298050798,-2.9746265411376958,0.0711422430868973,74,74,74,3,-1.038088941644374,0,0.948683298050514,1.5599720337817369,0,0.0,0,0,0.0,0.0,80,4.394449154672439,54,16,2,0.0,4.31748811353631,4.31748811353631,0.0
245,8,5,True,4,-0.8712785993524884,3,0,1,0.0,-2.598060975426111,2.037621039635e-16,1.7267823760736225,1,1.7267823760736225,0.5930307086222761,1,-2.902229662726912,-3.0214552879333496,0.1192256252064378,24,229,24,3,-0.9816498121728272,1,0.0,1.6164111632532836,1,1.6164111632532836,1,1,1.6164111632532836,0.5445236169613997,321,5.7745515455444085,55,17,3,2.219203484054995,5.438079308923196,3.2188758248682006,0.7052271291613579
246,8,6,True,2,-0.8486790229154584,0,0,0,0.948683298050514,-2.598060975426111,2.037621039635e-16,1.7493819525106524,0,0.0,0.0,0,-2.8874240485747,-2.9779303073883057,0.0905062588136056,862,862,862,0,-0.9586727613039102,0,0.948683298050514,1.6393882141222007,0,0.0,0,0,0.0,0.0,988,6.8966943316227125,56,18,2,0.0,6.760414691083428,6.760414691083428,0.0
247,8,7,True,4,-0.7262588822367968,1,0,1,-0.1999999999999999,-2.598060975426111,2.037621039635e-16,1.871802093189314,1,1.871802093189314,0.6428349843648112,1,-2.853500477426222,-2.8932907581329346,0.0397902807067125,791,750,750,1,-0.84087194800964,1,-0.316227766016838,1.7571890274164708,1,1.7571890274164708,1,1,1.7571890274164708,0.5919477337485883,1655,7.412160334945205,51,15,2,-0.053155740050291556,6.621405651764134,6.621405651764134,-0.007665693759918213
248,8,8,True,4,-0.7975226801502221,1,0,1,0.3999999999999999,-2.598060975426111,2.037621039635e-16,1.8005382952758886,1,1.8005382952758886,0.6183607824264011,1,-2.8994269492319336,-3.0230817794799805,0.1236548302480469,327,624,327,0,-0.9085964822744054,0,0.632455532033676,1.689464493151705,0,0.0,0,0,0.0,0.0,1055,6.962243464266207,54,18,2,0.644738041352257,6.437751649736401,5.793013608384144,0.30489838123321533
249,8,9,True,4,-0.6729661736391214,3,3,0,0.1999999999999999,-2.598060975426111,2.037621039635e-16,1.925094801786989,0,0.0,0.0,0,-2.8855507448890614,-2.8046979904174805,0.0808527544715809,936,936,936,3,-0.789866439652405,0,0.316227766016838,1.8081945357737057,0,0.0,0,0,0.0,0.0,4146,8.330140460246382,49,17,2,0.0,6.842683282238422,6.842683282238422,0.0
250,8,10,True,4,-0.6470498645132091,1,1,0,0.316227766016838,-2.598060975426111,2.037621039635e-16,1.9510111109129016,0,0.0,0.0,0,-2.86791731945564,-2.8326518535614014,0.0352654658942386,4078,4078,4078,1,-0.7650689919137224,0,0.316227766016838,1.8329919835123885,0,0.0,0,0,0.0,0.0,4990,8.515391569469609,48,16,2,0.0,8.313607139317558,8.313607139317558,0.0
251,8,11,True,1,-0.4866286564824774,3,3,0,0.7745966692414834,-2.598060975426111,2.037621039635e-16,2.111432318943633,0,0.0,0.0,0,-2.595086273975116,-2.28281307220459,0.3122732017705258,23,23,23,3,-0.6747749395405164,0,0.7745966692414834,1.9232860358855943,0,0.0,0,0,0.0,0.0,23,3.1780538303479458,43,11,3,0.0,3.1780538303479458,3.1780538303479458,0.0
252,8,12,True,2,-0.461241067831343,1,1,0,0.948683298050514,-2.598060975426111,2.037621039635e-16,2.136819907594768,0,0.0,0.0,0,-2.5988409826105854,-2.3989057540893555,0.1999352285212299,32,32,32,1,-0.6503835543388762,0,0.948683298050514,1.9476774210872343,0,0.0,0,0,0.0,0.0,44,3.8066624897703196,42,10,2,0.0,3.4965075614664802,3.4965075614664802,0.0
253,8,13,True,1,-0.4250075405234852,1,1,0,0.7745966692414834,-2.598060975426111,2.037621039635e-16,2.1730534349026254,0,0.0,0.0,0,-2.579929640538804,-2.125521421432495,0.4544082191063086,3,3,3,1,-1.9090775446810384,0,0.7745966692414834,0.6889834307450722,0,0.0,0,0,0.0,0.0,3,1.3862943611198906,41,7,2,0.0,1.3862943611198906,1.3862943611198906,0.0
254,8,14,True,2,-0.3970363706165978,1,1,0,0.948683298050514,-2.598060975426111,2.037621039635e-16,2.201024604809513,0,0.0,0.0,0,-2.568596825086129,-2.095870018005371,0.4727268070807584,22,22,22,1,-0.5599798359058413,0,0.948683298050514,2.0380811395202696,0,0.0,0,0,0.0,0.0,23,3.1780538303479458,40,10,1,0.0,3.1354942159291497,3.1354942159291497,0.0
270,9,0,True,1,-2.9999989435144334,1,1,0,0.7745966692414834,-2.5551755635344824,0.0428854118916288,-0.444823379979951,0,0.0,0.0,0,-2.8817205669677266,-2.7378628253936768,0.1438577415740498,2,2,2,1,-4.723776898478,0,0.7745966692414834,-2.168601334943517,0,0.0,0,0,0.0,0.0,2,1.0986122886681098,51,13,2,0.0,1.0986122886681098,1.0986122886681098,0.0
274,9,4,True,1,-0.7238132748495858,3,3,0,0.7745966692414834,-2.16794422599764,0.1379122116770201,1.4441309511480538,0,0.0,0.0,0,-2.8164004189587826,-2.8093929290771484,0.0070074898816341,4,4,4,3,-2.152598566270945,0,0.7745966692414834,0.0153456597266945,0,0.0,0,0,0.0,0.0,4,1.6094379124341003,49,11,2,0.0,1.6094379124341003,1.6094379124341003,0.0
275,9,5,True,3,-0.7008214904243819,3,3,0,0.3999999999999999,-2.113105005370253,0.1432512580134848,1.4122835149458712,0,0.0,0.0,0,-2.8142734527035467,-2.8812451362609863,0.0669716835574396,33,33,33,3,-0.850171921638584,0,0.3999999999999999,1.262933083731669,0,0.0,0,0,0.0,0.0,37,3.6375861597263857,50,12,2,0.0,3.5263605246161616,3.5263605246161616,0.0
276,9,6,True,3,-0.6753574711147474,1,1,0,1.0,-2.0301053438234526,0.152341682542637,1.3547478727087052,0,0.0,0.0,0,-2.8119206043325784,-2.88559889793396,0.0736782936013815,663,663,663,1,-0.7914950554215322,0,1.0,1.2386102884019206,0,0.0,0,0,0.0,0.0,981,6.889591308354466,49,13,3,0.0,6.498282149476434,6.498282149476434,0.0
277,9,7,True,4,-0.7009882914876092,2,2,0,0.3999999999999999,-2.113105005370253,0.1432512580134848,1.4121167138826438,0,0.0,0.0,0,-2.8422300055110843,-2.865802526473999,0.0235725209629147,585,585,585,2,-0.8166467639959979,0,0.1999999999999999,1.2964582413742551,0,0.0,0,0,0.0,0.0,1640,7.403061091090091,50,14,3,0.0,6.373319789577012,6.373319789577012,0.0
278,9,8,True,4,-0.7742617357026464,3,0,1,-1.0,-2.598060975426111,2.037621039635e-16,1.8237992397234644,1,1.8237992397234644,0.6263493133264763,1,-2.898284031220776,-3.032546281814575,0.1342622505937996,1,487,1,1,-0.8884293601667504,1,-0.632455532033676,1.7096316152593602,1,1.7096316152593602,1,1,1.7096316152593602,0.5759269745074843,828,6.720220155135295,53,17,2,5.497168225293202,6.1903154058531475,0.6931471805599453,0.5928848797921091
279,9,9,True,3,-0.5938488015250453,1,3,1,0.3999999999999999,-2.598060975426111,2.037621039635e-16,2.004212173901065,1,2.004212173901065,0.6883087192611389,1,-2.8336523505455617,-2.815050840377808,0.0186015101677541,747,1372,747,1,-0.7146363011074736,1,0.3999999999999999,1.8834246743186367,1,1.8834246743186367,1,1,1.8834246743186367,0.6344729851223063,2120,7.659642954564682,46,14,2,0.6073504277934934,7.224753405767971,6.617402977974478,0.31759440898895264
280,9,10,True,2,-0.6205767361449415,2,0,1,0.7378647873726218,-2.598060975426111,2.037621039635e-16,1.9774842392811691,1,1.9774842392811691,0.6791295162374853,1,-2.861430225770347,-2.734520196914673,0.1269100288556739,1188,4078,1188,2,-0.7399933196097144,1,0.7378647873726218,1.8580676558163964,1,1.8580676558163964,1,1,1.8580676558163964,0.6259309162823414,5266,8.569216219483389,47,15,2,1.232739242626776,8.313607139317558,7.080867896690782,0.5650628358125687
281,9,11,True,2,-0.4867848937941811,1,1,0,0.948683298050514,-0.7244387760912924,0.1438990488588392,0.2376538822971112,0,0.0,0.0,0,-2.492756874591035,-2.5366053581237797,0.0438484835327441,14,14,14,1,-0.611289870456516,0,0.948683298050514,0.1131489056347764,0,0.0,0,0,0.0,0.0,17,2.8903717578961645,42,12,2,0.0,2.70805020110221,2.70805020110221,0.0
282,9,12,True,2,-0.4320687742193291,3,3,0,0.948683298050514,-2.598060975426111,2.037621039635e-16,2.1659922012067816,0,0.0,0.0,0,-2.594481224203931,-2.216829538345337,0.3776516858585941,18,18,18,3,-0.6240664904673481,0,0.948683298050514,1.9739944849587627,0,0.0,0,0,0.0,0.0,35,3.58351893845611,41,9,2,0.0,2.9444389791664403,2.9444389791664403,0.0
283,9,13,True,3,-0.3989975163576136,1,2,1,0.3999999999999999,-2.598060975426111,2.037621039635e-16,2.199063459068497,1,2.199063459068497,0.7552267034378992,1,-2.5779183722946173,-2.216827392578125,0.3610909797164923,16,5,5,1,-0.5974099986015037,1,0.7999999999999999,2.0006509768246072,1,2.0006509768246072,1,1,2.0006509768246072,0.6739632408782051,24,3.2188758248682006,40,8,3,-1.0414538748281612,1.791759469228055,1.791759469228055,-0.37444162368774414
284,9,14,True,4,-0.3707438093809596,1,1,0,0.316227766016838,-2.598060975426111,2.037621039635e-16,2.227317166045151,0,0.0,0.0,0,-2.5637388045508067,-2.096993923187256,0.4667448813635508,204,204,204,1,-0.5333347890688862,0,0.316227766016838,2.0647261863572246,0,0.0,0,0,0.0,0.0,236,5.4680601411351315,39,9,2,0.0,5.3230099791384085,5.3230099791384085,0.0
285,9,15,True,1,-0.3397826667977715,1,1,0,0.7745966692414834,-2.598060975426111,2.037621039635e-16,2.258278308628339,0,0.0,0.0,0,-2.4543041995729493,-1.92249059677124,0.5318136028017091,5,5,5,1,-1.792973951258299,0,0.7745966692414834,0.8050870241678119,0,0.0,0,0,0.0,0.0,5,1.791759469228055,38,6,2,0.0,1.791759469228055,1.791759469228055,0.0
300,10,0,True,2,-2.999998943514433,1,1,0,0.316227766016838,-2.598060975426111,2.037621039635e-16,-0.4019379680883221,0,0.0,0.0,0,-2.805288736530024,-2.709581136703491,0.0957075998265324,1,1,1,0,-4.787943981665678,1,-0.316227766016838,-2.189883006239567,0,0.0,0,0,0.0,0.0,2,1.0986122886681098,50,12,2,0.0,0.6931471805599453,0.6931471805599453,0.0
306,10,6,True,4,-0.6489289096713565,1,1,0,0.1999999999999999,-2.2080790041369447,0.12409518453145,1.559150094465588,0,0.0,0.0,0,-2.793151856927343,-2.839908599853516,0.0467567429261728,612,612,612,1,-0.7651125201533095,0,0.316227766016838,1.4429664839836351,0,0.0,0,0,0.0,0.0,1034,6.942156705699469,48,14,2,0.0,6.418364935936212,6.418364935936212,0.0
307,10,7,True,3,-0.7270140110900528,0,0,0,0.7999999999999999,-2.199344196121735,0.1391103254004713,1.472330185031682,0,0.0,0.0,0,-2.856919923835856,-3.041464805603028,0.1845448817671711,594,594,594,0,-0.840871873599602,0,0.7999999999999999,1.358472322522133,0,0.0,0,0,0.0,0.0,798,6.683360945766275,51,15,2,0.0,6.38856140554563,6.38856140554563,0.0
308,10,8,True,2,-0.7517795316900997,2,0,1,0.7378647873726218,-2.598060975426111,2.037621039635e-16,1.846281443736011,1,1.846281443736011,0.6340704005704098,1,-2.892744142980777,-2.96273136138916,0.0699872184083831,58,416,58,2,-0.864825928367136,1,0.7378647873726218,1.7332350470589748,1,1.7332350470589748,1,1,1.7332350470589748,0.5838783091359583,474,6.163314804034641,52,16,2,1.9555487778930818,6.0330862217988015,4.07753744390572,0.7146065533161163
309,10,9,True,4,-0.5671874655860248,1,1,0,0.1999999999999999,-1.9339690122285256,0.1634095799379838,1.3667815466425006,0,0.0,0.0,0,-2.776895813841214,-2.7888073921203613,0.0119115782791472,2011,2011,2011,1,-0.6889947797349858,0,0.316227766016838,1.2449742324935398,0,0.0,0,0,0.0,0.0,3053,8.024207485778577,45,13,2,0.0,7.60688453121963,7.60688453121963,0.0
310,10,10,True,2,-0.4865367973985265,3,3,0,0.948683298050514,-0.6172986301072124,0.1051446832311783,0.1307618327086859,0,0.0,0.0,0,-2.522208993852783,-2.718708276748657,0.196499282895874,365,365,365,3,-0.6102839787695518,0,0.948683298050514,0.0070146513376606,0,0.0,0,0,0.0,0.0,607,6.410174881966167,42,12,2,0.0,5.902633333401366,5.902633333401366,0.0
311,10,11,True,3,-0.4594461132595204,3,3,0,1.0,-0.719900827239613,0.1476736528101279,0.2604547139800925,0,0.0,0.0,0,-2.462629085265802,-2.5904428958892822,0.12781381062348,320,320,320,3,-0.5834893170792145,0,0.7999999999999999,0.1364115101603985,0,0.0,0,0,0.0,0.0,603,6.403574197934815,41,11,4,0.0,5.771441123130016,5.771441123130016,0.0
312,10,12,True,3,-0.4292460837169038,1,1,0,0.7999999999999999,-0.562940602862213,0.1080224141638426,0.1336945191453091,0,0.0,0.0,0,-2.3381905189547987,-2.591259241104126,0.2530687221493273,756,756,756,1,-0.5548825942846941,0,0.7999999999999999,0.0080580085775189,0,0.0,0,0,0.0,0.0,905,6.80903930604298,40,10,2,0.0,6.6293632534374485,6.6293632534374485,0.0
313,10,13,True,2,-0.372724764674915,3,3,0,0.948683298050514,-2.598060975426111,2.037621039635e-16,2.225336210751196,0,0.0,0.0,0,-2.563283353053321,-2.180348873138428,0.3829344799148928,299,299,299,3,-0.5350027696054533,0,0.948683298050514,2.063058205820657,0,0.0,0,0,0.0,0.0,318,5.765191102784844,39,9,3,0.0,5.703782474656201,5.703782474656201,0.0
314,10,14,True,4,-0.341827414888584,3,3,0,0.1999999999999999,-2.598060975426111,2.037621039635e-16,2.256233560537527,0,0.0,0.0,0,-2.55733835890094,-1.9251155853271484,0.6322227735737913,42,42,42,3,-0.5056786416285085,0,0.1999999999999999,2.092382333797602,0,0.0,0,0,0.0,0.0,522,6.259581464064923,38,8,3,0.0,3.7612001156935624,3.7612001156935624,0.0
315,10,15,True,3,-0.3129117853215392,1,2,1,0.3999999999999999,-2.598060975426111,2.037621039635e-16,2.285149190104572,1,2.285149190104572,0.7847912176383924,1,-2.4472447792015344,-2.00879454612732,0.438450233074215,98,43,43,1,-0.476900617713364,1,0.7999999999999999,2.1211603577127467,1,2.1211603577127467,1,1,2.1211603577127467,0.7145594737246287,142,4.962844630259907,37,7,3,-0.8109302162163288,3.784189633918261,3.784189633918261,-0.3892948627471924
319,10,19,True,1,-0.1447816561774716,1,1,0,0.7745966692414834,-0.3132842941177116,0.120957495960075,0.16850263794024,0,0.0,0.0,0,-1.5474568679937786,-1.892085313796997,0.3446284458032185,2,2,2,1,-1.6819632704597016,0,0.7745966692414834,-1.36867897634199,0,0.0,0,0,0.0,0.0,2,1.0986122886681098,31,7,2,0.0,1.0986122886681098,1.0986122886681098,0.0
330,11,0,True,1,-2.999998943514433,3,3,0,0.7745966692414834,-2.5551755635344824,0.0428854118916288,-0.4448233799799506,0,0.0,0.0,0,-2.752552412462196,-2.656207799911499,0.096344612550697,2,2,2,3,-7.884528023265812,0,0.7745966692414834,-5.3293524597313295,0,0.0,0,0,0.0,0.0,2,1.0986122886681098,49,11,3,0.0,1.0986122886681098,1.0986122886681098,0.0
331,11,1,True,2,-2.999998943514433,1,1,0,0.4472135954999579,-2.598060975426111,2.037621039635e-16,-0.4019379680883221,0,0.0,0.0,0,-2.7524634848612948,-2.6721198558807373,0.0803436289805574,4,4,4,1,-6.883302592060596,0,0.632455532033676,-4.285241616634485,0,0.0,0,0,0.0,0.0,5,1.791759469228055,48,10,2,0.0,1.6094379124341003,1.6094379124341003,0.0
336,11,6,True,2,-0.6228286700654897,3,3,0,0.948683298050514,-2.0718078944027125,0.1546265079688521,1.4489792243372228,0,0.0,0.0,0,-2.7767266376062576,-2.892834186553955,0.1161075489476974,337,337,337,3,-0.7399944829746522,0,0.948683298050514,1.3318134114280604,0,0.0,0,0,0.0,0.0,648,6.47543271670409,47,15,2,0.0,5.823045895483019,5.823045895483019,0.0
337,11,7,True,4,-0.5950833400594322,3,3,0,0.7999999999999999,-2.113105005370253,0.1432512580134848,1.518021665310821,0,0.0,0.0,0,-2.756578718169592,-2.849594831466675,0.0930161132970828,416,416,416,3,-0.7146363321797569,0,0.316227766016838,1.3984686731904965,0,0.0,0,0,0.0,0.0,442,6.093569770045136,46,14,2,0.0,6.0330862217988015,6.0330862217988015,0.0
338,11,8,True,4,-0.5677575493066822,3,3,0,0.316227766016838,-1.9339690122285256,0.1634095799379838,1.3662114629218434,0,0.0,0.0,0,-2.7519888044575374,-2.8344156742095947,0.0824268697520573,1171,1171,1171,3,-0.6889947805440746,0,0.316227766016838,1.244974231684451,0,0.0,0,0,0.0,0.0,1265,7.143617602704121,45,13,2,0.0,7.066466970136958,7.066466970136958,0.0
339,11,9,True,4,-0.5401048663545402,3,0,1,0.0,-2.134870846511494,0.1503104803241167,1.5947659801569538,1,1.5947659801569538,0.547692177313984,1,-2.7485339653471645,-2.799537181854248,0.0510032165070835,417,2118,417,3,-0.6630655634023411,1,0.0,1.4718052831091528,1,1.4718052831091528,1,1,1.4718052831091528,0.4958099488798891,3338,8.113426639943654,44,12,3,1.6232181257435432,7.6586995582682995,6.035481432524756,0.5172805637121201
340,11,10,True,4,-0.5131788429114914,0,0,0,0.7999999999999999,-0.751498748512121,0.1420302179909018,0.2383199056006295,0,0.0,0.0,0,-2.598861944315515,-2.759104013442993,0.1602420691274781,596,596,596,0,-0.6361446345522538,0,0.7999999999999999,0.1153541139598671,0,0.0,0,0,0.0,0.0,1033,6.9411900550683745,43,11,3,0.0,6.391917113392602,6.391917113392602,0.0
341,11,11,True,3,-0.4894317162825304,0,2,1,0.7999999999999999,-0.8816501904015104,0.1662142252570207,0.39221847411898,1,0.39221847411898,0.1347000078668915,1,-2.590089022860362,-2.732248544692993,0.1421595218326312,72,314,72,0,-0.6109748927135599,1,0.7999999999999999,0.2706752976879505,1,0.2706752976879505,0,1,0.2706752976879505,0.0911829214433922,978,6.88653164253051,42,10,3,1.4621131976772421,5.752572638825633,4.290459441148391,0.25072862207889557
342,11,12,True,4,-0.3992206645517847,1,1,0,0.3999999999999999,-0.6556242259953146,0.140757206493587,0.2564035614435299,0,0.0,0.0,0,-2.306412451584051,-2.5947425365448,0.2883300849607488,1054,1054,1054,1,-0.527408730843452,0,0.316227766016838,0.1282154951518626,0,0.0,0,0,0.0,0.0,1284,7.158513997329321,39,9,2,0.0,6.961296045910167,6.961296045910167,0.0
343,11,13,True,2,-0.39996049392762,0,0,0,0.948683298050514,-2.598060975426111,2.037621039635e-16,2.198100481498491,0,0.0,0.0,0,-2.56809469352274,-2.684460401535034,0.1163657080122946,28,28,28,0,-0.561629798829267,0,0.948683298050514,2.036431176596844,0,0.0,0,0,0.0,0.0,29,3.4011973816621555,40,10,1,0.0,3.367295829986474,3.367295829986474,0.0
344,11,14,True,2,-0.252892122488632,1,3,1,0.7378647873726218,-2.598060975426111,2.037621039635e-16,2.345168852937479,1,2.345168852937479,0.8054038343029208,1,-2.279791276339985,-2.358398914337158,0.0786076379971731,89,51,51,1,-0.3830239373105243,1,0.7378647873726218,2.2150370381155864,1,2.2150370381155864,1,1,2.2150370381155864,0.7461838962251517,140,4.948759890378168,35,5,2,-0.5485659517488375,3.9512437185814275,3.9512437185814275,-0.3267413079738617
345,11,15,True,2,-0.2815200005644191,2,0,1,0.7378647873726218,-2.598060975426111,2.037621039635e-16,2.316540974861692,1,2.316540974861692,0.7955721316767687,1,-2.3880875010349496,-2.153404474258423,0.2346830267765267,49,92,49,2,-0.4130010109211136,1,0.7378647873726218,2.185059964504997,1,2.185059964504997,1,1,2.185059964504997,0.7360854603077065,141,4.955827057601261,36,6,2,0.6205764877251103,4.532599493153256,3.912023005428146,0.22771146893501282
346,11,16,True,2,-0.1861510227777266,1,3,1,0.7378647873726218,-0.3662017263742731,0.1183314919350016,0.1800507035965464,1,0.1800507035965464,0.0618350047008164,0,-1.6300594461925486,-1.7335351705551147,0.1034757243625661,1,16,1,1,-0.3397876496737805,1,0.7378647873726218,0.0264140767004926,1,0.0264140767004926,0,1,0.0264140767004926,0.0088981621202737,17,2.8903717578961645,33,1,3,2.1400661634962708,2.833213344056216,0.6931471805599453,0.7860580533742905
347,11,17,True,2,-0.1767775068933563,3,3,0,0.948683298050514,-0.468544897029673,0.163653282774097,0.2917673901363166,0,0.0,0.0,0,-1.6399487178400949,-1.9815993309021,0.3416506130620047,5,5,5,1,-0.3518090213367145,1,0.7378647873726218,0.1167358756929584,1,0.1167358756929584,0,0,0.0,0.0,175,5.170483995038151,32,2,3,0.0,1.791759469228055,1.791759469228055,0.0
348,11,18,True,2,-0.1387873801185843,1,1,0,0.948683298050514,-0.3199077835128247,0.1210920778018684,0.1811204033942403,0,0.0,0.0,0,-1.5743750004546633,-1.8245340585708616,0.2501590581161985,36,36,36,1,-0.3552567325231937,0,0.948683298050514,-0.035348949010369,0,0.0,0,0,0.0,0.0,40,3.713572066704308,31,3,2,0.0,3.6109179126442243,3.6109179126442243,0.0
349,11,19,True,2,-0.1159410675232564,1,1,0,0.948683298050514,-0.178208162478992,0.0165152579358956,0.0622670949557356,0,0.0,0.0,0,-1.522711662532744,-1.8068530559539795,0.2841413934212353,6,6,6,1,-0.3616774103979756,0,0.948683298050514,-0.1834692479189835,0,0.0,0,0,0.0,0.0,32,3.4965075614664802,30,6,3,0.0,1.9459101490553132,1.9459101490553132,0.0
350,11,20,True,2,-0.1208316830191433,1,2,1,0.7378647873726218,-0.3132842941177116,0.120957495960075,0.1924526110985683,1,0.1924526110985683,0.0660942049892251,0,-1.511965247283287,-2.071059465408325,0.5590942181250382,30,10,10,1,-0.3871050066481465,1,0.7378647873726218,-0.0738207125304348,0,0.0,0,0,0.0,0.0,40,3.713572066704308,31,7,2,-1.0360919316867756,2.3978952727983707,2.3978952727983707,-0.5663684457540512
361,12,1,True,1,-2.999998943514433,3,3,0,0.7745966692414834,-2.5551755635344824,0.0428854118916288,-0.4448233799799506,0,0.0,0.0,0,-2.7496034328322536,-2.612555980682373,0.1370474521498805,66,66,66,3,-6.898648160391264,0,0.7745966692414834,-4.343472596856781,0,0.0,0,0,0.0,0.0,66,4.204692619390966,47,9,3,0.0,4.204692619390966,4.204692619390966,0.0
362,12,2,True,2,-2.999998943514433,0,2,1,0.8944271909999159,-2.598060975426111,2.037621039635e-16,-0.4019379680883221,0,0.0,0.0,0,-2.753443373738811,-2.668275594711304,0.0851677790275071,34,68,34,0,-5.776734793303554,1,0.7378647873726218,-3.178673817877443,0,0.0,0,0,0.0,0.0,102,4.634728988229636,48,10,1,0.6787584431078462,4.23410650459726,3.5553480614894135,0.3856983482837677
368,12,8,True,2,-0.5913906986154274,3,1,1,0.7378647873726218,-2.075369698117128,0.1485654653243519,1.4839789995017003,1,1.4839789995017003,0.5096444866759218,1,-2.7836588679899066,-2.712952852249145,0.070706015740761,1,2,1,3,-2.1519023828405475,1,0.7378647873726218,-0.0765326847234195,0,0.0,0,0,0.0,0.0,3,1.3862943611198906,40,6,3,0.4054651081081645,1.0986122886681098,0.6931471805599453,0.5949237942695618
369,12,9,True,2,-0.5670613124100804,3,3,0,0.948683298050514,-0.9488157667315926,0.1596080675046222,0.3817544543215122,0,0.0,0.0,0,-2.622673398859323,-2.7347633838653564,0.1120899850060332,18,18,18,3,-0.7280142640627608,0,0.948683298050514,0.2208015026688318,0,0.0,0,0,0.0,0.0,21,3.091042453358316,41,7,2,0.0,2.9444389791664403,2.9444389791664403,0.0
370,12,10,True,3,-0.5424861748289219,3,3,0,0.7999999999999999,-0.7211203230759777,0.0997121455116441,0.1786341482470558,0,0.0,0.0,0,-2.6047834117856605,-2.8037784099578857,0.1989949981722252,139,139,139,3,-0.6647206923490595,0,0.7999999999999999,0.0563996307269182,0,0.0,0,0,0.0,0.0,159,5.075173815233827,42,8,2,0.0,4.941642422609304,4.941642422609304,0.0
371,12,11,True,2,-0.5167452581810628,0,0,0,0.948683298050514,-0.8833747510988463,0.1656562212315946,0.3666294929177836,0,0.0,0.0,0,-2.5973859622821007,-2.7938477993011475,0.1964618370190467,578,578,578,0,-0.6375087797349605,0,0.948683298050514,0.2458659713638858,0,0.0,0,0,0.0,0.0,710,6.566672429803241,43,9,2,0.0,6.361302477572996,6.361302477572996,0.0
372,12,12,True,3,-0.3704658926953404,3,3,0,0.7999999999999999,-0.7006886970623007,0.1523138234684127,0.3302228043669603,0,0.0,0.0,0,-2.291664216725501,-2.600197553634644,0.3085333369091421,652,652,652,3,-0.4996654703337754,0,0.7999999999999999,0.2010232267285253,0,0.0,0,0,0.0,0.0,1151,7.049254841255837,38,8,2,0.0,6.481577129276431,6.481577129276431,0.0
373,12,13,True,2,-0.3405872108709921,1,1,0,0.948683298050514,-0.5224377681641316,0.113495552921267,0.1818505572931394,0,0.0,0.0,0,-2.2664774819564726,-2.629572629928589,0.3630951479721163,589,589,589,1,-0.4716119721145269,0,0.948683298050514,0.0508257960496046,0,0.0,0,0,0.0,0.0,689,6.536691597591305,37,7,2,0.0,6.380122536899765,6.380122536899765,0.0
374,12,14,True,2,-0.2204473166300331,3,0,1,0.7378647873726218,-2.598060975426111,2.037621039635e-16,2.377613658796077,1,2.377613658796077,0.8165463884985379,1,-2.211005599668071,-2.2604899406433105,0.0494843409752396,175,79,79,3,-0.3536363389498835,1,0.7378647873726218,2.2444246364762277,1,2.2444246364762277,1,1,2.2444246364762277,0.7560837544523975,254,5.541263545158426,34,4,2,-0.7884573603642702,4.382026634673881,4.382026634673881,-0.2791118323802948
375,12,15,True,3,-0.1899059657336408,3,3,0,1.0,-0.4815497229221177,0.1622073907785949,0.2916437571884768,0,0.0,0.0,0,-2.157742457135291,-2.380725145339966,0.222982688204675,216,216,216,3,-0.3239437594577437,0,0.7999999999999999,0.157605963464374,0,0.0,0,0,0.0,0.0,6416,8.766705997750515,33,3,3,0.0,5.37989735354046,5.37989735354046,0.0
376,12,16,True,3,-0.157728306513413,1,1,0,1.0,-0.4766462203938273,0.1632266042458927,0.3189179138804142,0,0.0,0.0,0,-1.5826088797862852,-1.973033308982849,0.3904244291965639,407,407,407,1,-0.2931156233319909,0,1.0,0.1835305970618364,0,0.0,0,0,0.0,0.0,535,6.284134161070802,32,2,4,0.0,6.0112671744041615,6.0112671744041615,0.0
377,12,17,True,2,-0.1898180829347351,2,0,1,0.7378647873726218,-0.4827778950576082,0.1622484846896075,0.292959812122873,1,0.292959812122873,0.1006114999714758,0,-1.6281447147046215,-2.1391289234161377,0.510984208711516,147,147,147,2,-0.3231224674848547,1,0.7378647873726218,0.1596554275727534,1,0.1596554275727534,0,1,0.1596554275727534,0.0537834388092579,294,5.68697535633982,33,3,2,0.0,4.997212273764115,4.997212273764115,0.08389675617218018
378,12,18,True,3,-0.100307003164426,3,3,0,0.7999999999999999,-0.1739446995692518,0.0165744446223799,0.0736376964048257,0,0.0,0.0,0,-1.5416728222163718,-2.013256788253784,0.4715839660374123,36,36,36,3,-0.3264692885451399,0,0.7999999999999999,-0.1525245889758881,0,0.0,0,0,0.0,0.0,65,4.189654742026425,30,4,2,0.0,3.6109179126442243,3.6109179126442243,0.0
379,12,19,True,3,-0.0638104048884351,1,1,0,1.0,-0.250300369704274,0.1245056810795856,0.1864899648158388,0,0.0,0.0,0,-1.4878991358217877,-1.9395506381988523,0.4516515023770651,650,650,650,1,-0.2964962649546344,0,0.7999999999999999,-0.0461958952503604,0,0.0,0,0,0.0,0.0,742,6.610696044717759,29,5,4,0.0,6.478509642208569,6.478509642208569,0.0
380,12,20,True,4,-0.0909149722689949,3,2,1,0.6000000000000001,-0.1712006922074928,0.0157058567873318,0.0802857199384979,1,0.0802857199384979,0.02757261021834,1,-1.488129276182691,-2.1243703365325928,0.6362410603499018,3,113,3,2,-0.3592593971189881,0,0.1999999999999999,-0.1880587049114952,0,0.0,0,0,0.0,0.0,135,4.912654885736052,30,6,3,3.349904087274605,4.736198448394496,1.3862943611198906,0.758917722851038
381,12,21,True,2,-0.0615302756965122,1,1,0,0.948683298050514,-0.250300369704274,0.1245056810795856,0.1887700940077617,0,0.0,0.0,0,-1.139883663424484,-2.247028589248657,1.1071449258241732,22,22,22,1,-1.5866837775169726,0,0.948683298050514,-1.3363834078126986,0,0.0,0,0,0.0,0.0,24,3.2188758248682006,29,7,4,0.0,3.1354942159291497,3.1354942159291497,0.0
382,12,22,True,2,-0.1053880317748445,2,2,0,0.948683298050514,-0.1711718379901217,0.0159823440908985,0.0657838062152771,0,0.0,0.0,0,-1.247483600329124,-2.415138006210327,1.1676544058812033,3,3,3,2,-1.6023541247630015,0,0.948683298050514,-1.4311822867728798,0,0.0,0,0,0.0,0.0,17,2.8903717578961645,30,8,2,0.0,1.3862943611198906,1.3862943611198906,0.0
398,13,8,True,1,-1.553428678662134,1,1,0,0.7745966692414834,-2.112069013204002,0.1300267296997582,0.558640334541868,0,0.0,0.0,0,-2.825461310128389,-2.655885696411133,0.1695756137172561,2,2,2,1,-6.644999459991265,0,0.7745966692414834,-4.532930446787264,0,0.0,0,0,0.0,0.0,2,1.0986122886681098,39,5,3,0.0,1.0986122886681098,1.0986122886681098,0.0
403,13,13,True,2,-0.311116385422238,3,3,0,0.948683298050514,-0.4491542906232469,0.1139965246142543,0.1380379052010089,0,0.0,0.0,0,-2.2517838288558374,-2.6157007217407227,0.3639168928848852,1493,1493,1493,3,-0.4432437445854182,0,0.948683298050514,0.0059105460378287,0,0.0,0,0,0.0,0.0,1544,7.3427791893318455,36,6,3,0.0,7.309212365692763,7.309212365692763,0.0
404,13,14,True,4,-0.2527686226602273,3,3,0,0.3999999999999999,-0.6776333015647368,0.1858146383445512,0.4248646789045094,0,0.0,0.0,0,-2.2050883812085766,-2.5875980854034424,0.3825097041948657,3880,3880,3880,3,-0.3838316896856435,0,0.316227766016838,0.2938016118790932,0,0.0,0,0,0.0,0.0,4848,8.486527777105353,35,5,2,0.0,8.263848131368906,8.263848131368906,0.0
405,13,15,True,2,-0.221206263780194,0,0,0,0.948683298050514,-0.7455709559817844,0.2130319997471987,0.5243646922015903,0,0.0,0.0,0,-2.1821722115732536,-2.5074782371521,0.325306025578846,6533,6533,6533,0,-0.3536573719549168,0,0.948683298050514,0.3919135840268675,0,0.0,0,0,0.0,0.0,9772,9.187378760338836,34,4,2,0.0,8.784774592161016,8.784774592161016,0.0
406,13,16,True,2,-0.1254614234996406,3,3,0,0.948683298050514,-0.1981267784982646,0.015061529237796,0.072665354998624,0,0.0,0.0,0,-1.5234090915989258,-2.0966343879699707,0.5732252963710449,1214,1214,1214,1,-0.2606508216060448,1,0.7378647873726218,-0.0625240431077801,0,0.0,0,0,0.0,0.0,1316,7.183111701743281,31,3,3,0.0,7.102499355774649,7.102499355774649,0.0
407,13,17,True,4,-0.0933003134129253,3,3,0,0.316227766016838,-0.1765517698764805,0.0184239961751501,0.0832514564635551,0,0.0,0.0,0,-1.5301906743687703,-2.15171217918396,0.6215215048151896,1788,1788,1788,2,-0.290293006568027,1,-0.316227766016838,-0.1137412366915464,0,0.0,0,0,0.0,0.0,2680,7.893945138235959,30,4,2,0.0,7.489412083508719,7.489412083508719,0.0
408,13,18,True,4,-0.0603478300009185,3,3,0,0.1999999999999999,-0.2459938415126171,0.1246966901183666,0.1856460115116985,0,0.0,0.0,0,-1.509660603322494,-2.09610652923584,0.5864459259133459,1983,1983,1983,3,-0.2922227417040042,0,0.948683298050514,-0.0462289001913871,0,0.0,0,0,0.0,0.0,3480,8.15507488781144,29,5,2,0.0,7.592870287844818,7.592870287844818,0.0
409,13,19,True,4,-0.0273257145071988,3,3,0,0.3999999999999999,-0.2271784403014852,0.1256434545724295,0.1998527257942863,0,0.0,0.0,0,-1.4664929658186303,-1.984726905822754,0.5182339400041234,236,236,236,3,-0.2627059394781297,0,0.3999999999999999,-0.0355274991766445,0,0.0,0,0,0.0,0.0,2582,7.8567067930958405,28,6,3,0.0,5.4680601411351315,5.4680601411351315,0.0
410,13,20,True,3,0.0065991421952522,1,1,0,1.0,-0.0913166560802475,0.0209813300578123,0.0979157982754998,0,0.0,0.0,0,-1.0376460297281958,-1.9957022666931152,0.9580562369649196,479,479,479,1,-0.2311036549945342,0,0.7999999999999999,-0.1397869989142867,0,0.0,0,0,0.0,0.0,494,6.20455776256869,27,7,3,0.0,6.173786103901937,6.173786103901937,0.0
411,13,21,True,2,-0.0283468941134354,2,2,0,0.948683298050514,-0.228643047040794,0.1255560111808481,0.2002961529273585,0,0.0,0.0,0,-1.0952905440570788,-2.138338327407837,1.043047783350758,28,28,28,2,-0.2955324519250814,0,0.948683298050514,-0.0668894048842873,0,0.0,0,0,0.0,0.0,46,3.8501476017100584,28,8,2,0.0,3.367295829986474,3.367295829986474,0.0
412,13,22,True,2,-0.1343341507865438,0,0,0,0.948683298050514,-0.1967569091872363,0.0147857604793226,0.0624227584006924,0,0.0,0.0,0,-1.2675854156972373,-2.8851234912872314,1.6175380755899942,14,14,14,0,-1.617451568729915,0,0.948683298050514,-1.4206946595426786,0,0.0,0,0,0.0,0.0,15,2.772588722239781,31,9,1,0.0,2.70805020110221,2.70805020110221,0.0
428,14,8,True,1,-1.538816847810794,1,1,0,0.7745966692414834,-2.1702992322655006,0.1200212546418843,0.6314823844547066,0,0.0,0.0,0,-2.828625929763044,-2.61222243309021,0.2164034966728341,3,3,3,1,-5.63448118220839,0,0.7745966692414834,-3.464181949942889,0,0.0,0,0,0.0,0.0,3,1.3862943611198906,38,6,2,0.0,1.3862943611198906,1.3862943611198906,0.0
432,14,12,True,1,-1.1103814474617513,3,3,0,0.7745966692414834,-1.7935570776165597,0.1585622369414258,0.6831756301548082,0,0.0,0.0,0,-2.8459539598336896,-2.760188579559326,0.0857653802743634,12,12,12,3,-2.855829819459507,0,0.7745966692414834,-1.0622727418429474,0,0.0,0,0,0.0,0.0,12,2.5649493574615367,36,8,2,0.0,2.5649493574615367,2.5649493574615367,0.0
433,14,13,True,2,-1.091294392052832,1,1,0,0.948683298050514,-1.849295485372762,0.1940117954559792,0.7580010933199302,0,0.0,0.0,0,-2.840303134111913,-2.7980902194976807,0.0422129146142324,170,170,170,3,-1.580088717877435,1,0.7378647873726218,0.2692067674953271,1,0.2692067674953271,0,0,0.0,0.0,384,5.953243334287785,35,7,4,0.0,5.14166355650266,5.14166355650266,0.0
434,14,14,True,3,-1.1290905413774248,2,1,1,0.3999999999999999,-2.0724150806866337,0.1584057677562257,0.9433245393092088,1,0.9433245393092088,0.3239669501835772,1,-2.8577730707263136,-2.9216413497924805,0.0638682790661668,2,295,2,1,-1.5613349681264226,0,1.0,0.5110801125602111,0,0.0,0,0,0.0,0.0,311,5.7430031878094825,34,8,3,4.59174716565595,5.69035945432406,1.0986122886681098,0.9399722060188651
435,14,15,True,2,-1.1503058430058426,2,1,1,0.7378647873726218,-2.5078373868727097,0.0416240654039905,1.3575315438668671,1,1.3575315438668671,0.4662185024536853,1,-2.866843133053212,-2.7859511375427246,0.0808919955104872,49,128,49,1,-1.575575560203841,0,0.948683298050514,0.9322618266688688,0,0.0,0,0,0.0,0.0,177,5.181783550292085,35,9,2,0.947789398933526,4.859812404361672,3.912023005428146,0.5458759069442749
436,14,16,True,2,-0.1126857620747697,3,0,1,0.7378647873726218,-0.3536862365745238,0.1190569468362007,0.2410004744997541,1,0.2410004744997541,0.082767049369515,1,-1.281880779571441,-2.416471004486084,1.134590224914643,116,55,55,3,-0.229058531456478,1,0.7378647873726218,0.1246277051180458,1,0.1246277051180458,0,1,0.1246277051180458,0.0419835808532109,171,5.147494476813453,30,4,2,-0.7368222440626067,4.02535169073515,4.02535169073515,-0.3897325396537781
437,14,17,True,2,-0.0795415899471248,1,1,0,0.948683298050514,-1.1839060822914802,0.1778620482729414,1.1043644923443554,0,0.0,0.0,0,-1.1440344190368044,-2.3976776599884038,1.253643240951599,240,240,240,1,-0.1979459746815536,0,0.948683298050514,0.9859601076099264,0,0.0,0,0,0.0,0.0,290,5.673323267171493,29,5,2,0.0,5.484796933490655,5.484796933490655,0.0
438,14,18,True,2,0.0160715759532156,1,1,0,0.948683298050514,-0.1292249402081411,0.1310049979130072,0.1452965161613568,0,0.0,0.0,0,-0.8092777745422234,-1.7665762901306152,0.957298515588392,162,162,162,1,-0.1371845206639788,0,0.948683298050514,-0.0079595804558377,0,0.0,0,0,0.0,0.0,215,5.375278407684165,26,10,2,0.0,5.093750200806762,5.093750200806762,0.0
439,14,19,True,4,0.0095462693325567,3,2,1,0.7378647873726218,-0.1503753796939246,0.1297492667060845,0.1599216490264814,1,0.1599216490264814,0.0549220620735439,0,-0.9398787300178773,-1.8986190557479856,0.9587403257301086,300,204,204,2,-0.1688942166107061,0,0.316227766016838,-0.0185188369167814,0,0.0,0,0,0.0,0.0,509,6.234410725718371,27,9,2,-0.38410028561046694,5.3230099791384085,5.3230099791384085,-0.13741543889045715
440,14,20,True,4,0.0417689878748748,3,2,1,0.0,-0.178407299515412,0.1285731963780903,0.2201762873902869,1,0.2201762873902869,0.0756153766346505,0,-1.0008277465343285,-1.7542309761047363,0.7534032295704081,88,472,88,3,-0.1982718420378816,1,0.6000000000000001,-0.0198645425224695,0,0.0,0,0,0.0,0.0,761,6.635946555686647,26,8,3,1.670459018759793,6.159095388491933,4.48863636973214,0.541044794023037
441,14,21,True,2,0.0755095029581409,3,1,1,0.7378647873726218,-1.623330769136842,0.2105076002303541,1.698840272094983,1,1.698840272094983,0.5834345221239357,1,-1.0681734852074956,-1.50189208984375,0.4337186046362544,2,115,2,1,-0.1675835835383175,0,0.948683298050514,1.4557471855985245,0,0.0,0,0,0.0,0.0,117,4.770684624465665,25,9,3,3.6549779024382545,4.7535901911063645,1.0986122886681098,0.9788217172026634
442,14,22,True,1,0.1065752548359481,1,1,0,0.7745966692414834,0.0561960927047808,0.0435605731116966,0.0503791621311672,0,0.0,0.0,0,-0.4660768524489055,-1.0995864868164062,0.6335096343675006,4,4,4,1,-1.3429179695038127,0,0.7745966692414834,-1.3991140622085936,0,0.0,0,0,0.0,0.0,4,1.6094379124341003,24,10,3,0.0,1.6094379124341003,1.6094379124341003,0.0
458,15,8,True,2,-1.5240574227084305,3,3,0,0.948683298050514,-2.1274343488580043,0.1196344391575131,0.6033769261495738,0,0.0,0.0,0,-2.8269855700344237,-2.620699405670166,0.2062861643642572,4,4,4,0,-5.6359384443879135,1,0.7378647873726218,-3.508504095529909,0,0.0,0,0,0.0,0.0,6,1.9459101490553132,37,7,2,0.0,1.6094379124341003,1.6094379124341003,0.0
459,15,9,True,2,-1.5041794091025538,1,1,0,0.948683298050514,-2.1702992322655006,0.1200212546418843,0.6661198231629468,0,0.0,0.0,0,-2.824378014398873,-2.6354289054870605,0.1889491089118125,2,2,2,2,-6.754882916255042,1,0.7378647873726218,-4.584583683989541,0,0.0,0,0,0.0,0.0,3,1.3862943611198906,36,6,3,0.0,1.0986122886681098,1.0986122886681098,0.0
461,15,11,True,2,-2.9999989435144365,1,1,0,0.4472135954999579,-2.579680864076012,0.0183801113500991,-0.4203180794384247,0,0.0,0.0,0,-2.950920043117626,-2.9016988277435303,0.0492212153740956,5,5,5,1,-28.541594373517302,0,0.632455532033676,-25.96191350944129,0,0.0,0,0,0.0,0.0,6,1.9459101490553132,40,10,2,0.0,1.791759469228055,1.791759469228055,0.0
462,15,12,True,2,-1.1362132186611735,3,3,0,0.948683298050514,-1.849295485372762,0.1940117954559792,0.7130822667115886,0,0.0,0.0,0,-2.8590298663498417,-2.934497594833374,0.0754677284835323,99,99,99,3,-1.5773422056048254,0,0.948683298050514,0.2719532797679367,0,0.0,0,0,0.0,0.0,132,4.890349128221754,35,9,2,0.0,4.605170185988092,4.605170185988092,0.0
463,15,13,True,4,-1.114348438983453,0,0,0,0.3999999999999999,-1.7935570776165597,0.1585622369414258,0.6792086386331064,0,0.0,0.0,0,-2.8496705040720984,-2.764046430587769,0.0856240734843298,300,300,300,3,-1.56137980224452,1,-0.3999999999999999,0.2321772753720394,1,0.2321772753720394,0,0,0.0,0.0,523,6.261491684321042,34,8,3,0.0,5.707110264748875,5.707110264748875,0.0
464,15,14,True,4,-1.1348089691614591,2,1,1,-0.1999999999999999,-2.1323676398251186,0.1666398176964844,0.9975586706636592,1,0.9975586706636592,0.3425926356169523,1,-2.8558899657114774,-2.7699902057647705,0.0858997599467068,255,808,255,1,-1.5447329912997891,0,0.1999999999999999,0.5876346485253294,0,0.0,0,0,0.0,0.0,1090,6.994849985833071,33,9,3,1.150621472578929,6.695798917058491,5.545177444479562,0.5424796342849731
465,15,15,True,4,-1.1698975518320762,0,1,1,-0.1999999999999999,-2.5435488533610267,0.025732675622178,1.3736513015289504,1,1.3736513015289504,0.4717545279781647,1,-2.867861353637261,-2.863480806350708,0.0043805472865527,121,1057,121,1,-1.560405710633494,0,0.316227766016838,0.9831431427275326,0,0.0,0,0,0.0,0.0,1249,7.1308988302963465,34,10,2,2.160114567684988,6.964135612418245,4.804021044733257,0.7507731765508652
466,15,16,True,2,-0.0125712341961398,1,1,0,0.948683298050514,-0.168241227851083,0.1304936707568119,0.1556699936549432,0,0.0,0.0,0,-0.9366836059243492,-2.234649181365967,1.2979655754416175,49,49,49,1,-0.1347151438130814,0,0.948683298050514,0.0335260840380015,0,0.0,0,0,0.0,0.0,99,4.605170185988092,27,7,2,0.0,3.912023005428146,3.912023005428146,0.0
467,15,17,True,2,-0.047334669389189,2,0,1,0.7378647873726218,-1.203252007473741,0.1743467044216499,1.155917338084552,1,1.155917338084552,0.3969779212547572,1,-1.088258275583506,-2.491022825241089,1.402764549657583,103,185,103,2,-0.1665066342137799,1,0.7378647873726218,1.036745373259961,1,1.036745373259961,1,1,1.036745373259961,0.3492504588865246,288,5.666426688112432,28,6,2,0.5813557745718292,5.225746673713202,4.6443908991413725,0.2807042896747589
468,15,18,True,3,0.0487129639026611,1,1,0,0.7999999999999999,0.041348472355403,0.0190811122349693,0.0073644915472581,0,0.0,0.0,0,-0.7339184934362397,-1.852276086807251,1.1183575933710113,165,165,165,1,-0.1050655255582821,0,0.7999999999999999,-0.1464139979136852,0,0.0,0,0,0.0,0.0,167,5.123963979403259,25,11,2,0.0,5.111987788356544,5.111987788356544,0.0
470,15,20,True,2,0.0479688783787589,1,1,0,0.948683298050514,-0.0110504456667379,0.0608871117461192,0.0590193240454968,0,0.0,0.0,0,-0.8529984770484054,-1.3775510787963867,0.5245526017479814,99,99,99,1,-0.0698499310087312,0,0.948683298050514,-0.0587994853419933,0,0.0,0,0,0.0,0.0,128,4.859812404361672,25,11,2,0.0,4.605170185988092,4.605170185988092,0.0
471,15,21,True,3,0.0447544085991118,0,1,1,0.1999999999999999,-1.762074660673737,0.1653970538955149,1.8068290692728488,1,1.8068290692728488,0.6205212296332361,1,-1.0707442432611654,-1.7720324993133545,0.7012882560521891,2,329,2,2,-0.104058358733374,1,0.7999999999999999,1.6580163019403629,1,1.6580163019403629,1,1,1.6580163019403629,0.5585392220977019,454,6.12029741895095,26,10,3,4.700480365792416,5.799092654460526,1.0986122886681098,0.729865507222712
472,15,22,True,1,0.1379548021872686,3,3,0,0.7745966692414834,-0.1464186521188062,0.1880848846989453,0.2843734543060748,0,0.0,0.0,0,-0.4173717326264173,-0.591693103313446,0.1743213706870287,6,6,6,3,-0.0415321387562324,0,0.7745966692414834,0.1048865133625738,0,0.0,0,0,0.0,0.0,6,1.9459101490553132,23,11,2,0.0,1.9459101490553132,1.9459101490553132,0.0
473,15,23,True,2,0.1696513146633498,1,1,0,0.948683298050514,-0.1085403894554438,0.1909195101533823,0.2781917041187937,0,0.0,0.0,0,-0.3445010484209008,-0.3334358632564544,0.0110651851644463,4,4,4,1,0.0259469526152557,0,0.948683298050514,0.1344873420706995,0,0.0,0,0,0.0,0.0,6,1.9459101490553132,22,12,2,0.0,1.6094379124341003,1.6094379124341003,0.0
489,16,9,True,1,-1.489070110881925,1,1,0,0.7745966692414834,-2.143562788254504,0.1217533896563457,0.6544926773725788,0,0.0,0.0,0,-2.8121218362490583,-2.5964434146881104,0.2156784215609479,2,2,2,1,-6.427835832551935,0,0.7745966692414834,-4.28427304429743,0,0.0,0,0,0.0,0.0,2,1.0986122886681098,35,5,3,0.0,1.0986122886681098,1.0986122886681098,0.0
490,16,10,True,1,-2.9999989435144365,3,3,0,0.7745966692414834,-2.579680864076012,0.0183801113500991,-0.4203180794384247,0,0.0,0.0,0,-2.94484899066303,-3.014685869216919,0.0698368785538887,1,1,1,3,-27.30018524796047,0,0.7745966692414834,-24.72050438388446,0,0.0,0,0,0.0,0.0,1,0.6931471805599453,40,12,2,0.0,0.6931471805599453,0.6931471805599453,0.0
491,16,11,True,1,-2.9999989435144365,0,0,0,0.7745966692414834,-2.579680864076012,0.0183801113500991,-0.4203180794384247,0,0.0,0.0,0,-2.950599923695437,-2.9554808139801025,0.004880890284665,4,4,4,0,-28.240551954166744,0,0.7745966692414834,-25.660871090090733,0,0.0,0,0,0.0,0.0,4,1.6094379124341003,41,11,2,0.0,1.6094379124341003,1.6094379124341003,0.0
492,16,12,True,4,-1.1567578879195528,0,0,0,0.316227766016838,-1.7922657844077026,0.1585955716946809,0.6355078964881498,0,0.0,0.0,0,-2.87681582688507,-2.8298239707946777,0.0469918560903921,32,32,32,0,-1.5931398998774844,0,0.316227766016838,0.1991258845302181,0,0.0,0,0,0.0,0.0,212,5.3612921657094255,36,10,2,0.0,3.4965075614664802,3.4965075614664802,0.0
493,16,13,True,2,-1.1760411044338868,3,1,1,0.7378647873726218,-1.452331848482222,0.2007070181598528,0.2762907440483351,1,0.2762907440483351,0.0948868241876093,0,-2.828795400513641,-2.7353196144104004,0.0934757861032404,184,67,67,1,-1.5109727572678024,0,0.948683298050514,-0.0586409087855805,0,0.0,0,0,0.0,0.0,251,5.529429087511423,31,11,2,-1.0008481199022174,4.219507705176107,4.219507705176107,-0.4332331418991089
494,16,14,True,4,-1.1553760976404843,0,0,0,0.1999999999999999,-2.17702320843618,0.1370610612118093,1.0216471107956953,0,0.0,0.0,0,-2.855638145735998,-2.837672710418701,0.0179654353172966,676,676,676,2,-1.5279428437875389,1,-0.3999999999999999,0.6490803646486407,1,0.6490803646486407,1,0,0.0,0.0,1267,7.145196134997171,32,10,3,0.0,6.517671272912275,6.517671272912275,0.0
495,16,15,True,2,-1.1753157904584597,2,0,1,0.7378647873726218,-2.5078373868727097,0.0416240654039905,1.3325215964142505,1,1.3325215964142505,0.45762930959074,1,-2.86631220020491,-2.9084057807922363,0.0420935805873261,327,1073,327,2,-1.5442753293388929,1,0.7378647873726218,0.9635620575338172,1,0.9635620575338172,1,1,0.9635620575338172,0.3245970509626252,1400,7.244941546337007,33,11,2,1.1861316666846662,6.97914527506881,5.793013608384144,0.5424628704786301
496,16,16,True,2,0.0189577191546166,3,3,0,0.948683298050514,-0.1188958970105499,0.1312625290819441,0.1378536161651666,0,0.0,0.0,0,-0.7827521857812638,-2.158836603164673,1.376084417383409,57,57,57,1,-0.1025669724242892,1,0.7378647873726218,0.0163289245862606,1,0.0163289245862606,0,0,0.0,0.0,59,4.0943445622221,26,8,3,0.0,4.060443010546419,4.060443010546419,0.0
497,16,17,True,3,0.0521708097768056,3,1,1,0.7999999999999999,0.0487951130742159,0.0174184754178602,0.0033756967025897,1,0.0033756967025897,0.0011593191101374,0,-0.7546030984213831,-2.0733680725097656,1.318764974088383,3,98,3,1,-0.0709549208420303,0,1.0,-0.1197500339162463,0,0.0,0,0,0.0,0.0,102,4.634728988229636,25,9,3,3.208825489014699,4.59511985013459,1.3862943611198906,0.9487604591995478
498,16,18,True,2,0.0830008172790438,1,1,0,0.948683298050514,-0.0449741436999595,0.1355692372493734,0.1279749609790034,0,0.0,0.0,0,-0.7047577545038606,-1.699852466583252,0.9950947120793914,205,205,205,1,-0.0725847285358599,0,0.948683298050514,-0.0276105848359003,0,0.0,0,0,0.0,0.0,243,5.497168225293202,24,10,3,0.0,5.327876168789581,5.327876168789581,0.0
499,16,19,True,1,0.1207474568759298,1,1,0,0.7745966692414834,-0.1464659547206011,0.1880399869128363,0.267213411596531,0,0.0,0.0,0,-0.5866579080902327,-1.2377519607543943,0.6510940526641619,5,5,5,1,-1.3398844113299253,0,0.7745966692414834,-1.1934184566093242,0,0.0,0,0,0.0,0.0,5,1.791759469228055,23,13,2,0.0,1.791759469228055,1.791759469228055,0.0
500,16,20,True,3,0.0811688539318331,1,1,0,0.7999999999999999,-0.04812813077211,0.1353530793614875,0.1292969847039431,0,0.0,0.0,0,-0.7654645972188449,-1.365360975265503,0.5998963780466581,128,128,128,1,-0.0369281081574097,0,0.7999999999999999,0.0112000226147002,0,0.0,0,0,0.0,0.0,138,4.9344739331306915,24,12,2,0.0,4.859812404361672,4.859812404361672,0.0
501,16,21,True,3,0.0117842002985714,0,0,0,0.7999999999999999,-1.7089894063140705,0.1835978606191592,1.720773606612642,0,0.0,0.0,0,-1.1249625563637302,-1.6363332271575928,0.5113706707938626,321,321,321,0,-0.1361675289254173,0,0.7999999999999999,1.572821877388653,0,0.0,0,0,0.0,0.0,619,6.429719478039138,27,11,2,0.0,5.7745515455444085,5.7745515455444085,0.0
502,16,22,True,1,-0.019610950597725,2,2,0,0.7745966692414834,-1.7905498171980063,0.1525526140632414,1.7709388666002812,0,0.0,0.0,0,-1.1453353560056057,-1.768799901008606,0.6234645450030003,292,292,292,2,-0.1671027973140167,0,0.7745966692414834,1.6234470198839897,0,0.0,0,0,0.0,0.0,292,5.680172609017068,28,12,1,0.0,5.680172609017068,5.680172609017068,0.0
503,16,23,True,1,0.2016679939321188,3,3,0,0.7745966692414834,0.1991645666571265,0.0151448143999989,0.0025034272749922,0,0.0,0.0,0,-0.2818428756762576,-0.5458455681800842,0.2640026925038266,4,4,4,3,0.0608140856074445,0,0.7745966692414834,-0.138350481049682,0,0.0,0,0,0.0,0.0,4,1.6094379124341003,21,13,2,0.0,1.6094379124341003,1.6094379124341003,0.0
504,16,24,True,2,0.2340080740015823,1,1,0,0.948683298050514,0.2300202549341701,0.0169727635236631,0.0039878190674121,0,0.0,0.0,0,-0.2043501077581888,-0.3554643988609314,0.1511142911027425,4,4,4,1,0.0951805637921358,0,0.948683298050514,-0.1348396911420342,0,0.0,0,0,0.0,0.0,5,1.791759469228055,20,14,3,0.0,1.6094379124341003,1.6094379124341003,0.0
505,16,25,True,1,0.2016679939321188,1,1,0,0.7745966692414834,0.0699515598653019,0.1409382015053923,0.1317164340668168,0,0.0,0.0,0,-0.2453288735732329,-0.428913414478302,0.183584540905069,1,1,1,1,0.0634790047140318,0,0.7745966692414834,-0.0064725551512701,0,0.0,0,0,0.0,0.0,1,0.6931471805599453,21,15,2,0.0,0.6931471805599453,0.6931471805599453,0.0
518,17,8,True,1,-1.4583921153110135,1,1,0,0.7745966692414834,-2.143200534348252,0.1217321326557002,0.6848084190372385,0,0.0,0.0,0,-2.809873881866661,-2.446254014968872,0.363619866897789,2,2,2,1,-5.336959854023376,0,0.7745966692414834,-3.193759319675124,0,0.0,0,0,0.0,0.0,2,1.0986122886681098,35,7,3,0.0,1.0986122886681098,1.0986122886681098,0.0
519,17,9,True,1,-1.473808193487351,2,1,1,0.2581988897471611,-2.1367868401108203,0.1184027069636201,0.6629786466234693,1,0.6629786466234693,0.2276874619849552,1,-2.8081774946187643,-2.5256459712982178,0.2825315233205465,2,0,0,2,-5.278802668418205,1,0.2581988897471611,-3.1420158283073847,0,0.0,0,0,0.0,0.0,2,1.0986122886681098,34,6,3,-1.0986122886681098,0.0,0.0,0.7280701398849487
520,17,10,True,2,-1.2176256885069754,3,3,0,0.948683298050514,-1.8144491570127117,0.1888473212073531,0.5968234685057359,0,0.0,0.0,0,-2.907581817215032,-2.9586756229400635,0.0510938057250314,2,2,2,3,-2.3248737841709346,0,0.948683298050514,-0.5104246271582233,0,0.0,0,0,0.0,0.0,3,1.3862943611198906,39,13,2,0.0,1.0986122886681098,1.0986122886681098,0.0
521,17,11,True,2,-1.199621908260129,3,3,0,0.948683298050514,-1.7587107492565086,0.1515264548810048,0.5590888409963797,0,0.0,0.0,0,-2.8818191448556485,-2.961899757385254,0.0800806125296054,22,22,22,3,-1.642492980581438,0,0.948683298050514,0.1162177686750707,0,0.0,0,0,0.0,0.0,23,3.1780538303479458,38,12,2,0.0,3.1354942159291497,3.1354942159291497,0.0
522,17,12,True,2,-1.176669720577015,0,0,0,0.948683298050514,-1.815740450221568,0.1888113425132275,0.639070729644553,0,0.0,0.0,0,-2.878817442636677,-2.909484624862671,0.030667182225994,166,166,166,0,-1.609226264684058,0,0.948683298050514,0.2065141855375099,0,0.0,0,0,0.0,0.0,185,5.225746673713202,37,11,2,0.0,5.117993812416755,5.117993812416755,0.0
523,17,13,True,2,-1.2016416201268534,0,3,1,0.7378647873726218,-1.3254244254199894,0.181830612141131,0.123782805293136,1,0.123782805293136,0.0425108605203368,0,-2.758396820908364,-2.691683530807495,0.0667132901008686,14,54,14,3,-1.4942539125299534,0,0.948683298050514,-0.168829487109964,0,0.0,0,0,0.0,0.0,68,4.23410650459726,30,12,2,1.299282984130261,4.007333185232471,2.70805020110221,0.6765024960041046
524,17,14,True,2,-1.2545345116803213,2,3,1,0.7378647873726218,-1.2385849449898234,0.2102432854409833,-0.0159495666904978,0,0.0,0.0,0,-2.7398698465717173,-2.671725988388061,0.0681438581836557,3,67,3,3,-1.4773592881434263,0,0.948683298050514,-0.2387743431536031,0,0.0,0,0,0.0,0.0,70,4.2626798770413155,29,13,2,2.833213344056216,4.219507705176107,1.3862943611198906,0.927878562361002
525,17,15,True,2,-1.2732225782891484,2,1,1,0.7378647873726218,-1.226563490528942,0.1880025455270705,-0.0466590877602064,0,0.0,0.0,0,-2.7357611091205496,-2.6256368160247803,0.1101242930957693,15,56,15,1,-1.460275423472794,0,0.948683298050514,-0.2337119329438519,0,0.0,0,0,0.0,0.0,71,4.276666119016055,28,14,2,1.2704625455947691,4.04305126783455,2.772588722239781,0.6685090810060501
526,17,16,True,1,0.0394336405611279,3,3,0,0.7745966692414834,0.0487951130742159,0.0174184754178602,-0.009361472513088,0,0.0,0.0,0,-0.762737216473077,-2.157124280929565,1.3943870644564884,14,14,14,3,-0.0709124823986613,0,0.7745966692414834,-0.1197075954728773,0,0.0,0,0,0.0,0.0,14,2.70805020110221,25,9,2,0.0,2.70805020110221,2.70805020110221,0.0
527,17,17,True,2,0.0844631216200443,3,1,1,0.7378647873726218,-0.0419084432296819,0.1356831356729012,0.1263715648497262,1,0.1263715648497262,0.0433999209691632,0,-0.7312185078158151,-2.14649510383606,1.4152765960202445,62,153,62,1,-0.0380712879633376,0,0.948683298050514,0.0038371552663442,0,0.0,0,0,0.0,0.0,215,5.375278407684165,24,10,4,0.893817876022097,5.0369526024136295,4.143134726391533,0.41620564460754395
528,17,18,True,4,0.117946550387777,3,3,0,0.3999999999999999,-0.1493777819488337,0.1880078514086851,0.2673243323366108,0,0.0,0.0,0,-0.6663547876598174,-1.443863868713379,0.7775090810535615,133,133,133,3,-0.0397835112816704,0,0.7999999999999999,0.1095942706671633,0,0.0,0,0,0.0,0.0,282,5.645446897643238,23,11,3,0.0,4.897839799950911,4.897839799950911,0.0
529,17,19,True,2,0.1522701577832097,1,1,0,0.948683298050514,-0.122749253448511,0.1899029067406931,0.2750194112317208,0,0.0,0.0,0,-0.5582109049173222,-1.02861225605011,0.4704013511327877,124,124,124,1,-0.0066176718199223,0,0.948683298050514,0.1161315816285886,0,0.0,0,0,0.0,0.0,143,4.969813299576001,22,12,3,0.0,4.8283137373023015,4.8283137373023015,0.0
530,17,20,True,2,0.1154920177633444,3,3,0,0.948683298050514,-0.2756783297635511,0.2242606658202188,0.3911703475268955,0,0.0,0.0,0,-0.7356699889854608,-0.9627475142478944,0.2270775252624335,97,97,97,3,-0.0036815517457296,0,0.948683298050514,0.2719967780178215,0,0.0,0,0,0.0,0.0,130,4.875197323201151,23,13,2,0.0,4.584967478670572,4.584967478670572,0.0
531,17,21,True,3,0.1509473235035153,1,1,0,1.0,-0.2597560254837968,0.2258880414722014,0.4107033489873122,0,0.0,0.0,0,-0.6922719924294278,-0.7247318625450134,0.0324598701155856,134,134,134,1,0.0299368340077312,0,1.0,0.2896928594915281,0,0.0,0,0,0.0,0.0,137,4.927253685157205,22,14,3,0.0,4.90527477843843,4.90527477843843,0.0
532,17,22,True,2,0.1193691261142981,1,2,1,0.7378647873726218,-0.2772496860451655,0.224111827136106,0.3966188121594637,1,0.3966188121594637,0.1362112206418674,0,-0.7389577278405826,-0.8498685359954834,0.1109108081549008,72,32,32,1,-0.0010970775967966,1,0.7378647873726218,0.2761526084483689,1,0.2761526084483689,0,1,0.2761526084483689,0.0930280739233354,104,4.653960350157523,23,15,2,-0.7939518796819107,3.4965075614664802,3.4965075614664802,-0.4060790538787842
533,17,23,True,2,0.2996715362383261,1,1,0,0.948683298050514,0.3102130330109816,0.013794934795867,-0.0105414967726555,0,0.0,0.0,0,-0.0983812461651671,-0.5225427150726318,0.4241614689074647,6,6,6,1,0.1668529158929572,0,0.948683298050514,-0.1433601171180243,0,0.0,0,0,0.0,0.0,7,2.0794415416798357,18,16,2,0.0,1.9459101490553132,1.9459101490553132,0.0
534,17,24,True,2,0.2666748215464951,2,2,0,0.948683298050514,0.1335291272853113,0.1443030847516014,0.1331456942611837,0,0.0,0.0,0,-0.1698203825934636,-0.3791085481643677,0.209288165570904,5,5,5,2,0.1307655919768757,0,0.948683298050514,-0.0027635353084356,0,0.0,0,0,0.0,0.0,6,1.9459101490553132,19,15,3,0.0,1.791759469228055,1.791759469228055,0.0
535,17,25,True,1,0.2340080740015823,2,2,0,0.7745966692414834,0.2394810911516366,0.0138660011414745,-0.0054730171500543,0,0.0,0.0,0,-0.2218193313650309,-0.4819167256355285,0.2600973942704976,1,1,1,2,0.0960754300047304,0,0.7745966692414834,-0.1434056611469062,0,0.0,0,0,0.0,0.0,1,0.6931471805599453,20,16,2,0.0,0.6931471805599453,0.6931471805599453,0.0
548,18,8,True,1,-1.442820319173299,3,3,0,0.7745966692414834,-2.15291527950732,0.1204774330208246,0.7100949603340212,0,0.0,0.0,0,-2.807628379776011,-2.3167757987976074,0.4908525809784034,2,2,2,3,-4.156942103841729,0,0.7745966692414834,-2.004026824334409,0,0.0,0,0,0.0,0.0,2,1.0986122886681098,34,8,3,0.0,1.0986122886681098,1.0986122886681098,0.0
549,18,9,True,1,-1.4270912321655065,3,3,0,0.7745966692414834,-2.093921956703324,0.1173681705289194,0.6668307245378178,0,0.0,0.0,0,-2.805055097719252,-2.4685370922088623,0.3365180055103893,2,2,2,3,-2.898681987862004,0,0.7745966692414834,-0.8047600311586796,0,0.0,0,0,0.0,0.0,2,1.0986122886681098,33,7,3,0.0,1.0986122886681098,1.0986122886681098,0.0
550,18,10,True,1,-1.4112032654909683,3,3,0,0.7745966692414834,-2.15291527950732,0.1204774330208246,0.7417120140163518,0,0.0,0.0,0,-2.7997822730388067,-2.4139037132263184,0.3858785598124883,2,2,2,3,-2.799240977940538,0,0.7745966692414834,-0.646325698433218,0,0.0,0,0,0.0,0.0,2,1.0986122886681098,32,8,2,0.0,1.0986122886681098,1.0986122886681098,0.0
551,18,11,True,1,-1.3951548143045662,3,3,0,0.7745966692414834,-2.093921956703324,0.1173681705289194,0.6987671423987578,0,0.0,0.0,0,-2.7974107698381774,-2.4870338439941406,0.3103769258440367,2,2,2,3,-2.794361092364619,0,0.7745966692414834,-0.7004391356612949,0,0.0,0,0,0.0,0.0,2,1.0986122886681098,31,9,2,0.0,1.0986122886681098,1.0986122886681098,0.0
552,18,12,True,1,-1.3789442575506248,3,3,0,0.7745966692414834,-2.080459600161136,0.1364258660066711,0.701515342610511,0,0.0,0.0,0,-2.7950956285193467,-2.537752866744995,0.2573427617743515,2,2,2,3,-2.791983624448313,0,0.7745966692414834,-0.7115240242871774,0,0.0,0,0,0.0,0.0,2,1.0986122886681098,30,10,2,0.0,1.0986122886681098,1.0986122886681098,0.0
553,18,13,True,1,-1.3625699577991688,1,1,0,0.7745966692414834,-2.055473075489304,0.1427757167847785,0.6929031176901355,0,0.0,0.0,0,-2.792741076078104,-2.710829496383667,0.0819115796944367,2,2,2,1,-2.7896478274661183,0,0.7745966692414834,-0.734174751976814,0,0.0,0,0,0.0,0.0,2,1.0986122886681098,29,11,3,0.0,1.0986122886681098,1.0986122886681098,0.0
554,18,14,True,2,-1.3075854476467954,3,1,1,0.7378647873726218,-2.109414417972186,0.1198699200774014,0.8018289703253905,1,0.8018289703253905,0.275372976383483,1,-2.786030979205359,-2.708225011825561,0.0778059673797972,3,28,3,3,-1.4957574969199818,1,0.7378647873726218,0.613656921052204,1,0.613656921052204,1,1,0.613656921052204,0.2067238174427173,31,3.4657359027997265,28,12,3,1.9810014688665836,3.367295829986474,1.3862943611198906,0.8548898100852966
555,18,15,True,3,-1.2904903518357047,0,1,1,0.3999999999999999,-1.4115599732535942,0.200268607988263,0.1210696214178894,1,0.1210696214178894,0.0415790688953733,0,-2.7313984763884376,-2.499680995941162,0.2317174804472754,1,62,1,1,-1.4429998882111283,0,0.7999999999999999,-0.0314399149575341,0,0.0,0,0,0.0,0.0,67,4.219507705176107,27,13,3,3.449987545831587,4.143134726391533,0.6931471805599453,0.8378588100895286
556,18,16,True,2,0.0837219163184142,3,3,0,0.948683298050514,-0.0389938758184574,0.1356158719628301,0.1227157921368717,0,0.0,0.0,0,-1.394706713560672,-1.8610930442810056,0.466386330720334,25,25,25,3,-0.0719447245391465,0,0.948683298050514,-0.0329508487206891,0,0.0,0,0,0.0,0.0,33,3.5263605246161616,24,12,2,0.0,3.258096538021482,3.258096538021482,0.0
557,18,17,True,4,0.1175792049576675,3,3,0,0.3999999999999999,-0.2802246881608659,0.2239429158682877,0.3978038931185334,0,0.0,0.0,0,-0.7226412775256886,-1.7596807479858398,1.037039470460151,97,97,97,3,-0.0039043710935399,0,0.3999999999999999,0.2763203170673259,0,0.0,0,0,0.0,0.0,174,5.1647859739235145,23,11,3,0.0,4.584967478670572,4.584967478670572,0.0
558,18,18,True,2,0.1570002027060763,3,1,1,0.7378647873726218,-0.2551208450892374,0.2262455660431455,0.4121210477953138,1,0.4121210477953138,0.1415351699198658,0,-0.5371964669578613,-1.3665971755981443,0.8294007086402833,1,96,1,1,0.0315753845486887,0,0.948683298050514,0.2866962296379261,0,0.0,0,0,0.0,0.0,97,4.584967478670572,22,12,3,3.8815637979434374,4.574710978503383,0.6931471805599453,0.9502172153443098
559,18,19,True,2,0.1888890929651758,1,1,0,0.948683298050514,0.1852195993224533,0.0196166846651871,0.0036694936427224,0,0.0,0.0,0,-0.5085088859820104,-1.0007725954055786,0.4922637094235682,105,105,105,1,0.0630007061340515,0,0.948683298050514,-0.1222188931884018,0,0.0,0,0,0.0,0.0,130,4.875197323201151,21,13,4,0.0,4.663439094112067,4.663439094112067,0.0
560,18,20,True,3,0.1555080741940615,3,3,0,0.7999999999999999,-0.2565974406348951,0.2261829984206663,0.4121055148289566,0,0.0,0.0,0,-0.6551550736254296,-0.8809977173805237,0.2258426437550941,41,41,41,3,0.0324812581999844,0,0.7999999999999999,0.2890786988348795,0,0.0,0,0,0.0,0.0,50,3.9318256327243257,22,14,2,0.0,3.7376696182833684,3.7376696182833684,0.0
561,18,21,True,2,0.1898982465206676,1,1,0,0.948683298050514,0.2006883044784611,0.0142067880693732,-0.0107900579577934,0,0.0,0.0,0,-0.6635895626989463,-0.670533299446106,0.0069437367471596,624,624,624,1,0.0647711367100927,0,0.948683298050514,-0.1359171677683684,0,0.0,0,0,0.0,0.0,717,6.576469569048224,21,15,4,0.0,6.437751649736401,6.437751649736401,0.0
562,18,22,True,2,0.1522866731019641,2,2,0,0.948683298050514,-0.2519303553428721,0.2265631129707682,0.4042170284448362,0,0.0,0.0,0,-0.7249724706189498,-0.7331972122192383,0.0082247416002885,88,88,88,2,0.030812220696209,0,0.948683298050514,0.2827425760390811,0,0.0,0,0,0.0,0.0,183,5.214935757608986,22,16,2,0.0,4.48863636973214,4.48863636973214,0.0
563,18,23,True,2,0.3330015510785594,3,3,0,0.948683298050514,0.3436321636471078,0.0137011145554147,-0.0106306125685484,0,0.0,0.0,0,-0.0425433154221949,-0.4883357286453247,0.4457924132231297,6,6,6,3,0.2024103173953898,0,0.948683298050514,-0.141221846251718,0,0.0,0,0,0.0,0.0,7,2.0794415416798357,17,17,2,0.0,1.9459101490553132,1.9459101490553132,0.0
564,18,24,True,1,0.3918340772738199,1,1,0,0.7745966692414834,0.389209458888132,0.0125849920737664,0.0026246183856878,0,0.0,0.0,0,0.0098121380762594,-0.2721574902534485,0.2819696283297079,4,4,4,1,0.2383416838831202,0,0.7745966692414834,-0.1508677750050118,0,0.0,0,0,0.0,0.0,4,1.6094379124341003,16,18,2,0.0,1.6094379124341003,1.6094379124341003,0.0
583,19,13,True,1,-1.3460302610805264,3,3,0,0.7745966692414834,-2.15291527950732,0.1204774330208246,0.8068850184267937,0,0.0,0.0,0,-2.7910441475605445,-2.68257737159729,0.1084667759632544,7,7,7,3,-2.822257658730513,0,0.7745966692414834,-0.6693423792231927,0,0.0,0,0,0.0,0.0,7,2.0794415416798357,30,12,3,0.0,2.0794415416798357,2.0794415416798357,0.0
584,19,14,True,2,-1.3265390359912173,0,0,0,0.948683298050514,-2.055835329395556,0.1428055541563693,0.729296293404339,0,0.0,0.0,0,-2.789005234590908,-2.57635235786438,0.2126528767265281,28,28,28,0,-1.5461239398822233,0,0.948683298050514,0.509711389513333,0,0.0,0,0,0.0,0.0,31,3.4657359027997265,29,13,2,0.0,3.367295829986474,3.367295829986474,0.0
585,19,15,True,2,-1.3068181774756265,3,3,0,0.948683298050514,-1.2152111684407667,0.1852577588071919,-0.0916070090348597,0,0.0,0.0,0,-2.717634541529592,-2.4042444229125977,0.3133901186169945,59,59,59,3,-1.4241046423130574,0,0.948683298050514,-0.2088934738722907,0,0.0,0,0,0.0,0.0,68,4.23410650459726,26,14,2,0.0,4.0943445622221,4.0943445622221,0.0
586,19,16,True,2,-1.2893822441971314,1,1,0,0.948683298050514,-1.3355128885012564,0.2080345256334634,0.0461306443041249,0,0.0,0.0,0,-2.711560647698932,-2.585776329040528,0.1257843186584049,222,222,222,3,-1.406385165476752,1,0.7378647873726218,-0.0708722769754954,0,0.0,0,0,0.0,0.0,368,5.910796644040527,25,13,4,0.0,5.407171771460119,5.407171771460119,0.0
587,19,17,True,2,-1.3077266698137282,2,2,0,0.948683298050514,-1.2425835905794014,0.1911735208868044,-0.0651430792343268,0,0.0,0.0,0,-2.7484280417813243,-2.493610620498657,0.254817421282667,44,44,44,2,-1.424055732724239,0,0.948683298050514,-0.1814721421448375,0,0.0,0,0,0.0,0.0,217,5.384495062789089,26,14,2,0.0,3.8066624897703196,3.8066624897703196,0.0
588,19,18,True,2,0.1872578613458593,1,1,0,0.948683298050514,0.1928146968282819,0.0159192418996404,-0.0055568354824225,0,0.0,0.0,0,-0.5056176792766359,-1.1610044240951538,0.6553867448185179,93,93,93,1,0.0647898001516309,0,0.948683298050514,-0.128024896676651,0,0.0,0,0,0.0,0.0,94,4.553876891600541,21,13,2,0.0,4.543294782270004,4.543294782270004,0.0
589,19,19,True,3,0.2258056399668463,1,1,0,0.7999999999999999,0.1007262737197095,0.1425262370401586,0.1250793662471367,0,0.0,0.0,0,-0.4333541029206187,-0.9804200530052184,0.5470659500845998,208,208,208,1,0.1000044680355609,0,0.7999999999999999,-0.0007218056841486,0,0.0,0,0,0.0,0.0,217,5.384495062789089,20,14,2,0.0,5.342334251964811,5.342334251964811,0.0
590,19,20,True,2,0.263094748917533,1,1,0,0.948683298050514,0.1368501599194056,0.1445072507335465,0.1262445889981273,0,0.0,0.0,0,-0.5077929518325629,-0.9484065771102904,0.4406136252777276,221,221,221,1,0.1358114374569298,0,0.948683298050514,-0.0010387224624757,0,0.0,0,0,0.0,0.0,437,6.082218910376446,19,17,2,0.0,5.402677381872279,5.402677381872279,0.0
591,19,21,True,2,0.2277202170847381,2,2,0,0.948683298050514,0.1023295348987876,0.1425788968638431,0.1253906821859504,0,0.0,0.0,0,-0.6244808434885679,-0.7843871712684631,0.1599063277798952,309,309,309,2,0.1009704465910134,0,0.948683298050514,-0.0013590883077742,0,0.0,0,0,0.0,0.0,817,6.706862336602747,20,16,2,0.0,5.736572297479192,5.736572297479192,0.0
593,19,23,True,1,0.3822189122709922,1,1,0,0.7745966692414834,0.3908452727633265,0.0116266057776176,-0.0086263604923343,0,0.0,0.0,0,-0.0071748246131097,-0.4036022424697876,0.3964274178566779,2,2,2,1,-1.1017891038505272,0,0.7745966692414834,-1.4926343766138537,0,0.0,0,0,0.0,0.0,2,1.0986122886681098,16,20,2,0.0,1.0986122886681098,1.0986122886681098,0.0
594,19,24,True,1,0.4260950268719875,1,1,0,0.7745966692414834,0.421656001695906,0.0117493466440833,0.0044390251760815,0,0.0,0.0,0,0.0708582677531566,-0.4623594880104065,0.5332177557635631,5,5,5,1,0.2746755284470323,0,0.7745966692414834,-0.1469804732488737,0,0.0,0,0,0.0,0.0,5,1.791759469228055,15,19,2,0.0,1.791759469228055,1.791759469228055,0.0
614,20,14,True,1,-1.4155020594720555,1,1,0,0.7745966692414834,-1.434796146599643,0.176349996928869,0.0192940871275875,0,0.0,0.0,0,-2.7711459278953154,-2.61680006980896,0.1543458580863554,4,4,4,1,-2.787111786565331,0,0.7745966692414834,-1.352315639965688,0,0.0,0,0,0.0,0.0,4,1.6094379124341003,28,14,3,0.0,1.6094379124341003,1.6094379124341003,0.0
615,20,15,True,2,-1.3298188717827093,3,3,0,0.948683298050514,-1.355004330817939,0.2033665407323152,0.0251854590352296,0,0.0,0.0,0,-2.7426879613875697,-2.3868601322174072,0.3558278291701624,47,47,47,3,-1.4774335125725608,0,0.948683298050514,-0.1224291817546219,0,0.0,0,0,0.0,0.0,48,3.8918202981106265,27,15,2,0.0,3.871201010907891,3.871201010907891,0.0
616,20,16,True,4,-1.309850748399821,0,0,0,0.3999999999999999,-1.2152111684407667,0.1852577588071919,-0.0946395799590542,0,0.0,0.0,0,-2.7384036043755,-2.6077959537506104,0.130607650624889,291,291,291,0,-1.4254103597954986,0,0.3999999999999999,-0.2101991913547318,0,0.0,0,0,0.0,0.0,622,6.434546518787453,26,14,3,0.0,5.676753802268282,5.676753802268282,0.0
617,20,17,True,3,-1.3268812383012378,0,2,1,0.3999999999999999,-1.3081404663626215,0.2032713552306645,-0.0187407719386161,0,0.0,0.0,0,-2.757882170609919,-2.635457754135132,0.1224244164747871,42,354,42,0,-1.4411215623859963,1,0.3999999999999999,-0.1329810960233748,0,0.0,0,0,0.0,0.0,1454,7.282761179605593,27,15,3,2.1109176737818536,5.872117789475416,3.7612001156935624,0.21539140306413174
618,20,18,True,2,0.223982428383503,3,3,0,0.948683298050514,0.1023457294561521,0.1425986880622002,0.1216366989273509,0,0.0,0.0,0,-0.4761152736652551,-1.057623028755188,0.5815077550899329,102,102,102,3,0.0991550251450124,0,0.948683298050514,-0.0031907043111397,0,0.0,0,0,0.0,0.0,106,4.672828834461906,20,14,3,0.0,4.634728988229636,4.634728988229636,0.0
619,20,19,True,4,0.2611297411647283,3,3,0,0.3999999999999999,0.1385021683519645,0.1445966037120243,0.1226275728127638,0,0.0,0.0,0,-0.4013384021923922,-0.892031729221344,0.4906933270289518,221,221,221,3,0.1348566523516056,0,0.3999999999999999,-0.0036455160003588,0,0.0,0,0,0.0,0.0,339,5.8289456176102075,19,15,3,0.0,5.402677381872279,5.402677381872279,0.0
620,20,20,True,4,0.2998629362960903,3,3,0,0.3999999999999999,0.3135175422725992,0.0134863681971282,-0.0136546059765089,0,0.0,0.0,0,-0.3337360555526597,-0.6946454644203186,0.3609094088676589,283,283,283,3,0.1709961809988361,0,0.3999999999999999,-0.142521361273763,0,0.0,0,0,0.0,0.0,432,6.07073772800249,18,16,3,0.0,5.648974238161206,5.648974238161206,0.0
621,20,21,True,3,0.3387500234504903,1,1,0,1.0,0.0516895890473618,0.203083420199176,0.2870604344031284,0,0.0,0.0,0,-0.194809006786269,-0.6413888931274414,0.4465798863411724,273,273,273,1,0.2075511769547952,0,0.7999999999999999,0.1558615879074333,0,0.0,0,0,0.0,0.0,279,5.634789603169249,17,17,3,0.0,5.6131281063880705,5.6131281063880705,0.0
622,20,22,True,2,0.3754218262768219,1,1,0,0.948683298050514,0.240617120633949,0.1498154065111047,0.1348047056428729,0,0.0,0.0,0,-0.072822271937301,-0.3763759136199951,0.303553641682694,14,14,14,1,-1.0079089886636858,0,0.948683298050514,-1.248526109297635,0,0.0,0,0,0.0,0.0,16,2.833213344056216,16,18,3,0.0,2.70805020110221,2.70805020110221,0.0
623,20,23,True,2,0.4163827389903434,3,3,0,0.948683298050514,0.4233761184051886,0.0117533233904139,-0.0069933794148452,0,0.0,0.0,0,0.060162426102317,-0.3371466994285583,0.3973091255308754,16,16,16,3,0.2405126473274081,0,0.948683298050514,-0.1828634710777804,0,0.0,0,0,0.0,0.0,18,2.9444389791664403,15,21,3,0.0,2.833213344056216,2.833213344056216,0.0
624,20,24,True,1,0.4607020466681164,1,1,0,0.7745966692414834,0.4562696184784341,0.0126056812565124,0.0044324281896822,0,0.0,0.0,0,0.1074637923344511,-0.083967313170433,0.1914311055048842,24,24,24,1,0.311417016776191,0,0.7745966692414834,-0.1448526017022431,0,0.0,0,0,0.0,0.0,24,3.2188758248682006,14,20,4,0.0,3.2188758248682006,3.2188758248682006,0.0
625,20,25,True,1,0.5015719195197776,1,1,0,0.7745966692414834,0.2773657011616982,0.1657724706781076,0.2242062183580794,0,0.0,0.0,0,0.1011111387345303,-0.070206269621849,0.1713174083563793,4,4,4,1,-2.1377689860018685,0,0.7745966692414834,-2.4151346871635666,0,0.0,0,0,0.0,0.0,4,1.6094379124341003,13,21,4,0.0,1.6094379124341003,1.6094379124341003,0.0
642,21,12,True,1,-1.4313470382067828,3,3,0,0.7745966692414834,-1.518348432695008,0.1983636815104079,0.0870013944882253,0,0.0,0.0,0,-2.727258665829149,-2.2403695583343506,0.4868891074947985,1,1,1,3,-2.7978524655615047,0,0.7745966692414834,-1.2795040328664966,0,0.0,0,0,0.0,0.0,1,0.6931471805599453,29,15,3,0.0,0.6931471805599453,0.6931471805599453,0.0
643,21,13,True,1,-1.4155020594720555,3,3,0,0.7745966692414834,-1.434796146599643,0.176349996928869,0.0192940871275875,0,0.0,0.0,0,-2.7727739407450334,-2.4847042560577397,0.2880696846872941,1,1,1,3,-1.5921211351228983,0,0.7745966692414834,-0.1573249885232555,0,0.0,0,0,0.0,0.0,1,0.6931471805599453,30,16,2,0.0,0.6931471805599453,0.6931471805599453,0.0
644,21,14,True,2,-1.3994970304470786,3,3,0,0.948683298050514,-1.2928000116940914,0.2069212621755677,-0.1066970187529872,0,0.0,0.0,0,-2.7719475316779323,-2.821735620498657,0.0497880888207249,5,5,5,3,-1.544159749289291,0,0.948683298050514,-0.2513597375951992,0,0.0,0,0,0.0,0.0,7,2.0794415416798357,29,15,3,0.0,1.791759469228055,1.791759469228055,0.0
645,21,15,True,2,-1.3833303344622534,3,3,0,0.316227766016838,-1.2808868298308371,0.1745223525432421,-0.1024435046314162,0,0.0,0.0,0,-2.7673749580716462,-2.8347654342651367,0.0673904761934904,20,20,20,3,-1.4933724058778026,0,0.316227766016838,-0.2124855760469655,0,0.0,0,0,0.0,0.0,21,3.091042453358316,30,16,2,0.0,3.044522437723423,3.044522437723423,0.0
646,21,16,True,3,-1.3633895949703083,3,3,0,0.7999999999999999,-1.4546985808824766,0.2083689079781973,0.091308985912168,0,0.0,0.0,0,-2.764475274811181,-2.814049005508423,0.0495737306972419,214,214,214,3,-1.475547385194585,0,0.7999999999999999,-0.0208488043121084,0,0.0,0,0,0.0,0.0,229,5.438079308923196,29,17,2,0.0,5.3706380281276624,5.3706380281276624,0.0
647,21,17,True,2,-1.345491358277226,0,0,0,0.948683298050514,-1.373667266667194,0.1902316413344008,0.0281759083899679,0,0.0,0.0,0,-2.761558235069108,-2.6525392532348637,0.1090189818342444,1050,1050,1050,0,-1.4584185886781085,0,0.948683298050514,-0.0847513220109144,0,0.0,0,0,0.0,0.0,1242,7.1252830915107115,28,16,2,0.0,6.957497370876951,6.957497370876951,0.0
648,21,18,True,4,0.1917426047702202,0,0,0,0.316227766016838,0.1928146968282819,0.0159192418996404,-0.0010720920580616,0,0.0,0.0,0,-1.3737747421290034,-1.224781513214111,0.148993228914892,2,2,2,0,0.0647438920378816,0,0.316227766016838,-0.1280708047904003,0,0.0,0,0,0.0,0.0,84,4.442651256490317,21,15,2,0.0,1.0986122886681098,1.0986122886681098,0.0
649,21,19,True,1,0.3090589140505634,3,3,0,0.7745966692414834,0.3151369980090417,0.0128943941046758,-0.0060780839584783,0,0.0,0.0,0,-0.5258875092173685,-1.0518505573272705,0.525963048109902,2,2,2,3,0.2041129974467965,0,0.7745966692414834,-0.1110240005622451,0,0.0,0,0,0.0,0.0,2,1.0986122886681098,18,20,2,0.0,1.0986122886681098,1.0986122886681098,0.0
650,21,20,True,2,0.3424837508889001,3,3,0,0.948683298050514,0.0516895890473618,0.203083420199176,0.2907941618415383,0,0.0,0.0,0,-0.2213051626386809,-0.8587274551391602,0.6374222925004792,8,8,8,3,0.2400627816956099,0,0.948683298050514,0.188373192648248,0,0.0,0,0,0.0,0.0,9,2.302585092994046,17,19,2,0.0,2.1972245773362196,2.1972245773362196,0.0
651,21,21,True,3,0.3762462123417655,3,1,1,0.7999999999999999,0.2423200361761388,0.1499035228403046,0.1339261761656267,1,0.1339261761656267,0.0459944091710993,0,-0.1647455444150147,-0.5108149647712708,0.346069420356256,41,225,41,1,0.2764159184437554,0,1.0,0.0340958822676165,0,0.0,0,0,0.0,0.0,267,5.5909869805108565,16,18,4,1.6828653809889178,5.420534999272286,3.7376696182833684,0.6755340248346329
652,21,22,True,2,0.4121397008915091,1,1,0,0.948683298050514,0.4166324094472036,0.013571389208016,-0.0044927085556944,0,0.0,0.0,0,-0.0166672023304383,-0.3157877326011657,0.2991205302707274,143,143,143,1,0.3051049600612713,0,0.948683298050514,-0.1115274493859322,0,0.0,0,0,0.0,0.0,162,5.093750200806762,15,19,4,0.0,4.969813299576001,4.969813299576001,0.0
653,21,23,True,2,0.3822189122709922,0,0,0,0.948683298050514,0.3908452727633265,0.0116266057776176,-0.0086263604923343,0,0.0,0.0,0,-0.0045350112984417,-0.752202033996582,0.7476670226981402,16,16,16,2,0.2686507682245793,1,0.7378647873726218,-0.1221945045387472,0,0.0,0,0,0.0,0.0,24,3.2188758248682006,16,20,2,0.0,2.833213344056216,2.833213344056216,0.0
654,21,24,True,2,0.498408014751761,3,3,0,0.948683298050514,0.3462008807735953,0.1553519438593009,0.1522071339781657,0,0.0,0.0,0,0.1463629240414369,-0.3243351578712463,0.4706980819126833,120,120,120,1,0.4166812905589077,1,0.7378647873726218,0.0704804097853123,1,0.0704804097853123,0,0,0.0,0.0,126,4.844187086458591,13,21,3,0.0,4.795790545596741,4.795790545596741,0.0
655,21,25,True,2,0.5369413321709348,1,1,0,0.948683298050514,0.5300277712711129,0.0133890238905608,0.0069135608998218,0,0.0,0.0,0,0.183331397115147,-0.1059061139822006,0.2892375110973477,104,104,104,1,0.3925999921735418,0,0.948683298050514,-0.1374277790975711,0,0.0,0,0,0.0,0.0,128,4.859812404361672,12,22,3,0.0,4.653960350157523,4.653960350157523,0.0
672,22,12,True,3,-0.0517855639255516,1,1,0,0.7999999999999999,-1.2070955714014877,0.2082630010834083,1.155310007475936,0,0.0,0.0,0,-1.1281906172655352,-1.7005815505981443,0.5723909333326094,22,22,22,1,-0.1260883858611317,0,0.7999999999999999,1.0810071855403558,0,0.0,0,0,0.0,0.0,24,3.2188758248682006,28,16,2,0.0,3.1354942159291497,3.1354942159291497,0.0
676,22,16,True,1,-0.0498376433835538,1,1,0,0.7745966692414834,-1.661070868195128,0.2472803518740654,1.6112332248115742,0,0.0,0.0,0,-1.926290465595779,-1.857076644897461,0.0692138206983181,5,5,5,1,-1.3690666216338727,0,0.7745966692414834,0.2920042465612553,0,0.0,0,0,0.0,0.0,5,1.791759469228055,24,18,3,0.0,1.791759469228055,1.791759469228055,0.0
677,22,17,True,2,0.1075838966777182,3,3,0,0.948683298050514,-0.275835317779616,0.2241319182182786,0.3834192144573343,0,0.0,0.0,0,-1.443531839494967,-1.5666592121124268,0.1231273726174597,21,21,21,3,-0.0384889636858152,0,0.948683298050514,0.2373463540938007,0,0.0,0,0,0.0,0.0,22,3.1354942159291497,23,17,2,0.0,3.091042453358316,3.091042453358316,0.0
678,22,18,True,2,0.1529508960537779,0,0,0,0.948683298050514,-0.1164789069774099,0.1903191901395573,0.2694298030311879,0,0.0,0.0,0,-1.4025872928969352,-1.248420476913452,0.154166815983483,82,82,82,0,0.0298123274933889,0,0.948683298050514,0.1462912344707989,0,0.0,0,0,0.0,0.0,100,4.61512051684126,22,16,2,0.0,4.418840607796598,4.418840607796598,0.0
679,22,19,True,2,0.2435329962882794,0,3,1,0.7378647873726218,-1.333343389948498,0.2277295608366134,1.5768763862367776,1,1.5768763862367776,0.5415483350403735,1,-1.3064444034589464,-1.1993509531021118,0.1070934503568346,2,2,2,0,0.1685620903202152,1,0.7378647873726218,1.5019054802687133,1,1.5019054802687133,1,1,1.5019054802687133,0.5059498616701393,4,1.6094379124341003,19,21,2,0.0,1.0986122886681098,1.0986122886681098,0.7724088206887245
680,22,20,True,1,0.2110976669959489,2,2,0,0.7745966692414834,-1.417766565088948,0.2147631209721901,1.628864232084897,0,0.0,0.0,0,-1.406429923188051,-1.4189424514770508,0.0125125282889997,3,3,3,2,0.1334056338367931,0,0.7745966692414834,1.551172198925741,0,0.0,0,0,0.0,0.0,3,1.3862943611198906,20,22,2,0.0,1.3862943611198906,1.3862943611198906,0.0
681,22,21,True,2,0.4104129543263759,3,3,0,0.948683298050514,0.4200554416986759,0.0134065643401846,-0.0096424873723,0,0.0,0.0,0,-0.157559849747864,-0.6408098340034485,0.4832499842555844,243,243,243,3,0.3142627629873233,0,0.948683298050514,-0.1057926787113525,0,0.0,0,0,0.0,0.0,251,5.529429087511423,15,19,3,0.0,5.497168225293202,5.497168225293202,0.0
682,22,22,True,3,0.4541012115907156,3,3,0,1.0,0.3026853603641068,0.1532636333709498,0.1514158512266087,0,0.0,0.0,0,0.0246988232395513,-0.4677121043205261,0.4924109275600775,286,286,286,3,0.3784442337271703,0,0.7999999999999999,0.0757588733630634,0,0.0,0,0,0.0,0.0,405,6.0063531596017325,14,20,3,0.0,5.659482215759621,5.659482215759621,0.0
683,22,23,True,3,0.4964307849543217,3,3,0,0.3999999999999999,0.339422934612455,0.1552838620293772,0.1570078503418666,0,0.0,0.0,0,0.1104957372669229,-0.5405445098876953,0.6510402471546182,269,269,269,3,0.4190536585279498,0,0.3999999999999999,0.0796307239154948,0,0.0,0,0,0.0,0.0,308,5.733341276897746,13,21,2,0.0,5.598421958998375,5.598421958998375,0.0
684,22,24,True,3,0.5354615007761189,3,3,0,0.7999999999999999,0.5317828133171107,0.0131216286667444,0.0036786874590081,0,0.0,0.0,0,0.1617881230008455,-0.2417460530996322,0.4035341761004778,194,194,194,3,0.457487313836821,0,1.0,-0.0742954994802897,0,0.0,0,0,0.0,0.0,306,5.726847747587197,12,22,3,0.0,5.272999558563747,5.272999558563747,0.0
685,22,25,True,2,0.575218881589259,1,1,0,0.948683298050514,0.4120331224091583,0.1589330394104934,0.1631857591801007,0,0.0,0.0,0,0.2322856768939196,-0.086820051074028,0.3191057279679476,254,254,254,1,0.4973847259944962,0,0.948683298050514,0.0853516035853378,0,0.0,0,0,0.0,0.0,291,5.676753802268282,11,23,3,0.0,5.541263545158426,5.541263545158426,0.0
687,22,27,True,1,0.5178383532477177,1,1,0,0.7745966692414834,-2.572968295548008,0.0250926798781032,3.0908066487957253,0,0.0,0.0,0,-2.6169264545444504,-0.7807824015617371,1.836144052982713,1,1,1,1,-0.8239347409387954,0,0.7745966692414834,1.7490335546092124,0,0.0,0,0,0.0,0.0,1,0.6931471805599453,11,22,2,0.0,0.6931471805599453,0.6931471805599453,0.0
702,23,12,True,4,-0.0205875282745545,1,1,0,0.1999999999999999,-1.241696111108965,0.1949965223536453,1.2211085828344104,0,0.0,0.0,0,-0.9128224626442386,-1.433316349983215,0.5204938873389767,142,142,142,1,-0.0224953996596871,0,0.316227766016838,1.219200711449278,0,0.0,0,0,0.0,0.0,165,5.111987788356544,27,17,2,0.0,4.962844630259907,4.962844630259907,0.0
704,23,14,True,1,0.0522827950834779,1,1,0,0.7745966692414834,-1.2258980634802952,0.1996097876493909,1.278180858563773,0,0.0,0.0,0,-0.8584861602126075,-1.6081794500350952,0.7496932898224877,1,1,1,1,-2.5611906406598823,0,0.7745966692414834,-1.3352925771795872,0,0.0,0,0,0.0,0.0,1,0.6931471805599453,25,21,3,0.0,0.6931471805599453,0.6931471805599453,0.0
705,23,15,True,1,-0.0790471710029718,3,3,0,0.7745966692414834,-1.7804097494497633,0.2304886618519512,1.7013625784467914,0,0.0,0.0,0,-1.980593626005149,-1.3183742761611938,0.6622193498439557,2,2,2,3,-0.1044878432592065,0,0.7745966692414834,1.6759219061905566,0,0.0,0,0,0.0,0.0,2,1.0986122886681098,24,20,1,0.0,1.0986122886681098,1.0986122886681098,0.0
706,23,16,True,2,-0.0200380242970768,3,3,0,0.948683298050514,-1.6659964236855005,0.2561364220054007,1.6459583993884237,0,0.0,0.0,0,-1.9694560774270016,-1.663582682609558,0.3058733948174437,4,4,4,3,-0.0728688188885727,0,0.948683298050514,1.5931276047969276,0,0.0,0,0,0.0,0.0,6,1.9459101490553132,23,19,3,0.0,1.6094379124341003,1.6094379124341003,0.0
707,23,17,True,2,0.0845676092788606,3,1,1,0.7378647873726218,-1.8511949874296456,0.2237953222854824,1.9357625967085064,1,1.9357625967085064,0.6648010081390816,1,-1.9754234157387307,-1.4760231971740725,0.4994002185646584,1,17,1,3,-0.0050175731531278,1,0.7378647873726218,1.8461774142765175,1,1.8461774142765175,1,1,1.8461774142765175,0.6219254271611154,18,2.9444389791664403,22,20,3,2.197224577336219,2.8903717578961645,0.6931471805599453,0.8493325784802437
708,23,18,True,1,0.1157248571801095,3,3,0,0.7745966692414834,-1.3225595011079334,0.2289121660049104,1.438284358288043,0,0.0,0.0,0,-1.4982811853861904,-1.6083091497421265,0.110027964355936,1,1,1,3,0.0302152167442924,0,0.7745966692414834,1.3527747178522258,0,0.0,0,0,0.0,0.0,1,0.6931471805599453,23,21,2,0.0,0.6931471805599453,0.6931471805599453,0.0
709,23,19,True,1,0.1471968247571285,3,3,0,0.7745966692414834,-1.4272435958637788,0.2110932015533346,1.5744404206209073,0,0.0,0.0,0,-1.4535348738238725,-1.5555589199066162,0.1020240460827439,1,1,1,3,0.0642574375659185,0,0.7745966692414834,1.4915010334296974,0,0.0,0,0,0.0,0.0,1,0.6931471805599453,22,22,2,0.0,0.6931471805599453,0.6931471805599453,0.0
710,23,20,True,1,0.1789866909965417,0,0,0,0.7745966692414834,-1.333343389948498,0.2277295608366134,1.5123300809450395,0,0.0,0.0,0,-1.4324969171313695,-1.357829451560974,0.0746674655703953,1,1,1,0,0.0986392222680691,0,0.7745966692414834,1.4319826122165673,0,0.0,0,0,0.0,0.0,1,0.6931471805599453,21,23,2,0.0,0.6931471805599453,0.6931471805599453,0.0
711,23,21,True,1,0.1884631241191983,3,3,0,0.7745966692414834,-2.5456573481502134,0.0389156822058402,2.734120472269412,0,0.0,0.0,0,-2.7584300360205884,-0.5775384902954102,2.1808915457251783,18,18,18,3,-0.6835087439899842,0,0.7745966692414834,1.862148604160229,0,0.0,0,0,0.0,0.0,18,2.9444389791664403,14,20,3,0.0,2.9444389791664403,2.9444389791664403,0.0
712,23,22,True,3,0.210823794470613,3,1,1,0.3999999999999999,-2.5456573481502134,0.0389156822058402,2.756481142620826,1,2.756481142620826,0.9466612515639172,1,-2.868521699432334,-0.3535439968109131,2.514977702621421,1,22,1,2,-0.7103003243933098,1,0.3999999999999999,1.835357023756904,1,1.835357023756904,1,1,1.835357023756904,0.6182803408633837,24,3.2188758248682006,13,21,3,2.4423470353692043,3.1354942159291497,0.6931471805599453,0.9558813013136387
713,23,23,True,1,0.2432563573737988,1,1,0,0.7745966692414834,-2.4063785341756136,0.1577145847871272,2.6496348915494123,0,0.0,0.0,0,-2.7652360412695467,-0.1805402487516403,2.5846957925179064,17,17,17,1,-0.751059293783498,0,0.7745966692414834,1.6553192403921155,0,0.0,0,0,0.0,0.0,17,2.8903717578961645,12,22,3,0.0,2.8903717578961645,2.8903717578961645,0.0
714,23,24,True,2,0.5802492500311429,3,3,0,0.948683298050514,0.2619443573360068,0.2189924081317894,0.318304892695136,0,0.0,0.0,0,-0.1570390302428765,-0.3928253054618835,0.235786275219007,8,8,8,3,0.4686439512690524,0,0.948683298050514,0.2066995939330456,0,0.0,0,0,0.0,0.0,10,2.3978952727983707,11,23,2,0.0,2.1972245773362196,2.1972245773362196,0.0
715,23,25,True,3,0.6164133831925158,3,1,1,0.7999999999999999,0.6269172567183074,0.0103960702814238,-0.0105038735257916,0,0.0,0.0,0,0.2859179478015543,0.2227671295404434,0.0631508182611109,20,276,20,1,0.5394865336635282,0,0.7999999999999999,-0.0874307230547792,0,0.0,0,0,0.0,0.0,297,5.697093486505405,10,24,4,2.5794950684639155,5.6240175061873385,3.044522437723423,0.8691049292683601
716,23,26,True,2,0.6527946216948334,1,1,0,0.948683298050514,0.6617078433038943,0.0104388819852765,-0.0089132216090609,0,0.0,0.0,0,0.3479866048832605,0.1036484986543655,0.2443381062288949,26,26,26,1,-0.6696245577854615,0,0.948683298050514,-1.3313324010893557,0,0.0,0,0,0.0,0.0,27,3.332204510175204,9,25,3,0.0,3.295836866004329,3.295836866004329,0.0
717,23,27,True,2,0.553372073310268,1,3,1,0.7378647873726218,-2.572968295548008,0.0250926798781032,3.126340368858276,1,3.126340368858276,1.0,1,-2.6073410674865225,-0.4227909445762634,2.184550122910259,2,13,2,1,0.5289107602923016,1,0.7378647873726218,3.101879055840309,1,3.101879055840309,1,1,3.101879055840309,1.0,15,2.772588722239781,10,23,3,1.5404450409471486,2.6390573296152584,1.0986122886681098,0.7534297779202461
718,23,28,True,2,0.5178383532477177,2,3,1,0.7378647873726218,-2.572968295548008,0.0250926798781032,3.0908066487957253,1,3.0908066487957253,1.0,1,-2.6628152590583363,-0.8081672787666321,1.854647980291704,13,7,7,2,0.4897560929259423,1,0.7378647873726218,3.06272438847395,1,3.06272438847395,1,1,3.06272438847395,1.0,20,3.044522437723423,11,24,2,-0.5596157879354227,2.0794415416798357,2.0794415416798357,-0.08609190583229065
719,23,29,True,2,0.4826599703857928,2,1,1,0.7378647873726218,-2.572968295548008,0.0250926798781032,3.0556282659338008,1,3.0556282659338008,1.0,1,-2.7203623258341896,-0.8909649848937988,1.8293973409403907,7,4,4,2,0.4510358621589127,1,0.7378647873726218,3.0240041577069205,1,3.0240041577069205,1,1,3.0240041577069205,1.0,11,2.4849066497880004,12,25,2,-0.47000362924573547,1.6094379124341003,1.6094379124341003,-0.08152064681053162
730,24,10,True,2,-0.0515499710727678,3,3,0,0.948683298050514,-1.18260208652237,0.2023753484679742,1.131052115449602,0,0.0,0.0,0,-0.9204696039085156,-1.1337867975234983,0.2133171936149829,723,723,723,3,-0.0544805550829126,0,0.948683298050514,1.1281215314394573,0,0.0,0,0,0.0,0.0,729,6.593044534142437,28,20,2,0.0,6.584791392385716,6.584791392385716,0.0
731,24,11,True,2,-0.0181688815021409,3,1,1,0.7378647873726218,-1.3268884957396898,0.1884854187743808,1.3087196142375488,1,1.3087196142375488,0.4494549695277151,1,-0.8967048286230803,-1.3442296981811523,0.447524869558072,288,450,288,1,-0.0196063620123013,0,0.948683298050514,1.3072821337273886,0,0.0,0,0,0.0,0.0,738,6.6052979209482015,27,19,3,0.4450406513902463,6.111467339502679,5.666426688112432,0.25865477323532104
732,24,12,True,3,0.0132454929827077,3,3,0,0.7999999999999999,-1.117180679469103,0.213997072923724,1.1304261724518108,0,0.0,0.0,0,-0.8613460563246627,-1.5172126293182373,0.6558665729935746,421,421,421,3,0.0128187935282887,0,0.7999999999999999,1.1299994729973917,0,0.0,0,0,0.0,0.0,551,6.313548046277095,26,18,3,0.0,6.045005314036012,6.045005314036012,0.0
733,24,13,True,3,0.0475442229432742,1,1,0,0.3999999999999999,-1.2258980634802952,0.1996097876493909,1.2734422864235695,0,0.0,0.0,0,-0.8097108150856005,-1.1765801906585691,0.3668693755729688,471,471,471,1,0.0475496008625119,0,0.3999999999999999,1.273447664342807,0,0.0,0,0,0.0,0.0,610,6.415096959171596,25,19,2,0.0,6.156978985585555,6.156978985585555,0.0
734,24,14,True,2,0.08311393375043,3,3,0,0.948683298050514,-1.215981525976097,0.2259662811531508,1.2990954597265272,0,0.0,0.0,0,-0.8117254820278857,-1.2887303829193115,0.4770049008914258,19,19,19,3,0.0078611277056507,0,0.948683298050514,1.223842653681748,0,0.0,0,0,0.0,0.0,20,3.044522437723423,24,22,2,0.0,2.995732273553991,2.995732273553991,0.0
735,24,15,True,2,0.1159866405221521,1,1,0,0.948683298050514,-1.3404969576159589,0.2049260479884203,1.4564835981381108,0,0.0,0.0,0,-0.7795119367500905,-1.1305160522460938,0.3510041154960033,53,53,53,1,0.1101408356435196,0,0.948683298050514,1.4506377932594785,0,0.0,0,0,0.0,0.0,72,4.290459441148391,23,23,2,0.0,3.9889840465642745,3.9889840465642745,0.0
736,24,16,True,1,0.0419693313316161,3,3,0,0.7745966692414834,-1.8487340281205893,0.223534648231148,1.8907033594522056,0,0.0,0.0,0,-1.9380178917550748,-1.0346394777297974,0.9033784140252774,18,18,18,3,-0.0563811939922435,0,0.7745966692414834,1.792352834128346,0,0.0,0,0,0.0,0.0,18,2.9444389791664403,22,22,2,0.0,2.9444389791664403,2.9444389791664403,0.0
737,24,17,True,2,0.0675258747116211,3,3,0,0.948683298050514,-1.7343037876138845,0.2488794235037307,1.8018296623255057,0,0.0,0.0,0,-2.0146870023057963,-1.2153139114379885,0.7993730908678081,22,22,22,3,-0.0306856437851172,0,0.948683298050514,1.7036181438287672,0,0.0,0,0,0.0,0.0,34,3.5553480614894135,21,21,3,0.0,3.1354942159291497,3.1354942159291497,0.0
738,24,18,True,2,0.1046168863586625,3,1,1,0.7378647873726218,-1.946847989025956,0.2165208991686313,2.0514648753846183,1,2.0514648753846183,0.7045367648060706,1,-2.022809860283165,-1.1481928825378418,0.8746169777453234,2,26,2,3,0.0017400441009144,1,0.7378647873726218,1.94858803312687,1,1.94858803312687,1,1,1.94858803312687,0.6564246943397788,28,3.367295829986474,20,22,3,2.197224577336219,3.295836866004329,1.0986122886681098,0.8575551211833954
739,24,19,True,2,0.1359766522102124,1,1,0,0.948683298050514,-1.8427291568021336,0.2424987781875629,1.9787058090123464,0,0.0,0.0,0,-2.013400458408039,-1.0372542142868042,0.9761462441212349,4,4,4,1,0.0679474055115931,0,0.948683298050514,1.910676562313727,0,0.0,0,0,0.0,0.0,7,2.0794415416798357,19,23,2,0.0,1.6094379124341003,1.6094379124341003,0.0
740,24,20,True,2,0.239133571179982,3,3,0,0.948683298050514,-1.7545776960955417,0.2579367712901124,1.9937112672755235,0,0.0,0.0,0,-1.9482166299080943,-0.8249964118003845,1.1232202181077098,19,19,19,3,0.2099240737547033,0,0.948683298050514,1.9645017698502447,0,0.0,0,0,0.0,0.0,20,3.044522437723423,16,22,2,0.0,2.995732273553991,2.995732273553991,0.0
741,24,21,True,3,0.2718520914236665,1,1,0,1.0,-1.6201320980007303,0.2571969021667651,1.891984189424397,0,0.0,0.0,0,-1.9327448737966837,-0.6890051960945129,1.2437396777021703,18,18,18,1,0.245964286990106,0,1.0,1.8660963849908363,0,0.0,0,0,0.0,0.0,21,3.091042453358316,15,21,3,0.0,2.9444389791664403,2.9444389791664403,0.0
742,24,22,True,2,0.1763626959898409,3,3,0,0.948683298050514,-2.5456573481502134,0.0389156822058402,2.7220200441400544,0,0.0,0.0,0,-2.87535982160323,-1.0082170963287354,1.8671427252744943,87,87,87,0,-0.7356986478628588,1,0.7378647873726218,1.8099587002873547,1,1.8099587002873547,1,0,0.0,0.0,93,4.543294782270004,14,22,2,0.0,4.477336814478207,4.477336814478207,0.0
743,24,23,True,3,0.210823794470613,0,1,1,0.1999999999999999,-2.5456573481502134,0.0389156822058402,2.756481142620826,1,2.756481142620826,0.9466612515639172,1,-2.8748211372263497,-0.609688937664032,2.2651321995623177,2,378,2,2,-0.7605673830494469,1,0.3999999999999999,1.7850899651007666,1,1.7850899651007666,1,1,1.7850899651007666,0.6013467776613325,441,6.091309882077698,13,23,3,4.838923916414316,5.937536205082426,1.0986122886681098,0.8573992436286062
744,24,24,True,1,0.6174782083912755,3,3,0,0.7745966692414834,0.6304450685077375,0.0080064506243396,-0.0129668601164619,0,0.0,0.0,0,0.2971622489772378,-0.7170812487602234,1.0142434977374613,22,22,22,3,0.574831792283495,0,0.7745966692414834,-0.0556132762242425,0,0.0,0,0,0.0,0.0,22,3.1354942159291497,10,26,1,0.0,3.1354942159291497,3.1354942159291497,0.0
745,24,25,True,3,0.6557584003630855,3,3,0,1.0,0.6635533326927501,0.0105305341242029,-0.0077949323296645,0,0.0,0.0,0,0.3332026768182189,-0.04364650323987,0.376849180058089,229,229,229,3,0.6138689944924329,0,1.0,-0.0496843382003171,0,0.0,0,0,0.0,0.0,299,5.703782474656201,9,25,3,0.0,5.438079308923196,5.438079308923196,0.0
746,24,26,True,3,0.697667763391842,1,1,0,1.0,0.5379710649507933,0.1654004349920759,0.1596966984410487,0,0.0,0.0,0,0.4014198365148632,0.4659498035907745,0.0645299670759113,232,232,232,1,0.6563978796740992,0,0.7999999999999999,0.1184268147233059,0,0.0,0,0,0.0,0.0,244,5.501258210544727,8,25,4,0.0,5.4510384535657,5.4510384535657,0.0
747,24,27,True,2,0.6606910864284758,2,1,1,0.7378647873726218,-2.3461919040777146,0.1717292532507316,3.0068829905061905,1,3.0068829905061905,1.0,1,-2.2441786042068785,-0.0753716677427291,2.1688069364641493,4,13,4,2,0.605068130508747,1,0.7378647873726218,2.9512600345864617,1,2.9512600345864617,1,1,2.9512600345864617,0.9941967892576548,17,2.8903717578961645,9,24,3,1.0296194171811581,2.6390573296152584,1.6094379124341003,0.667085275053978
748,24,28,True,2,0.4133550383095145,3,3,0,0.948683298050514,-2.572968295548008,0.0250926798781032,2.986323333857522,0,0.0,0.0,0,-2.816982820048352,-1.5013004541397097,1.3156823659086423,5,5,5,3,0.3748794885322102,0,0.948683298050514,2.947847784080218,0,0.0,0,0,0.0,0.0,8,2.1972245773362196,14,27,2,0.0,1.791759469228055,1.791759469228055,0.0
749,24,29,True,2,0.4478333713524871,0,2,1,0.7378647873726218,-2.572968295548008,0.0250926798781032,3.020801666900495,1,3.020801666900495,1.0,1,-2.781098785230749,-1.2866568565368652,1.4944419286938837,4,6,4,0,0.4127452478834262,1,0.7378647873726218,2.985713543431434,1,2.985713543431434,1,1,2.985713543431434,1.0,10,2.3978952727983707,13,26,2,0.33647223662121295,1.9459101490553132,1.6094379124341003,0.2206418812274933
755,25,5,True,1,-0.3038541281782606,3,3,0,0.7745966692414834,-0.3095101298234175,0.0178529077623468,0.0056560016451569,0,0.0,0.0,0,-1.4674383341430013,-1.2393288612365725,0.228109472906429,1,1,1,3,-1.6357017914909924,0,0.7745966692414834,-1.3261916616675749,0,0.0,0,0,0.0,0.0,1,0.6931471805599453,36,28,2,0.0,0.6931471805599453,0.6931471805599453,0.0
756,25,6,True,2,-0.276620332170518,1,1,0,0.948683298050514,-0.3893559196859487,0.1174145393993923,0.1127355875154307,0,0.0,0.0,0,-1.4502177712768114,-1.2464563846588137,0.2037613866179979,27,27,27,1,-0.3136604453313548,0,0.948683298050514,0.0756954743545939,0,0.0,0,0,0.0,0.0,142,4.962844630259907,35,29,3,0.0,3.332204510175204,3.332204510175204,0.0
757,25,7,True,3,-0.3053651383434576,2,2,0,1.0,-0.313605595283297,0.0175066622384977,0.0082404569398393,0,0.0,0.0,0,-1.4942680980054557,-1.3701568841934204,0.1241112138120352,113,113,113,2,-0.3426784259380914,0,0.948683298050514,-0.0290728306547943,0,0.0,0,0,0.0,0.0,298,5.700443573390687,36,30,1,0.0,4.736198448394496,4.736198448394496,0.0
759,25,9,True,1,-0.1139759564834205,3,3,0,0.7745966692414834,-1.2384692001723294,0.2006820597210706,1.1244932436889088,0,0.0,0.0,0,-0.9678655188750662,-1.3018686771392822,0.334003158264216,1,1,1,3,-2.713849719519211,0,0.7745966692414834,-1.4753805193468816,0,0.0,0,0,0.0,0.0,1,0.6931471805599453,30,22,3,0.0,0.6931471805599453,0.6931471805599453,0.0
760,25,10,True,1,-0.084824199145427,0,0,0,0.7745966692414834,-1.127034208414543,0.1927462856098848,1.042210009269116,0,0.0,0.0,0,-0.9444042582757628,-1.2140986919403076,0.2696944336645448,25,25,25,0,-0.1547168320623648,0,0.7745966692414834,0.9723173763521782,0,0.0,0,0,0.0,0.0,25,3.258096538021482,29,21,2,0.0,3.258096538021482,3.258096538021482,0.0
761,25,11,True,2,0.0138596219480979,3,3,0,0.948683298050514,-1.215826690525199,0.2067246920639016,1.229686312473297,0,0.0,0.0,0,-0.8811425013748397,-1.1058387756347656,0.2246962742599259,434,434,434,3,0.0130057592639695,0,0.948683298050514,1.2288324497891685,0,0.0,0,0,0.0,0.0,466,6.1463292576688975,26,20,2,0.0,6.075346031088684,6.075346031088684,0.0
762,25,12,True,2,0.0477617208164823,3,1,1,0.7378647873726218,-1.2504272302326764,0.1932704433371095,1.2981889510491589,1,1.2981889510491589,0.4458384126648443,1,-0.8549189827382755,-0.9626466035842896,0.107727620846014,164,320,164,3,0.0467892237403303,1,0.7378647873726218,1.2972164539730069,1,1.2972164539730069,1,1,1.2972164539730069,0.4369958656296032,484,6.184148890937483,25,21,3,0.6654956492294355,5.771441123130016,5.10594547390058,0.28981733322143555
763,25,13,True,3,0.0814298610615397,3,3,0,0.7999999999999999,-1.202373064099828,0.2107473928312457,1.2838029251613678,0,0.0,0.0,0,-0.7625780840623478,-1.108265995979309,0.3456879119169612,580,580,580,3,0.0817675462516979,0,1.0,1.284140610351526,0,0.0,0,0,0.0,0.0,763,6.638567789166521,24,20,3,0.0,6.364750756851911,6.364750756851911,0.0
764,25,14,True,3,0.117521590858195,1,1,0,0.3999999999999999,-1.3268884957396898,0.1884854187743808,1.4444100865978848,0,0.0,0.0,0,-0.7115920706232228,-0.8335580229759216,0.1219659523526988,444,444,444,1,0.1172906509124194,0,0.3999999999999999,1.4441791466521092,0,0.0,0,0,0.0,0.0,579,6.363028103540465,23,21,2,0.0,6.09807428216624,6.09807428216624,0.0
765,25,15,True,2,0.1507014800117723,3,3,0,0.948683298050514,-1.1858396663373338,0.2129983474910866,1.336541146349106,0,0.0,0.0,0,-0.7344588037296124,-0.821894645690918,0.0874358419613056,457,457,457,3,0.146867923962272,0,0.948683298050514,1.3327075902996055,0,0.0,0,0,0.0,0.0,497,6.210600077024653,22,24,2,0.0,6.126869184114185,6.126869184114185,0.0
766,25,16,True,3,0.1861499580290621,1,1,0,0.7999999999999999,-1.3268884957396898,0.1884854187743808,1.513038453768752,0,0.0,0.0,0,-0.7020945865023235,-0.6792498230934143,0.0228447634089091,383,383,383,1,0.182224380064387,0,0.7999999999999999,1.5091128758040768,0,0.0,0,0,0.0,0.0,456,6.124683390894205,21,23,3,0.0,5.950642552587727,5.950642552587727,0.0
768,25,18,True,2,0.1359766522102124,3,3,0,0.948683298050514,-1.8427291568021336,0.2424987781875629,1.9787058090123464,0,0.0,0.0,0,-2.012549981935038,-0.9241235852241516,1.0884263967108865,17,17,17,3,-1.202682379965374,0,0.948683298050514,0.6400467768367599,0,0.0,0,0,0.0,0.0,24,3.2188758248682006,19,23,3,0.0,2.8903717578961645,2.8903717578961645,0.0
769,25,19,True,2,0.1676531833733941,3,3,0,0.948683298050514,-1.946847989025956,0.2165208991686313,2.11450117239935,0,0.0,0.0,0,-1.9921640327614945,-0.9597151875495912,1.0324488452119032,21,21,21,3,0.1032388128280335,0,0.948683298050514,2.0500868018539893,0,0.0,0,0,0.0,0.0,26,3.295836866004329,18,24,3,0.0,3.091042453358316,3.091042453358316,0.0
770,25,20,True,2,0.2067422361387345,0,0,0,0.948683298050514,-1.6503326343125178,0.2477040832281463,1.8570748704512523,0,0.0,0.0,0,-1.965175295265152,-0.6690563559532166,1.2961189393119352,18,18,18,0,0.1733752037436753,0,0.948683298050514,1.823707838056193,0,0.0,0,0,0.0,0.0,20,3.044522437723423,17,23,2,0.0,2.9444389791664403,2.9444389791664403,0.0
771,25,21,True,1,0.309032228064217,1,0,1,0.2581988897471611,-1.7545776960955417,0.2579367712901124,2.0636099241597585,1,2.0636099241597585,0.7087077518286221,1,-1.8875274439926937,-0.4761592745780945,1.4113681694145992,21,0,0,1,0.3075052049963681,1,0.2581988897471611,2.0620829010919097,1,2.0620829010919097,1,1,2.0620829010919097,0.6946579343815614,21,3.091042453358316,14,22,2,-3.091042453358316,0.0,0.0,-0.9442107584327459
772,25,22,True,1,0.1405697121586362,3,3,0,0.7745966692414834,-2.5456573481502134,0.0389156822058402,2.6862270603088496,0,0.0,0.0,0,-2.878234996874936,-1.1970252990722656,1.6812096978026705,102,102,102,3,-0.8093196679929642,0,0.7745966692414834,1.7363376801572492,0,0.0,0,0,0.0,0.0,102,4.634728988229636,15,25,1,0.0,4.634728988229636,4.634728988229636,0.0
773,25,23,True,2,0.1746301166031389,0,0,0,0.948683298050514,-2.5456573481502134,0.0389156822058402,2.720287464753352,0,0.0,0.0,0,-2.8769041478124864,-0.9065276980400084,1.9703764497724776,373,373,373,0,-0.7853974148451941,0,0.948683298050514,1.7602599333050193,0,0.0,0,0,0.0,0.0,472,6.159095388491933,14,24,2,0.0,5.924255797414532,5.924255797414532,0.0
774,25,24,True,2,0.4228274381610748,3,3,0,0.948683298050514,0.4284004055985903,0.0094440299733426,-0.0055729674375154,0,0.0,0.0,0,-1.9246604045598932,-1.4341256618499756,0.4905347427099178,1022,1022,1022,3,0.4185852404554386,0,0.948683298050514,-0.0098151651431516,0,0.0,0,0,0.0,0.0,1285,7.1592919047975645,15,27,2,0.0,6.930494765951626,6.930494765951626,0.0
775,25,25,True,2,0.459536260023874,1,1,0,0.948683298050514,0.4597287836406765,0.0124164346316001,-0.0001925236168024,0,0.0,0.0,0,-1.91372127071537,-1.2248928546905518,0.6888284160248181,582,582,582,1,0.4549600921090138,0,0.948683298050514,-0.0047686915316626,0,0.0,0,0,0.0,0.0,1147,7.045776576879511,14,28,2,0.0,6.368187186350492,6.368187186350492,0.0
776,25,26,True,2,0.7400130284020163,1,1,0,0.632455532033676,0.7398395356052354,0.0111261335747432,0.0001734927967809,0,0.0,0.0,0,0.6764484328305562,0.1665300279855728,0.5099184048449834,244,244,244,1,0.7347009485509256,0,0.632455532033676,-0.0051385870543098,0,0.0,0,0,0.0,0.0,247,5.5134287461649825,7,26,2,0.0,5.501258210544727,5.501258210544727,0.0
777,25,27,True,2,0.2750324189857636,1,1,0,0.632455532033676,-2.508798402345749,0.0676603547870031,2.7838308213315126,0,0.0,0.0,0,-2.817187049251517,-0.7535020709037781,2.063684978347739,52,52,52,1,0.2386179656510914,0,0.632455532033676,2.7474163679968404,0,0.0,0,0,0.0,0.0,53,3.9889840465642745,10,25,2,0.0,3.970291913552122,3.970291913552122,0.0
778,25,28,True,3,0.3792214885969716,0,1,1,0.3999999999999999,-2.508798402345749,0.0676603547870031,2.8880198909427204,1,2.8880198909427204,0.9918357438505434,1,-2.8434987004178693,-1.4732249975204468,1.3702737028974226,2,129,2,0,0.3374340646714447,1,0.3999999999999999,2.846232467017193,1,2.846232467017193,1,1,2.846232467017193,0.958815945402078,143,4.969813299576001,13,28,2,3.768922161787472,4.867534450455582,1.0986122886681098,0.886338509619236
779,25,29,True,1,0.8373602167429304,1,1,0,0.7745966692414834,0.8695718179799998,0.0049440047870104,-0.0322116012370694,0,0.0,0.0,0,0.8393831827498964,0.4831752181053161,0.3562079646445802,3,3,3,1,0.8640480838524142,0,0.7745966692414834,-0.0055237341275856,0,0.0,0,0,0.0,0.0,3,1.3862943611198906,4,33,1,0.0,1.3862943611198906,1.3862943611198906,0.0
786,26,6,True,2,-0.2444751364499684,3,3,0,0.948683298050514,-0.2206796691986626,0.013873427046647,-0.0237954672513058,0,0.0,0.0,0,-1.1925365674335404,-1.287764549255371,0.0952279818218306,279,279,279,3,-0.2478104711198841,0,0.948683298050514,-0.0271308019212214,0,0.0,0,0,0.0,0.0,300,5.707110264748875,34,30,2,0.0,5.634789603169249,5.634789603169249,0.0
787,26,7,True,4,-0.2135038719109193,1,1,0,0.316227766016838,-0.1966442111677169,0.0158602914969768,-0.0168596607432024,0,0.0,0.0,0,-1.137064297163874,-1.1417219638824463,0.0046576667185722,1035,1035,1035,1,-0.2159768023778311,0,0.316227766016838,-0.0193325912101141,0,0.0,0,0,0.0,0.0,1293,7.165493475060845,33,31,2,0.0,6.943122422819428,6.943122422819428,0.0
790,26,10,True,1,-0.1170263569164277,3,3,0,0.7745966692414834,-0.1267535527220598,0.0257635423265397,0.0097271958056321,0,0.0,0.0,0,-1.0393900496791275,-1.3151185512542725,0.2757285015751447,27,27,27,3,-0.1158765048351935,0,0.7745966692414834,0.0108770478868662,0,0.0,0,0,0.0,0.0,27,3.332204510175204,30,30,2,0.0,3.332204510175204,3.332204510175204,0.0
791,26,11,True,2,-0.0867853753496968,1,1,0,0.948683298050514,-0.0842400345097912,0.0191989091095205,-0.0025453408399055,0,0.0,0.0,0,-1.0185167631886167,-1.378266215324402,0.3597494521357851,37,37,37,1,-0.0851665074620854,0,0.948683298050514,-0.0009264729522941,0,0.0,0,0,0.0,0.0,52,3.970291913552122,29,31,2,0.0,3.6375861597263857,3.6375861597263857,0.0
792,26,12,True,2,0.0162426146578845,3,3,0,0.948683298050514,-1.117180679469103,0.213997072923724,1.1334232941269875,0,0.0,0.0,0,-0.87050271377213,-1.1745712757110596,0.3040685619389296,434,434,434,3,0.0174007042820786,0,0.948683298050514,1.1345813837511816,0,0.0,0,0,0.0,0.0,477,6.169610732491456,26,22,2,0.0,6.075346031088684,6.075346031088684,0.0
793,26,13,True,3,0.0481940837654563,1,1,0,0.3999999999999999,-1.3181573766159784,0.190439505982604,1.3663514603814348,0,0.0,0.0,0,-0.8469634065451159,-0.9682024121284484,0.1212390055833325,313,313,313,1,0.049556468613205,0,0.3999999999999999,1.3677138452291835,0,0.0,0,0,0.0,0.0,468,6.150602768446279,25,23,2,0.0,5.749392985908253,5.749392985908253,0.0
794,26,14,True,1,0.1528517684073866,3,3,0,0.7745966692414834,-1.202373064099828,0.2107473928312457,1.3552248325072147,0,0.0,0.0,0,-0.6596634218613776,-0.5618123412132263,0.0978510806481512,508,508,508,3,0.1522915827709802,0,0.7745966692414834,1.3546646468708083,0,0.0,0,0,0.0,0.0,508,6.2324480165505225,22,22,3,0.0,6.2324480165505225,6.2324480165505225,0.0
795,26,15,True,2,0.188305218173775,3,3,0,0.948683298050514,-1.3268884957396898,0.1884854187743808,1.5151937139134648,0,0.0,0.0,0,-0.6294313444690993,-0.5040012001991272,0.1254301442699721,513,513,513,3,0.1885786394156939,0,0.948683298050514,1.5154671351553837,0,0.0,0,0,0.0,0.0,514,6.244166900663736,21,23,2,0.0,6.2422232654551655,6.2422232654551655,0.0
796,26,16,True,2,0.2236844645170888,3,3,0,0.948683298050514,-1.202373064099828,0.2107473928312457,1.4260575286169168,0,0.0,0.0,0,-0.6025669281896009,-0.6653305888175964,0.0627636606279955,733,733,733,3,0.2243786842380947,0,0.948683298050514,1.4267517483379228,0,0.0,0,0,0.0,0.0,893,6.795705775173514,20,24,4,0.0,6.598509028614515,6.598509028614515,0.0
797,26,17,True,3,0.2603986026862148,3,3,0,1.0,-1.2504272302326764,0.1932704433371095,1.5108258329188913,0,0.0,0.0,0,-0.5189138148783932,-0.4833216071128845,0.0355922077655086,747,747,747,3,0.2626860778660815,0,1.0,1.513113308098758,0,0.0,0,0,0.0,0.0,754,6.626717749249025,19,25,2,0.0,6.617402977974478,6.617402977974478,0.0
798,26,18,True,3,0.2969044458042993,1,1,0,0.7999999999999999,-1.1101137509641448,0.2164876101563713,1.407018196768444,0,0.0,0.0,0,-0.488972141177572,-0.4959748387336731,0.007002697556101,649,649,649,3,0.2993499804278652,1,0.7999999999999999,1.40946373139201,1,1.40946373139201,1,0,0.0,0.0,727,6.590301048196686,18,26,3,0.0,6.476972362889683,6.476972362889683,0.0
799,26,19,True,2,0.3275338347480255,3,3,0,0.632455532033676,-1.097250467721796,0.2115289107362653,1.4247843024698217,0,0.0,0.0,0,-0.4313643193653015,-0.585560142993927,0.1541958236286254,202,202,202,3,0.3354468646524466,0,0.632455532033676,1.432697332374243,0,0.0,0,0,0.0,0.0,204,5.3230099791384085,17,27,2,0.0,5.313205979041787,5.313205979041787,0.0
800,26,20,True,2,0.3668816946737972,1,1,0,0.948683298050514,-1.070844752437674,0.2258553703078899,1.437726447111471,0,0.0,0.0,0,-0.4007559374331551,-0.4666963219642639,0.0659403845311087,138,138,138,1,0.3728455723030968,0,0.948683298050514,1.4436903247407706,0,0.0,0,0,0.0,0.0,226,5.424950017481403,16,28,2,0.0,4.9344739331306915,4.9344739331306915,0.0
801,26,21,True,1,0.3441280237112821,3,3,0,0.7745966692414834,0.3401612405904902,0.0122337921837543,0.0039667831207919,0,0.0,0.0,0,-1.8727934963371864,-0.2705793976783752,1.6022140986588114,62,62,62,3,0.3452864660071446,0,0.7745966692414834,0.0051252254166543,0,0.0,0,0,0.0,0.0,62,4.143134726391533,13,23,3,0.0,4.143134726391533,4.143134726391533,0.0
802,26,22,True,2,0.3800734731083665,3,3,0,0.948683298050514,0.3724669210789638,0.015606615051929,0.0076065520294026,0,0.0,0.0,0,-1.9332982792604247,-0.7607818245887756,1.1725164546716496,82,82,82,3,0.3778754785488453,0,0.948683298050514,0.0054085574698814,0,0.0,0,0,0.0,0.0,84,4.442651256490317,14,24,2,0.0,4.418840607796598,4.418840607796598,0.0
803,26,23,True,3,0.4178569949420959,3,3,0,0.7999999999999999,0.4167500894087174,0.0149778637611469,0.0011069055333784,0,0.0,0.0,0,-1.925071548987215,-1.1607636213302612,0.7643079276569538,213,213,213,3,0.4156426997837844,0,0.7999999999999999,-0.001107389624933,0,0.0,0,0,0.0,0.0,232,5.4510384535657,15,25,2,0.0,5.365976015021851,5.365976015021851,0.0
804,26,24,True,4,0.4577203247999363,3,3,0,0.3999999999999999,0.461448900349959,0.0121395085577512,-0.0037285755500227,0,0.0,0.0,0,-1.911522252139661,-1.1361212730407717,0.7754009790988898,949,949,949,3,0.4539622910733313,0,0.3999999999999999,-0.0074866092766277,0,0.0,0,0,0.0,0.0,1779,7.484368643286131,14,26,3,0.0,6.856461984594587,6.856461984594587,0.0
805,26,25,True,3,0.4975317480760921,1,1,0,0.7999999999999999,0.4963777560664418,0.0117223017370246,0.0011539920096502,0,0.0,0.0,0,-1.8778035868320784,-0.9918203949928284,0.8859831918392498,3971,3971,3971,1,0.4936713981417915,0,0.7999999999999999,-0.0027063579246503,0,0.0,0,0,0.0,0.0,5245,8.56522116042682,13,27,3,0.0,8.287025025165063,8.287025025165063,0.0
806,26,26,True,4,0.7806502179386227,3,1,1,-0.3999999999999999,0.783209026117152,0.0092588796209571,-0.0025588081785293,0,0.0,0.0,0,0.7271707314680059,0.4205253720283508,0.3066453594396551,1,668,1,1,0.77760022285091,0,0.316227766016838,-0.005608803266242,0,0.0,0,0,0.0,0.0,682,6.52649485957079,6,27,2,5.8126368795682835,6.505784060128229,0.6931471805599453,0.9732738486491144
807,26,27,True,2,0.3034273199579449,3,0,1,0.7378647873726218,-2.508798402345749,0.0676603547870031,2.812225722303694,1,2.812225722303694,0.9658056718737597,1,-2.838453226984603,-1.2736420631408691,1.564811163843734,108,34,34,3,0.2640796506920785,1,0.7378647873726218,2.7728780530378274,1,2.7728780530378274,1,1,2.7728780530378274,0.9341048992721216,142,4.962844630259907,11,26,2,-1.13599982073973,3.5553480614894135,3.5553480614894135,-0.5418643355369568
808,26,28,True,2,0.3413591406236301,0,2,1,0.7378647873726218,-2.508798402345749,0.0676603547870031,2.850157542969379,1,2.850157542969379,0.9788326374024752,1,-2.843005428784939,-1.3591656684875488,1.48383976029739,129,90,90,0,0.3004115897711778,1,0.7378647873726218,2.8092099921169265,1,2.8092099921169265,1,1,2.8092099921169265,0.9463441112550152,219,5.393627546352362,12,27,2,-0.35667494393873245,4.51085950651685,4.51085950651685,-0.15071707963943481
809,26,29,True,2,0.8955020371927442,1,1,0,0.632455532033676,0.912578802,0.0045702051329112,-0.0170767648072557,0,0.0,0.0,0,0.8873878599677104,0.8445393443107605,0.0428485156569499,21,21,21,1,0.9062435311235298,0,0.632455532033676,-0.0063352708764701,0,0.0,0,0,0.0,0.0,22,3.1354942159291497,3,32,2,0.0,3.091042453358316,3.091042453358316,0.0
815,27,5,True,1,-0.2562290173797529,3,3,0,0.7745966692414834,-2.4999197018384165,0.0694536680307149,2.2436906844586635,0,0.0,0.0,0,-1.1550026914758018,-0.9621039032936096,0.1928987881821922,6,6,6,3,-1.577462131407423,0,0.7745966692414834,0.9224575704309934,0,0.0,0,0,0.0,0.0,6,1.9459101490553132,34,28,2,0.0,1.9459101490553132,1.9459101490553132,0.0
816,27,6,True,2,-0.2146567307802828,3,1,1,0.7378647873726218,-2.3859859389648115,0.1362562296607891,2.171329208184529,1,2.171329208184529,0.7457019001490067,1,-1.1342443809945628,-0.9625903964042664,0.1716539845902964,137,12,12,3,-0.2532107626565717,1,0.7378647873726218,2.13277517630824,1,2.13277517630824,1,1,2.13277517630824,0.7184721805753035,149,5.0106352940962555,33,29,3,-2.3623043276956683,2.5649493574615367,2.5649493574615367,-0.762461394071579
817,27,7,True,4,-0.1818617489564495,1,1,0,0.1999999999999999,-0.2776940550187946,0.1229439665748554,0.095832306062345,0,0.0,0.0,0,-1.0952651166077991,-1.087165117263794,0.0080999993440054,999,999,999,1,-0.1847148692327724,0,0.3999999999999999,0.0929791857860222,0,0.0,0,0,0.0,0.0,1461,7.2875606403097235,32,30,3,0.0,6.907755278982137,6.907755278982137,0.0
818,27,8,True,1,-0.1422503593219758,3,3,0,0.7745966692414834,-0.1428117965892839,0.02434570411143,0.000561437267308,0,0.0,0.0,0,-1.052638671535452,-1.1068376302719116,0.0541989587364595,3,3,3,3,-1.4456483227163517,0,0.7745966692414834,-1.3028365261270676,0,0.0,0,0,0.0,0.0,3,1.3862943611198906,31,27,3,0.0,1.3862943611198906,1.3862943611198906,0.0
819,27,9,True,2,-0.1133842020126546,3,1,1,0.7378647873726218,-0.1308080635273405,0.0272257636678801,0.0174238615146858,1,0.0174238615146858,0.0059838952980777,0,-1.029429883835221,-1.1691168546676636,0.1396869708324426,29,12,12,3,-0.1512659139889168,1,0.7378647873726218,-0.0204578504615763,0,0.0,0,0,0.0,0.0,41,3.7376696182833684,30,28,3,-0.8362480242006187,2.5649493574615367,2.5649493574615367,-0.47004392743110657
820,27,10,True,2,-0.0838093577009971,3,3,0,0.948683298050514,-0.0882945453150719,0.0215458714258801,0.0044851876140748,0,0.0,0.0,0,-1.0193883173534544,-1.2969563007354736,0.2775679833820192,19,19,19,3,-0.0868439853513846,0,0.948683298050514,0.0014505599636873,0,0.0,0,0,0.0,0.0,28,3.367295829986474,29,29,3,0.0,2.995732273553991,2.995732273553991,0.0
821,27,11,True,2,-0.0508710278177426,3,3,0,0.948683298050514,-0.066696866053071,0.0186427429844823,0.0158258382353283,0,0.0,0.0,0,-0.9785133971753456,-1.3068122863769531,0.3282988892016074,39,39,39,3,-0.0525064939645549,0,0.948683298050514,0.0141903720885161,0,0.0,0,0,0.0,0.0,65,4.189654742026425,28,30,3,0.0,3.6888794541139363,3.6888794541139363,0.0
822,27,12,True,2,-0.0194311229909493,1,1,0,0.948683298050514,-0.0220757705208443,0.0194178788213471,0.0026446475298949,0,0.0,0.0,0,-0.9242242467506387,-1.111572265625,0.1873480188743612,31,31,31,1,-0.0185090893167336,0,0.948683298050514,0.0035666812041106,0,0.0,0,0,0.0,0.0,43,3.784189633918261,27,31,2,0.0,3.4657359027997265,3.4657359027997265,0.0
823,27,13,True,2,0.0837282578656818,3,3,0,0.948683298050514,-1.1101137509641448,0.2164876101563713,1.1938420088298267,0,0.0,0.0,0,-0.8037326576867699,-0.8371497392654419,0.0334170815786719,279,279,279,3,0.0837267332633032,0,0.948683298050514,1.1938404842274482,0,0.0,0,0,0.0,0.0,310,5.739792912179234,24,24,2,0.0,5.634789603169249,5.634789603169249,0.0
824,27,14,True,3,0.1185113159912006,0,3,1,0.7999999999999999,-1.1273955481073188,0.2017493123978345,1.2459068640985194,1,1.2459068640985194,0.4278831199179445,1,-0.7724658735607356,-0.7882804870605469,0.0158146134998112,78,204,78,3,0.118324583531087,0,1.0,1.245720131638406,0,0.0,0,0,0.0,0.0,285,5.655991810819852,23,23,3,0.953562126671387,5.3230099791384085,4.3694478524670215,0.4593700170516968
825,27,15,True,3,0.1490864920428829,3,3,0,1.0,-1.1818771164095951,0.2153869130541667,1.330963608452478,0,0.0,0.0,0,-0.7823644904220035,-0.6260995864868164,0.1562649039351871,306,306,306,3,0.1523937720631658,0,1.0,1.334270888472761,0,0.0,0,0,0.0,0.0,308,5.733341276897746,22,24,2,0.0,5.726847747587197,5.726847747587197,0.0
826,27,16,True,4,0.1850696161273617,0,0,0,0.3999999999999999,-1.3268884957396898,0.1884854187743808,1.5119581118670515,0,0.0,0.0,0,-0.7583418797803945,-0.4260452389717102,0.3322966408086842,17,17,17,0,0.1877387353575153,0,0.3999999999999999,1.514627231097205,0,0.0,0,0,0.0,0.0,652,6.481577129276431,21,25,3,0.0,2.8903717578961645,2.8903717578961645,0.0
827,27,17,True,1,0.2983519953559049,3,3,0,0.7745966692414834,-1.1101137509641448,0.2164876101563713,1.4084657463200498,0,0.0,0.0,0,-0.493230545038555,-0.3152020573616028,0.1780284876769522,27,27,27,3,0.2974912256501688,0,0.7745966692414834,1.4076049766143135,0,0.0,0,0,0.0,0.0,27,3.332204510175204,18,28,1,0.0,3.332204510175204,3.332204510175204,0.0
828,27,18,True,2,0.3329500925059121,3,3,0,0.948683298050514,-1.097250467721796,0.2115289107362653,1.430200560227708,0,0.0,0.0,0,-0.4658434931250302,-0.3554156422615051,0.1104278508635251,531,531,531,3,0.3334998658429088,0,0.948683298050514,1.430750333564705,0,0.0,0,0,0.0,0.0,757,6.630683385642372,17,27,4,0.0,6.2766434893416445,6.2766434893416445,0.0
829,27,19,True,3,0.3720805811088692,3,3,0,1.0,-1.070844752437674,0.2258553703078899,1.442925333546543,0,0.0,0.0,0,-0.3673400577140508,-0.3043013215065002,0.0630387362075505,653,653,653,3,0.3727948745434586,0,1.0,1.4436396269811325,0,0.0,0,0,0.0,0.0,658,6.490723534502507,16,28,2,0.0,6.483107351457199,6.483107351457199,0.0
830,27,20,True,4,0.4096852144590493,1,2,1,0.0,-1.097250467721796,0.2115289107362653,1.5069356821808453,1,1.5069356821808453,0.5175285246331458,1,-0.3348727620019532,-0.1541463583707809,0.1807264036311722,713,108,108,1,0.410687858666607,1,-0.3999999999999999,1.5079383263884032,1,1.5079383263884032,1,1,1.5069356821808453,0.5076443957104311,830,6.7226297948554485,15,27,3,-1.8795350801104407,4.6913478822291435,4.6913478822291435,-0.7244251370429993
831,27,21,True,2,0.529922947359425,3,3,0,0.948683298050514,0.5510366846780147,0.0074242879019102,-0.0211137373185896,0,0.0,0.0,0,0.1410231765030864,0.0933966189622879,0.0476265575407985,1804,1804,1804,3,0.5289051583314116,0,0.948683298050514,-0.022131526346603,0,0.0,0,0,0.0,0.0,1816,7.504942068396171,12,24,3,0.0,7.498315870766981,7.498315870766981,0.0
832,27,22,True,4,0.5740634941743363,3,3,0,0.316227766016838,0.5905592648056254,0.0085862588237726,-0.016495770631289,0,0.0,0.0,0,0.2439596139563979,-0.0056294687092304,0.2495890826656283,1769,1769,1769,3,0.573489722109897,0,0.316227766016838,-0.0170695426957283,0,0.0,0,0,0.0,0.0,1812,7.502738210754851,11,25,2,0.0,7.478734825567875,7.478734825567875,0.0
833,27,23,True,3,0.6147704652112956,1,1,0,1.0,0.6251271228573053,0.0109763621714092,-0.0103566576460096,0,0.0,0.0,0,0.2850252726550838,0.3002206683158874,0.0151953956608035,1726,1726,1726,1,0.6137172571081132,0,1.0,-0.0114098657491921,0,0.0,0,0,0.0,0.0,1799,7.495541943884256,10,26,3,0.0,7.454141078146678,7.454141078146678,0.0
834,27,24,True,4,0.5780361979295915,2,2,0,0.316227766016838,0.5905592648056254,0.0085862588237726,-0.0125230668760338,0,0.0,0.0,0,-1.6902338322337112,-0.5060985684394836,1.1841352637942275,62,62,62,2,0.5736208708171785,0,0.316227766016838,-0.0169383939884468,0,0.0,0,0,0.0,0.0,1143,7.042286171939743,11,27,2,0.0,4.143134726391533,4.143134726391533,0.0
835,27,25,True,2,0.5382755744133265,2,2,0,0.948683298050514,0.5510366846780147,0.0074242879019102,-0.0127611102646881,0,0.0,0.0,0,-1.848823379873709,-0.9497774839401244,0.8990458959335845,956,956,956,2,0.5339417985847875,0,0.948683298050514,-0.0170948860932271,0,0.0,0,0,0.0,0.0,4891,8.495356496807062,12,28,2,0.0,6.863803391452954,6.863803391452954,0.0
836,27,26,True,3,0.8188386033010813,3,3,0,0.7999999999999999,0.8233440684069822,0.0093367266449332,-0.0045054651059008,0,0.0,0.0,0,0.7707077472551159,0.368650734424591,0.4020570128305248,701,701,701,3,0.8200110983818232,0,0.7999999999999999,-0.0033329700251589,0,0.0,0,0,0.0,0.0,738,6.6052979209482015,5,28,2,0.0,6.553933404025811,6.553933404025811,0.0
837,27,27,True,4,0.8609201615349913,3,3,0,0.632455532033676,0.8658633448855839,0.0097332704130913,-0.0049431833505926,0,0.0,0.0,0,0.8183174303646924,0.7646642327308655,0.0536531976338269,741,741,741,3,0.8628719011699293,0,0.632455532033676,-0.0029914437156546,0,0.0,0,0,0.0,0.0,821,6.71174039505618,4,29,2,0.0,6.60934924316738,6.60934924316738,0.0
838,27,28,True,4,0.9039634586414802,3,3,0,0.632455532033676,0.9125984040000004,0.0053694266151049,-0.00863494535852,0,0.0,0.0,0,0.8719457540360065,0.8999536633491516,0.0280079093131451,747,747,747,3,0.9062129045886624,0,0.632455532033676,-0.0063854994113378,0,0.0,0,0,0.0,0.0,861,6.759255270663693,3,30,2,0.0,6.617402977974478,6.617402977974478,0.0
839,27,29,True,3,0.9475291207325064,1,1,0,1.0,0.9501396000000002,0.0056297497066921,-0.0026104792674939,0,0.0,0.0,0,0.9325803614311424,1.0771205425262451,0.1445401810951025,650,650,650,1,0.9500401706334348,0,0.7999999999999999,-9.942936656537338e-05,0,0.0,0,0,0.0,0.0,747,6.617402977974478,2,31,3,0.0,6.478509642208569,6.478509642208569,0.0
845,28,5,True,1,-0.2700850605033562,3,3,0,0.7745966692414834,-2.4999197018384165,0.0694536680307149,2.22983464133506,0,0.0,0.0,0,-1.2488883306051992,-1.007086992263794,0.2418013383414052,2,2,2,3,-1.6740786744422202,0,0.7745966692414834,0.8258410273961962,0,0.0,0,0,0.0,0.0,2,1.0986122886681098,35,31,2,0.0,1.0986122886681098,1.0986122886681098,0.0
846,28,6,True,3,-0.2425101628019277,0,1,1,0.632455532033676,-2.4999197018384165,0.0694536680307149,2.2574095390364888,1,2.2574095390364888,0.7752645597585238,1,-1.229214802852546,-1.0816707611083984,0.1475440417441476,16,5,5,0,-0.3534936173162219,1,0.632455532033676,2.1464260845221945,1,2.1464260845221945,1,1,2.1464260845221945,0.7230707889519681,23,3.1780538303479458,34,30,3,-1.0414538748281612,1.791759469228055,1.791759469228055,0.22865110635757446
847,28,7,True,4,-0.15074172962047,1,1,0,0.1999999999999999,-0.1415723556459397,0.0231740385965279,-0.0091693739745302,0,0.0,0.0,0,-1.0436528889413317,-0.94016695022583,0.1034859387155016,733,733,733,1,-0.1512757673870159,0,0.316227766016838,-0.0097034117410761,0,0.0,0,0,0.0,0.0,1193,7.085064293952548,31,31,2,0.0,6.598509028614515,6.598509028614515,0.0
848,28,8,True,2,-0.1205153507146786,3,3,0,0.948683298050514,-0.1308080635273405,0.0272257636678801,0.0102927128126618,0,0.0,0.0,0,-1.0066214706310102,-1.1104384660720823,0.1038169954410723,39,39,39,3,-0.1554248886372168,0,0.948683298050514,-0.0246168251098762,0,0.0,0,0,0.0,0.0,42,3.7612001156935624,30,28,2,0.0,3.6888794541139363,3.6888794541139363,0.0
849,28,9,True,4,-0.0898574477097718,1,1,0,0.3999999999999999,-0.0926893967050563,0.0214695178324888,0.0028319489952845,0,0.0,0.0,0,-0.9777459462223967,-0.9510421752929688,0.0267037709294279,178,178,178,1,-0.0894911937345835,0,0.3999999999999999,0.0031982029704727,0,0.0,0,0,0.0,0.0,248,5.517452896464707,29,29,3,0.0,5.187385805840755,5.187385805840755,0.0
850,28,10,True,1,-0.0525327542442844,3,3,0,0.7745966692414834,-0.0681912102417342,0.0184681581549517,0.0156584559974498,0,0.0,0.0,0,-0.9099787878851794,-0.9230391383171082,0.0130603504319287,347,347,347,3,-0.0507498570140898,0,0.7745966692414834,0.0174413532276444,0,0.0,0,0,0.0,0.0,347,5.8522024797744745,28,32,2,0.0,5.8522024797744745,5.8522024797744745,0.0
851,28,11,True,3,-0.0212290594284543,1,1,0,0.3999999999999999,-0.0220757705208443,0.0194178788213471,0.0008467110923899,0,0.0,0.0,0,-0.8878577023729765,-0.895959198474884,0.0081014961019075,370,370,370,1,-0.0193682352813787,0,0.3999999999999999,0.0027075352394655,0,0.0,0,0,0.0,0.0,563,6.335054251498059,27,33,2,0.0,5.916202062607435,5.916202062607435,0.0
852,28,12,True,2,0.0127271880145796,3,3,0,0.948683298050514,0.0105481507433986,0.0154722338636422,0.002179037271181,0,0.0,0.0,0,-0.8624137940527972,-1.007102131843567,0.1446883377907697,31,31,31,3,0.0149676727601063,0,0.948683298050514,0.0044195220167077,0,0.0,0,0,0.0,0.0,35,3.58351893845611,26,32,2,0.0,3.4657359027997265,3.4657359027997265,0.0
853,28,13,True,1,0.0476671583661471,3,3,0,0.7745966692414834,0.0488702923411161,0.0180668036026596,-0.001203133974969,0,0.0,0.0,0,-0.8277940218965809,-0.9077873826026917,0.0799933607061107,32,32,32,3,0.0487959300235547,0,0.7745966692414834,-7.436231756139527e-05,0,0.0,0,0,0.0,0.0,32,3.4965075614664802,25,33,2,0.0,3.4965075614664802,3.4965075614664802,0.0
854,28,14,True,2,0.0828411061149296,3,3,0,0.632455532033676,0.0996925658848691,0.0168770035700035,-0.0168514597699394,0,0.0,0.0,0,-0.8030370008900867,-0.856390655040741,0.0533536541506542,267,267,267,3,0.0830030920956332,0,0.632455532033676,-0.0166894737892358,0,0.0,0,0,0.0,0.0,268,5.594711379601839,24,32,2,0.0,5.5909869805108565,5.5909869805108565,0.0
855,28,15,True,4,0.1162461928018466,1,1,0,0.316227766016838,0.1219299699076256,0.0200556867458205,-0.005683777105779,0,0.0,0.0,0,-0.7782585847261247,-0.7347888946533203,0.0434696900728044,375,375,375,1,0.1175940374215849,0,0.316227766016838,-0.0043359324860406,0,0.0,0,0,0.0,0.0,617,6.42648845745769,23,31,2,0.0,5.929589143389895,5.929589143389895,0.0
856,28,16,True,2,0.1527780249706106,3,3,0,0.948683298050514,0.1766159896119118,0.0135844129156588,-0.0238379646413012,0,0.0,0.0,0,-0.7347918742195917,-0.664646565914154,0.0701453083054376,1091,1091,1091,3,0.1553808366795253,0,0.948683298050514,-0.0212351529323865,0,0.0,0,0,0.0,0.0,1249,7.1308988302963465,22,26,2,0.0,6.9957661563048505,6.9957661563048505,0.0
857,28,17,True,3,0.1866875474154669,1,1,0,0.3999999999999999,0.2087549690831227,0.0144225413728261,-0.0220674216676557,0,0.0,0.0,0,-0.7022023970766909,-0.5888911485671997,0.1133112485094911,892,892,892,1,0.1889630920707511,0,0.3999999999999999,-0.0197918770123715,0,0.0,0,0,0.0,0.0,1609,7.383989457978509,21,27,2,0.0,6.794586580876499,6.794586580876499,0.0
858,28,18,True,2,0.2975003616853294,0,2,1,-0.1054092553389459,-0.8949083499871853,0.1906477288481894,1.1924087116725146,1,1.1924087116725146,0.409510192511009,1,-0.5942797054180018,-0.418182909488678,0.1760967959293238,99,0,0,0,0.2966117021941475,1,-0.1054092553389459,1.1915200521813327,1,1.1915200521813327,1,1,1.1915200521813327,0.4013897102702387,1067,6.97354301952014,18,28,2,-4.605170185988092,0.0,0.0,-0.10157941121724434
859,28,19,True,3,0.2627259591806579,2,1,1,0.7999999999999999,0.2319521670134453,0.042574070951325,0.0307737921672125,1,0.0307737921672125,0.0105686761857121,0,-0.5830826533241681,-0.5770745873451233,0.0060080659790447,861,799,799,1,0.2637139713088266,0,1.0,0.0317618042953812,0,0.0,0,0,0.0,0.0,1661,7.415776975415394,19,29,2,-0.0746435429957657,6.684611727667927,6.684611727667927,-0.03140878677368164
860,28,20,True,3,0.4498232255990405,3,3,0,1.0,0.4469380464934349,0.0228544984272056,0.0028851791056056,0,0.0,0.0,0,-0.2924406331158184,-0.2727989554405212,0.0196416776752971,887,887,887,3,0.4499795065303372,0,1.0,0.0030414600369023,0,0.0,0,0,0.0,0.0,953,6.860663671448287,14,26,2,0.0,6.78897174299217,6.78897174299217,0.0
861,28,21,True,4,0.488647782005176,0,0,0,0.1999999999999999,0.4681548127610576,0.025616481342897,0.0204929692441184,0,0.0,0.0,0,-0.2557274051486285,-0.1588128060102462,0.0969145991383822,1673,1673,1673,0,0.4887152568442118,0,0.3999999999999999,0.0205604440831542,0,0.0,0,0,0.0,0.0,7568,8.931816237309167,13,25,3,0.0,7.422971251049421,7.422971251049421,0.0
862,28,22,True,4,0.4498523517811028,2,2,0,0.1999999999999999,0.4632209715513789,0.0126027233577485,-0.013368619770276,0,0.0,0.0,0,-0.3416714355504218,-0.2651019692420959,0.0765694663083259,6847,6847,6847,2,0.4500065740889523,0,0.316227766016838,-0.0132143974624265,0,0.0,0,0,0.0,0.0,13312,9.496496280431916,14,26,2,0.0,8.831711917821577,8.831711917821577,0.0
863,28,23,True,2,0.655849297554997,3,3,0,0.948683298050514,0.6634988870648003,0.0095235365807596,-0.0076495895098033,0,0.0,0.0,0,0.4674253063067122,0.3699929118156433,0.0974323944910689,1711,1711,1711,3,0.6553500058091644,0,0.948683298050514,-0.0081488812556359,0,0.0,0,0,0.0,0.0,1722,7.45182223652793,9,27,3,0.0,7.445417556701687,7.445417556701687,0.0
864,28,24,True,3,0.6960840529600041,3,1,1,0.7999999999999999,0.7005960181127155,0.0112861116165414,-0.0045119651527114,0,0.0,0.0,0,0.5091652453911485,0.5278083086013794,0.0186430632102309,91,1918,91,3,0.695366546713029,1,0.7999999999999999,-0.0052294713996865,0,0.0,0,0,0.0,0.0,2014,7.608374474380783,8,28,3,3.0377709189586595,7.5595594960077,4.5217885770490405,0.9034891538321972
865,28,25,True,4,0.736550033038223,3,3,0,0.316227766016838,0.7417036663010493,0.0108479566901784,-0.0051536332628263,0,0.0,0.0,0,0.5046060958159515,0.3110164403915405,0.1935896554244109,735,735,735,3,0.7357401915585131,0,0.316227766016838,-0.0059634747425362,0,0.0,0,0,0.0,0.0,768,6.645090969505644,7,29,2,0.0,6.601230118728877,6.601230118728877,0.0
866,28,26,True,3,0.7785884463612534,1,1,0,0.3999999999999999,0.785073156812966,0.0084323200040776,-0.0064847104517126,0,0.0,0.0,0,0.5446070362912518,0.4718464016914367,0.072760634599815,600,600,600,1,0.7776256948350743,0,0.3999999999999999,-0.0074474619778917,0,0.0,0,0,0.0,0.0,1225,7.111512116496157,6,30,2,0.0,6.398594934535208,6.398594934535208,0.0
867,28,27,True,2,0.9079316670656288,3,3,0,0.948683298050514,0.908678004,0.0057351142458594,-0.0007463369343712,0,0.0,0.0,0,0.7984664403840996,0.8395861983299255,0.0411197579458259,3239,3239,3239,3,0.9074002403094698,0,0.948683298050514,-0.0012777636905303,0,0.0,0,0,0.0,0.0,3793,8.24117615049496,3,33,2,0.0,8.083328608786376,8.083328608786376,0.0
868,28,28,True,3,0.951579715618053,1,1,0,0.3999999999999999,0.9481990020000002,0.0070387037881913,0.0033807136180528,0,0.0,0.0,0,0.8588241595897721,1.045285940170288,0.186461780580516,1773,1773,1773,1,0.9512416464404252,0,0.3999999999999999,0.0030426444404251,0,0.0,0,0,0.0,0.0,3335,8.112527763478637,2,34,2,0.0,7.480992162869525,7.480992162869525,0.0
869,28,29,True,3,0.994694601576754,1,1,0,1.0,0.996,0.0027529888064467,-0.001305398423246,0,0.0,0.0,0,0.9934221751171962,1.185873031616211,0.1924508564990147,627,627,627,1,0.9955428660948736,0,1.0,-0.0004571339051263,0,0.0,0,0,0.0,0.0,645,6.470799503782602,1,32,2,0.0,6.4425401664681985,6.4425401664681985,0.0
876,29,6,True,1,-0.2700850605033562,0,0,0,0.7745966692414834,-2.4999197018384165,0.0694536680307149,2.22983464133506,0,0.0,0.0,0,-1.249028381868334,-1.0864059925079346,0.1626223893603995,5,5,5,0,-1.6740786744422202,0,0.7745966692414834,0.8258410273961962,0,0.0,0,0,0.0,0.0,5,1.791759469228055,35,31,2,0.0,1.791759469228055,1.791759469228055,0.0
877,29,7,True,2,-0.119124686880006,3,3,0,0.948683298050514,-0.1308080635273405,0.0272257636678801,0.0116833766473345,0,0.0,0.0,0,-0.9823007547628806,-0.9463478922843932,0.0359528624784872,682,682,682,3,-0.1192639081494375,0,0.948683298050514,0.0115441553779029,0,0.0,0,0,0.0,0.0,731,6.595780513961311,30,32,2,0.0,6.52649485957079,6.52649485957079,0.0
878,29,8,True,2,-0.0869241565295029,3,3,0,0.948683298050514,-0.0926893967050563,0.0214695178324888,0.0057652401755533,0,0.0,0.0,0,-0.9527350719243218,-0.8297716975212097,0.1229633744031121,693,693,693,3,-0.0869410531839604,0,0.948683298050514,0.0057483435210958,0,0.0,0,0,0.0,0.0,694,6.543911845564792,29,31,2,0.0,6.542471960506805,6.542471960506805,0.0
879,29,9,True,3,-0.0548598597208157,3,3,0,1.0,-0.0695701084134724,0.0191893627034931,0.0147102486926567,0,0.0,0.0,0,-0.929550896278972,-0.8651164770126343,0.0644344192663378,652,652,652,3,-0.0542568269993511,0,0.7999999999999999,0.0153132814141212,0,0.0,0,0,0.0,0.0,846,6.741700694652055,28,30,3,0.0,6.481577129276431,6.481577129276431,0.0
880,29,10,True,2,-0.0211399445284534,3,3,0,0.948683298050514,-0.020566331946437,0.0195203155602197,-0.0005736125820164,0,0.0,0.0,0,-0.8843026845233268,-0.8116218447685242,0.0726808397548026,519,519,519,3,-0.0202536417361542,0,0.948683298050514,0.0003126902102827,0,0.0,0,0,0.0,0.0,656,6.48768401848461,27,31,3,0.0,6.253828811575473,6.253828811575473,0.0
881,29,11,True,3,0.012244586570596,3,3,0,1.0,0.0134627181546231,0.0143194950977706,-0.001218131584027,0,0.0,0.0,0,-0.8437226420728694,-0.733888566493988,0.1098340755788813,658,658,658,3,0.0140284480766019,0,1.0,0.0005657299219788,0,0.0,0,0,0.0,0.0,869,6.76849321164863,26,32,3,0.0,6.490723534502507,6.490723534502507,0.0
882,29,12,True,2,0.0465953759556472,3,3,0,0.948683298050514,0.0488096067962824,0.017535719040342,-0.0022142308406352,0,0.0,0.0,0,-0.7948671788329787,-0.6990902423858643,0.0957769364471144,672,672,672,3,0.0487708276744635,0,0.948683298050514,-3.877912181889098e-05,0,0.0,0,0,0.0,0.0,675,6.516193076042964,25,33,2,0.0,6.511745329644728,6.511745329644728,0.0
883,29,13,True,2,0.0808369095271377,3,3,0,0.948683298050514,0.0967779984736446,0.0185911363789055,-0.0159410889465068,0,0.0,0.0,0,-0.7693936469807091,-0.6752175688743591,0.0941760781063499,661,661,661,3,0.083002421637654,0,0.948683298050514,-0.0137755768359905,0,0.0,0,0,0.0,0.0,663,6.498282149476434,24,32,2,0.0,6.495265555937008,6.495265555937008,0.0
884,29,14,True,2,0.1153961119856421,3,3,0,0.948683298050514,0.1203427413403383,0.0198990904439301,-0.0049466293546961,0,0.0,0.0,0,-0.7442707686437758,-0.5861042141914368,0.158166554452339,677,677,677,3,0.1175940199635787,0,0.948683298050514,-0.0027487213767596,0,0.0,0,0,0.0,0.0,681,6.525029657843462,23,31,2,0.0,6.519147287940395,6.519147287940395,0.0
885,29,15,True,3,0.1502546815261639,3,3,0,1.0,0.1690680343817603,0.0178363189106117,-0.0188133528555964,0,0.0,0.0,0,-0.718861734410174,-0.4844183921813965,0.2344433422287775,702,702,702,3,0.1525730887686045,0,1.0,-0.0164949456131557,0,0.0,0,0,0.0,0.0,1035,6.943122422819428,22,30,3,0.0,6.555356891810665,6.555356891810665,0.0
886,29,16,True,3,0.1868554446051323,3,3,0,1.0,0.2087549690831227,0.0144225413728261,-0.0218995244779903,0,0.0,0.0,0,-0.6544730452127072,-0.4366564154624939,0.2178166297502133,729,729,729,3,0.1888899813281995,0,1.0,-0.0198649877549231,0,0.0,0,0,0.0,0.0,735,6.601230118728877,21,29,2,0.0,6.593044534142437,6.593044534142437,0.0
887,29,17,True,3,0.2226537609543715,3,3,0,1.0,0.246088979245857,0.0149117178066468,-0.0234352182914854,0,0.0,0.0,0,-0.626855437746271,-0.4340530037879944,0.1928024339582765,1056,1056,1056,3,0.2246942323837627,0,1.0,-0.0213947468620942,0,0.0,0,0,0.0,0.0,1591,7.3727463664043285,20,28,3,0.0,6.963189985870238,6.963189985870238,0.0
888,29,18,True,4,0.2602419116984198,3,3,0,0.632455532033676,0.2632842210566955,0.0223331154022993,-0.0030423093582757,0,0.0,0.0,0,-0.5477084805039284,-0.4346130490303039,0.1130954314736244,1131,1131,1131,3,0.261841317570997,0,0.632455532033676,-0.0014429034856984,0,0.0,0,0,0.0,0.0,1143,7.042286171939743,19,29,2,0.0,7.0317412587631285,7.0317412587631285,0.0
889,29,19,True,3,0.29749735345395,3,3,0,1.0,0.3085276390539271,0.0135172873317237,-0.011030285599977,0,0.0,0.0,0,-0.5181819117999051,-0.4989984035491943,0.0191835082507108,1191,1191,1191,3,0.2984646356535458,0,1.0,-0.0100630034003813,0,0.0,0,0,0.0,0.0,1892,7.545918151209323,18,30,3,0.0,7.083387847625295,7.083387847625295,0.0
890,29,20,True,3,0.3371650673876377,3,3,0,1.0,0.3417806963269327,0.0113801150302531,-0.004615628939295,0,0.0,0.0,0,-0.4370807115457836,-0.4971895813941955,0.0601088698484119,1189,1189,1189,3,0.3364129320462407,0,1.0,-0.005367764280692,0,0.0,0,0,0.0,0.0,1210,7.099201743553092,17,29,2,0.0,7.081708586105575,7.081708586105575,0.0
891,29,21,True,4,0.3740690613765443,3,3,0,0.632455532033676,0.3774246004498454,0.0141054965108079,-0.0033555390733011,0,0.0,0.0,0,-0.4055771702486745,-0.5442364811897278,0.1386593109410532,1855,1855,1855,3,0.3738722273300863,0,0.632455532033676,-0.003552373119759,0,0.0,0,0,0.0,0.0,1894,7.546974117516527,16,28,2,0.0,7.526178913346146,7.526178913346146,0.0
892,29,22,True,2,0.4119696793600504,0,0,0,0.948683298050514,0.4149455063856266,0.0139255866131214,-0.0029758270255761,0,0.0,0.0,0,-0.3752720816752534,-0.3744277358055115,0.0008443458697419,7703,7703,7703,0,0.4117273622813022,0,0.948683298050514,-0.0032181441043244,0,0.0,0,0,0.0,0.0,8239,9.016755622903517,15,27,2,0.0,8.949494953477961,8.949494953477961,0.0
893,29,23,True,2,0.6917492492525109,3,3,0,0.948683298050514,0.7005960181127155,0.0112861116165414,-0.0088467688602046,0,0.0,0.0,0,0.5072349779497781,0.2431778460741043,0.2640571318756738,114,114,114,3,0.6932798343234489,0,0.948683298050514,-0.0073161837892666,0,0.0,0,0,0.0,0.0,118,4.77912349311153,8,28,2,0.0,4.74493212836325,4.74493212836325,0.0
894,29,24,True,4,0.7353372989923749,3,3,0,0.3999999999999999,0.7417036663010493,0.0108479566901784,-0.0063663673086744,0,0.0,0.0,0,0.5511241823270776,0.5510943531990051,2.9829128072478284e-05,1708,1708,1708,3,0.7346356209453031,0,0.3999999999999999,-0.0070680453557462,0,0.0,0,0,0.0,0.0,2030,7.616283561580385,7,29,3,0.0,7.443663683115591,7.443663683115591,0.0
895,29,25,True,3,0.7779708089611984,3,3,0,0.3999999999999999,0.786975136912766,0.0084194444657386,-0.0090043279515675,0,0.0,0.0,0,0.6084422754769567,0.5725351572036743,0.0359071182732824,1750,1750,1750,3,0.7775969330016425,0,0.3999999999999999,-0.0093782039111235,0,0.0,0,0,0.0,0.0,1824,7.509335266016592,6,30,2,0.0,7.467942332285852,7.467942332285852,0.0
896,29,26,True,4,0.8209868460585564,3,3,0,0.1999999999999999,0.8214991496313682,0.0108150216581437,-0.0005123035728117,0,0.0,0.0,0,0.6531946654320151,0.6363564133644104,0.0168382520676046,2293,2293,2293,3,0.8200094493034833,0,0.1999999999999999,-0.0014897003278848,0,0.0,0,0,0.0,0.0,2832,7.949091499830517,5,31,3,0.0,7.738052297689316,7.738052297689316,0.0
897,29,27,True,2,0.864988529474797,0,0,0,0.948683298050514,0.8658633448855839,0.0097332704130913,-0.0008748154107869,0,0.0,0.0,0,0.7296685725449616,0.7405813932418823,0.0109128206969206,2292,2292,2292,0,0.864015785306321,0,0.948683298050514,-0.0018475595792629,0,0.0,0,0,0.0,0.0,2841,7.952263308657046,4,32,2,0.0,7.737616282857904,7.737616282857904,0.0
898,29,28,True,2,0.9958232306288658,3,3,0,0.948683298050514,0.998,0.002,-0.0021767693711342,0,0.0,0.0,0,0.9843845560911104,1.0967978239059448,0.1124132678148345,1677,1677,1677,3,0.9955741512355608,0,0.948683298050514,-0.0024258487644391,0,0.0,0,0,0.0,0.0,1766,7.4770384723196965,1,34,2,0.0,7.425357887027151,7.425357887027151,0.0
